ID,text_original,target_original,text_clean,target_clean,stance,stance_id,sentiment,sentiment_id,sarcasm,sarcasm_id,favor_reason,against_reason,none_reason,model_input,target_id,text,target,stance:confidence,sarcasm:confidence,sentiment:confidence,datetime,Date,true_label,pred_label,p_against,p_none,p_favor,fold,max_probability,prediction_entropy,true_name,pred_name
10,"كعادة البشر ذوي العقليات المحدودة والكسولة الكل هاجمه وانتقده ووصفوه بالجنون والغباء وووو الخ"" نفس سالفة التحول الرقمي والدفع الالكتروني"" لكن المصيبة ان كلامه طلع صح ونجح !!!!",Digital Transformation,"كعادة البشر ذوي العقليات المحدودة والكسولة الكل هاجمه وانتقده ووصفوه بالجنون والغباء وو الخ"" نفس سالفة التحول الرقمي والدفع الالكتروني"" لكن المصيبة ان كلامه طلع صح ونجح !!",Digital Transformation,Favor,2,Negative,0,No,0,F_Explicit,,,"Target: Digital Transformation Text: كعادة البشر ذوي العقليات المحدودة والكسولة الكل هاجمه وانتقده ووصفوه بالجنون والغباء وو الخ"" نفس سالفة التحول الرقمي والدفع الالكتروني"" لكن المصيبة ان كلامه طلع صح ونجح !!",,,,,,,,,2,0,0.79345703,0.015136719,0.19165039,1,0.79345703,0.5636256214443152,Favor,Against
83,  تمكين المرأه صارت فساد ؟؟ يبون يعزونك و يرفعونك عن الحاجة و انتي تقولين فساد ! عجيب تفكير البعض,Women empowerment,تمكين المراه صارت فساد ؟؟ يبون يعزونك و يرفعونك عن الحاجة و انتي تقولين فساد ! عجيب تفكير البعض,Women empowerment,Favor,2,Negative,0,No,0,F_Explicit,,,Target: Women empowerment Text: تمكين المراه صارت فساد ؟؟ يبون يعزونك و يرفعونك عن الحاجة و انتي تقولين فساد ! عجيب تفكير البعض,,,,,,,,,2,0,0.92626953,0.0008854866,0.072753906,1,0.92626953,0.2678315894656122,Favor,Against
115,  ذكرتني بواحد يسولف يثني على القرارت الخاصة بالنساء من التوسع في توظيفهن والسماح لهن بقيادة السيارك وغيرها وفي نفس السالفة يشتكي ويتذمر من نسبة الطلاق المرتفعة وعزوف العزاب عن الزواج وان هذا سيشكل مشكلة حقيقية  والمصيبة انه مايستوعب ان ماي,Women empowerment,ذكرتني بواحد يسولف يثني علي القرارت الخاصة بالنساء من التوسع في توظيفهن والسماح لهن بقيادة السيارك وغيرها وفي نفس السالفة يشتكي ويتذمر من نسبة الطلاق المرتفعة وعزوف العزاب عن الزواج وان هذا سيشكل مشكلة حقيقية والمصيبة انه مايستوعب ان ماي,Women empowerment,Against,0,Negative,0,No,0,,A_Explicit,,Target: Women empowerment Text: ذكرتني بواحد يسولف يثني علي القرارت الخاصة بالنساء من التوسع في توظيفهن والسماح لهن بقيادة السيارك وغيرها وفي نفس السالفة يشتكي ويتذمر من نسبة الطلاق المرتفعة وعزوف العزاب عن الزواج وان هذا سيشكل مشكلة حقيقية والمصيبة انه مايستوعب ان ماي,,,,,,,,,0,2,0.027786255,0.003583908,0.96875,1,0.96875,0.1505027103257256,Against,Favor
119, اقسم بالله لن ينتهي كورونا لو يتم تطعيم جميع العالم   يجب ان نتعايش معه,Covid Vaccine,اقسم بالله لن ينتهي كورونا لو يتم تطعيم جميع العالم يجب ان نتعايش معه,Covid Vaccine,Against,0,Negative,0,No,0,,A_Explicit,,Target: Covid Vaccine Text: اقسم بالله لن ينتهي كورونا لو يتم تطعيم جميع العالم يجب ان نتعايش معه,,,,,,,,,0,1,0.26171875,0.703125,0.03515625,1,0.703125,0.7161865856661775,Against,None
130,MENTION MENTION MENTION MENTION كل اللقاحات الي اخذناها واحنا صغار فشهادة التطعيم حق اوبئه سابقه معناها برضوا مؤامره؟!! تكفون بس عاد مو كل شي مؤامره ترا لقاح كورونا بعد كم سنه بيصير المواليد يأخذونها للحمايه بعد الله مثل حق شلل الاطفال والحصبه وكذا تطعيم,Covid Vaccine,مستخدم مستخدم مستخدم مستخدم كل اللقاحات الي اخذناها واحنا صغار فشهادة التطعيم حق اوبئه سابقه معناها برضوا مؤامره؟!! تكفون بس عاد مو كل شي مؤامره ترا لقاح كورونا بعد كم سنه بيصير المواليد ياخذونها للحمايه بعد الله مثل حق شلل الاطفال والحصبه وكذا تطعيم,Covid Vaccine,Favor,2,Neutral,1,No,0,F_Explicit,,,Target: Covid Vaccine Text: مستخدم مستخدم مستخدم مستخدم كل اللقاحات الي اخذناها واحنا صغار فشهادة التطعيم حق اوبئه سابقه معناها برضوا مؤامره؟!! تكفون بس عاد مو كل شي مؤامره ترا لقاح كورونا بعد كم سنه بيصير المواليد ياخذونها للحمايه بعد الله مثل حق شلل الاطفال والحصبه وكذا تطعيم,,,,,,,,,2,0,0.7841797,0.0065727234,0.20947266,1,0.7841797,0.5511139860597274,Favor,Against
166,كيف ممكن تستفيد من بياناتك!🤔 عن طريق تحليلها تستطيع تحقيق أفضل النتائج 👌🏻 في محاضرة مثرية ستتعرف فيها على أفضل الأدوات التحليلية 📊  انتظرونا يوم الأربعاء على #ويبينار_التحول_التقني  سجِّل الآن   URL URL,Digital Transformation,كيف ممكن تستفيد من بياناتك!🤔 عن طريق تحليلها تستطيع تحقيق افضل النتائج 👌🏻 في محاضرة مثرية ستتعرف فيها علي افضل الادوات التحليلية 📊 انتظرونا يوم الاربعاء علي #ويبينار التحول التقني سجِّل الان,Digital Transformation,,1,Neutral,1,No,0,,,Not clear,Target: Digital Transformation Text: كيف ممكن تستفيد من بياناتك!🤔 عن طريق تحليلها تستطيع تحقيق افضل النتائج 👌🏻 في محاضرة مثرية ستتعرف فيها علي افضل الادوات التحليلية 📊 انتظرونا يوم الاربعاء علي #ويبينار التحول التقني سجِّل الان,,,,,,,,,1,2,0.0013551712,0.016540527,0.9819336,1,0.9819336,0.0946998055394064,None,Favor
209, فاهمين تمكين المرأة غلط ههههههههههههههههههههههههههههههههههههههههه,Women empowerment,فاهمين تمكين المراة غلط هه,Women empowerment,Against,0,Neutral,1,Yes,1,,A_Explicit,,Target: Women empowerment Text: فاهمين تمكين المراة غلط هه,,,,,,,,,0,1,0.05303955,0.92871094,0.018341064,1,0.92871094,0.2977863461097342,Against,None
218,رسمياً...  بدأ اليوم سريان قانون عودة الحياة الطبيعية كما كانت سابقاً قبل كورونا في الدنمارك بعد تطعيم 73% من الشعب بالجرعتين.  لا كمامات  لا تباعد  لا إغلاق  وسيُقام غداً حفل سيضم 50 000 شخص بلا أي إجراءات صحية. URL,Covid Vaccine,رسمياً.. بدا اليوم سريان قانون عودة الحياة الطبيعية كما كانت سابقاً قبل كورونا في الدنمارك بعد تطعيم 73% من الشعب بالجرعتين. لا كمامات لا تباعد لا اغلاق وسيُقام غداً حفل سيضم 50 00 شخص بلا اي اجراءات صحية.,Covid Vaccine,Favor,2,Neutral,1,No,0,F_Implicit,,,Target: Covid Vaccine Text: رسمياً.. بدا اليوم سريان قانون عودة الحياة الطبيعية كما كانت سابقاً قبل كورونا في الدنمارك بعد تطعيم 73% من الشعب بالجرعتين. لا كمامات لا تباعد لا اغلاق وسيُقام غداً حفل سيضم 50 00 شخص بلا اي اجراءات صحية.,,,,,,,,,2,1,0.03805542,0.9350586,0.026763916,1,0.9350586,0.2840818463084077,Favor,None
225, ماله دخل تمكين المراه ولا الحكومه ومثل هذه الجرائم تصير بكل دول العالم  و مهما عملت الحكومات سيكون هناك نسبه متخلفين مثلك,Women empowerment,ماله دخل تمكين المراه ولا الحكومه ومثل هذه الجرائم تصير بكل دول العالم و مهما عملت الحكومات سيكون هناك نسبه متخلفين مثلك,Women empowerment,Against,0,Negative,0,No,0,,A_Explicit,,Target: Women empowerment Text: ماله دخل تمكين المراه ولا الحكومه ومثل هذه الجرائم تصير بكل دول العالم و مهما عملت الحكومات سيكون هناك نسبه متخلفين مثلك,,,,,,,,,0,2,0.010635376,0.0011796951,0.98828125,1,0.98828125,0.0679264787450696,Against,Favor
239, بالذات الحلقة بتاعت التحول الرقمي والتعامل الإلكتروني في المؤسسات الحكومية دا بس زكرني ليك ناس الشبكة قاطعة وزمن الفطور جا,Digital Transformation,بالذات الحلقة بتاعت التحول الرقمي والتعامل الالكتروني في المؤسسات الحكومية دا بس زكرني ليك ناس الشبكة قاطعة وزمن الفطور جا,Digital Transformation,Against,0,Negative,0,No,0,,A_Explicit,,Target: Digital Transformation Text: بالذات الحلقة بتاعت التحول الرقمي والتعامل الالكتروني في المؤسسات الحكومية دا بس زكرني ليك ناس الشبكة قاطعة وزمن الفطور جا,,,,,,,,,0,1,0.0012598038,0.5449219,0.45361328,1,0.5449219,0.6978264635702236,Against,None
333, كل خدماتهم راجع الفرع . وين التحول الالكتروني . اقسم بالله ندمت اشد الندم وان شاء الله جاري الانتقال الى بنك عدل مثل الانماء والله خدماتهم تفتح النفس,Digital Transformation,كل خدماتهم راجع الفرع . وين التحول الالكتروني . اقسم بالله ندمت اشد الندم وان شاء الله جاري الانتقال الي بنك عدل مثل الانماء والله خدماتهم تفتح النفس,Digital Transformation,Against,0,Negative,0,No,0,,A_Explicit,,Target: Digital Transformation Text: كل خدماتهم راجع الفرع . وين التحول الالكتروني . اقسم بالله ندمت اشد الندم وان شاء الله جاري الانتقال الي بنك عدل مثل الانماء والله خدماتهم تفتح النفس,,,,,,,,,0,2,0.04425049,0.002494812,0.953125,1,0.953125,0.1986796559732677,Against,Favor
361,  والوزارة كل يوم مغردين عن التحول الرقمي والتعليم الالكتروني ليه مايربطون الجهات التدريبية كافة في سيستم واحد وبرقم البطاقة تظهرلك الدورات.... يعني بالله تبغاني اتذكر دورات وتواريخها قبل عشر سنوات اعتقد في نظام النمو المهني اجحاف كبير ,Digital Transformation,والوزارة كل يوم مغردين عن التحول الرقمي والتعليم الالكتروني ليه مايربطون الجهات التدريبية كافة في سيستم واحد وبرقم البطاقة تظهرلك الدورات.. يعني بالله تبغاني اتذكر دورات وتواريخها قبل عشر سنوات اعتقد في نظام النمو المهني اجحاف كبير,Digital Transformation,Favor,2,Neutral,1,No,0,F_Explicit,,,Target: Digital Transformation Text: والوزارة كل يوم مغردين عن التحول الرقمي والتعليم الالكتروني ليه مايربطون الجهات التدريبية كافة في سيستم واحد وبرقم البطاقة تظهرلك الدورات.. يعني بالله تبغاني اتذكر دورات وتواريخها قبل عشر سنوات اعتقد في نظام النمو المهني اجحاف كبير,,,,,,,,,2,0,0.7104492,0.07397461,0.21533203,1,0.7104492,0.7661632673495813,Favor,Against
399,  قالوا اما تطعيم واما فحص كورونا فأنت مطلوب منك كورونا... والله اعلم,Covid Vaccine,قالوا اما تطعيم واما فحص كورونا فانت مطلوب منك كورونا.. والله اعلم,Covid Vaccine,Favor,2,Neutral,1,No,0,F_Explicit,,,Target: Covid Vaccine Text: قالوا اما تطعيم واما فحص كورونا فانت مطلوب منك كورونا.. والله اعلم,,,,,,,,,2,1,0.40429688,0.59228516,0.003232956,1,0.59228516,0.6948919990373564,Favor,None
431,بحضور رئيس مجلس إدارة جمعية خير لتحفيظ القرآن بالأحساء أ.د عبدالله بن عبدالرحمن السلطان والجهاز التنفيذي بالجمعية  تم تقديم عرض تعريفي عن #نظام_رافد_الألكتروني لإدارة الجمعيات الأهلية وأهمية #التحول_الرقمي في القطاع غير الربحي تماشيا مع     URL,Digital Transformation,بحضور رئيس مجلس ادارة جمعية خير لتحفيظ القران بالاحساء ا.د عبدالله بن عبدالرحمن السلطان والجهاز التنفيذي بالجمعية تم تقديم عرض تعريفي عن #نظام رافد الالكتروني لادارة الجمعيات الاهلية واهمية #التحول الرقمي في القطاع غير الربحي تماشيا مع,Digital Transformation,Favor,2,Neutral,1,No,0,F_Explicit,,,Target: Digital Transformation Text: بحضور رئيس مجلس ادارة جمعية خير لتحفيظ القران بالاحساء ا.د عبدالله بن عبدالرحمن السلطان والجهاز التنفيذي بالجمعية تم تقديم عرض تعريفي عن #نظام رافد الالكتروني لادارة الجمعيات الاهلية واهمية #التحول الرقمي في القطاع غير الربحي تماشيا مع,,,,,,,,,2,1,0.0018062592,0.6611328,0.3371582,1,0.6611328,0.6515457628239818,Favor,None
441, والشباب عادي عطاله اهم شي تمكين المرأة,Women empowerment,والشباب عادي عطاله اهم شي تمكين المراة,Women empowerment,Against,0,Negative,0,No,0,,A_Explicit,,Target: Women empowerment Text: والشباب عادي عطاله اهم شي تمكين المراة,,,,,,,,,0,2,0.37646484,0.0010099411,0.6225586,1,0.6225586,0.6697878929743142,Against,Favor
562, لا تتعب نفسك وتقارن 🤔  الكل تحول للتجارة الإلكترونية كوايدي مول الخيار الأفضل لتجار التجزئة التحول الإلكتروني يبدأ من هنا ارباح اكثر إنتشار اكبر عملاء اكثر تكلفة اقل  كما تتوفر خدمة الشحن السريع لجميع مناطق المملكة  فقط املأ بيانات العميل عبر ,Digital Transformation,لا تتعب نفسك وتقارن 🤔 الكل تحول للتجارة الالكترونية كوايدي مول الخيار الافضل لتجار التجزئة التحول الالكتروني يبدا من هنا ارباح اكثر انتشار اكبر عملاء اكثر تكلفة اقل كما تتوفر خدمة الشحن السريع لجميع مناطق المملكة فقط املا بيانات العميل عبر,Digital Transformation,Against,0,Positive,2,No,0,,A_Explicit,,Target: Digital Transformation Text: لا تتعب نفسك وتقارن 🤔 الكل تحول للتجارة الالكترونية كوايدي مول الخيار الافضل لتجار التجزئة التحول الالكتروني يبدا من هنا ارباح اكثر انتشار اكبر عملاء اكثر تكلفة اقل كما تتوفر خدمة الشحن السريع لجميع مناطق المملكة فقط املا بيانات العميل عبر,,,,,,,,,0,2,0.0011262894,0.0008702278,0.9980469,1,0.9980469,0.0157296576516125,Against,Favor
572,   انا اتفقت مع زوجتي قبل ان تحمل .. ١.ان زوجتي ما تتطعم  بأي تطعيم سواء حق كورونا او تطعيمات الي تعطى للحامل . ٢.ان لا نطعم اي من اولادنا. ٣.ان يرضع ابني حليب الثدي فقط.ولا نعطيه اي حليب مجفف خاص بالاطفال.  ولكن للاسف شر,Covid Vaccine,انا اتفقت مع زوجتي قبل ان تحمل .. ١.ان زوجتي ما تتطعم باي تطعيم سواء حق كورونا او تطعيمات الي تعطي للحامل . ٢.ان لا نطعم اي من اولادنا. ٣.ان يرضع ابني حليب الثدي فقط.ولا نعطيه اي حليب مجفف خاص بالاطفال. ولكن للاسف شر,Covid Vaccine,,1,Negative,0,No,0,,,Not clear,Target: Covid Vaccine Text: انا اتفقت مع زوجتي قبل ان تحمل .. ١.ان زوجتي ما تتطعم باي تطعيم سواء حق كورونا او تطعيمات الي تعطي للحامل . ٢.ان لا نطعم اي من اولادنا. ٣.ان يرضع ابني حليب الثدي فقط.ولا نعطيه اي حليب مجفف خاص بالاطفال. ولكن للاسف شر,,,,,,,,,1,0,0.99853516,0.00034499168,0.0009469986,1,0.99853516,0.0108072428164494,None,Against
586,  الدولة عندما سنّت الانظمة الجديده من تمكين المرأة والحريات المنضبطة وكذا نظام التقاضي وقعت مثل الصاعقة على الغرب مما جعلهم يناصبون الامير محمد بن سلمان العداء علانية لأنه اصلح وقطع المسوغات التي يدندنون حولهاⓂ️,Women empowerment,الدولة عندما سنّت الانظمة الجديده من تمكين المراة والحريات المنضبطة وكذا نظام التقاضي وقعت مثل الصاعقة علي الغرب مما جعلهم يناصبون الامير محمد بن سلمان العداء علانية لانه اصلح وقطع المسوغات التي يدندنون حولهاⓂ️,Women empowerment,,1,Positive,2,No,0,,,Not clear,Target: Women empowerment Text: الدولة عندما سنّت الانظمة الجديده من تمكين المراة والحريات المنضبطة وكذا نظام التقاضي وقعت مثل الصاعقة علي الغرب مما جعلهم يناصبون الامير محمد بن سلمان العداء علانية لانه اصلح وقطع المسوغات التي يدندنون حولهاⓂ️,,,,,,,,,1,2,0.013595581,0.00052022934,0.98583984,1,0.98583984,0.0764269570793814,None,Favor
657, السلام عليكم ورحمة الله. قررت ان اخذ الجرعة الثالثة من تطعيم كورونا بمطار الملك عبدالعزيز الجنوبي. استفساري اذا احد اخذها من المطار  حديثا هل هو فايزر؟,Covid Vaccine,السلام عليكم ورحمة الله. قررت ان اخذ الجرعة الثالثة من تطعيم كورونا بمطار الملك عبدالعزيز الجنوبي. استفساري اذا احد اخذها من المطار حديثا هل هو فايزر؟,Covid Vaccine,,1,Neutral,1,No,0,,,Not clear,Target: Covid Vaccine Text: السلام عليكم ورحمة الله. قررت ان اخذ الجرعة الثالثة من تطعيم كورونا بمطار الملك عبدالعزيز الجنوبي. استفساري اذا احد اخذها من المطار حديثا هل هو فايزر؟,,,,,,,,,1,2,0.005756378,0.0703125,0.9238281,1,0.9238281,0.2895484583185937,None,Favor
689, في عشوائية كثيرة بالسوق العقاري ربما مع التحول الالكتروني يطوله بعض التنظيم,Digital Transformation,في عشوائية كثيرة بالسوق العقاري ربما مع التحول الالكتروني يطوله بعض التنظيم,Digital Transformation,Favor,2,Positive,2,No,0,F_Explicit,,,Target: Digital Transformation Text: في عشوائية كثيرة بالسوق العقاري ربما مع التحول الالكتروني يطوله بعض التنظيم,,,,,,,,,2,1,0.0018405914,0.87353516,0.12475586,1,0.87353516,0.3893658330639559,Favor,None
711,دول رجالة مصر اللى بيحمو البلد بدمهم وبيشتغلو ليل نهار علشان خاطر ولادهم وزوجاتهم ...على فكره الشهداء دول هم هم اللى الدنيا مقلوبه عليهم دلوقتى بحجة تمكين المرآة وعمالين يخربو فى بيوتهم بأفكار مسمومه ..اللى بيبكى على دول يحافظ على اللى زيهم الحب مش بيتجزأ URL,Women empowerment,دول رجالة مصر اللي بيحمو البلد بدمهم وبيشتغلو ليل نهار علشان خاطر ولادهم وزوجاتهم ..علي فكره الشهداء دول هم هم اللي الدنيا مقلوبه عليهم دلوقتي بحجة تمكين المراة وعمالين يخربو في بيوتهم بافكار مسمومه ..اللي بيبكي علي دول يحافظ علي اللي زيهم الحب مش بيتجزا,Women empowerment,Against,0,Negative,0,No,0,,A_Explicit,,Target: Women empowerment Text: دول رجالة مصر اللي بيحمو البلد بدمهم وبيشتغلو ليل نهار علشان خاطر ولادهم وزوجاتهم ..علي فكره الشهداء دول هم هم اللي الدنيا مقلوبه عليهم دلوقتي بحجة تمكين المراة وعمالين يخربو في بيوتهم بافكار مسمومه ..اللي بيبكي علي دول يحافظ علي اللي زيهم الحب مش بيتجزا,,,,,,,,,0,2,0.056365967,0.0060157776,0.9375,1,0.9375,0.253368063543488,Against,Favor
738, سلاح ثور الوحيد اللي يميزة عن باقي الشخصيات لأنه الوحيد اللي يقدر يحمله   وأكتشفنا بقدرة قادر أن كابتن أمريكا يقدر يحملها والآن حبيبتة !!؟ تقدر تصنع قصة جميله بدون حدث مفاجئ عشان تعتمد ع عامل الصدمه وغير إني شام ريحة تمكين المرأة 😂,Women empowerment,سلاح ثور الوحيد اللي يميزة عن باقي الشخصيات لانه الوحيد اللي يقدر يحمله واكتشفنا بقدرة قادر ان كابتن امريكا يقدر يحملها والان حبيبتة !!؟ تقدر تصنع قصة جميله بدون حدث مفاجئ عشان تعتمد ع عامل الصدمه وغير اني شام ريحة تمكين المراة 😂,Women empowerment,,1,Neutral,1,No,0,,,Not clear,Target: Women empowerment Text: سلاح ثور الوحيد اللي يميزة عن باقي الشخصيات لانه الوحيد اللي يقدر يحمله واكتشفنا بقدرة قادر ان كابتن امريكا يقدر يحملها والان حبيبتة !!؟ تقدر تصنع قصة جميله بدون حدث مفاجئ عشان تعتمد ع عامل الصدمه وغير اني شام ريحة تمكين المراة 😂,,,,,,,,,1,2,0.008605957,0.085876465,0.9057617,1,0.9057617,0.3413887799516074,None,Favor
740,   ارفع لمعاليكم شكوى لمعاناتنا من برنامج ايجار  للاسف اسوء خدمة حكوميه ولا ترتقي لتطلع القيادة حفظها الله. معاناه شهرية مع الفواتير و الان مع التحول الموقع  الالكتروني غير مكتمل و ناقص. و الله عندي الاستعداد لادارة التحول في ايجار لتقديم خدمه,Digital Transformation,ارفع لمعاليكم شكوي لمعاناتنا من برنامج ايجار للاسف اسوء خدمة حكوميه ولا ترتقي لتطلع القيادة حفظها الله. معاناه شهرية مع الفواتير و الان مع التحول الموقع الالكتروني غير مكتمل و ناقص. و الله عندي الاستعداد لادارة التحول في ايجار لتقديم خدمه,Digital Transformation,Favor,2,Positive,2,No,0,F_Explicit,,,Target: Digital Transformation Text: ارفع لمعاليكم شكوي لمعاناتنا من برنامج ايجار للاسف اسوء خدمة حكوميه ولا ترتقي لتطلع القيادة حفظها الله. معاناه شهرية مع الفواتير و الان مع التحول الموقع الالكتروني غير مكتمل و ناقص. و الله عندي الاستعداد لادارة التحول في ايجار لتقديم خدمه,,,,,,,,,2,0,0.9897461,0.0004813671,0.0096206665,1,0.9897461,0.0585551064463961,Favor,Against
840,  تمكين المرأه في المراح .,Women empowerment,تمكين المراه في المراح .,Women empowerment,Against,0,Neutral,1,No,0,,A_Explicit,,Target: Women empowerment Text: تمكين المراه في المراح .,,,,,,,,,0,2,0.0030231476,0.016952515,0.97998047,1,0.97998047,0.1064776003205546,Against,Favor
856,التحول التقني والذكاء الاصطناعي راح يقضي على الوظائف التقليدية الي وظيفتها بس دخل بيانات واطبع. مجرد تخيلك ماذا سيحصل في ٣٠-٥٠عام القادمه راح يكون شي مرعب.  #STC_تغلق_فروعها,Digital Transformation,التحول التقني والذكاء الاصطناعي راح يقضي علي الوظائف التقليدية الي وظيفتها بس دخل بيانات واطبع. مجرد تخيلك ماذا سيحصل في ٣٠-٥٠عام القادمه راح يكون شي مرعب. #STC تغلق فروعها,Digital Transformation,Against,0,Negative,0,Yes,1,,A_Explicit,,Target: Digital Transformation Text: التحول التقني والذكاء الاصطناعي راح يقضي علي الوظائف التقليدية الي وظيفتها بس دخل بيانات واطبع. مجرد تخيلك ماذا سيحصل في ٣٠-٥٠عام القادمه راح يكون شي مرعب. #STC تغلق فروعها,,,,,,,,,0,2,0.0033493042,0.0158844,0.98095703,1,0.98095703,0.1037480051897946,Against,Favor
872,MENTION MENTION اللقاح ما يمنع الإصابة هو يخفف الأعراض فقط  اللي ماتوا من كورونا بدون تطعيم أكثر بكثير من اللي ماتوا بعده,Covid Vaccine,مستخدم مستخدم اللقاح ما يمنع الاصابة هو يخفف الاعراض فقط اللي ماتوا من كورونا بدون تطعيم اكثر بكثير من اللي ماتوا بعده,Covid Vaccine,Favor,2,Positive,2,No,0,F_Implicit,,,Target: Covid Vaccine Text: مستخدم مستخدم اللقاح ما يمنع الاصابة هو يخفف الاعراض فقط اللي ماتوا من كورونا بدون تطعيم اكثر بكثير من اللي ماتوا بعده,,,,,,,,,2,0,0.87060547,0.0029201508,0.12658691,1,0.87060547,0.399312126001679,Favor,Against
876,جانب من معكسر الحياة لتطوير المشاريع الصغيرة بالشراكة مع شركة تمر   والذي يقدم اليوم التسويق للمشاريع الصغيرة مع أ. اشجان السليماني  ذلك للمساهمة في تمكين المرأة من خلال البدء في تحسين و تطوير مشاريعهن. URL,Women empowerment,جانب من معكسر الحياة لتطوير المشاريع الصغيرة بالشراكة مع شركة تمر والذي يقدم اليوم التسويق للمشاريع الصغيرة مع ا. اشجان السليماني ذلك للمساهمة في تمكين المراة من خلال البدء في تحسين و تطوير مشاريعهن.,Women empowerment,Favor,2,Neutral,1,No,0,F_Explicit,,,Target: Women empowerment Text: جانب من معكسر الحياة لتطوير المشاريع الصغيرة بالشراكة مع شركة تمر والذي يقدم اليوم التسويق للمشاريع الصغيرة مع ا. اشجان السليماني ذلك للمساهمة في تمكين المراة من خلال البدء في تحسين و تطوير مشاريعهن.,,,,,,,,,2,1,0.012825012,0.9785156,0.008415222,1,0.9785156,0.1173277986477852,Favor,None
879, ملف تمكين المرأة اوك ماشي صح وقواكم الله بس انتم فتحتوا ملف تكبيل وتقييد ونحر الشباب السعودي بدون شعور ،، الموازنه مطلوبه ،، الشباب اصبح مع انظمتك معطل تعطيل كامل،، نتمنى من سمو ولي العهد الالتفات للشباب السعودي وفتح مجالات العمل لهم,Women empowerment,ملف تمكين المراة اوك ماشي صح وقواكم الله بس انتم فتحتوا ملف تكبيل وتقييد ونحر الشباب السعودي بدون شعور ،، الموازنه مطلوبه ،، الشباب اصبح مع انظمتك معطل تعطيل كامل،، نتمني من سمو ولي العهد الالتفات للشباب السعودي وفتح مجالات العمل لهم,Women empowerment,Against,0,Negative,0,No,0,,A_Explicit,,Target: Women empowerment Text: ملف تمكين المراة اوك ماشي صح وقواكم الله بس انتم فتحتوا ملف تكبيل وتقييد ونحر الشباب السعودي بدون شعور ،، الموازنه مطلوبه ،، الشباب اصبح مع انظمتك معطل تعطيل كامل،، نتمني من سمو ولي العهد الالتفات للشباب السعودي وفتح مجالات العمل لهم,,,,,,,,,0,2,0.014434814,0.00037956238,0.98535156,1,0.98535156,0.0787066072595927,Against,Favor
885,مايا مرسي تستعرض جهود مصر في تمكين المرأة مع مسئولة أممية URL,Women empowerment,مايا مرسي تستعرض جهود مصر في تمكين المراة مع مسئولة اممية,Women empowerment,,1,Neutral,1,No,0,,,Not clear,Target: Women empowerment Text: مايا مرسي تستعرض جهود مصر في تمكين المراة مع مسئولة اممية,,,,,,,,,1,2,0.0011558533,0.01751709,0.9814453,1,0.9814453,0.0970476683133866,None,Favor
905,تو اللي شاد حيله يخبر الناس كورونا خدعة و مؤامرة ولا حد ياخذ تطعيم وغيره... نبلغ عليه؟ 🙂 هذا ما يعتبر من نشر الإشاعات؟ أو الدعوة لمخالفة قرارات اللجنة العليا ؟  ,Covid Vaccine,تو اللي شاد حيله يخبر الناس كورونا خدعة و مؤامرة ولا حد ياخذ تطعيم وغيره.. نبلغ عليه؟ 🙂 هذا ما يعتبر من نشر الاشاعات؟ او الدعوة لمخالفة قرارات اللجنة العليا ؟,Covid Vaccine,Favor,2,Neutral,1,No,0,F_Explicit,,,Target: Covid Vaccine Text: تو اللي شاد حيله يخبر الناس كورونا خدعة و مؤامرة ولا حد ياخذ تطعيم وغيره.. نبلغ عليه؟ 🙂 هذا ما يعتبر من نشر الاشاعات؟ او الدعوة لمخالفة قرارات اللجنة العليا ؟,,,,,,,,,2,1,0.19921875,0.5371094,0.26367188,1,0.5371094,1.0067399025872923,Favor,None
946, طيب الوسيلة تغيّرت والصحافة باقية... سواء ورقي أم إلكتروني... التحول الإلكتروني لا يعني إلغاء المهنة,Digital Transformation,طيب الوسيلة تغيّرت والصحافة باقية.. سواء ورقي ام الكتروني.. التحول الالكتروني لا يعني الغاء المهنة,Digital Transformation,Against,0,Negative,0,No,0,,A_Explicit,,Target: Digital Transformation Text: طيب الوسيلة تغيّرت والصحافة باقية.. سواء ورقي ام الكتروني.. التحول الالكتروني لا يعني الغاء المهنة,,,,,,,,,0,2,0.0013446808,0.004600525,0.9941406,1,0.9941406,0.0394908054537267,Against,Favor
1004, هههههههههههه وش دخل رجل والا امرآة ؟ عقدة راسخة حتى مع تمكين المرآة وسيطرتها على مفاصل الحياة في السعودية !! هذا اسلوب المديفر من عرفناه والدكتورة توهقت ومالقت اجوبة ومبررات لانها تعودت انها تدير من يعطلون عقولهم ويدرعمون وراها !,Women empowerment,هه وش دخل رجل والا امراة ؟ عقدة راسخة حتي مع تمكين المراة وسيطرتها علي مفاصل الحياة في السعودية !! هذا اسلوب المديفر من عرفناه والدكتورة توهقت ومالقت اجوبة ومبررات لانها تعودت انها تدير من يعطلون عقولهم ويدرعمون وراها !,Women empowerment,Against,0,Negative,0,No,0,,A_Explicit,,Target: Women empowerment Text: هه وش دخل رجل والا امراة ؟ عقدة راسخة حتي مع تمكين المراة وسيطرتها علي مفاصل الحياة في السعودية !! هذا اسلوب المديفر من عرفناه والدكتورة توهقت ومالقت اجوبة ومبررات لانها تعودت انها تدير من يعطلون عقولهم ويدرعمون وراها !,,,,,,,,,0,2,0.042877197,0.00026607513,0.95703125,1,0.95703125,0.1792604315545788,Against,Favor
1027,مشروب سحري لرفع المناعة ويغني عن تطعيم كورونا .. شكرا فاطمة حمد :) ,Covid Vaccine,مشروب سحري لرفع المناعة ويغني عن تطعيم كورونا .. شكرا فاطمة حمد :),Covid Vaccine,,1,Positive,2,No,0,,,Not clear,Target: Covid Vaccine Text: مشروب سحري لرفع المناعة ويغني عن تطعيم كورونا .. شكرا فاطمة حمد :),,,,,,,,,1,2,0.011947632,0.0015907288,0.9863281,1,0.9863281,0.0767227933325019,None,Favor
1061,بعد اليوم لا تحتاج إلى الحضور شخصيًا حتى توقع مستنداتك! #تقدم_بذكاء واجعلها إلكترونيًا 👌 تعرّف على الأدوات التي تساعدك على ذلك مع #انفوجرافيك_مزن 🔻  URL URL,Digital Transformation,بعد اليوم لا تحتاج الي الحضور شخصيًا حتي توقع مستنداتك! #تقدم بذكاء واجعلها الكترونيًا 👌 تعرّف علي الادوات التي تساعدك علي ذلك مع #انفوجرافيك مزن 🔻,Digital Transformation,,1,Positive,2,No,0,,,Not clear,Target: Digital Transformation Text: بعد اليوم لا تحتاج الي الحضور شخصيًا حتي توقع مستنداتك! #تقدم بذكاء واجعلها الكترونيًا 👌 تعرّف علي الادوات التي تساعدك علي ذلك مع #انفوجرافيك مزن 🔻,,,,,,,,,1,2,0.00058078766,0.001332283,0.9980469,1,0.9980469,0.0150995740169088,None,Favor
1062,"موعدنا معكم الليلة في محاضرة مباشرة ستتعلم فيها  ""أفضل الممارسات والبرامج في #التسويق  الإلكتروني""   سجِّل الآن 👇 URL . #تقدم_بذكاء URL",Digital Transformation,"موعدنا معكم الليلة في محاضرة مباشرة ستتعلم فيها ""افضل الممارسات والبرامج في #التسويق الالكتروني"" سجِّل الان 👇 . #تقدم بذكاء",Digital Transformation,,1,Neutral,1,No,0,,,Not Related,"Target: Digital Transformation Text: موعدنا معكم الليلة في محاضرة مباشرة ستتعلم فيها ""افضل الممارسات والبرامج في #التسويق الالكتروني"" سجِّل الان 👇 . #تقدم بذكاء",,,,,,,,,1,2,0.004924774,0.06726074,0.9277344,1,0.9277344,0.2773055871909262,None,Favor
1072,في استراليا يتم تطعيم السكان الاصليين  بالقوة رغم ارادتهم لقاح كورونا URL,Covid Vaccine,في استراليا يتم تطعيم السكان الاصليين بالقوة رغم ارادتهم لقاح كورونا,Covid Vaccine,,1,Negative,0,No,0,,,Not clear,Target: Covid Vaccine Text: في استراليا يتم تطعيم السكان الاصليين بالقوة رغم ارادتهم لقاح كورونا,,,,,,,,,1,0,0.99853516,0.00083589554,0.00047898293,1,0.99853516,0.011049035619308,None,Against
1115,الكل يتحدث عن إيجابيات التحول الرقمي .. وسائل التواصل الإجتماعي .. لكن كما لكل شيء ضريبة .. ضريبة التطور التقني مزيد من الإنعزال عن التواصل البشري المحسوس .. انحدار القدرات التعبيرية وتمزيق الوقت بين براثن السطحية .. و بالطبع طلابنا ونحن جميعا لسنا استثناء عن هذا العالم .. URL,Digital Transformation,الكل يتحدث عن ايجابيات التحول الرقمي .. وسائل التواصل الاجتماعي .. لكن كما لكل شيء ضريبة .. ضريبة التطور التقني مزيد من الانعزال عن التواصل البشري المحسوس .. انحدار القدرات التعبيرية وتمزيق الوقت بين براثن السطحية .. و بالطبع طلابنا ونحن جميعا لسنا استثناء عن هذا العالم ..,Digital Transformation,,1,Neutral,1,Yes,1,,,Not clear,Target: Digital Transformation Text: الكل يتحدث عن ايجابيات التحول الرقمي .. وسائل التواصل الاجتماعي .. لكن كما لكل شيء ضريبة .. ضريبة التطور التقني مزيد من الانعزال عن التواصل البشري المحسوس .. انحدار القدرات التعبيرية وتمزيق الوقت بين براثن السطحية .. و بالطبع طلابنا ونحن جميعا لسنا استثناء عن هذا العالم ..,,,,,,,,,1,0,0.67333984,0.0027103424,0.32421875,1,0.67333984,0.6475088388457657,None,Against
1136,MENTION أخذت اللقاح مش معناته إنك ماراح تصاب ب كورونا! معناها إنك سوف تصاب ولكن بدرجة أقل وأيضا يمكنك نقل الفيروس للاخرين  عشان كده تلبس كمامة إلا اذا تم تطعيم ١٠٠٪ من الشعب مثل دولة جزر القمر خذ راحتك ونزل الكمامات,Covid Vaccine,مستخدم اخذت اللقاح مش معناته انك ماراح تصاب ب كورونا! معناها انك سوف تصاب ولكن بدرجة اقل وايضا يمكنك نقل الفيروس للاخرين عشان كده تلبس كمامة الا اذا تم تطعيم ١٠٠٪ من الشعب مثل دولة جزر القمر خذ راحتك ونزل الكمامات,Covid Vaccine,Favor,2,Neutral,1,No,0,F_Implicit,,,Target: Covid Vaccine Text: مستخدم اخذت اللقاح مش معناته انك ماراح تصاب ب كورونا! معناها انك سوف تصاب ولكن بدرجة اقل وايضا يمكنك نقل الفيروس للاخرين عشان كده تلبس كمامة الا اذا تم تطعيم ١٠٠٪ من الشعب مثل دولة جزر القمر خذ راحتك ونزل الكمامات,,,,,,,,,2,0,0.9482422,0.038909912,0.0126953125,1,0.9482422,0.2321502787188891,Favor,Against
1141, تطعيم كورونا بدون حضور تنزل لك بصحتي وتوكلنا تصفير الضريبة القيمة المضافة تصفير غرامات الضبط الميداني,Covid Vaccine,تطعيم كورونا بدون حضور تنزل لك بصحتي وتوكلنا تصفير الضريبة القيمة المضافة تصفير غرامات الضبط الميداني,Covid Vaccine,Against,0,Neutral,1,No,0,,A_Explicit,,Target: Covid Vaccine Text: تطعيم كورونا بدون حضور تنزل لك بصحتي وتوكلنا تصفير الضريبة القيمة المضافة تصفير غرامات الضبط الميداني,,,,,,,,,0,2,0.004753113,0.008407593,0.9868164,1,0.9868164,0.0786971943676576,Against,Favor
1156,  سلملي على تمكين المراه,Women empowerment,سلملي علي تمكين المراه,Women empowerment,Against,0,Negative,0,Yes,1,,A_Explicit,,Target: Women empowerment Text: سلملي علي تمكين المراه,,,,,,,,,0,1,0.009727478,0.53515625,0.45507812,1,0.53515625,0.737920006306102,Against,None
1243,".  كن غَالبيّةُ هذهِ الحُقوق خُصوصًا ما يُسمى "" تمكينُ المرأة"" ليسَ على ضَابطِ حفظهَا وَصونها، فحقوق المرأة أن تحفظَ كرامتها لا أن تستخدمَ قيمتها وجسدها، لكنّها ومن المُؤسف أنّهُ يُسْرعُ استغفالهَا سَواء بدعوى الاحتياج أو بِدعوى التهوين والتطبيع على انسلاخهَا من هويّتها،   +",Women empowerment,". كن غَالبيّةُ هذهِ الحُقوق خُصوصًا ما يُسمي "" تمكينُ المراة"" ليسَ علي ضَابطِ حفظهَا وَصونها، فحقوق المراة ان تحفظَ كرامتها لا ان تستخدمَ قيمتها وجسدها، لكنّها ومن المُؤسف انّهُ يُسْرعُ استغفالهَا سَواء بدعوي الاحتياج او بِدعوي التهوين والتطبيع علي انسلاخهَا من هويّتها، +",Women empowerment,,1,Negative,0,No,0,,,Not clear,"Target: Women empowerment Text: . كن غَالبيّةُ هذهِ الحُقوق خُصوصًا ما يُسمي "" تمكينُ المراة"" ليسَ علي ضَابطِ حفظهَا وَصونها، فحقوق المراة ان تحفظَ كرامتها لا ان تستخدمَ قيمتها وجسدها، لكنّها ومن المُؤسف انّهُ يُسْرعُ استغفالهَا سَواء بدعوي الاحتياج او بِدعوي التهوين والتطبيع علي انسلاخهَا من هويّتها، +",,,,,,,,,1,0,0.9658203,0.00043439865,0.03366089,1,0.9658203,0.1511098909130136,None,Against
1248,"هل عملك جاهز للتحول الرقمي القادم؟   ""يُقاس النجاح في التحول الرقمي بالقيمة التي يتم إنشاؤها عندما يعمل الأشخاص باستخدام الأدوات التقنية"".  URL",Digital Transformation,"هل عملك جاهز للتحول الرقمي القادم؟ ""يُقاس النجاح في التحول الرقمي بالقيمة التي يتم انشاؤها عندما يعمل الاشخاص باستخدام الادوات التقنية"".",Digital Transformation,,1,Negative,0,No,0,,,Not clear,"Target: Digital Transformation Text: هل عملك جاهز للتحول الرقمي القادم؟ ""يُقاس النجاح في التحول الرقمي بالقيمة التي يتم انشاؤها عندما يعمل الاشخاص باستخدام الادوات التقنية"".",,,,,,,,,1,2,0.008460999,0.3215332,0.6699219,1,0.6699219,0.673574196136137,None,Favor
1337,  ترا تطعيم ضد كورونا مو ضد الدين والصفات الحسنة,Covid Vaccine,ترا تطعيم ضد كورونا مو ضد الدين والصفات الحسنة,Covid Vaccine,,1,Neutral,1,No,0,,,Not clear,Target: Covid Vaccine Text: ترا تطعيم ضد كورونا مو ضد الدين والصفات الحسنة,,,,,,,,,1,0,0.9291992,0.060699463,0.009887695,1,0.9291992,0.2839482704629018,None,Against
1371,#ساعد_زوجتك_بالمطبخ  فالقانون الجديد يعتني بحقوق النسوان ومن أهم بنوده يا شاطر  ( تمكين المرأة ) خارج المطبخ  والرجل داخله 😂😂😂😂 ,Women empowerment,#ساعد زوجتك بالمطبخ فالقانون الجديد يعتني بحقوق النسوان ومن اهم بنوده يا شاطر ( تمكين المراة ) خارج المطبخ والرجل داخله 😂😂,Women empowerment,Against,0,Positive,2,Yes,1,,A_Explicit,,Target: Women empowerment Text: #ساعد زوجتك بالمطبخ فالقانون الجديد يعتني بحقوق النسوان ومن اهم بنوده يا شاطر ( تمكين المراة ) خارج المطبخ والرجل داخله 😂😂,,,,,,,,,0,2,0.0026760101,0.00049734116,0.99658203,1,0.99658203,0.0230461695998384,Against,Favor
1401,يعني الحين كورونا بينتهي اذا تطعم الشعب كله!!! ولا بتتوقف الاصابات والوفيات؟  ياخي العالم اللي انتج تطعيم فايزر (التطعيم الاكثر فاعلية) ما اخذه !! متخيل  يوم سألوه ليش ما خذته؟ قال ببساطة انا خمسيني واتمتع بصحة جيدة ما احتاجه🙂  فليش نستغرب اذا شخص شاب رفض يتطعم   قرار شخصي..خلاص,Covid Vaccine,يعني الحين كورونا بينتهي اذا تطعم الشعب كله!! ولا بتتوقف الاصابات والوفيات؟ ياخي العالم اللي انتج تطعيم فايزر (التطعيم الاكثر فاعلية) ما اخذه !! متخيل يوم سالوه ليش ما خذته؟ قال ببساطة انا خمسيني واتمتع بصحة جيدة ما احتاجه🙂 فليش نستغرب اذا شخص شاب رفض يتطعم قرار شخصي..خلاص,Covid Vaccine,,1,Negative,0,No,0,,,Not clear,Target: Covid Vaccine Text: يعني الحين كورونا بينتهي اذا تطعم الشعب كله!! ولا بتتوقف الاصابات والوفيات؟ ياخي العالم اللي انتج تطعيم فايزر (التطعيم الاكثر فاعلية) ما اخذه !! متخيل يوم سالوه ليش ما خذته؟ قال ببساطة انا خمسيني واتمتع بصحة جيدة ما احتاجه🙂 فليش نستغرب اذا شخص شاب رفض يتطعم قرار شخصي..خلاص,,,,,,,,,1,0,0.9707031,0.008094788,0.021118164,1,0.9707031,0.149318210013744,None,Against
1462,      تريد الوظيفة تريد السفر اي شي غير الزواج😂مع عصر تمكين المرأة كل شي تغير يا سلامة بس يا عزتي لك,Women empowerment,تريد الوظيفة تريد السفر اي شي غير الزواج😂مع عصر تمكين المراة كل شي تغير يا سلامة بس يا عزتي لك,Women empowerment,Against,0,Negative,0,No,0,,A_Explicit,,Target: Women empowerment Text: تريد الوظيفة تريد السفر اي شي غير الزواج😂مع عصر تمكين المراة كل شي تغير يا سلامة بس يا عزتي لك,,,,,,,,,0,2,0.04458618,0.23706055,0.7182617,1,0.7182617,0.71760024568162,Against,Favor
1472, نسميها ام ثوم عشان تمكين المرأة و كذا,Women empowerment,نسميها ام ثوم عشان تمكين المراة و كذا,Women empowerment,Against,0,Negative,0,No,0,,A_Explicit,,Target: Women empowerment Text: نسميها ام ثوم عشان تمكين المراة و كذا,,,,,,,,,0,2,0.21911621,0.09655762,0.68408203,1,0.68408203,0.818097032389625,Against,Favor
1546, الظاهر أن تقديم الزانية في الآية يشعر بأن الزنى لا يقع في الأغلب اذا امتنعت المرأة عن تمكين الرجل وان كان كلاهما مشترك في الاثم والعقاب,Women empowerment,الظاهر ان تقديم الزانية في الاية يشعر بان الزني لا يقع في الاغلب اذا امتنعت المراة عن تمكين الرجل وان كان كلاهما مشترك في الاثم والعقاب,Women empowerment,Against,0,Negative,0,No,0,,A_Explicit,,Target: Women empowerment Text: الظاهر ان تقديم الزانية في الاية يشعر بان الزني لا يقع في الاغلب اذا امتنعت المراة عن تمكين الرجل وان كان كلاهما مشترك في الاثم والعقاب,,,,,,,,,0,1,0.0038280487,0.9838867,0.012420654,1,0.9838867,0.0917941306703185,Against,None
1622,سؤال طبي مالي بحت 😂 ..  الي ما يبي يطعّم يقدر يبيع نصيبه 🏃🏽‍♂️😂  #وزارة_الصحة  #تطعيم_كورونا,Covid Vaccine,سؤال طبي مالي بحت 😂 .. الي ما يبي يطعّم يقدر يبيع نصيبه 🏃🏽‍♂️😂 #وزارة الصحة #تطعيم كورونا,Covid Vaccine,,1,Neutral,1,Yes,1,,,Not clear,Target: Covid Vaccine Text: سؤال طبي مالي بحت 😂 .. الي ما يبي يطعّم يقدر يبيع نصيبه 🏃🏽‍♂️😂 #وزارة الصحة #تطعيم كورونا,,,,,,,,,1,2,0.0047454834,0.48779297,0.5073242,1,0.5073242,0.7198328706102339,None,Favor
1626,الكيان الصهيوني المحتل لأرض فلسطين طعموا كل اليهود ضد كورونا بأسرع ما يمكن...دافعهم لذلك أنهم شعب يخاف من الانقراض و الموت...فهم حريصون على الحياة والبقاء ويستخدمون لذلك كل الطرق والوسائل.  اليوم أو أمس أعلنوا إزالة الكمامات...والعودة للحياة الطبيعية...بعد تطعيم أغلب اليهود,Covid Vaccine,الكيان الصهيوني المحتل لارض فلسطين طعموا كل اليهود ضد كورونا باسرع ما يمكن..دافعهم لذلك انهم شعب يخاف من الانقراض و الموت..فهم حريصون علي الحياة والبقاء ويستخدمون لذلك كل الطرق والوسائل. اليوم او امس اعلنوا ازالة الكمامات..والعودة للحياة الطبيعية..بعد تطعيم اغلب اليهود,Covid Vaccine,Favor,2,Neutral,1,No,0,F_Explicit,,,Target: Covid Vaccine Text: الكيان الصهيوني المحتل لارض فلسطين طعموا كل اليهود ضد كورونا باسرع ما يمكن..دافعهم لذلك انهم شعب يخاف من الانقراض و الموت..فهم حريصون علي الحياة والبقاء ويستخدمون لذلك كل الطرق والوسائل. اليوم او امس اعلنوا ازالة الكمامات..والعودة للحياة الطبيعية..بعد تطعيم اغلب اليهود,,,,,,,,,2,0,0.9814453,0.00042939186,0.018356323,1,0.9814453,0.0950951851158267,Favor,Against
1757, السلام عليكم   هل يستغرق تحديث الصك أكثر من شهرين خصوصاً وأن الصك ليس بالقديم والمساحه ليست كبيره .   عند الدخول للموقع (لايزال تحت الأجراء) منذثلاثه أشهر ... اذا كان الهدف من التحول الالكتروني سرعه الأداء والأنجاز        فهذا مالم يتحقق وهناك  مش,Digital Transformation,السلام عليكم هل يستغرق تحديث الصك اكثر من شهرين خصوصاً وان الصك ليس بالقديم والمساحه ليست كبيره . عند الدخول للموقع (لايزال تحت الاجراء) منذثلاثه اشهر .. اذا كان الهدف من التحول الالكتروني سرعه الاداء والانجاز فهذا مالم يتحقق وهناك مش,Digital Transformation,Against,0,Negative,0,No,0,,A_Explicit,,Target: Digital Transformation Text: السلام عليكم هل يستغرق تحديث الصك اكثر من شهرين خصوصاً وان الصك ليس بالقديم والمساحه ليست كبيره . عند الدخول للموقع (لايزال تحت الاجراء) منذثلاثه اشهر .. اذا كان الهدف من التحول الالكتروني سرعه الاداء والانجاز فهذا مالم يتحقق وهناك مش,,,,,,,,,0,1,0.054138184,0.9213867,0.024475098,1,0.9213867,0.3241226130611185,Against,None
1844, اذا قرارات غير مكتمله زاي مقولت الوزير يتخذ قرارات بمنأي عن الواقع كان لابد من ايقاف الدراسة في وقت سابق لقراره كان لابد من ان يبدأ تطوير التعليم من مرحلة التعليم الاساسي وليس الثانوي كان لابد من تجهيز البنى التحتية قبل التحول الالكتروني فكر ,Digital Transformation,اذا قرارات غير مكتمله زاي مقولت الوزير يتخذ قرارات بمناي عن الواقع كان لابد من ايقاف الدراسة في وقت سابق لقراره كان لابد من ان يبدا تطوير التعليم من مرحلة التعليم الاساسي وليس الثانوي كان لابد من تجهيز البني التحتية قبل التحول الالكتروني فكر,Digital Transformation,Against,0,Negative,0,No,0,,A_Explicit,,Target: Digital Transformation Text: اذا قرارات غير مكتمله زاي مقولت الوزير يتخذ قرارات بمناي عن الواقع كان لابد من ايقاف الدراسة في وقت سابق لقراره كان لابد من ان يبدا تطوير التعليم من مرحلة التعليم الاساسي وليس الثانوي كان لابد من تجهيز البني التحتية قبل التحول الالكتروني فكر,,,,,,,,,0,2,0.10192871,0.008163452,0.88964844,1,0.88964844,0.3760285523204107,Against,Favor
1876,نلتقي غداُ والحديث حول التحول الرقمي الذكي وعلم البيانات وأثرها الإجتماعي والإقتصادي من منظور التدريب والتوظيف #علم_البيانات #التدريب_التقني URL,Digital Transformation,نلتقي غداُ والحديث حول التحول الرقمي الذكي وعلم البيانات واثرها الاجتماعي والاقتصادي من منظور التدريب والتوظيف #علم البيانات #التدريب التقني,Digital Transformation,,1,Neutral,1,No,0,,,Not clear,Target: Digital Transformation Text: نلتقي غداُ والحديث حول التحول الرقمي الذكي وعلم البيانات واثرها الاجتماعي والاقتصادي من منظور التدريب والتوظيف #علم البيانات #التدريب التقني,,,,,,,,,1,2,0.0048065186,0.49682617,0.49829102,1,0.49829102,0.7202886156705715,None,Favor
1909,في التأني السلامة   و في العجلة الندامة   #لقاح_فايزر  #تطعيم_كورونا #تم_التطعيم  💉💉💉💉,Covid Vaccine,في التاني السلامة و في العجلة الندامة #لقاح فايزر #تطعيم كورونا #تم التطعيم 💉💉,Covid Vaccine,,1,Neutral,1,No,0,,,Not clear,Target: Covid Vaccine Text: في التاني السلامة و في العجلة الندامة #لقاح فايزر #تطعيم كورونا #تم التطعيم 💉💉,,,,,,,,,1,2,0.0013084412,0.0009646416,0.9975586,1,0.9975586,0.0178232860948581,None,Favor
1969, ماني فاهمة ليش مافي احترام لوجهات النظر في فرق بين التطعيمات المدروسة واللي بتتاخد من سنين ومجربة انا مع التطعيم للاطفال حتى تطعيم الانفلونزا العادية معاه وبناخده بس هذا لا ما باخده الان الا لما يتجرب سنوات الحمد لله من بداية كورونا ٩ شهور انا ب,Covid Vaccine,ماني فاهمة ليش مافي احترام لوجهات النظر في فرق بين التطعيمات المدروسة واللي بتتاخد من سنين ومجربة انا مع التطعيم للاطفال حتي تطعيم الانفلونزا العادية معاه وبناخده بس هذا لا ما باخده الان الا لما يتجرب سنوات الحمد لله من بداية كورونا ٩ شهور انا ب,Covid Vaccine,Against,0,Neutral,1,No,0,,A_Explicit,,Target: Covid Vaccine Text: ماني فاهمة ليش مافي احترام لوجهات النظر في فرق بين التطعيمات المدروسة واللي بتتاخد من سنين ومجربة انا مع التطعيم للاطفال حتي تطعيم الانفلونزا العادية معاه وبناخده بس هذا لا ما باخده الان الا لما يتجرب سنوات الحمد لله من بداية كورونا ٩ شهور انا ب,,,,,,,,,0,2,0.1239624,0.019683838,0.8564453,1,0.8564453,0.4688420210546382,Against,Favor
1976,هذا #تعطيل_رقمي وليس #التحول_الرقمي 🤦🏻‍♂️🤦🏻‍♂️🤦🏻‍♂️ حقيقة مع مشاهدتي لكثير من المشاكل في تجربة المستخدم على مستوى الوزارات بميزانياتها وفرق عملها    يزيد احترامي أكثر وأكثر لكل الشركات الناشئة الرائعة المحلية والتي تهتم بتجربة العميل وتحرص على تحسينها في ظل محدودية الموارد  ولو حبة حبة 🐢 URL,Digital Transformation,هذا #تعطيل رقمي وليس #التحول الرقمي 🤦🏻‍♂️🤦🏻‍♂️🤦🏻‍♂️ حقيقة مع مشاهدتي لكثير من المشاكل في تجربة المستخدم علي مستوي الوزارات بميزانياتها وفرق عملها يزيد احترامي اكثر واكثر لكل الشركات الناشئة الرائعة المحلية والتي تهتم بتجربة العميل وتحرص علي تحسينها في ظل محدودية الموارد ولو حبة حبة 🐢,Digital Transformation,Against,0,Negative,0,No,0,,A_Explicit,,Target: Digital Transformation Text: هذا #تعطيل رقمي وليس #التحول الرقمي 🤦🏻‍♂️🤦🏻‍♂️🤦🏻‍♂️ حقيقة مع مشاهدتي لكثير من المشاكل في تجربة المستخدم علي مستوي الوزارات بميزانياتها وفرق عملها يزيد احترامي اكثر واكثر لكل الشركات الناشئة الرائعة المحلية والتي تهتم بتجربة العميل وتحرص علي تحسينها في ظل محدودية الموارد ولو حبة حبة 🐢,,,,,,,,,0,2,0.014793396,0.0022525787,0.98291016,1,0.98291016,0.0930070425941563,Against,Favor
2071, للأسف كنا ننتظر من التحول الألكتروني المساهمة في العدالة الناجزة   ولكن وصل بنا الحال للعدالة العاجزة   ليس العيب في الفكرة ولكن في التطبيق !,Digital Transformation,للاسف كنا ننتظر من التحول الالكتروني المساهمة في العدالة الناجزة ولكن وصل بنا الحال للعدالة العاجزة ليس العيب في الفكرة ولكن في التطبيق !,Digital Transformation,,1,Neutral,1,No,0,,,Not clear,Target: Digital Transformation Text: للاسف كنا ننتظر من التحول الالكتروني المساهمة في العدالة الناجزة ولكن وصل بنا الحال للعدالة العاجزة ليس العيب في الفكرة ولكن في التطبيق !,,,,,,,,,1,0,0.97802734,0.017028809,0.005004883,1,0.97802734,0.1175978094687116,None,Against
2102, لابد من تحسين موقعكم السيء في ظل التحول التقني يعني في حياتي ماشفت موقع فاشل برمجيا مثل موقع ساكو!,Digital Transformation,لابد من تحسين موقعكم السيء في ظل التحول التقني يعني في حياتي ماشفت موقع فاشل برمجيا مثل موقع ساكو!,Digital Transformation,Favor,2,Positive,2,No,0,F_Explicit,,,Target: Digital Transformation Text: لابد من تحسين موقعكم السيء في ظل التحول التقني يعني في حياتي ماشفت موقع فاشل برمجيا مثل موقع ساكو!,,,,,,,,,2,0,0.71972656,0.26611328,0.013900757,1,0.71972656,0.6484331074571443,Favor,Against
2120,الذين لم يشعروا بالزلزال اليوم كانت نتيجة انهم اخذوا تطعيم فايزر ضد كورونا والان اصبح التطعيم ضد الزلزال ايضا شكرا فايزر 😇,Covid Vaccine,الذين لم يشعروا بالزلزال اليوم كانت نتيجة انهم اخذوا تطعيم فايزر ضد كورونا والان اصبح التطعيم ضد الزلزال ايضا شكرا فايزر 😇,Covid Vaccine,,1,Neutral,1,Yes,1,,,,Target: Covid Vaccine Text: الذين لم يشعروا بالزلزال اليوم كانت نتيجة انهم اخذوا تطعيم فايزر ضد كورونا والان اصبح التطعيم ضد الزلزال ايضا شكرا فايزر 😇,,,,,,,,,1,2,0.0025424957,0.00030827522,0.9970703,1,0.9970703,0.0206080786713877,None,Favor
2147, الحمد لله  ولكن يجب علينا ان نعلم أن التحول الإلكتروني لا يعني بالضرورة تطور وتحسين الخدمة بل في بعض الأحيان تكون الخدمة أسوأ من قبل. هذا حسب خبرتي في إستخدام الخدمات الإلكترونية.,Digital Transformation,الحمد لله ولكن يجب علينا ان نعلم ان التحول الالكتروني لا يعني بالضرورة تطور وتحسين الخدمة بل في بعض الاحيان تكون الخدمة اسوا من قبل. هذا حسب خبرتي في استخدام الخدمات الالكترونية.,Digital Transformation,Against,0,Negative,0,No,0,,A_Explicit,,Target: Digital Transformation Text: الحمد لله ولكن يجب علينا ان نعلم ان التحول الالكتروني لا يعني بالضرورة تطور وتحسين الخدمة بل في بعض الاحيان تكون الخدمة اسوا من قبل. هذا حسب خبرتي في استخدام الخدمات الالكترونية.,,,,,,,,,0,2,0.006515503,0.0043945312,0.9892578,1,0.9892578,0.0673313950361006,Against,Favor
2165,  صحيح  كورونا مسرع للتحول الرقمي  بس التحول الرقمي السريع بدون أساس رصين بييسقط لا محالة!   مثال التعلم الالكتروني في المدارس  هل استطاع انه يشمل جميع الطلبة؟ الكثير من الناس ما عندهم كمبيوترات أو انترنت منزلي!  وأيضا هل هي اصلا مش,Digital Transformation,صحيح كورونا مسرع للتحول الرقمي بس التحول الرقمي السريع بدون اساس رصين بييسقط لا محالة! مثال التعلم الالكتروني في المدارس هل استطاع انه يشمل جميع الطلبة؟ الكثير من الناس ما عندهم كمبيوترات او انترنت منزلي! وايضا هل هي اصلا مش,Digital Transformation,,1,Negative,0,Yes,1,,,Not clear,Target: Digital Transformation Text: صحيح كورونا مسرع للتحول الرقمي بس التحول الرقمي السريع بدون اساس رصين بييسقط لا محالة! مثال التعلم الالكتروني في المدارس هل استطاع انه يشمل جميع الطلبة؟ الكثير من الناس ما عندهم كمبيوترات او انترنت منزلي! وايضا هل هي اصلا مش,,,,,,,,,1,0,0.9794922,0.00554657,0.015159607,1,0.9794922,0.1126135649604011,None,Against
2170,التحول الرقمي في الخدمات الحكومية وشركات الخدمات أمر جيد . ولكن الأمر السيء  هو الضعف التقني الذي تعاني منه اغلب الوزارت وشركات الخدمات.  تعطيل مصالح الناس بحجة اتمام العمليات الكترونياً من خلال مواقع معطلة أو غير قادرة على استيعاب اعداد المستخدمين أمر غاية في السوء ولم يعد يطاق.,Digital Transformation,التحول الرقمي في الخدمات الحكومية وشركات الخدمات امر جيد . ولكن الامر السيء هو الضعف التقني الذي تعاني منه اغلب الوزارت وشركات الخدمات. تعطيل مصالح الناس بحجة اتمام العمليات الكترونياً من خلال مواقع معطلة او غير قادرة علي استيعاب اعداد المستخدمين امر غاية في السوء ولم يعد يطاق.,Digital Transformation,Against,0,Negative,0,No,0,,A_Explicit,,Target: Digital Transformation Text: التحول الرقمي في الخدمات الحكومية وشركات الخدمات امر جيد . ولكن الامر السيء هو الضعف التقني الذي تعاني منه اغلب الوزارت وشركات الخدمات. تعطيل مصالح الناس بحجة اتمام العمليات الكترونياً من خلال مواقع معطلة او غير قادرة علي استيعاب اعداد المستخدمين امر غاية في السوء ولم يعد يطاق.,,,,,,,,,0,2,0.05999756,0.0010128021,0.93896484,1,0.93896484,0.2349169419503047,Against,Favor
2249,MENTION MENTION MENTION العكس صحيح .. لم نسمع الا ما ندر من اخذ جرعتي تطعيم قد تدهورت صحته بسبب كورونا .. وأنا اعرف منهم كثر وكبار السن ايضاً .. لولا رعاية الله وجرعتي التطعيم لكنا قد افتقدناهم .,Covid Vaccine,مستخدم مستخدم مستخدم العكس صحيح .. لم نسمع الا ما ندر من اخذ جرعتي تطعيم قد تدهورت صحته بسبب كورونا .. وانا اعرف منهم كثر وكبار السن ايضاً .. لولا رعاية الله وجرعتي التطعيم لكنا قد افتقدناهم .,Covid Vaccine,Favor,2,Positive,2,No,0,F_Explicit,,,Target: Covid Vaccine Text: مستخدم مستخدم مستخدم العكس صحيح .. لم نسمع الا ما ندر من اخذ جرعتي تطعيم قد تدهورت صحته بسبب كورونا .. وانا اعرف منهم كثر وكبار السن ايضاً .. لولا رعاية الله وجرعتي التطعيم لكنا قد افتقدناهم .,,,,,,,,,2,0,0.82421875,0.0017366409,0.17419434,1,0.82421875,0.4747943378669916,Favor,Against
2263,إدارة بايدن تدعم رفع الحماية الفكرية عن تطعيم كورونا لتشجيع إنتاجه عالميا  وين أصحاب نظرية المؤامرات عن السالفة كلها تجارة وشركات أدوية وامتصاص الأموال  🤔🤔🤔 ,Covid Vaccine,ادارة بايدن تدعم رفع الحماية الفكرية عن تطعيم كورونا لتشجيع انتاجه عالميا وين اصحاب نظرية المؤامرات عن السالفة كلها تجارة وشركات ادوية وامتصاص الاموال 🤔🤔,Covid Vaccine,Favor,2,Neutral,1,No,0,F_Implicit,,,Target: Covid Vaccine Text: ادارة بايدن تدعم رفع الحماية الفكرية عن تطعيم كورونا لتشجيع انتاجه عالميا وين اصحاب نظرية المؤامرات عن السالفة كلها تجارة وشركات ادوية وامتصاص الاموال 🤔🤔,,,,,,,,,2,0,0.5600586,0.005168915,0.43481445,1,0.5600586,0.7140176268364993,Favor,Against
2302,  التطعيم فيك فيك لانه كورونا مو مثل اي انفلونزا لو انها انفلونزا عاديه اقولك اسحب على التطعيم مثل تطعيم الانفلونزا العاديه اما هالمرض الله يكفينا الشر والله غير والله يكتب فيه الخير لنا يارب,Covid Vaccine,التطعيم فيك فيك لانه كورونا مو مثل اي انفلونزا لو انها انفلونزا عاديه اقولك اسحب علي التطعيم مثل تطعيم الانفلونزا العاديه اما هالمرض الله يكفينا الشر والله غير والله يكتب فيه الخير لنا يارب,Covid Vaccine,Against,0,Positive,2,No,0,,,,Target: Covid Vaccine Text: التطعيم فيك فيك لانه كورونا مو مثل اي انفلونزا لو انها انفلونزا عاديه اقولك اسحب علي التطعيم مثل تطعيم الانفلونزا العاديه اما هالمرض الله يكفينا الشر والله غير والله يكتب فيه الخير لنا يارب,,,,,,,,,0,2,0.0066566467,0.068725586,0.9248047,1,0.9248047,0.2896804670556264,Against,Favor
2307,يثور العالم الآن ضد نظام العمل التقليدي الغير رقمي لأنه لم يتمكن من إسعاف الأعمال بسبب التعطل الناتج عن الجائحة   #لحظة_توقف ماذا لو كانت الجائحة تقنية وتعطلت الأعمال نظرًا لعدم العمل بالشكل التقليدي ؟! هل سيثور العالم ضد التحول الرقمي حينها؟  أنا مع التحول الرقمي بس اهدؤوا 😅,Digital Transformation,يثور العالم الان ضد نظام العمل التقليدي الغير رقمي لانه لم يتمكن من اسعاف الاعمال بسبب التعطل الناتج عن الجائحة #لحظة توقف ماذا لو كانت الجائحة تقنية وتعطلت الاعمال نظرًا لعدم العمل بالشكل التقليدي ؟! هل سيثور العالم ضد التحول الرقمي حينها؟ انا مع التحول الرقمي بس اهدؤوا 😅,Digital Transformation,Favor,2,Positive,2,No,0,F_Explicit,,,Target: Digital Transformation Text: يثور العالم الان ضد نظام العمل التقليدي الغير رقمي لانه لم يتمكن من اسعاف الاعمال بسبب التعطل الناتج عن الجائحة #لحظة توقف ماذا لو كانت الجائحة تقنية وتعطلت الاعمال نظرًا لعدم العمل بالشكل التقليدي ؟! هل سيثور العالم ضد التحول الرقمي حينها؟ انا مع التحول الرقمي بس اهدؤوا 😅,,,,,,,,,2,0,0.9042969,0.08404541,0.011695862,1,0.9042969,0.351129212464046,Favor,Against
2408, وكان فيه انسانة ما اخذت التطعيم وجالسة مع ناس مو مطعمين جتها كورونا وظهرت عليها الأعراض اول وحدة والباقي لا  قصة ثانية وحدة من جماعتنا مااخذت تطعيم جا للي معها بالبيت كورونا وخالطتهم وقامت فيهم وتطبخ لهم  وتعتني فيهم بدون كمام بدون شي ولا جاه,Covid Vaccine,وكان فيه انسانة ما اخذت التطعيم وجالسة مع ناس مو مطعمين جتها كورونا وظهرت عليها الاعراض اول وحدة والباقي لا قصة ثانية وحدة من جماعتنا مااخذت تطعيم جا للي معها بالبيت كورونا وخالطتهم وقامت فيهم وتطبخ لهم وتعتني فيهم بدون كمام بدون شي ولا جاه,Covid Vaccine,,1,Neutral,1,No,0,,,Not clear,Target: Covid Vaccine Text: وكان فيه انسانة ما اخذت التطعيم وجالسة مع ناس مو مطعمين جتها كورونا وظهرت عليها الاعراض اول وحدة والباقي لا قصة ثانية وحدة من جماعتنا مااخذت تطعيم جا للي معها بالبيت كورونا وخالطتهم وقامت فيهم وتطبخ لهم وتعتني فيهم بدون كمام بدون شي ولا جاه,,,,,,,,,1,0,0.96875,0.016098022,0.015060425,1,0.96875,0.1604150288494886,None,Against
2432,#تطعيم_كورونا سؤال محيرني.. الي يبغى يتطعم ليش زعلان من الي مايبغى يتطعم .. يااخي تطعم وانت ساكت وعليك بالف عافيه ..كل انسان حر وهو يقرر ايش الي بيدخل جسده .. صرنا في عصر الاستعباد الجديد 👎🏻,Covid Vaccine,#تطعيم كورونا سؤال محيرني.. الي يبغي يتطعم ليش زعلان من الي مايبغي يتطعم .. يااخي تطعم وانت ساكت وعليك بالف عافيه ..كل انسان حر وهو يقرر ايش الي بيدخل جسده .. صرنا في عصر الاستعباد الجديد 👎🏻,Covid Vaccine,Against,0,Neutral,1,No,0,,A_Implicit,,Target: Covid Vaccine Text: #تطعيم كورونا سؤال محيرني.. الي يبغي يتطعم ليش زعلان من الي مايبغي يتطعم .. يااخي تطعم وانت ساكت وعليك بالف عافيه ..كل انسان حر وهو يقرر ايش الي بيدخل جسده .. صرنا في عصر الاستعباد الجديد 👎🏻,,,,,,,,,0,2,0.0012578964,0.00092077255,0.9980469,1,0.9980469,0.016788293258412,Against,Favor
2494,  لو كان الموضوع كله مؤامرة ماسونيه   لماذا يتم تطعيم الاسرائليين حتى الجرعة الرابعة؟ واذكر حضرتك أن من قالوا ان ١١ سبتمبر كان مؤامرة قالوا  تم إبلاغ اليهود بعدم الذهاب إلى برجيي التجارة العالمية ذلك اليوم. فيكون المنطقي منع اللقاح ,Covid Vaccine,لو كان الموضوع كله مؤامرة ماسونيه لماذا يتم تطعيم الاسرائليين حتي الجرعة الرابعة؟ واذكر حضرتك ان من قالوا ان ١١ سبتمبر كان مؤامرة قالوا تم ابلاغ اليهود بعدم الذهاب الي برجيي التجارة العالمية ذلك اليوم. فيكون المنطقي منع اللقاح,Covid Vaccine,Favor,2,Neutral,1,No,0,F_Implicit,,,Target: Covid Vaccine Text: لو كان الموضوع كله مؤامرة ماسونيه لماذا يتم تطعيم الاسرائليين حتي الجرعة الرابعة؟ واذكر حضرتك ان من قالوا ان ١١ سبتمبر كان مؤامرة قالوا تم ابلاغ اليهود بعدم الذهاب الي برجيي التجارة العالمية ذلك اليوم. فيكون المنطقي منع اللقاح,,,,,,,,,2,0,0.9946289,0.004108429,0.001244545,1,0.9946289,0.0362560375805716,Favor,Against
2609,"تعيين قاضية هنا، وربما وزيرة هناك أمر لا يخدم النساء في شيء بقدر ما تستفيد السلطة من الترويج المستمر لخطة ""تمكين المرأة"" أو بمعنى أصح "" التلميع الدولي لوضع وهمي عن حقوق النساء"" ، فالسلطة التي تمنح امرأة ما منصبا من باب التمكين، هي ذاتها التي تحرم النساء بالجملة من أبسط حقوقهن!",Women empowerment,"تعيين قاضية هنا، وربما وزيرة هناك امر لا يخدم النساء في شيء بقدر ما تستفيد السلطة من الترويج المستمر لخطة ""تمكين المراة"" او بمعني اصح "" التلميع الدولي لوضع وهمي عن حقوق النساء"" ، فالسلطة التي تمنح امراة ما منصبا من باب التمكين، هي ذاتها التي تحرم النساء بالجملة من ابسط حقوقهن!",Women empowerment,Favor,2,Negative,0,No,0,F_Implicit,,,"Target: Women empowerment Text: تعيين قاضية هنا، وربما وزيرة هناك امر لا يخدم النساء في شيء بقدر ما تستفيد السلطة من الترويج المستمر لخطة ""تمكين المراة"" او بمعني اصح "" التلميع الدولي لوضع وهمي عن حقوق النساء"" ، فالسلطة التي تمنح امراة ما منصبا من باب التمكين، هي ذاتها التي تحرم النساء بالجملة من ابسط حقوقهن!",,,,,,,,,2,0,0.9970703,0.00067710876,0.0022716522,1,0.9970703,0.021694836386755,Favor,Against
2678,  تروح مكاتب الوساطه ويضربو عليك فلوس علشان الموعد فقط هل هذا هو التحول الالكتروني,Digital Transformation,تروح مكاتب الوساطه ويضربو عليك فلوس علشان الموعد فقط هل هذا هو التحول الالكتروني,Digital Transformation,Against,0,Negative,0,No,0,,A_Explicit,,Target: Digital Transformation Text: تروح مكاتب الوساطه ويضربو عليك فلوس علشان الموعد فقط هل هذا هو التحول الالكتروني,,,,,,,,,0,1,0.18713379,0.8100586,0.002937317,1,0.8100586,0.5013865060132171,Against,None
2711,قوة التكنولوجيا و استعمال الذكاء الاصطناعي اللي موجودة لسه محدود الانتشار.....التحول الالكتروني حالياً متعطل علي قدرة و شجاعة الناس في التغيير...التغيير في انك تتخلص من القديم وتستعمل الجديد...{ تتخلص من القديم بكل انواعة للاسف...} #digitaltransformation   #obstacles,Digital Transformation,قوة التكنولوجيا و استعمال الذكاء الاصطناعي اللي موجودة لسه محدود الانتشار..التحول الالكتروني حالياً متعطل علي قدرة و شجاعة الناس في التغيير..التغيير في انك تتخلص من القديم وتستعمل الجديد..{ تتخلص من القديم بكل انواعة للاسف..} #digitaltransformation #obstacles,Digital Transformation,Favor,2,Neutral,1,No,0,F_Explicit,,,Target: Digital Transformation Text: قوة التكنولوجيا و استعمال الذكاء الاصطناعي اللي موجودة لسه محدود الانتشار..التحول الالكتروني حالياً متعطل علي قدرة و شجاعة الناس في التغيير..التغيير في انك تتخلص من القديم وتستعمل الجديد..{ تتخلص من القديم بكل انواعة للاسف..} #digitaltransformation #obstacles,,,,,,,,,2,0,0.6772461,0.015022278,0.3076172,1,0.6772461,0.6896532179827867,Favor,Against
2726,ايش البنوك الي بالفعل مطبقة نظام التحول الرقمي او الإلكتروني..  ملينا من متابعة المعاملات,Digital Transformation,ايش البنوك الي بالفعل مطبقة نظام التحول الرقمي او الالكتروني.. ملينا من متابعة المعاملات,Digital Transformation,Favor,2,Positive,2,No,0,F_Explicit,,,Target: Digital Transformation Text: ايش البنوك الي بالفعل مطبقة نظام التحول الرقمي او الالكتروني.. ملينا من متابعة المعاملات,,,,,,,,,2,1,0.017807007,0.9013672,0.08093262,1,0.9013672,0.3688056076613593,Favor,None
2807,MENTION MENTION الصغار نفسهم عندهم كرت تطعيم من هو رضيع والان نرفض لقاح كورونا ؟,Covid Vaccine,مستخدم مستخدم الصغار نفسهم عندهم كرت تطعيم من هو رضيع والان نرفض لقاح كورونا ؟,Covid Vaccine,Favor,2,Neutral,1,Yes,1,F_Implicit,,,Target: Covid Vaccine Text: مستخدم مستخدم الصغار نفسهم عندهم كرت تطعيم من هو رضيع والان نرفض لقاح كورونا ؟,,,,,,,,,2,0,0.99609375,0.00027918816,0.0033893585,1,0.99609375,0.0254590519805927,Favor,Against
2821,الناس اللي للحين مااخدو تطعيم كورونا ..لو سمحتو خلصونا عاد ترى نبي نسافر ونعيش وننبسط خلصووووووونا,Covid Vaccine,الناس اللي للحين مااخدو تطعيم كورونا ..لو سمحتو خلصونا عاد تري نبي نسافر ونعيش وننبسط خلصوونا,Covid Vaccine,Favor,2,Positive,2,No,0,F_Explicit,,,Target: Covid Vaccine Text: الناس اللي للحين مااخدو تطعيم كورونا ..لو سمحتو خلصونا عاد تري نبي نسافر ونعيش وننبسط خلصوونا,,,,,,,,,2,1,0.00087451935,0.74658203,0.2524414,1,0.74658203,0.5718514644813242,Favor,None
2854,MENTION الموضوع أبسط من ماهو عليه الله أعطانا مناعة اقوى وأفضل من مية مليون تطعيم يجب علينا دعمها وتقويتها بالاكل الصحي والرياضة والأعشاب والتنفس وهذيك الساعة كورونا ماراح تأثر عليك ابدا ابدا باذن الله,Covid Vaccine,مستخدم الموضوع ابسط من ماهو عليه الله اعطانا مناعة اقوي وافضل من مية مليون تطعيم يجب علينا دعمها وتقويتها بالاكل الصحي والرياضة والاعشاب والتنفس وهذيك الساعة كورونا ماراح تاثر عليك ابدا ابدا باذن الله,Covid Vaccine,Against,0,Neutral,1,No,0,,A_Explicit,,Target: Covid Vaccine Text: مستخدم الموضوع ابسط من ماهو عليه الله اعطانا مناعة اقوي وافضل من مية مليون تطعيم يجب علينا دعمها وتقويتها بالاكل الصحي والرياضة والاعشاب والتنفس وهذيك الساعة كورونا ماراح تاثر عليك ابدا ابدا باذن الله,,,,,,,,,0,2,0.0234375,0.0007095337,0.9760742,1,0.9760742,0.1167527611614471,Against,Favor
2863, وصلت لقناعة أن تعد  الأحزاب في الدولة مضر  خاصة في زمن التحول التقني,Digital Transformation,وصلت لقناعة ان تعد الاحزاب في الدولة مضر خاصة في زمن التحول التقني,Digital Transformation,,1,Positive,2,No,0,,,Not clear,Target: Digital Transformation Text: وصلت لقناعة ان تعد الاحزاب في الدولة مضر خاصة في زمن التحول التقني,,,,,,,,,1,0,0.9316406,0.01864624,0.049560547,1,0.9316406,0.2891267968242477,None,Against
2969,شفيهم بعض الدكاترة زعلانين عشان زحمة المباراة ؟ مو على اساس بعد تطعيم ٧٠٪ خلاص مناعة مجتمعية وكل شي طبيعي؟ يعني تناقضون كلامكم و كل شوي فلم وبعدين لما يجذبونكم و ما يصدقونكم تزعلون و تقولون هذيل رجعيين ما يصدقون العلم!   #تطعيم_كورونا,Covid Vaccine,شفيهم بعض الدكاترة زعلانين عشان زحمة المباراة ؟ مو علي اساس بعد تطعيم ٧٠٪ خلاص مناعة مجتمعية وكل شي طبيعي؟ يعني تناقضون كلامكم و كل شوي فلم وبعدين لما يجذبونكم و ما يصدقونكم تزعلون و تقولون هذيل رجعيين ما يصدقون العلم! #تطعيم كورونا,Covid Vaccine,Against,0,Neutral,1,No,0,,A_Explicit,,Target: Covid Vaccine Text: شفيهم بعض الدكاترة زعلانين عشان زحمة المباراة ؟ مو علي اساس بعد تطعيم ٧٠٪ خلاص مناعة مجتمعية وكل شي طبيعي؟ يعني تناقضون كلامكم و كل شوي فلم وبعدين لما يجذبونكم و ما يصدقونكم تزعلون و تقولون هذيل رجعيين ما يصدقون العلم! #تطعيم كورونا,,,,,,,,,0,2,0.001964569,0.039916992,0.9580078,1,0.9580078,0.1819128246825788,Against,Favor
3011, بنك مريض ايش فايدة التحول الالكتروني والاون لاين وعلى ابسط شي يقوللي روح الفرع,Digital Transformation,بنك مريض ايش فايدة التحول الالكتروني والاون لاين وعلي ابسط شي يقوللي روح الفرع,Digital Transformation,,1,Negative,0,No,0,,,Not clear,Target: Digital Transformation Text: بنك مريض ايش فايدة التحول الالكتروني والاون لاين وعلي ابسط شي يقوللي روح الفرع,,,,,,,,,1,0,0.8671875,0.016967773,0.11602783,1,0.8671875,0.4426576393741314,None,Against
3041,  اعراض جانبيه طبيعيه عزيزه . ما لاحظتي اعراض لقاح الدرن على الاطفال كلنا علامه تطعيم الدرن باقيه حتى اليوم,Covid Vaccine,اعراض جانبيه طبيعيه عزيزه . ما لاحظتي اعراض لقاح الدرن علي الاطفال كلنا علامه تطعيم الدرن باقيه حتي اليوم,Covid Vaccine,Favor,2,Neutral,1,No,0,F_Implicit,,,Target: Covid Vaccine Text: اعراض جانبيه طبيعيه عزيزه . ما لاحظتي اعراض لقاح الدرن علي الاطفال كلنا علامه تطعيم الدرن باقيه حتي اليوم,,,,,,,,,2,0,0.984375,0.00086832047,0.014518738,1,0.984375,0.0830709115570176,Favor,Against
3052,MENTION لو بنختار بنفسنا كل دوا ناخذه وكل تطعيم عيل لازم الكل يدرس ويختص بكل تخصصات الطب عشان يفهم. احنا ناخذ أدوية ما نعرف مكوناتها و تطعمنا من صغرنا تطعيمات ماندري شنو اهيا وقفت على تطعيم كورونا؟,Covid Vaccine,مستخدم لو بنختار بنفسنا كل دوا ناخذه وكل تطعيم عيل لازم الكل يدرس ويختص بكل تخصصات الطب عشان يفهم. احنا ناخذ ادوية ما نعرف مكوناتها و تطعمنا من صغرنا تطعيمات ماندري شنو اهيا وقفت علي تطعيم كورونا؟,Covid Vaccine,Favor,2,Neutral,1,No,0,F_Explicit,,,Target: Covid Vaccine Text: مستخدم لو بنختار بنفسنا كل دوا ناخذه وكل تطعيم عيل لازم الكل يدرس ويختص بكل تخصصات الطب عشان يفهم. احنا ناخذ ادوية ما نعرف مكوناتها و تطعمنا من صغرنا تطعيمات ماندري شنو اهيا وقفت علي تطعيم كورونا؟,,,,,,,,,2,1,0.10107422,0.8691406,0.02986145,1,0.8691406,0.458398448110912,Favor,None
3219, يارجال مسويين حملات ضد تطعيم كورونا وانه وهم ماعاد وقفت على ذي,Covid Vaccine,يارجال مسويين حملات ضد تطعيم كورونا وانه وهم ماعاد وقفت علي ذي,Covid Vaccine,Favor,2,Neutral,1,No,0,F_Implicit,,,Target: Covid Vaccine Text: يارجال مسويين حملات ضد تطعيم كورونا وانه وهم ماعاد وقفت علي ذي,,,,,,,,,2,0,0.97216797,0.001947403,0.0259552,1,0.97216797,0.1343677046134091,Favor,Against
3222,#لا_للتطعيم_الاجباري هذه حياتي وهذه صحتي وانا لست مجبر على تطعيم او لقاح انا مخير ولست مسير ! اتمنى اعادة النظر في أمر الإجبار وتصنيفه كخيار وليس إلزام .. ومن حقوق الأنسان لأي انسان بأنه مسؤول عن صحته واعطاءه حق مصلحة نفسه لنفسه على حسب ما يقتضيه القانون بدون قيود طبيه .,Covid Vaccine,#لا للتطعيم الاجباري هذه حياتي وهذه صحتي وانا لست مجبر علي تطعيم او لقاح انا مخير ولست مسير ! اتمني اعادة النظر في امر الاجبار وتصنيفه كخيار وليس الزام .. ومن حقوق الانسان لاي انسان بانه مسؤول عن صحته واعطاءه حق مصلحة نفسه لنفسه علي حسب ما يقتضيه القانون بدون قيود طبيه .,Covid Vaccine,Against,0,Neutral,1,No,0,,A_Explicit,,Target: Covid Vaccine Text: #لا للتطعيم الاجباري هذه حياتي وهذه صحتي وانا لست مجبر علي تطعيم او لقاح انا مخير ولست مسير ! اتمني اعادة النظر في امر الاجبار وتصنيفه كخيار وليس الزام .. ومن حقوق الانسان لاي انسان بانه مسؤول عن صحته واعطاءه حق مصلحة نفسه لنفسه علي حسب ما يقتضيه القانون بدون قيود طبيه .,,,,,,,,,0,2,0.0947876,0.0031909943,0.90185547,1,0.90185547,0.3348332145751529,Against,Favor
3377, التحول التقني من أمس أراسلهم و محد يرد   الشهادة ما وصلت للحين ردوا,Digital Transformation,التحول التقني من امس اراسلهم و محد يرد الشهادة ما وصلت للحين ردوا,Digital Transformation,Against,0,Negative,0,No,0,,A_Explicit,,Target: Digital Transformation Text: التحول التقني من امس اراسلهم و محد يرد الشهادة ما وصلت للحين ردوا,,,,,,,,,0,1,0.3408203,0.65478516,0.004425049,1,0.65478516,0.6681123364516282,Against,None
3401, لا تستطيع تلبية احتياجات مواطنينها كيف لها ان توفر احتياجات التحول للعمل الالكتروني بكافة الجهات الحكومية 🤔,Digital Transformation,لا تستطيع تلبية احتياجات مواطنينها كيف لها ان توفر احتياجات التحول للعمل الالكتروني بكافة الجهات الحكومية 🤔,Digital Transformation,Against,0,Negative,0,No,0,,A_Explicit,,Target: Digital Transformation Text: لا تستطيع تلبية احتياجات مواطنينها كيف لها ان توفر احتياجات التحول للعمل الالكتروني بكافة الجهات الحكومية 🤔,,,,,,,,,0,1,0.15100098,0.82910156,0.019866943,1,0.82910156,0.518699313417051,Against,None
3403,توي اخذت تطعيم كورونا ( فايزر )  في مركز معارض الرياض ، شغل جبار وتنظيم رهيب ، غير اني استغرقت فقط ٢٠ دقيقة ، هذا وانا جاي الساعة 10 يعني عز الزحمة ، ولكن ماشاء الله جهد جبار #السعودية #كورونا #فايزر,Covid Vaccine,توي اخذت تطعيم كورونا ( فايزر ) في مركز معارض الرياض ، شغل جبار وتنظيم رهيب ، غير اني استغرقت فقط ٢٠ دقيقة ، هذا وانا جاي الساعة 10 يعني عز الزحمة ، ولكن ماشاء الله جهد جبار #السعودية #كورونا #فايزر,Covid Vaccine,,1,Positive,2,Yes,1,,,Not clear,Target: Covid Vaccine Text: توي اخذت تطعيم كورونا ( فايزر ) في مركز معارض الرياض ، شغل جبار وتنظيم رهيب ، غير اني استغرقت فقط ٢٠ دقيقة ، هذا وانا جاي الساعة 10 يعني عز الزحمة ، ولكن ماشاء الله جهد جبار #السعودية #كورونا #فايزر,,,,,,,,,1,2,0.0015392303,0.0004479885,0.9980469,1,0.9980469,0.0153742988023572,None,Favor
3440,  التحول التقني للمجتمع أثر سلباً على رعاية بعض كبار السن  وعلى العلاقات الاجتماعية داخل الأسرة  فنجد أفراد الأسرة جميعهم منشغلين عنه وكل فرد من أفراد الأسرة في عالمه الخاص  وفي تواصل مع الآخرين خارج المنزل عبر استخدام الأجهزة الذكية أدى إلى شعور,Digital Transformation,التحول التقني للمجتمع اثر سلباً علي رعاية بعض كبار السن وعلي العلاقات الاجتماعية داخل الاسرة فنجد افراد الاسرة جميعهم منشغلين عنه وكل فرد من افراد الاسرة في عالمه الخاص وفي تواصل مع الاخرين خارج المنزل عبر استخدام الاجهزة الذكية ادي الي شعور,Digital Transformation,,1,Neutral,1,Yes,1,,,Not clear,Target: Digital Transformation Text: التحول التقني للمجتمع اثر سلباً علي رعاية بعض كبار السن وعلي العلاقات الاجتماعية داخل الاسرة فنجد افراد الاسرة جميعهم منشغلين عنه وكل فرد من افراد الاسرة في عالمه الخاص وفي تواصل مع الاخرين خارج المنزل عبر استخدام الاجهزة الذكية ادي الي شعور,,,,,,,,,1,2,0.12866211,0.029846191,0.8413086,1,0.8413086,0.5140162945608331,None,Favor
3447,اثبت التطعيم ضد فيروس كورونا فعالية ممتازة  ما تدخل المطعم الا متطعم او دخول السينما حتى بالسفر بعد سنة ما تسوي اي اجراء حكومي الا عندك شهادة تطعيم هذا تطعيم ضد الفيروس او كفيل الجديد 😂😂😂,Covid Vaccine,اثبت التطعيم ضد فيروس كورونا فعالية ممتازة ما تدخل المطعم الا متطعم او دخول السينما حتي بالسفر بعد سنة ما تسوي اي اجراء حكومي الا عندك شهادة تطعيم هذا تطعيم ضد الفيروس او كفيل الجديد 😂😂,Covid Vaccine,Against,0,Neutral,1,Yes,1,,A_Explicit,,Target: Covid Vaccine Text: اثبت التطعيم ضد فيروس كورونا فعالية ممتازة ما تدخل المطعم الا متطعم او دخول السينما حتي بالسفر بعد سنة ما تسوي اي اجراء حكومي الا عندك شهادة تطعيم هذا تطعيم ضد الفيروس او كفيل الجديد 😂😂,,,,,,,,,0,2,0.00062561035,0.0048217773,0.9946289,1,0.9946289,0.0356939557759469,Against,Favor
3453, ترا تطعيم كورونا حاله حال التطعيمات الي خذناها و احنا بزران وشو الي تدخل فيروس و تدمر مناعة ولدك و مدري وش,Covid Vaccine,ترا تطعيم كورونا حاله حال التطعيمات الي خذناها و احنا بزران وشو الي تدخل فيروس و تدمر مناعة ولدك و مدري وش,Covid Vaccine,,1,Positive,2,Yes,1,,,Not clear,Target: Covid Vaccine Text: ترا تطعيم كورونا حاله حال التطعيمات الي خذناها و احنا بزران وشو الي تدخل فيروس و تدمر مناعة ولدك و مدري وش,,,,,,,,,1,2,0.009765625,0.00970459,0.98046875,1,0.98046875,0.1095255244722809,None,Favor
3455,MENTION MENTION بس الحقيقة ان اسرائيل الان خالية تماماً من وباء كورونا وتم تطعيم ٧ مليون مواطن هناك ... فقط للمعلومية,Covid Vaccine,مستخدم مستخدم بس الحقيقة ان اسرائيل الان خالية تماماً من وباء كورونا وتم تطعيم ٧ مليون مواطن هناك .. فقط للمعلومية,Covid Vaccine,Favor,2,Neutral,1,No,0,F_Implicit,,,Target: Covid Vaccine Text: مستخدم مستخدم بس الحقيقة ان اسرائيل الان خالية تماماً من وباء كورونا وتم تطعيم ٧ مليون مواطن هناك .. فقط للمعلومية,,,,,,,,,2,0,0.87646484,0.021713257,0.10168457,1,0.87646484,0.431166333038941,Favor,Against
3458, حتى الأجنه لها تطعيم والله اني مدري إلى إذا كان كورونا له 50 سنة موجود ولا 100 على شان يمدي يسوون لقاح حوامل :على الله مقدر المقادير,Covid Vaccine,حتي الاجنه لها تطعيم والله اني مدري الي اذا كان كورونا له 50 سنة موجود ولا 100 علي شان يمدي يسوون لقاح حوامل :علي الله مقدر المقادير,Covid Vaccine,Against,0,Negative,0,Yes,1,,,,Target: Covid Vaccine Text: حتي الاجنه لها تطعيم والله اني مدري الي اذا كان كورونا له 50 سنة موجود ولا 100 علي شان يمدي يسوون لقاح حوامل :علي الله مقدر المقادير,,,,,,,,,0,1,0.011405945,0.98046875,0.008300781,1,0.98046875,0.1101375404196713,Against,None
3471,تم وضع شريحة جينات الشواذي المعدلة وراثياً. من الحين مشتهية موز. 🍌🐒 #تطعيم_كورونا,Covid Vaccine,تم وضع شريحة جينات الشواذي المعدلة وراثياً. من الحين مشتهية موز. 🍌🐒 #تطعيم كورونا,Covid Vaccine,,1,Neutral,1,Yes,1,,,Not Related,Target: Covid Vaccine Text: تم وضع شريحة جينات الشواذي المعدلة وراثياً. من الحين مشتهية موز. 🍌🐒 #تطعيم كورونا,,,,,,,,,1,0,0.98046875,0.0058555603,0.013542175,1,0.98046875,0.1076966809116982,None,Against
3494, اوك فهمت 🦦 اول مره اعرف لقاح يطلقون عليه اسم تطعيم 😅,Covid Vaccine,اوك فهمت 🦦 اول مره اعرف لقاح يطلقون عليه اسم تطعيم 😅,Covid Vaccine,,1,Neutral,1,Yes,1,,,Not clear,Target: Covid Vaccine Text: اوك فهمت 🦦 اول مره اعرف لقاح يطلقون عليه اسم تطعيم 😅,,,,,,,,,1,0,0.72509766,0.2734375,0.001364708,1,0.72509766,0.5966461324179156,None,Against
3590,وجاء اللقاء بحضور وكيل الوزارة المكلّف، ومنسّقة المشاريع القوميّة بهيئة الأمم المتحدة للمرأة، ومستشارة تمكين المرأة بالهيئة.,Women empowerment,وجاء اللقاء بحضور وكيل الوزارة المكلّف، ومنسّقة المشاريع القوميّة بهيئة الامم المتحدة للمراة، ومستشارة تمكين المراة بالهيئة.,Women empowerment,,1,Neutral,1,No,0,,,Not clear,Target: Women empowerment Text: وجاء اللقاء بحضور وكيل الوزارة المكلّف، ومنسّقة المشاريع القوميّة بهيئة الامم المتحدة للمراة، ومستشارة تمكين المراة بالهيئة.,,,,,,,,,1,2,0.001045227,0.008476257,0.9902344,1,0.9902344,0.0573275662563973,None,Favor
3598, ودي اتعاطف معه الرخمه بس من قريت أنا مع تمكين المرأه غسلت يدي الضاطور لعبت في حسبته,Women empowerment,ودي اتعاطف معه الرخمه بس من قريت انا مع تمكين المراه غسلت يدي الضاطور لعبت في حسبته,Women empowerment,Favor,2,Negative,0,Yes,1,F_Explicit,,,Target: Women empowerment Text: ودي اتعاطف معه الرخمه بس من قريت انا مع تمكين المراه غسلت يدي الضاطور لعبت في حسبته,,,,,,,,,2,0,0.88720703,0.0012931824,0.11126709,1,0.88720703,0.3591014028848519,Favor,Against
3609, تمكين المرأة في المناصب القيادية مخالف لتوجيهات نبينا الكريم الصحابيات على كريم قدرهم وعلمهم لم تتولى إحداهن منصبا قياديا أبدا.. فاتمنى منك يا دكتور أن ترضي الله وتترك الناس,Women empowerment,تمكين المراة في المناصب القيادية مخالف لتوجيهات نبينا الكريم الصحابيات علي كريم قدرهم وعلمهم لم تتولي احداهن منصبا قياديا ابدا.. فاتمني منك يا دكتور ان ترضي الله وتترك الناس,Women empowerment,Favor,2,Negative,0,No,0,F_Explicit,,,Target: Women empowerment Text: تمكين المراة في المناصب القيادية مخالف لتوجيهات نبينا الكريم الصحابيات علي كريم قدرهم وعلمهم لم تتولي احداهن منصبا قياديا ابدا.. فاتمني منك يا دكتور ان ترضي الله وتترك الناس,,,,,,,,,2,0,0.99853516,0.00059366226,0.0006494522,1,0.99853516,0.0106407795930936,Favor,Against
3619, معاك انا في موضوع الكهرباء اما تمكين المراة اكثر من كذا!؟,Women empowerment,معاك انا في موضوع الكهرباء اما تمكين المراة اكثر من كذا!؟,Women empowerment,Against,0,Neutral,1,No,0,,A_Explicit,,Target: Women empowerment Text: معاك انا في موضوع الكهرباء اما تمكين المراة اكثر من كذا!؟,,,,,,,,,0,1,0.3708496,0.46069336,0.1685791,1,0.46069336,1.025045092989795,Against,None
3673,  لا تجيب طاري اسيادك لو سمحت .. ثم انا قلت بعض البدو الوع 🤮مثلك  محمد بن سلمان جعلني فداه هو السبب بعد الله في تمكين المرأة وهدم صنمكم🥴,Women empowerment,لا تجيب طاري اسيادك لو سمحت .. ثم انا قلت بعض البدو الوع 🤮مثلك محمد بن سلمان جعلني فداه هو السبب بعد الله في تمكين المراة وهدم صنمكم🥴,Women empowerment,Against,0,Negative,0,No,0,,A_Explicit,,Target: Women empowerment Text: لا تجيب طاري اسيادك لو سمحت .. ثم انا قلت بعض البدو الوع 🤮مثلك محمد بن سلمان جعلني فداه هو السبب بعد الله في تمكين المراة وهدم صنمكم🥴,,,,,,,,,0,2,0.043121338,0.00063180923,0.9560547,1,0.9560547,0.1831818913002298,Against,Favor
3730, كيف تمكين المرأه ووزارة الموارد البشريه ممكنه نصف مليون اردني ونصف مليون لبناني ومثلهم فلسطن و٢ مليون هندي بالقطاع الخاص وعندنا ٣ مليون عاطل نصفهم من البنات  التمكين هو انك ترحل العماله الي عندنا وتوظف ابناء وبنات البلد,Women empowerment,كيف تمكين المراه ووزارة الموارد البشريه ممكنه نصف مليون اردني ونصف مليون لبناني ومثلهم فلسطن و٢ مليون هندي بالقطاع الخاص وعندنا ٣ مليون عاطل نصفهم من البنات التمكين هو انك ترحل العماله الي عندنا وتوظف ابناء وبنات البلد,Women empowerment,Against,0,Neutral,1,No,0,,A_Explicit,,Target: Women empowerment Text: كيف تمكين المراه ووزارة الموارد البشريه ممكنه نصف مليون اردني ونصف مليون لبناني ومثلهم فلسطن و٢ مليون هندي بالقطاع الخاص وعندنا ٣ مليون عاطل نصفهم من البنات التمكين هو انك ترحل العماله الي عندنا وتوظف ابناء وبنات البلد,,,,,,,,,0,2,0.24731445,0.008354187,0.7441406,1,0.7441406,0.605408784496836,Against,Favor
3731,اعتقد ان تمكين المرأه يتم في ترحيل نصف مليون اردني ونصف مليون لبناني وغيرهم من الهنود وموظفين الشعوب المجاوره وتوظيف بناتنا وعيالنا مكانهم هذا هو التمكين الحقيقي الي يضمن رفاهيه لكل مواطن ومواطنه ,Women empowerment,اعتقد ان تمكين المراه يتم في ترحيل نصف مليون اردني ونصف مليون لبناني وغيرهم من الهنود وموظفين الشعوب المجاوره وتوظيف بناتنا وعيالنا مكانهم هذا هو التمكين الحقيقي الي يضمن رفاهيه لكل مواطن ومواطنه,Women empowerment,Against,0,Neutral,1,No,0,,A_Explicit,,Target: Women empowerment Text: اعتقد ان تمكين المراه يتم في ترحيل نصف مليون اردني ونصف مليون لبناني وغيرهم من الهنود وموظفين الشعوب المجاوره وتوظيف بناتنا وعيالنا مكانهم هذا هو التمكين الحقيقي الي يضمن رفاهيه لكل مواطن ومواطنه,,,,,,,,,0,2,0.00081014633,0.00040650368,0.99902344,1,0.99902344,0.0099168913495833,Against,Favor
3736, هاذي على شان تمكين المرأة ، والمشكله الحريه عندنا تشمل كل شي الا السياسه وانتقاد القرارات ... هنا تقف كل أشكال الحريه 😂😂😂,Women empowerment,هاذي علي شان تمكين المراة ، والمشكله الحريه عندنا تشمل كل شي الا السياسه وانتقاد القرارات .. هنا تقف كل اشكال الحريه 😂😂,Women empowerment,,1,Neutral,1,No,0,,,Not clear,Target: Women empowerment Text: هاذي علي شان تمكين المراة ، والمشكله الحريه عندنا تشمل كل شي الا السياسه وانتقاد القرارات .. هنا تقف كل اشكال الحريه 😂😂,,,,,,,,,1,0,0.99121094,0.0036888123,0.0049972534,1,0.99121094,0.0558964920830674,None,Against
3776,في ضل زمن تمكين المرأه .. فاز النصر   #الهلال_النصر,Women empowerment,في ضل زمن تمكين المراه .. فاز النصر #الهلال النصر,Women empowerment,,1,Neutral,1,No,0,,,Not clear,Target: Women empowerment Text: في ضل زمن تمكين المراه .. فاز النصر #الهلال النصر,,,,,,,,,1,2,0.0019292831,0.010231018,0.98779297,1,0.98779297,0.0710733221481834,None,Favor
3810,دور الشركات في تمكين المرأة!  via ,Women empowerment,دور الشركات في تمكين المراة! via,Women empowerment,Favor,2,Neutral,1,No,0,F_Explicit,,,Target: Women empowerment Text: دور الشركات في تمكين المراة! via,,,,,,,,,2,1,0.002002716,0.81884766,0.17919922,1,0.81884766,0.4841855308357112,Favor,None
3822,منتدى الحوار العربي الأوروبي يناقش تمكين المرأة في دول الخليج ,Women empowerment,منتدي الحوار العربي الاوروبي يناقش تمكين المراة في دول الخليج,Women empowerment,Favor,2,Neutral,1,No,0,F_Explicit,,,Target: Women empowerment Text: منتدي الحوار العربي الاوروبي يناقش تمكين المراة في دول الخليج,,,,,,,,,2,1,0.0009589195,0.76464844,0.23413086,1,0.76464844,0.5517780484258902,Favor,None
3906,حين تقرر على فتح مشروع شخصي لاتنظر إلى رغبتك وشغفك تجاه ماينقصك في الحياة من مشاعر أو فنون بل انظر إلى رغبة عموم الناس التي لاتتخطى عن الحاجات الأولية والأساسية كالطعام  خاصة في زمن الأزمة ..#تمكين_المرأة   ,Women empowerment,حين تقرر علي فتح مشروع شخصي لاتنظر الي رغبتك وشغفك تجاه ماينقصك في الحياة من مشاعر او فنون بل انظر الي رغبة عموم الناس التي لاتتخطي عن الحاجات الاولية والاساسية كالطعام خاصة في زمن الازمة ..#تمكين المراة,Women empowerment,,1,Neutral,1,No,0,,,Not clear,Target: Women empowerment Text: حين تقرر علي فتح مشروع شخصي لاتنظر الي رغبتك وشغفك تجاه ماينقصك في الحياة من مشاعر او فنون بل انظر الي رغبة عموم الناس التي لاتتخطي عن الحاجات الاولية والاساسية كالطعام خاصة في زمن الازمة ..#تمكين المراة,,,,,,,,,1,2,0.0007443428,0.4951172,0.50390625,1,0.50390625,0.6987692065395958,None,Favor
3909,  امركم غريب اشوف تمكين المراة لعب بحسبتكم ، فجاءه صرنا غير صالحات🤔,Women empowerment,امركم غريب اشوف تمكين المراة لعب بحسبتكم ، فجاءه صرنا غير صالحات🤔,Women empowerment,Against,0,Negative,0,No,0,,A_Explicit,,Target: Women empowerment Text: امركم غريب اشوف تمكين المراة لعب بحسبتكم ، فجاءه صرنا غير صالحات🤔,,,,,,,,,0,2,0.009635925,0.29516602,0.6953125,1,0.6953125,0.6575714414705067,Against,Favor
3924,الذكورية إجمالًا تخالف توجهات الدولة في تمكين المرأة والمساواة بين الجنسين لهذا يكتب الذكوريون في السعودية بأسماء مستعارة والذكوريون في الدول العربية يكتبون بأسمائهم الصريحة لأنهم يأمنون من ردة فعل دولهم  ما أدري هذي التغريدة سذاجة أم خبث؟ ,Women empowerment,الذكورية اجمالًا تخالف توجهات الدولة في تمكين المراة والمساواة بين الجنسين لهذا يكتب الذكوريون في السعودية باسماء مستعارة والذكوريون في الدول العربية يكتبون باسمائهم الصريحة لانهم يامنون من ردة فعل دولهم ما ادري هذي التغريدة سذاجة ام خبث؟,Women empowerment,,1,Neutral,1,No,0,,,Not clear,Target: Women empowerment Text: الذكورية اجمالًا تخالف توجهات الدولة في تمكين المراة والمساواة بين الجنسين لهذا يكتب الذكوريون في السعودية باسماء مستعارة والذكوريون في الدول العربية يكتبون باسمائهم الصريحة لانهم يامنون من ردة فعل دولهم ما ادري هذي التغريدة سذاجة ام خبث؟,,,,,,,,,1,0,0.51171875,0.0033473969,0.48486328,1,0.51171875,0.7129069882277581,None,Against
3927, في سباق مع الزمن .. #السعودية تتخطى حاجز 3 ملايين جرعة من #لقاح_كورونا  تم تقديمها للمواطنين والمقيمين على أرضها ، ولازالت الحملة مستمرة على أمل تطعيم اكبر عدد ممكن و الحصول على المناعة المجتمعية بإذن الله ، وانتهاء هذا الوباء . #كورونا ((منقول)),Covid Vaccine,في سباق مع الزمن .. #السعودية تتخطي حاجز 3 ملايين جرعة من #لقاح كورونا تم تقديمها للمواطنين والمقيمين علي ارضها ، ولازالت الحملة مستمرة علي امل تطعيم اكبر عدد ممكن و الحصول علي المناعة المجتمعية باذن الله ، وانتهاء هذا الوباء . #كورونا ((منقول)),Covid Vaccine,,1,Positive,2,No,0,,,Not clear,Target: Covid Vaccine Text: في سباق مع الزمن .. #السعودية تتخطي حاجز 3 ملايين جرعة من #لقاح كورونا تم تقديمها للمواطنين والمقيمين علي ارضها ، ولازالت الحملة مستمرة علي امل تطعيم اكبر عدد ممكن و الحصول علي المناعة المجتمعية باذن الله ، وانتهاء هذا الوباء . #كورونا ((منقول)),,,,,,,,,1,2,0.00063991547,0.00415802,0.9951172,1,0.9951172,0.03237415363532,None,Favor
3929, فكرة التحول التقني ستزداد كل سنة من بعد كورونا..,Digital Transformation,فكرة التحول التقني ستزداد كل سنة من بعد كورونا..,Digital Transformation,,1,Neutral,1,No,0,,,Not Related,Target: Digital Transformation Text: فكرة التحول التقني ستزداد كل سنة من بعد كورونا..,,,,,,,,,1,2,0.09118652,0.005218506,0.9038086,1,0.9038086,0.3372130547392744,None,Favor
3936,هناك عدة أشكال ومستويات للتحول الرقمي  ويعتمد ذلك على مجال المنظمة  ولكن بشكل عام التحول الرقمي هو أتمتة جميع المعاملات والخدمات التي تقدمها المنظمة واعتمادها على الأنظمة الالكترونية.,Digital Transformation,هناك عدة اشكال ومستويات للتحول الرقمي ويعتمد ذلك علي مجال المنظمة ولكن بشكل عام التحول الرقمي هو اتمتة جميع المعاملات والخدمات التي تقدمها المنظمة واعتمادها علي الانظمة الالكترونية.,Digital Transformation,Favor,2,Positive,2,No,0,F_Explicit,,,Target: Digital Transformation Text: هناك عدة اشكال ومستويات للتحول الرقمي ويعتمد ذلك علي مجال المنظمة ولكن بشكل عام التحول الرقمي هو اتمتة جميع المعاملات والخدمات التي تقدمها المنظمة واعتمادها علي الانظمة الالكترونية.,,,,,,,,,2,1,0.0007266998,0.6791992,0.32006836,1,0.6791992,0.6326223291100612,Favor,None
3971,  تطعيم اطفالك من أمراض تمت دراستها و اخبارها سريرياً ما يتقارن مع لقاح ما تم اختباره في فرق   و حتى انته كولي أمر تطعيم اطفالك ضد بعض الأمراض اختياري مش اجباري على حد علمي,Covid Vaccine,تطعيم اطفالك من امراض تمت دراستها و اخبارها سريرياً ما يتقارن مع لقاح ما تم اختباره في فرق و حتي انته كولي امر تطعيم اطفالك ضد بعض الامراض اختياري مش اجباري علي حد علمي,Covid Vaccine,Against,0,Neutral,1,No,0,,A_Implicit,,Target: Covid Vaccine Text: تطعيم اطفالك من امراض تمت دراستها و اخبارها سريرياً ما يتقارن مع لقاح ما تم اختباره في فرق و حتي انته كولي امر تطعيم اطفالك ضد بعض الامراض اختياري مش اجباري علي حد علمي,,,,,,,,,0,2,0.008781433,0.04876709,0.9423828,1,0.9423828,0.2448163279340253,Against,Favor
3987,غرفة الشرقية تنظم لقاءً مع رائدات الأعمال بالقطيف  شبكة أم الحمام  نظمت غرفة الشرقية ممثلة بمركز تمكين المرأة أمس لقاء مع رائدات الأعمال بمحافظة القطيف، استضافت خلاله مديرة الفرع النسائي لبنك التنمية الاجتماعية بالمنطقة فوزية القحطاني التي استعرضت خدمات ا… ,Women empowerment,غرفة الشرقية تنظم لقاءً مع رائدات الاعمال بالقطيف شبكة ام الحمام نظمت غرفة الشرقية ممثلة بمركز تمكين المراة امس لقاء مع رائدات الاعمال بمحافظة القطيف، استضافت خلاله مديرة الفرع النسائي لبنك التنمية الاجتماعية بالمنطقة فوزية القحطاني التي استعرضت خدمات ا…,Women empowerment,Favor,2,Neutral,1,No,0,F_Explicit,,,Target: Women empowerment Text: غرفة الشرقية تنظم لقاءً مع رائدات الاعمال بالقطيف شبكة ام الحمام نظمت غرفة الشرقية ممثلة بمركز تمكين المراة امس لقاء مع رائدات الاعمال بمحافظة القطيف، استضافت خلاله مديرة الفرع النسائي لبنك التنمية الاجتماعية بالمنطقة فوزية القحطاني التي استعرضت خدمات ا…,,,,,,,,,2,1,0.0016870499,0.57666016,0.421875,1,0.57666016,0.6923217207684264,Favor,None
3998,  طيب السؤال ..الفايروسات القديمه كيف انتهت وماكان في تطعيم ؟؟ولا كورونا على راسه ريشه ؟؟,Covid Vaccine,طيب السؤال ..الفايروسات القديمه كيف انتهت وماكان في تطعيم ؟؟ولا كورونا علي راسه ريشه ؟؟,Covid Vaccine,Against,0,Negative,0,No,0,,A_Implicit,,Target: Covid Vaccine Text: طيب السؤال ..الفايروسات القديمه كيف انتهت وماكان في تطعيم ؟؟ولا كورونا علي راسه ريشه ؟؟,,,,,,,,,0,1,0.017807007,0.98095703,0.0010175705,1,0.98095703,0.0976014257907334,Against,None
4036, لجنه ما معها حل غير الحظر الحين اكل لبلدان تسارع بكثره تطعيم ...كثير اعرف اشخاص راحو يريدو ياخذو لقاح ويقول حقهم مخلص او باقي كم جرعه نريدهم حق كبار السن ..دول مجاوره مثل السعوديه والامارات في اليوم الواحد تطعيم فوق ٢٠الف شخص,Covid Vaccine,لجنه ما معها حل غير الحظر الحين اكل لبلدان تسارع بكثره تطعيم ..كثير اعرف اشخاص راحو يريدو ياخذو لقاح ويقول حقهم مخلص او باقي كم جرعه نريدهم حق كبار السن ..دول مجاوره مثل السعوديه والامارات في اليوم الواحد تطعيم فوق ٢٠الف شخص,Covid Vaccine,,1,Neutral,1,No,0,,,Not clear,Target: Covid Vaccine Text: لجنه ما معها حل غير الحظر الحين اكل لبلدان تسارع بكثره تطعيم ..كثير اعرف اشخاص راحو يريدو ياخذو لقاح ويقول حقهم مخلص او باقي كم جرعه نريدهم حق كبار السن ..دول مجاوره مثل السعوديه والامارات في اليوم الواحد تطعيم فوق ٢٠الف شخص,,,,,,,,,1,2,0.31201172,0.0021781921,0.68603516,1,0.68603516,0.6352714478338042,None,Favor
4050, للأسف الشائعات أضرت بكثير من المواطنين بالوقت الحالي .. لتأثرهم بالرسائل التي تتطرق الى تطعيم كورونا وأنه مضر .. بينما قد يتسبب في وفاة شخص مسن أو لديه مشكلة صحية لعدم أخذه التطعيم .. متأثراً بالشائعات التي ليس لها مصدر حقيقي !!,Covid Vaccine,للاسف الشائعات اضرت بكثير من المواطنين بالوقت الحالي .. لتاثرهم بالرسائل التي تتطرق الي تطعيم كورونا وانه مضر .. بينما قد يتسبب في وفاة شخص مسن او لديه مشكلة صحية لعدم اخذه التطعيم .. متاثراً بالشائعات التي ليس لها مصدر حقيقي !!,Covid Vaccine,Favor,2,Neutral,1,No,0,F_Explicit,,,Target: Covid Vaccine Text: للاسف الشائعات اضرت بكثير من المواطنين بالوقت الحالي .. لتاثرهم بالرسائل التي تتطرق الي تطعيم كورونا وانه مضر .. بينما قد يتسبب في وفاة شخص مسن او لديه مشكلة صحية لعدم اخذه التطعيم .. متاثراً بالشائعات التي ليس لها مصدر حقيقي !!,,,,,,,,,2,0,0.7324219,0.0009031296,0.26660156,1,0.7324219,0.5868530136083779,Favor,Against
4059, يقولك 16 سنه ياخذ تطعيم الانفلونزا تطمنوا اجل لقاح كورونا فعال دام 16 سنه ياخذ تطعيم الانفلونزا,Covid Vaccine,يقولك 16 سنه ياخذ تطعيم الانفلونزا تطمنوا اجل لقاح كورونا فعال دام 16 سنه ياخذ تطعيم الانفلونزا,Covid Vaccine,Favor,2,Positive,2,No,0,F_Explicit,,,Target: Covid Vaccine Text: يقولك 16 سنه ياخذ تطعيم الانفلونزا تطمنوا اجل لقاح كورونا فعال دام 16 سنه ياخذ تطعيم الانفلونزا,,,,,,,,,2,0,0.9941406,0.0010919571,0.004524231,1,0.9941406,0.0377123021724806,Favor,Against
4060,#صوتك_لتوكلنا توكلنا تطبيق أحدث نقله نوعيه في المجال التقني و أكد على حرص المملكة على التحول في جميع المجالات,Digital Transformation,#صوتك لتوكلنا توكلنا تطبيق احدث نقله نوعيه في المجال التقني و اكد علي حرص المملكة علي التحول في جميع المجالات,Digital Transformation,,1,Neutral,1,No,0,,,Not clear,Target: Digital Transformation Text: #صوتك لتوكلنا توكلنا تطبيق احدث نقله نوعيه في المجال التقني و اكد علي حرص المملكة علي التحول في جميع المجالات,,,,,,,,,1,2,0.0023956299,0.00063085556,0.9970703,1,0.9970703,0.0220293136749648,None,Favor
4082, دكتور طعمنا مليون تطعيم بس يوم ييه حق كورونا الكل صار فني وناقد سياسي ومحقق الكورارث الطبيعيه 😂طعمو فكونا,Covid Vaccine,دكتور طعمنا مليون تطعيم بس يوم ييه حق كورونا الكل صار فني وناقد سياسي ومحقق الكورارث الطبيعيه 😂طعمو فكونا,Covid Vaccine,Favor,2,Neutral,1,Yes,1,F_Implicit,,,Target: Covid Vaccine Text: دكتور طعمنا مليون تطعيم بس يوم ييه حق كورونا الكل صار فني وناقد سياسي ومحقق الكورارث الطبيعيه 😂طعمو فكونا,,,,,,,,,2,0,0.68652344,0.00737381,0.3059082,1,0.68652344,0.6567549408369664,Favor,Against
4090,#الشعب_أقوي المبادرة تطلق مشروع ”الفرق الشعبية لمكافحة العدوى“ • المبادرة توفر دورات للطلاب لسد فجوة التحول للتعليم الالكتروني,Digital Transformation,#الشعب اقوي المبادرة تطلق مشروع ”الفرق الشعبية لمكافحة العدوي“ • المبادرة توفر دورات للطلاب لسد فجوة التحول للتعليم الالكتروني,Digital Transformation,,1,Neutral,1,No,0,,,Not clear,Target: Digital Transformation Text: #الشعب اقوي المبادرة تطلق مشروع ”الفرق الشعبية لمكافحة العدوي“ • المبادرة توفر دورات للطلاب لسد فجوة التحول للتعليم الالكتروني,,,,,,,,,1,2,0.00074243546,0.06756592,0.9316406,1,0.9316406,0.2533840437585197,None,Favor
4107,في 2009 ما عانينا مع النقل المباشر زي كذا..! المملكة تشهد عصر التحول التقني في جميع الأصعدة.. ماعدا الرياضة ونقلها المباشر والذي فشل فشلاً ذريعاً ورجعنا لعصور قديمة..!        #الرياضة_على_شاهد_وGOBX   URL,Digital Transformation,في 2009 ما عانينا مع النقل المباشر زي كذا..! المملكة تشهد عصر التحول التقني في جميع الاصعدة.. ماعدا الرياضة ونقلها المباشر والذي فشل فشلاً ذريعاً ورجعنا لعصور قديمة..! #الرياضة علي شاهد وGOBX,Digital Transformation,Favor,2,Positive,2,No,0,F_Explicit,,,Target: Digital Transformation Text: في 2009 ما عانينا مع النقل المباشر زي كذا..! المملكة تشهد عصر التحول التقني في جميع الاصعدة.. ماعدا الرياضة ونقلها المباشر والذي فشل فشلاً ذريعاً ورجعنا لعصور قديمة..! #الرياضة علي شاهد وGOBX,,,,,,,,,2,0,0.96191406,0.0015096664,0.03652954,1,0.96191406,0.168057283833846,Favor,Against
4120,ياجماعه الخير  هل يعقل اليوم جهة خدمية تذهب لانجاز معاملة تجد الرد ان السيستم عطلان من يومين وفوقهم اجازة نهاية الاسبوع نحن اليوم نتكلم عن الخدمات و التحول الالكتروني ومازلنا في عزلة عن الغير اقرار القرارات سهل على ارض ترى العكس,Digital Transformation,ياجماعه الخير هل يعقل اليوم جهة خدمية تذهب لانجاز معاملة تجد الرد ان السيستم عطلان من يومين وفوقهم اجازة نهاية الاسبوع نحن اليوم نتكلم عن الخدمات و التحول الالكتروني ومازلنا في عزلة عن الغير اقرار القرارات سهل علي ارض تري العكس,Digital Transformation,Favor,2,Positive,2,No,0,F_Explicit,,,Target: Digital Transformation Text: ياجماعه الخير هل يعقل اليوم جهة خدمية تذهب لانجاز معاملة تجد الرد ان السيستم عطلان من يومين وفوقهم اجازة نهاية الاسبوع نحن اليوم نتكلم عن الخدمات و التحول الالكتروني ومازلنا في عزلة عن الغير اقرار القرارات سهل علي ارض تري العكس,,,,,,,,,2,1,0.10723877,0.70410156,0.18859863,1,0.70410156,0.8010613779554907,Favor,None
1227,على الرغم من التحول الوطني الكامل للتعاملات الالكترونية  اي ان المراسلات اصبحت تتم عن طريق البريد الالكتروني  إلا انني الاحظ ان الهاتف المكتبي المباشر واجهزة الفاكس  مازالت تستخدم في الادارات المختلفة. إلغاء الهاتف والفاكس  سيوفر مبالغ سنويلة طائلة على خزينة الدولة.,Digital Transformation,على الرغم من التحول الوطني الكامل للتعاملات الالكترونية  اي ان المراسلات اصبحت تتم عن طريق البريد الالكتروني  إلا انني الاحظ ان الهاتف المكتبي المباشر واجهزة الفاكس  مازالت تستخدم في الادارات المختلفة. إلغاء الهاتف والفاكس  سيوفر مبالغ سنويلة طائلة على خزينة الدولة.,Digital Transformation,,1,Neutral,1,No,0,,,Not clear,Target: Digital Transformation Text: على الرغم من التحول الوطني الكامل للتعاملات الالكترونية  اي ان المراسلات اصبحت تتم عن طريق البريد الالكتروني  إلا انني الاحظ ان الهاتف المكتبي المباشر واجهزة الفاكس  مازالت تستخدم في الادارات المختلفة. إلغاء الهاتف والفاكس  سيوفر مبالغ سنويلة طائلة على خزينة الدولة.,,على الرغم من التحول الوطني الكامل للتعاملات الالكترونية  اي ان المراسلات اصبحت تتم عن طريق البريد الالكتروني  إلا انني الاحظ ان الهاتف المكتبي المباشر واجهزة الفاكس  مازالت تستخدم في الادارات المختلفة. إلغاء الهاتف والفاكس  سيوفر مبالغ سنويلة طائلة على خزينة الدولة.,Digital Transformation,1.0,1.0,0.7546,2020-09-14 09:13:33+00:00,14/09/2020,1,2,0.0014419556,0.00043153763,0.9980469,1,0.9980469,0.0147277325649934,None,Favor
1328,مستحيل نستغنى عن وسائل التواصل الإجتماعي مهما كان وخصوصا ونحن  في عصر التحول الإلكتروني في كل المجالات ولكن نستطيع نقنن استخدامها حتى لو قفل الجوال لفترة أو لساعات محددة من اليوم 😎😎😎😎 #برنامج_جونا_غير,Digital Transformation,مستحيل نستغنى عن وسائل التواصل الإجتماعي مهما كان وخصوصا ونحن  في عصر التحول الإلكتروني في كل المجالات ولكن نستطيع نقنن استخدامها حتى لو قفل الجوال لفترة أو لساعات محددة من اليوم 😎😎😎😎 #برنامج_جونا_غير,Digital Transformation,,1,Neutral,1,No,0,,,Not clear,Target: Digital Transformation Text: مستحيل نستغنى عن وسائل التواصل الإجتماعي مهما كان وخصوصا ونحن  في عصر التحول الإلكتروني في كل المجالات ولكن نستطيع نقنن استخدامها حتى لو قفل الجوال لفترة أو لساعات محددة من اليوم 😎😎😎😎 #برنامج_جونا_غير,,مستحيل نستغنى عن وسائل التواصل الإجتماعي مهما كان وخصوصا ونحن  في عصر التحول الإلكتروني في كل المجالات ولكن نستطيع نقنن استخدامها حتى لو قفل الجوال لفترة أو لساعات محددة من اليوم 😎😎😎😎 #برنامج_جونا_غير,Digital Transformation,0.6271,1.0,1.0,2021-10-06 10:42:09+00:00,06/10/2021,1,2,0.014671326,0.003282547,0.9819336,1,0.9819336,0.0986158311596786,None,Favor
1603,قلتا تمكين المرأة بس مب كذا عاد URL,Women empowerment,قلتا تمكين المرأة بس مب كذا عاد URL,Women empowerment,Against,0,Negative,0,No,0,,A_Explicit,,Target: Women empowerment Text: قلتا تمكين المرأة بس مب كذا عاد URL,,قلتا تمكين المرأة بس مب كذا عاد URL,Women empowerment,0.593,0.8116,0.8234,2022-05-07 22:26:49+00:00,07/05/2022,0,1,0.002456665,0.85253906,0.1451416,1,0.85253906,0.4309027517148681,Against,None
1759,MENTION صح عليك المرأة المُمكنه المستقبلة الموظفة وش يخليها تصبر على العنف والضرب والتعدد والخيانة والولاية ووو ؟؟  مافيه سبب عشان كذا مو عاجبك تمكين المرأة لأنه يسحب منك امتيازتك ويرجعك لحجمك الحقيقي   وصدقني يا مازن راح تبكي اكثر واكثر بالمستقبل 😂😂,Women empowerment,MENTION صح عليك المرأة المُمكنه المستقبلة الموظفة وش يخليها تصبر على العنف والضرب والتعدد والخيانة والولاية ووو ؟؟  مافيه سبب عشان كذا مو عاجبك تمكين المرأة لأنه يسحب منك امتيازتك ويرجعك لحجمك الحقيقي   وصدقني يا مازن راح تبكي اكثر واكثر بالمستقبل 😂😂,Women empowerment,Against,0,Negative,0,No,0,,A_Explicit,,Target: Women empowerment Text: MENTION صح عليك المرأة المُمكنه المستقبلة الموظفة وش يخليها تصبر على العنف والضرب والتعدد والخيانة والولاية ووو ؟؟  مافيه سبب عشان كذا مو عاجبك تمكين المرأة لأنه يسحب منك امتيازتك ويرجعك لحجمك الحقيقي   وصدقني يا مازن راح تبكي اكثر واكثر بالمستقبل 😂😂,,MENTION صح عليك المرأة المُمكنه المستقبلة الموظفة وش يخليها تصبر على العنف والضرب والتعدد والخيانة والولاية ووو ؟؟  مافيه سبب عشان كذا مو عاجبك تمكين المرأة لأنه يسحب منك امتيازتك ويرجعك لحجمك الحقيقي   وصدقني يا مازن راح تبكي اكثر واكثر بالمستقبل 😂😂,Women empowerment,0.597,0.5653,0.5968,2022-02-10 03:03:20+00:00,10/02/2022,0,2,0.073913574,0.0005912781,0.92529297,1,0.92529297,0.2687737752079571,Against,Favor
3726,#لا_للتطعيم_الاجباري #لقاح_كورونا #السفر_الدولي لم نعهد في يوم من الأيام على مستوى العالم أن مُنع انسان من السفر بسبب عدم رغبته في تطعيم أو دواء  أو لقاح من يُمنع من السفر يكون بحكم قضائي أو بقرار وزاري من جهة مخوّلة بذلك والأغلب ممن يتم منعهم مُدانون بقضايا أو مُطالبون   فقط,Covid Vaccine,#لا_للتطعيم_الاجباري #لقاح_كورونا #السفر_الدولي لم نعهد في يوم من الأيام على مستوى العالم أن مُنع انسان من السفر بسبب عدم رغبته في تطعيم أو دواء  أو لقاح من يُمنع من السفر يكون بحكم قضائي أو بقرار وزاري من جهة مخوّلة بذلك والأغلب ممن يتم منعهم مُدانون بقضايا أو مُطالبون   فقط,Covid Vaccine,Against,0,Neutral,1,No,0,,A_Explicit,,Target: Covid Vaccine Text: #لا_للتطعيم_الاجباري #لقاح_كورونا #السفر_الدولي لم نعهد في يوم من الأيام على مستوى العالم أن مُنع انسان من السفر بسبب عدم رغبته في تطعيم أو دواء  أو لقاح من يُمنع من السفر يكون بحكم قضائي أو بقرار وزاري من جهة مخوّلة بذلك والأغلب ممن يتم منعهم مُدانون بقضايا أو مُطالبون   فقط,,#لا_للتطعيم_الاجباري #لقاح_كورونا #السفر_الدولي لم نعهد في يوم من الأيام على مستوى العالم أن مُنع انسان من السفر بسبب عدم رغبته في تطعيم أو دواء  أو لقاح من يُمنع من السفر يكون بحكم قضائي أو بقرار وزاري من جهة مخوّلة بذلك والأغلب ممن يتم منعهم مُدانون بقضايا أو مُطالبون   فقط,Covid Vaccine,1.0,1.0,0.6259,2021-05-10 19:08:58+00:00,10/05/2021,0,1,0.008522034,0.9863281,0.0050697327,1,0.9863281,0.0809771930070288,Against,None
347, تطعيم الورم الحليمي وليس كورونا,Covid Vaccine,تطعيم الورم الحليمي وليس كورونا,Covid Vaccine,Against,0,Neutral,1,No,0,,A_Explicit,,Target: Covid Vaccine Text: تطعيم الورم الحليمي وليس كورونا,, تطعيم الورم الحليمي وليس كورونا,Covid Vaccine,0.7494,1.0,0.7689,2022-04-04 05:22:39+00:00,04/04/2022,0,1,0.0046691895,0.99365234,0.0015087128,1,0.99365234,0.0411872862861695,Against,None
1131,#كرونا اما التحول لنظام الدفع الالكتروني هو بداية الاستغناء الكامل عن النقود الورقيه لتصبح النقود مجرد ارقام في الفضاء السحابي وهو ما يمهد لنشر الشريحة الالكترونيه التي بداء بالفعل حقن بعض الناس بهاحتي يمكن محو اي انسان بالكامل من النظام بضغطه زر فتصبح بلا هويه ولا اموال,Digital Transformation,#كرونا اما التحول لنظام الدفع الالكتروني هو بداية الاستغناء الكامل عن النقود الورقيه لتصبح النقود مجرد ارقام في الفضاء السحابي وهو ما يمهد لنشر الشريحة الالكترونيه التي بداء بالفعل حقن بعض الناس بهاحتي يمكن محو اي انسان بالكامل من النظام بضغطه زر فتصبح بلا هويه ولا اموال,Digital Transformation,Against,0,Negative,0,No,0,,A_Explicit,,Target: Digital Transformation Text: #كرونا اما التحول لنظام الدفع الالكتروني هو بداية الاستغناء الكامل عن النقود الورقيه لتصبح النقود مجرد ارقام في الفضاء السحابي وهو ما يمهد لنشر الشريحة الالكترونيه التي بداء بالفعل حقن بعض الناس بهاحتي يمكن محو اي انسان بالكامل من النظام بضغطه زر فتصبح بلا هويه ولا اموال,,#كرونا اما التحول لنظام الدفع الالكتروني هو بداية الاستغناء الكامل عن النقود الورقيه لتصبح النقود مجرد ارقام في الفضاء السحابي وهو ما يمهد لنشر الشريحة الالكترونيه التي بداء بالفعل حقن بعض الناس بهاحتي يمكن محو اي انسان بالكامل من النظام بضغطه زر فتصبح بلا هويه ولا اموال,Digital Transformation,1.0,1.0,1.0,2020-04-24 00:49:35+00:00,24/04/2020,0,2,0.005104065,0.0038166046,0.99121094,1,0.99121094,0.0569404968025413,Against,Favor
1008,مستحيل نستغنى عن وسائل التواصل الإجتماعي مهما كان وخصوصا ونحن  في عصر التحول الإلكتروني في كل المجالات ولكن نستطيع نقنن استخدامها حتى لو قفل الجوال لفترة أو لساعات محددة من اليوم 😎😎😎😎 #برنامج_جونا_غير,Digital Transformation,مستحيل نستغني عن وسائل التواصل الاجتماعي مهما كان وخصوصا ونحن في عصر التحول الالكتروني في كل المجالات ولكن نستطيع نقنن استخدامها حتي لو قفل الجوال لفترة او لساعات محددة من اليوم 😎😎 #برنامج جونا غير,Digital Transformation,,1,Neutral,1,No,0,,,Not clear,Target: Digital Transformation Text: مستحيل نستغني عن وسائل التواصل الاجتماعي مهما كان وخصوصا ونحن في عصر التحول الالكتروني في كل المجالات ولكن نستطيع نقنن استخدامها حتي لو قفل الجوال لفترة او لساعات محددة من اليوم 😎😎 #برنامج جونا غير,,,,,,,,,1,2,0.0014753342,0.002035141,0.99658203,1,0.99658203,0.0256417908270487,None,Favor
1227,على الرغم من التحول الوطني الكامل للتعاملات الالكترونية  اي ان المراسلات اصبحت تتم عن طريق البريد الالكتروني  إلا انني الاحظ ان الهاتف المكتبي المباشر واجهزة الفاكس  مازالت تستخدم في الادارات المختلفة. إلغاء الهاتف والفاكس  سيوفر مبالغ سنويلة طائلة على خزينة الدولة.,Digital Transformation,علي الرغم من التحول الوطني الكامل للتعاملات الالكترونية اي ان المراسلات اصبحت تتم عن طريق البريد الالكتروني الا انني الاحظ ان الهاتف المكتبي المباشر واجهزة الفاكس مازالت تستخدم في الادارات المختلفة. الغاء الهاتف والفاكس سيوفر مبالغ سنويلة طائلة علي خزينة الدولة.,Digital Transformation,,1,Neutral,1,No,0,,,Not clear,Target: Digital Transformation Text: علي الرغم من التحول الوطني الكامل للتعاملات الالكترونية اي ان المراسلات اصبحت تتم عن طريق البريد الالكتروني الا انني الاحظ ان الهاتف المكتبي المباشر واجهزة الفاكس مازالت تستخدم في الادارات المختلفة. الغاء الهاتف والفاكس سيوفر مبالغ سنويلة طائلة علي خزينة الدولة.,,,,,,,,,1,2,0.0009069443,0.0004310608,0.99853516,1,0.99853516,0.0111577037907732,None,Favor
1759,MENTION صح عليك المرأة المُمكنه المستقبلة الموظفة وش يخليها تصبر على العنف والضرب والتعدد والخيانة والولاية ووو ؟؟  مافيه سبب عشان كذا مو عاجبك تمكين المرأة لأنه يسحب منك امتيازتك ويرجعك لحجمك الحقيقي   وصدقني يا مازن راح تبكي اكثر واكثر بالمستقبل 😂😂,Women empowerment,مستخدم صح عليك المراة المُمكنه المستقبلة الموظفة وش يخليها تصبر علي العنف والضرب والتعدد والخيانة والولاية وو ؟؟ مافيه سبب عشان كذا مو عاجبك تمكين المراة لانه يسحب منك امتيازتك ويرجعك لحجمك الحقيقي وصدقني يا مازن راح تبكي اكثر واكثر بالمستقبل 😂😂,Women empowerment,Against,0,Negative,0,No,0,,A_Explicit,,Target: Women empowerment Text: مستخدم صح عليك المراة المُمكنه المستقبلة الموظفة وش يخليها تصبر علي العنف والضرب والتعدد والخيانة والولاية وو ؟؟ مافيه سبب عشان كذا مو عاجبك تمكين المراة لانه يسحب منك امتيازتك ويرجعك لحجمك الحقيقي وصدقني يا مازن راح تبكي اكثر واكثر بالمستقبل 😂😂,,,,,,,,,0,2,0.008712769,0.0004210472,0.99072266,1,0.99072266,0.0538312368680163,Against,Favor
9, ههههههههههههههه ماعليك زمن تمكين المرأة ماراح يسوون لك شي 😂,Women empowerment,هه ماعليك زمن تمكين المراة ماراح يسوون لك شي 😂,Women empowerment,,1,Neutral,1,Yes,1,,,Not clear,Target: Women empowerment Text: هه ماعليك زمن تمكين المراة ماراح يسوون لك شي 😂,,,,,,,,,1,0,0.9897461,0.00060606,0.009429932,2,0.9897461,0.0586711057389213,None,Against
19,كفل النظام الاساسي حق التقاضي لكافة من يعيش على هذه الارض الطيبة. وعلى نهج التحول الالكتروني في السلطنة تم إطلاق منصة الكترونية خاصة بالمحاكم بغرض تسهيل اجراءات التقاضي. ولكن ننصدم بالصعوبات اليومية المتكررة في المنصة  فأصبح هذا النظام الالكتروني عائقا يحول دون هذا الحق الدستوري.,Digital Transformation,كفل النظام الاساسي حق التقاضي لكافة من يعيش علي هذه الارض الطيبة. وعلي نهج التحول الالكتروني في السلطنة تم اطلاق منصة الكترونية خاصة بالمحاكم بغرض تسهيل اجراءات التقاضي. ولكن ننصدم بالصعوبات اليومية المتكررة في المنصة فاصبح هذا النظام الالكتروني عائقا يحول دون هذا الحق الدستوري.,Digital Transformation,Against,0,Negative,0,No,0,,A_Explicit,,Target: Digital Transformation Text: كفل النظام الاساسي حق التقاضي لكافة من يعيش علي هذه الارض الطيبة. وعلي نهج التحول الالكتروني في السلطنة تم اطلاق منصة الكترونية خاصة بالمحاكم بغرض تسهيل اجراءات التقاضي. ولكن ننصدم بالصعوبات اليومية المتكررة في المنصة فاصبح هذا النظام الالكتروني عائقا يحول دون هذا الحق الدستوري.,,,,,,,,,0,2,0.00046539307,0.0022468567,0.9970703,2,0.9970703,0.0201980255650106,Against,Favor
22, وين تمكين المرأة؟,Women empowerment,وين تمكين المراة؟,Women empowerment,,1,Negative,0,No,0,,,Not clear,Target: Women empowerment Text: وين تمكين المراة؟,,,,,,,,,1,2,0.009590149,0.10131836,0.88916016,2,0.88916016,0.3809894064917441,None,Favor
26,    كلامك غير صحيح   وهناك أجانب يستلمون ٥٠ و ١٠٠ ألف في الشهر ! وهذا تخصصه مطلوب ومهم في القطاع العام والخاص خصوصاً مع التحول للتعامل الالكتروني  أنا أتعجب اذا هذا ما لقى وظيفة أجل وشلون حال أصحاب أهل الاخصصات النظر,Digital Transformation,كلامك غير صحيح وهناك اجانب يستلمون ٥٠ و ١٠٠ الف في الشهر ! وهذا تخصصه مطلوب ومهم في القطاع العام والخاص خصوصاً مع التحول للتعامل الالكتروني انا اتعجب اذا هذا ما لقي وظيفة اجل وشلون حال اصحاب اهل الاخصصات النظر,Digital Transformation,,1,Neutral,1,No,0,,,Not clear,Target: Digital Transformation Text: كلامك غير صحيح وهناك اجانب يستلمون ٥٠ و ١٠٠ الف في الشهر ! وهذا تخصصه مطلوب ومهم في القطاع العام والخاص خصوصاً مع التحول للتعامل الالكتروني انا اتعجب اذا هذا ما لقي وظيفة اجل وشلون حال اصحاب اهل الاخصصات النظر,,,,,,,,,1,2,0.0009498596,0.0009765625,0.9980469,2,0.9980469,0.0153304663733271,None,Favor
54,يا قلبي على تمكين المرأة.. بكى والله 💔💔💔 URL,Women empowerment,يا قلبي علي تمكين المراة.. بكي والله 💔💔,Women empowerment,Favor,2,Positive,2,No,0,F_Explicit,,,Target: Women empowerment Text: يا قلبي علي تمكين المراة.. بكي والله 💔💔,,,,,,,,,2,0,0.9951172,0.00054597855,0.0041542053,2,0.9951172,0.0317529007576297,Favor,Against
57,كما بدأت جامعة طرابلس شراكة مع منصة Coursera  وأطلقت كلية تقنية المعلومات منصة إلكترونية لطلبتها.   لكن تظل مشاكل الكهرباء والإنترنت من أبرز التحديات التي تواجه التحول لهذا الاتجاه!  - شاركنا برأيك حول مستقبل التعليم الإلكتروني في ليبيا.,Digital Transformation,كما بدات جامعة طرابلس شراكة مع منصة Coursera واطلقت كلية تقنية المعلومات منصة الكترونية لطلبتها. لكن تظل مشاكل الكهرباء والانترنت من ابرز التحديات التي تواجه التحول لهذا الاتجاه! - شاركنا برايك حول مستقبل التعليم الالكتروني في ليبيا.,Digital Transformation,,1,Neutral,1,No,0,,,Not clear,Target: Digital Transformation Text: كما بدات جامعة طرابلس شراكة مع منصة Coursera واطلقت كلية تقنية المعلومات منصة الكترونية لطلبتها. لكن تظل مشاكل الكهرباء والانترنت من ابرز التحديات التي تواجه التحول لهذا الاتجاه! - شاركنا برايك حول مستقبل التعليم الالكتروني في ليبيا.,,,,,,,,,1,2,0.0009007454,0.019073486,0.97998047,2,0.97998047,0.1016547045284321,None,Favor
92,رسميًا صرت ملكة حجوزات تطعيم كورونا اتوقع باقي القطوه الي بالشارع م حجزت لها ههه,Covid Vaccine,رسميًا صرت ملكة حجوزات تطعيم كورونا اتوقع باقي القطوه الي بالشارع م حجزت لها هه,Covid Vaccine,Favor,2,Neutral,1,Yes,1,F_Explicit,,,Target: Covid Vaccine Text: رسميًا صرت ملكة حجوزات تطعيم كورونا اتوقع باقي القطوه الي بالشارع م حجزت لها هه,,,,,,,,,2,1,0.0075683594,0.875,0.11755371,2,0.875,0.4054681918784761,Favor,None
94,"أول دولة خليجية تلغي كافة إجراءات كورونا.. لا كمامة لا تطعيم لا ""بي سي آر"" URL #جريدة_الرؤية #سلطنة_عمان",Covid Vaccine,"اول دولة خليجية تلغي كافة اجراءات كورونا.. لا كمامة لا تطعيم لا ""بي سي ار"" #جريدة الرؤية #سلطنة عمان",Covid Vaccine,,1,Neutral,1,No,0,,,Not clear,"Target: Covid Vaccine Text: اول دولة خليجية تلغي كافة اجراءات كورونا.. لا كمامة لا تطعيم لا ""بي سي ار"" #جريدة الرؤية #سلطنة عمان",,,,,,,,,1,2,0.000849247,0.083984375,0.91503906,2,0.91503906,0.2952898849937623,None,Favor
159, في ليبيا في خوف كبير من التحول الالكتروني حتى مع جائحة كورونا في ممانعه كبيرة في التحول للتعليم الالكتروني يمكن الاجيال السابقه فاتها القطار ولهذا متبيش تنحط ع الرف,Digital Transformation,في ليبيا في خوف كبير من التحول الالكتروني حتي مع جائحة كورونا في ممانعه كبيرة في التحول للتعليم الالكتروني يمكن الاجيال السابقه فاتها القطار ولهذا متبيش تنحط ع الرف,Digital Transformation,Against,0,Negative,0,No,0,,A_Explicit,,Target: Digital Transformation Text: في ليبيا في خوف كبير من التحول الالكتروني حتي مع جائحة كورونا في ممانعه كبيرة في التحول للتعليم الالكتروني يمكن الاجيال السابقه فاتها القطار ولهذا متبيش تنحط ع الرف,,,,,,,,,0,2,0.020187378,0.0003349781,0.9794922,2,0.9794922,0.1017616057476857,Against,Favor
197,ياليت مع تمكين المراه يحطون الدوره عذر مقبول خصوصا اول يوم بس  ياخي ارحم من ربي مافي اذا الصلاه اسقطت عننا وقت الدوره يتسلطون علي عبيد الله ليش,Women empowerment,ياليت مع تمكين المراه يحطون الدوره عذر مقبول خصوصا اول يوم بس ياخي ارحم من ربي مافي اذا الصلاه اسقطت عننا وقت الدوره يتسلطون علي عبيد الله ليش,Women empowerment,Favor,2,Negative,0,No,0,F_Explicit,,,Target: Women empowerment Text: ياليت مع تمكين المراه يحطون الدوره عذر مقبول خصوصا اول يوم بس ياخي ارحم من ربي مافي اذا الصلاه اسقطت عننا وقت الدوره يتسلطون علي عبيد الله ليش,,,,,,,,,2,0,0.99609375,0.00041031837,0.0034980774,2,0.99609375,0.0268820329991014,Favor,Against
244, فهمو التحول الالكتروني للدوله خطأ 😂😂,Digital Transformation,فهمو التحول الالكتروني للدوله خطا 😂😂,Digital Transformation,,1,Neutral,1,No,0,,,Not clear,Target: Digital Transformation Text: فهمو التحول الالكتروني للدوله خطا 😂😂,,,,,,,,,1,2,0.004837036,0.08416748,0.9111328,2,0.9111328,0.3188945025916161,None,Favor
264,"MENTION MENTION جاري البحث عن العلاقة بين الآية "" لاإكراه في الدين "" وإجبارية تطعيم لقاح كورونا .🤔⁉️🤔 URL",Covid Vaccine,"مستخدم مستخدم جاري البحث عن العلاقة بين الاية "" لااكراه في الدين "" واجبارية تطعيم لقاح كورونا .🤔⁉️🤔",Covid Vaccine,Against,0,Neutral,1,No,0,,A_Explicit,,"Target: Covid Vaccine Text: مستخدم مستخدم جاري البحث عن العلاقة بين الاية "" لااكراه في الدين "" واجبارية تطعيم لقاح كورونا .🤔⁉️🤔",,,,,,,,,0,1,0.19689941,0.7915039,0.01146698,2,0.7915039,0.5562813413810599,Against,None
305,تعلن مبادرة العطاء الرقمي (المدعومة من وزارة الاتصالات وتقنية المعلومات) عن طرح (17) دورة مجانية عن بعد (للرجال والنساء والأطفال) خلال الاسبوع الحالي والقادم  في مجالات تشمل (الأمن السيبراني  التحول الرقمي  التنمر الإلكتروني  URL URL,Digital Transformation,تعلن مبادرة العطاء الرقمي (المدعومة من وزارة الاتصالات وتقنية المعلومات) عن طرح (17) دورة مجانية عن بعد (للرجال والنساء والاطفال) خلال الاسبوع الحالي والقادم في مجالات تشمل (الامن السيبراني التحول الرقمي التنمر الالكتروني,Digital Transformation,Favor,2,Neutral,1,No,0,F_Explicit,,,Target: Digital Transformation Text: تعلن مبادرة العطاء الرقمي (المدعومة من وزارة الاتصالات وتقنية المعلومات) عن طرح (17) دورة مجانية عن بعد (للرجال والنساء والاطفال) خلال الاسبوع الحالي والقادم في مجالات تشمل (الامن السيبراني التحول الرقمي التنمر الالكتروني,,,,,,,,,2,1,0.0059890747,0.7001953,0.29370117,2,0.7001953,0.6400382466793357,Favor,None
329, ماتحتاج شي بس شهاده تطعيم كورونا ثلاث جرعات بس,Covid Vaccine,ماتحتاج شي بس شهاده تطعيم كورونا ثلاث جرعات بس,Covid Vaccine,,1,Neutral,1,No,0,,,Not clear,Target: Covid Vaccine Text: ماتحتاج شي بس شهاده تطعيم كورونا ثلاث جرعات بس,,,,,,,,,1,2,0.0016031265,0.035308838,0.9628906,2,0.9628906,0.1647889747722558,None,Favor
390, الاستقلالية الماليه +التشريعات الجديدة بخصوص تمكين المرأة وإعطائها حقوقها بحد زعمهم+طبعا عقول المجتمعات السخيفه بتأثرهم بما يعيشونه المشاهير  الناس يعيشون عيشه ماهي عيشتهم  اللي على قده اصبح ياكل من مطعم بلحاله وفاتورته ٧٠ ريال لانه تأثر بالمشهو,Women empowerment,الاستقلالية الماليه +التشريعات الجديدة بخصوص تمكين المراة واعطائها حقوقها بحد زعمهم+طبعا عقول المجتمعات السخيفه بتاثرهم بما يعيشونه المشاهير الناس يعيشون عيشه ماهي عيشتهم اللي علي قده اصبح ياكل من مطعم بلحاله وفاتورته ٧٠ ريال لانه تاثر بالمشهو,Women empowerment,Favor,2,Negative,0,No,0,F_Explicit,,,Target: Women empowerment Text: الاستقلالية الماليه +التشريعات الجديدة بخصوص تمكين المراة واعطائها حقوقها بحد زعمهم+طبعا عقول المجتمعات السخيفه بتاثرهم بما يعيشونه المشاهير الناس يعيشون عيشه ماهي عيشتهم اللي علي قده اصبح ياكل من مطعم بلحاله وفاتورته ٧٠ ريال لانه تاثر بالمشهو,,,,,,,,,2,0,0.95410156,0.008270264,0.03781128,2,0.95410156,0.2083227922936545,Favor,Against
396,معلومه مش مهمه خالص بس النهارده اخدت اول جرعه تطعيم كورونا,Covid Vaccine,معلومه مش مهمه خالص بس النهارده اخدت اول جرعه تطعيم كورونا,Covid Vaccine,,1,Neutral,1,No,0,,,Not clear,Target: Covid Vaccine Text: معلومه مش مهمه خالص بس النهارده اخدت اول جرعه تطعيم كورونا,,,,,,,,,1,2,0.0004386902,0.00082445145,0.99853516,2,0.99853516,0.0107098536200801,None,Favor
438,بحضور رئيس المجلس الإشرافي لمركز جمعية البر بالجبيل #الأحساء أ.حسين اليحيى ومدير المركز أ.حبيب العيسى ومدراء الأقسام في المركز تم التعريف ب #نظام_رافد_الإلكتروني وأهمية #التحول_الرقمي في العمل الخيري ضمن مبادرة تشجيع الجمعيات الخيرية على #رقمنة_العمل_الخيري ل  URL,Digital Transformation,بحضور رئيس المجلس الاشرافي لمركز جمعية البر بالجبيل #الاحساء ا.حسين اليحيي ومدير المركز ا.حبيب العيسي ومدراء الاقسام في المركز تم التعريف ب #نظام رافد الالكتروني واهمية #التحول الرقمي في العمل الخيري ضمن مبادرة تشجيع الجمعيات الخيرية علي #رقمنة العمل الخيري ل,Digital Transformation,,1,Neutral,1,No,0,,,Not clear,Target: Digital Transformation Text: بحضور رئيس المجلس الاشرافي لمركز جمعية البر بالجبيل #الاحساء ا.حسين اليحيي ومدير المركز ا.حبيب العيسي ومدراء الاقسام في المركز تم التعريف ب #نظام رافد الالكتروني واهمية #التحول الرقمي في العمل الخيري ضمن مبادرة تشجيع الجمعيات الخيرية علي #رقمنة العمل الخيري ل,,,,,,,,,1,2,0.0005197525,0.0010852814,0.99853516,2,0.99853516,0.0128022566686665,None,Favor
450,بحسب تقرير من فورتسر  يتوقع المدراء التنفيذيين في الشركات الكبرى أن تكون حوالي نصف أرباحهم من الجانب الرقمي من شركاتهم. التحول الرقمي أصبح ضرورياً للتماشي مع التكنولوجيا. الموظفون والعملاء يعيشون في عالم رقمي متسارع و يطبقون معظم ما يخص التحول الرقمي. URL,Digital Transformation,بحسب تقرير من فورتسر يتوقع المدراء التنفيذيين في الشركات الكبري ان تكون حوالي نصف ارباحهم من الجانب الرقمي من شركاتهم. التحول الرقمي اصبح ضرورياً للتماشي مع التكنولوجيا. الموظفون والعملاء يعيشون في عالم رقمي متسارع و يطبقون معظم ما يخص التحول الرقمي.,Digital Transformation,Against,0,Negative,0,No,0,,A_Explicit,,Target: Digital Transformation Text: بحسب تقرير من فورتسر يتوقع المدراء التنفيذيين في الشركات الكبري ان تكون حوالي نصف ارباحهم من الجانب الرقمي من شركاتهم. التحول الرقمي اصبح ضرورياً للتماشي مع التكنولوجيا. الموظفون والعملاء يعيشون في عالم رقمي متسارع و يطبقون معظم ما يخص التحول الرقمي.,,,,,,,,,0,2,0.0007095337,0.0003681183,0.99902344,2,0.99902344,0.0090315932255021,Against,Favor
456, جميل ولكن في دول مثل الصين لازال عندهم كورونا  كيف يسمح لهم بالقدوم من غير فحص او تطعيم؟,Covid Vaccine,جميل ولكن في دول مثل الصين لازال عندهم كورونا كيف يسمح لهم بالقدوم من غير فحص او تطعيم؟,Covid Vaccine,,1,Neutral,1,No,0,,,Not clear,Target: Covid Vaccine Text: جميل ولكن في دول مثل الصين لازال عندهم كورونا كيف يسمح لهم بالقدوم من غير فحص او تطعيم؟,,,,,,,,,1,0,0.81152344,0.18737793,0.0011711121,2,0.81152344,0.4911732278917948,None,Against
457,#بايدن جرب #تطعيم_كورونا من التالي ,Covid Vaccine,#بايدن جرب #تطعيم كورونا من التالي,Covid Vaccine,Favor,2,Neutral,1,No,0,F_Implicit,,,Target: Covid Vaccine Text: #بايدن جرب #تطعيم كورونا من التالي,,,,,,,,,2,1,0.022583008,0.97509766,0.0023918152,2,0.97509766,0.1246281465574663,Favor,None
482,التحول الرقمي اللي صار في السعودية في خمس سنوات شي مش طبيعي  مدري اصلا وش اللي باقي عندنا ماصار رقمي URL,Digital Transformation,التحول الرقمي اللي صار في السعودية في خمس سنوات شي مش طبيعي مدري اصلا وش اللي باقي عندنا ماصار رقمي,Digital Transformation,,1,Neutral,1,No,0,,,Not Related,Target: Digital Transformation Text: التحول الرقمي اللي صار في السعودية في خمس سنوات شي مش طبيعي مدري اصلا وش اللي باقي عندنا ماصار رقمي,,,,,,,,,1,2,0.0033512115,0.02684021,0.96972656,2,0.96972656,0.1460111242851798,None,Favor
532, على الأقل من ٢٠٠٦ وقت تمكين المرأه هذا لايعني أن الجميع ( لا حشى ) ولكن من خرج للساحه السياسيه فشلن .. هذا واقع,Women empowerment,علي الاقل من ٢٠٠٦ وقت تمكين المراه هذا لايعني ان الجميع ( لا حشي ) ولكن من خرج للساحه السياسيه فشلن .. هذا واقع,Women empowerment,Against,0,Negative,0,No,0,,A_Explicit,,Target: Women empowerment Text: علي الاقل من ٢٠٠٦ وقت تمكين المراه هذا لايعني ان الجميع ( لا حشي ) ولكن من خرج للساحه السياسيه فشلن .. هذا واقع,,,,,,,,,0,2,0.34179688,0.0032577515,0.65478516,2,0.65478516,0.6628559108551405,Against,Favor
633,  قوانين مجنونه متخلفه كلها ظلم و عبودي و إهانه و لا عقلانيه السيس مع #تجديد_الخطاب_الديني  و #رؤية_السعودية_2030 مع #المسوات و #تمكين_المراه وبإذن الله القوانين المتخلفه تصير من التراث,Women empowerment,قوانين مجنونه متخلفه كلها ظلم و عبودي و اهانه و لا عقلانيه السيس مع #تجديد الخطاب الديني و #رؤية السعودية 2030 مع #المسوات و #تمكين المراه وباذن الله القوانين المتخلفه تصير من التراث,Women empowerment,Against,0,Negative,0,No,0,,A_Explicit,,Target: Women empowerment Text: قوانين مجنونه متخلفه كلها ظلم و عبودي و اهانه و لا عقلانيه السيس مع #تجديد الخطاب الديني و #رؤية السعودية 2030 مع #المسوات و #تمكين المراه وباذن الله القوانين المتخلفه تصير من التراث,,,,,,,,,0,2,0.0011329651,0.00020122528,0.99853516,2,0.99853516,0.0108612205049182,Against,Favor
638,  هههه لقد نادينا بضرورة التحول الرقمي ولكن يبدؤ أن هذا الأمر اخر اهتمامنا فالدولة السودانية شلتها النمطية ارحمونا يا قادتنا من فضلكم العالم أصبح رقمي إذا لم يحدث هذا التحول خلال هذا العام فإننا سنجني على الاجيال القادمة بهذا التخ,Digital Transformation,هه لقد نادينا بضرورة التحول الرقمي ولكن يبدؤ ان هذا الامر اخر اهتمامنا فالدولة السودانية شلتها النمطية ارحمونا يا قادتنا من فضلكم العالم اصبح رقمي اذا لم يحدث هذا التحول خلال هذا العام فاننا سنجني علي الاجيال القادمة بهذا التخ,Digital Transformation,Favor,2,Negative,0,No,0,F_Implicit,,,Target: Digital Transformation Text: هه لقد نادينا بضرورة التحول الرقمي ولكن يبدؤ ان هذا الامر اخر اهتمامنا فالدولة السودانية شلتها النمطية ارحمونا يا قادتنا من فضلكم العالم اصبح رقمي اذا لم يحدث هذا التحول خلال هذا العام فاننا سنجني علي الاجيال القادمة بهذا التخ,,,,,,,,,2,0,0.98779297,0.0017910004,0.010353088,2,0.98779297,0.0707787452894259,Favor,Against
641,منتدى الفكر العربي يناقش تمكين المرأة والشباب في الأردن URL  #الأردن #جريدة_الدستور_الاردنية #مصلحتك_في_اللقاح URL,Women empowerment,منتدي الفكر العربي يناقش تمكين المراة والشباب في الاردن #الاردن #جريدة الدستور الاردنية #مصلحتك في اللقاح,Women empowerment,,1,Neutral,1,No,0,,,Not clear,Target: Women empowerment Text: منتدي الفكر العربي يناقش تمكين المراة والشباب في الاردن #الاردن #جريدة الدستور الاردنية #مصلحتك في اللقاح,,,,,,,,,1,2,0.0003836155,0.0003888607,0.99902344,2,0.99902344,0.0070469993301579,None,Favor
646, بركات تمكين المرأة اترحمنا 😂,Women empowerment,بركات تمكين المراة اترحمنا 😂,Women empowerment,Favor,2,Negative,0,Yes,1,F_Explicit,,,Target: Women empowerment Text: بركات تمكين المراة اترحمنا 😂,,,,,,,,,2,0,0.99902344,0.0006070137,0.00036740303,2,0.99902344,0.0083780180675487,Favor,Against
669,هناك فرق بين حملة التطعيم وحملة التوعية بفوائد التطعيم ... التطعيم حق اختياري وأي مساس بحرية الوالدين في أخذ أبنائهم تطعيم كورونا من عدمه سيلحق المسؤوليه بمرتكب الخطأ لذا جرى التنبيه..     URL,Covid Vaccine,هناك فرق بين حملة التطعيم وحملة التوعية بفوائد التطعيم .. التطعيم حق اختياري واي مساس بحرية الوالدين في اخذ ابنائهم تطعيم كورونا من عدمه سيلحق المسؤوليه بمرتكب الخطا لذا جري التنبيه..,Covid Vaccine,,1,Neutral,1,No,0,,,Not clear,Target: Covid Vaccine Text: هناك فرق بين حملة التطعيم وحملة التوعية بفوائد التطعيم .. التطعيم حق اختياري واي مساس بحرية الوالدين في اخذ ابنائهم تطعيم كورونا من عدمه سيلحق المسؤوليه بمرتكب الخطا لذا جري التنبيه..,,,,,,,,,1,2,0.07507324,0.026397705,0.8984375,2,0.8984375,0.3865493374569314,None,Favor
735,14- Gunjan Saxena  بالإصرار والصبر تتحقق الأمنيات  لكن في عصر تمكين المرأة  هل يوجد عائق نحو تحقيق الأهداف؟! URL,Women empowerment,14- Gunjan Saxena بالاصرار والصبر تتحقق الامنيات لكن في عصر تمكين المراة هل يوجد عائق نحو تحقيق الاهداف؟!,Women empowerment,,1,Neutral,1,No,0,,,Not clear,Target: Women empowerment Text: 14- Gunjan Saxena بالاصرار والصبر تتحقق الامنيات لكن في عصر تمكين المراة هل يوجد عائق نحو تحقيق الاهداف؟!,,,,,,,,,1,2,0.00093746185,0.0004632473,0.99853516,2,0.99853516,0.011556529300589,None,Favor
774,اول مره اشوف ادارة تهتم في محاضرات تمكين المرآة اكثر من اهتمامها في النادي ومصلحة الفريق 😂💔 URL,Women empowerment,اول مره اشوف ادارة تهتم في محاضرات تمكين المراة اكثر من اهتمامها في النادي ومصلحة الفريق 😂💔,Women empowerment,,1,Positive,2,No,0,,,Not clear,Target: Women empowerment Text: اول مره اشوف ادارة تهتم في محاضرات تمكين المراة اكثر من اهتمامها في النادي ومصلحة الفريق 😂💔,,,,,,,,,1,0,0.9506836,0.00039362907,0.049102783,2,0.9506836,0.1991538499292288,None,Against
809,دافع عن  حملة تطعيم #كورونا   وتاخذ  ترخيص #مستشفي,Covid Vaccine,دافع عن حملة تطعيم #كورونا وتاخذ ترخيص #مستشفي,Covid Vaccine,,1,Positive,2,Yes,1,,,Not clear,Target: Covid Vaccine Text: دافع عن حملة تطعيم #كورونا وتاخذ ترخيص #مستشفي,,,,,,,,,1,2,0.00039577484,0.00055360794,0.99902344,2,0.99902344,0.0082283820635391,None,Favor
818,وضع الصحوي و هو كل مرة يشوف قرارت الحكومة في تمكين المرأة و الفنون URL,Women empowerment,وضع الصحوي و هو كل مرة يشوف قرارت الحكومة في تمكين المراة و الفنون,Women empowerment,,1,Neutral,1,No,0,,,Not clear,Target: Women empowerment Text: وضع الصحوي و هو كل مرة يشوف قرارت الحكومة في تمكين المراة و الفنون,,,,,,,,,1,2,0.0027313232,0.03604126,0.9614258,2,0.9614258,0.1737117595178983,None,Favor
829,مع التحول الرقمي في معظم المجالات في مؤسسات الدولة و القطاع الخاص تصبح الحاجة ملحه لحماية كل هذه الأنظمة من عبث العابثين من خلال الهجمات الإلكترونية و التي تفوق أضرارها الهجوم التقليدي.    #مركز_الدفاع_الالكتروني URL,Digital Transformation,مع التحول الرقمي في معظم المجالات في مؤسسات الدولة و القطاع الخاص تصبح الحاجة ملحه لحماية كل هذه الانظمة من عبث العابثين من خلال الهجمات الالكترونية و التي تفوق اضرارها الهجوم التقليدي. #مركز الدفاع الالكتروني,Digital Transformation,,1,Positive,2,No,0,,,Not clear,Target: Digital Transformation Text: مع التحول الرقمي في معظم المجالات في مؤسسات الدولة و القطاع الخاص تصبح الحاجة ملحه لحماية كل هذه الانظمة من عبث العابثين من خلال الهجمات الالكترونية و التي تفوق اضرارها الهجوم التقليدي. #مركز الدفاع الالكتروني,,,,,,,,,1,2,0.00048470497,0.00043964386,0.99902344,2,0.99902344,0.0080735841246242,None,Favor
878,والله التخبط الالكتروني في عصر التحول الرقمي URL,Digital Transformation,والله التخبط الالكتروني في عصر التحول الرقمي,Digital Transformation,Against,0,Negative,0,No,0,,A_Explicit,,Target: Digital Transformation Text: والله التخبط الالكتروني في عصر التحول الرقمي,,,,,,,,,0,1,0.017868042,0.9145508,0.06738281,2,0.9145508,0.3353600539611763,Against,None
889,270 مليون نسمة حول العالم على شفا مجاعة من قلة الطعام  الناس مو لاقين ياكلون و نحن نريد أن ندفع المليارات لنشتري #تطعيم أو #لقاح لمرض نسبة الشفاء منه تصل إلى 90%  تذكرت قول علي بن أبي طالب : سوء التدبير مفتاح الفقر و يقول أيضا :  لا غنى مع سوء تدبير  #اليوم_العالمي_لحقوق_الانسان ,Covid Vaccine,270 مليون نسمة حول العالم علي شفا مجاعة من قلة الطعام الناس مو لاقين ياكلون و نحن نريد ان ندفع المليارات لنشتري #تطعيم او #لقاح لمرض نسبة الشفاء منه تصل الي 90% تذكرت قول علي بن ابي طالب : سوء التدبير مفتاح الفقر و يقول ايضا : لا غني مع سوء تدبير #اليوم العالمي لحقوق الانسان,Covid Vaccine,Against,0,Negative,0,No,0,,,,Target: Covid Vaccine Text: 270 مليون نسمة حول العالم علي شفا مجاعة من قلة الطعام الناس مو لاقين ياكلون و نحن نريد ان ندفع المليارات لنشتري #تطعيم او #لقاح لمرض نسبة الشفاء منه تصل الي 90% تذكرت قول علي بن ابي طالب : سوء التدبير مفتاح الفقر و يقول ايضا : لا غني مع سوء تدبير #اليوم العالمي لحقوق الانسان,,,,,,,,,0,1,0.018630981,0.98046875,0.0011081696,2,0.98046875,0.1010862884953657,Against,None
979, زمن تمكين المرأه صارو فولاذ لم يعودو قوارير الله يخلف على الرجال,Women empowerment,زمن تمكين المراه صارو فولاذ لم يعودو قوارير الله يخلف علي الرجال,Women empowerment,Favor,2,Negative,0,Yes,1,F_Explicit,,,Target: Women empowerment Text: زمن تمكين المراه صارو فولاذ لم يعودو قوارير الله يخلف علي الرجال,,,,,,,,,2,0,0.97265625,0.0070610046,0.02015686,2,0.97265625,0.1406374230446178,Favor,Against
1036, فاهم الرجولة غلط فاهم الزواج غلط يعيش حالة انكسار بعد #تمكين_المرأة,Women empowerment,فاهم الرجولة غلط فاهم الزواج غلط يعيش حالة انكسار بعد #تمكين المراة,Women empowerment,,1,Negative,0,No,0,,,Not clear,Target: Women empowerment Text: فاهم الرجولة غلط فاهم الزواج غلط يعيش حالة انكسار بعد #تمكين المراة,,,,,,,,,1,0,0.9975586,0.00027751923,0.001991272,2,0.9975586,0.0170948785047969,None,Against
1038, انتقاخ الغدد ممكن يكون بسبب تطعيم كورونا كثير صاربهم وخذا فتره شهر حوله اكثر واختفى لحاله,Covid Vaccine,انتقاخ الغدد ممكن يكون بسبب تطعيم كورونا كثير صاربهم وخذا فتره شهر حوله اكثر واختفي لحاله,Covid Vaccine,Against,0,Negative,0,No,0,,A_Explicit,,Target: Covid Vaccine Text: انتقاخ الغدد ممكن يكون بسبب تطعيم كورونا كثير صاربهم وخذا فتره شهر حوله اكثر واختفي لحاله,,,,,,,,,0,1,0.06652832,0.92871094,0.0045433044,2,0.92871094,0.2734926373429086,Against,None
1049,تضمن المهرجان ايضاً كلمتين مقدمة من قبل منسقة المركز ومن مسؤولة قسم تمكين المرأة  وكذلك فقرات موسيقية ترفيهية كالعزف على العود وعرض من قبل فرقة جمار.,Women empowerment,تضمن المهرجان ايضاً كلمتين مقدمة من قبل منسقة المركز ومن مسؤولة قسم تمكين المراة وكذلك فقرات موسيقية ترفيهية كالعزف علي العود وعرض من قبل فرقة جمار.,Women empowerment,,1,Neutral,1,No,0,,,Not clear,Target: Women empowerment Text: تضمن المهرجان ايضاً كلمتين مقدمة من قبل منسقة المركز ومن مسؤولة قسم تمكين المراة وكذلك فقرات موسيقية ترفيهية كالعزف علي العود وعرض من قبل فرقة جمار.,,,,,,,,,1,2,0.0019216537,0.014282227,0.9838867,2,0.9838867,0.0886833541206113,None,Favor
1176,المواد 136 137و 138 من قانون المالية جاءت لتقضي على أي أمل في التحول التقني في الجزائر.  فأنا شخصيا كمطور برمجيات أنظمة مدمجة سأضطر إلى دفع أضعاف التكاليف لأجل اقتناء شرائح التطويروالمكونات الإلكترونية. #خليني_نشري,Digital Transformation,المواد 136 137و 138 من قانون المالية جاءت لتقضي علي اي امل في التحول التقني في الجزائر. فانا شخصيا كمطور برمجيات انظمة مدمجة ساضطر الي دفع اضعاف التكاليف لاجل اقتناء شرائح التطويروالمكونات الالكترونية. #خليني نشري,Digital Transformation,Favor,2,Positive,2,No,0,F_Explicit,,,Target: Digital Transformation Text: المواد 136 137و 138 من قانون المالية جاءت لتقضي علي اي امل في التحول التقني في الجزائر. فانا شخصيا كمطور برمجيات انظمة مدمجة ساضطر الي دفع اضعاف التكاليف لاجل اقتناء شرائح التطويروالمكونات الالكترونية. #خليني نشري,,,,,,,,,2,0,0.99658203,0.0005555153,0.002840042,2,0.99658203,0.0242298763265546,Favor,Against
1212,بين ايديكم استبان لبحث بعنوان (مدى الوعي الاجتماعي بقيمة عمل المرأة وعلاقته بواقع تمكين المرأة في ظل أهداف التنمية المستدامة. شاركوا ولكم الأجر                                                                                                               URL,Women empowerment,بين ايديكم استبان لبحث بعنوان (مدي الوعي الاجتماعي بقيمة عمل المراة وعلاقته بواقع تمكين المراة في ظل اهداف التنمية المستدامة. شاركوا ولكم الاجر,Women empowerment,,1,Neutral,1,No,0,,,Not clear,Target: Women empowerment Text: بين ايديكم استبان لبحث بعنوان (مدي الوعي الاجتماعي بقيمة عمل المراة وعلاقته بواقع تمكين المراة في ظل اهداف التنمية المستدامة. شاركوا ولكم الاجر,,,,,,,,,1,2,0.0009355545,0.0005288124,0.99853516,2,0.99853516,0.0119784953337046,None,Favor
1224,اليوم تم إستضافة أ.أحمد عماش و أ.عبدالله الجهني بمقر الجمعية وحوار ثري تم فيه شرح اهداف الجمعية ودورها في المجتمع وسعيها الحثيث في توطيد الاستقرار والأمان الاسري بالمنطقة وبحث سُبل #تمكين المرأه بالمجتمع✨ URL,Women empowerment,اليوم تم استضافة ا.احمد عماش و ا.عبدالله الجهني بمقر الجمعية وحوار ثري تم فيه شرح اهداف الجمعية ودورها في المجتمع وسعيها الحثيث في توطيد الاستقرار والامان الاسري بالمنطقة وبحث سُبل #تمكين المراه بالمجتمع✨,Women empowerment,,1,Positive,2,No,0,,,Not clear,Target: Women empowerment Text: اليوم تم استضافة ا.احمد عماش و ا.عبدالله الجهني بمقر الجمعية وحوار ثري تم فيه شرح اهداف الجمعية ودورها في المجتمع وسعيها الحثيث في توطيد الاستقرار والامان الاسري بالمنطقة وبحث سُبل #تمكين المراه بالمجتمع✨,,,,,,,,,1,2,0.00073719025,0.0010290146,0.9980469,2,0.9980469,0.0143470469676436,None,Favor
1237, للأسف موضوع التحول الإلكتروني إن لم يجد اهتمام شخصي من مجلس الوزراء والضغط على الجهات الحكومية لتتحول بشكل صحيح ويتم محاسبة المقصرين ما راح يكون هناك تحول حقيقي,Digital Transformation,للاسف موضوع التحول الالكتروني ان لم يجد اهتمام شخصي من مجلس الوزراء والضغط علي الجهات الحكومية لتتحول بشكل صحيح ويتم محاسبة المقصرين ما راح يكون هناك تحول حقيقي,Digital Transformation,,1,Neutral,1,No,0,,,Not clear,Target: Digital Transformation Text: للاسف موضوع التحول الالكتروني ان لم يجد اهتمام شخصي من مجلس الوزراء والضغط علي الجهات الحكومية لتتحول بشكل صحيح ويتم محاسبة المقصرين ما راح يكون هناك تحول حقيقي,,,,,,,,,1,2,0.00038266182,0.00083732605,0.99902344,2,0.99902344,0.0099197073221961,None,Favor
1273,  التحول الرقمي .. هني القمندة .. مو كلشي رقمي زين يا عيال .. احيانا الامان كله بالاحتفاظ بالقديم 😉,Digital Transformation,التحول الرقمي .. هني القمندة .. مو كلشي رقمي زين يا عيال .. احيانا الامان كله بالاحتفاظ بالقديم 😉,Digital Transformation,Against,0,Negative,0,No,0,,A_Explicit,,Target: Digital Transformation Text: التحول الرقمي .. هني القمندة .. مو كلشي رقمي زين يا عيال .. احيانا الامان كله بالاحتفاظ بالقديم 😉,,,,,,,,,0,2,0.008605957,0.03253174,0.9589844,2,0.9589844,0.1925253771202837,Against,Favor
1297, شهادت تطعيم كورونا.     اغلى,Covid Vaccine,شهادت تطعيم كورونا. اغلي,Covid Vaccine,,1,Neutral,1,No,0,,,Not clear,Target: Covid Vaccine Text: شهادت تطعيم كورونا. اغلي,,,,,,,,,1,0,0.6274414,0.3659668,0.0064353943,2,0.6274414,0.6928006609638407,None,Against
1312,. . في كلوب هاوس .. كثير من الغرف التي تطرح موضوع تطعيم كورونا وأن التلقيح مؤامرة عالمية لتغيير  الجينات على أساس إن جينات من يروجون لهذا الأمر ..  متفوقه على جينات ( إينشتاين )  . . أعقل يازعبله 🙄,Covid Vaccine,. . في كلوب هاوس .. كثير من الغرف التي تطرح موضوع تطعيم كورونا وان التلقيح مؤامرة عالمية لتغيير الجينات علي اساس ان جينات من يروجون لهذا الامر .. متفوقه علي جينات ( اينشتاين ) . . اعقل يازعبله 🙄,Covid Vaccine,Favor,2,Neutral,1,Yes,1,,,,Target: Covid Vaccine Text: . . في كلوب هاوس .. كثير من الغرف التي تطرح موضوع تطعيم كورونا وان التلقيح مؤامرة عالمية لتغيير الجينات علي اساس ان جينات من يروجون لهذا الامر .. متفوقه علي جينات ( اينشتاين ) . . اعقل يازعبله 🙄,,,,,,,,,2,0,0.79345703,0.00356102,0.203125,2,0.79345703,0.5274147396417627,Favor,Against
1340, أكثر من 100 دولة لم تبدأ بعد في تطعيم كورونا منها اليابان المشككة في اللقاح  ,Covid Vaccine,اكثر من 100 دولة لم تبدا بعد في تطعيم كورونا منها اليابان المشككة في اللقاح,Covid Vaccine,,1,Negative,0,No,0,,,Not clear,Target: Covid Vaccine Text: اكثر من 100 دولة لم تبدا بعد في تطعيم كورونا منها اليابان المشككة في اللقاح,,,,,,,,,1,0,0.8701172,0.0067596436,0.12310791,2,0.8701172,0.4127069980425226,None,Against
1364,انطلاق حملة تطعيم ثالثة ضد فيروس كورونا في الهند URL,Covid Vaccine,انطلاق حملة تطعيم ثالثة ضد فيروس كورونا في الهند,Covid Vaccine,,1,Neutral,1,No,0,,,Not clear,Target: Covid Vaccine Text: انطلاق حملة تطعيم ثالثة ضد فيروس كورونا في الهند,,,,,,,,,1,2,0.0020999908,0.022949219,0.97509766,2,0.97509766,0.1241590107253073,None,Favor
1382,صيدلي فى أمريكا حقن طفلة عمرها 4 أعوام عن طريق الخطأ بلقاح كورونا بدلا من تطعيم الإنفلونزا  ولم تعان الطفلة كوليت من أي آثار جانبية كبيرة حتى الآن.,Covid Vaccine,صيدلي في امريكا حقن طفلة عمرها 4 اعوام عن طريق الخطا بلقاح كورونا بدلا من تطعيم الانفلونزا ولم تعان الطفلة كوليت من اي اثار جانبية كبيرة حتي الان.,Covid Vaccine,Favor,2,Neutral,1,No,0,F_Implicit,,,Target: Covid Vaccine Text: صيدلي في امريكا حقن طفلة عمرها 4 اعوام عن طريق الخطا بلقاح كورونا بدلا من تطعيم الانفلونزا ولم تعان الطفلة كوليت من اي اثار جانبية كبيرة حتي الان.,,,,,,,,,2,0,0.98828125,0.011260986,0.00021409988,2,0.98828125,0.0639801725850809,Favor,Against
1399, أهم شي تمكين المرأة   ودفعها إلى سوق العمل   الخصوبة والأسرة وقيم المجتمع آخر شي نفكر فيه,Women empowerment,اهم شي تمكين المراة ودفعها الي سوق العمل الخصوبة والاسرة وقيم المجتمع اخر شي نفكر فيه,Women empowerment,Against,0,Negative,0,No,0,,A_Explicit,,Target: Women empowerment Text: اهم شي تمكين المراة ودفعها الي سوق العمل الخصوبة والاسرة وقيم المجتمع اخر شي نفكر فيه,,,,,,,,,0,2,0.26220703,0.00024461746,0.7373047,2,0.7373047,0.5777265886660965,Against,Favor
1403,مين من الشباب اخد تطعيم كورونا ؟ وهل صار ومرضت بالكورونا؟ بعد التطعيم؟ او اعراض جانبية ما زالت موجودة بعد التطعيم؟ اغلب الي بعرفهم عندهم وجع بالضهر في منهم خف وفي عدد أصبح عنده مشاكل بالمعدة مزمنة لليوم هل لاحظتوا اي شي ؟,Covid Vaccine,مين من الشباب اخد تطعيم كورونا ؟ وهل صار ومرضت بالكورونا؟ بعد التطعيم؟ او اعراض جانبية ما زالت موجودة بعد التطعيم؟ اغلب الي بعرفهم عندهم وجع بالضهر في منهم خف وفي عدد اصبح عنده مشاكل بالمعدة مزمنة لليوم هل لاحظتوا اي شي ؟,Covid Vaccine,Against,0,Neutral,1,No,0,,A_Explicit,,Target: Covid Vaccine Text: مين من الشباب اخد تطعيم كورونا ؟ وهل صار ومرضت بالكورونا؟ بعد التطعيم؟ او اعراض جانبية ما زالت موجودة بعد التطعيم؟ اغلب الي بعرفهم عندهم وجع بالضهر في منهم خف وفي عدد اصبح عنده مشاكل بالمعدة مزمنة لليوم هل لاحظتوا اي شي ؟,,,,,,,,,0,1,0.045928955,0.9511719,0.0026721954,2,0.9511719,0.2049399608180597,Against,None
1443,ياجماعة ال140جيجا مبقتش مكفية التحول الالكتروني اللي بيحصل اليومين دول  #Unlimited_Internet_In_Egypt,Digital Transformation,ياجماعة ال140جيجا مبقتش مكفية التحول الالكتروني اللي بيحصل اليومين دول #Unlimited Internet In Egypt,Digital Transformation,Against,0,Negative,0,No,0,,A_Explicit,,Target: Digital Transformation Text: ياجماعة ال140جيجا مبقتش مكفية التحول الالكتروني اللي بيحصل اليومين دول #Unlimited Internet In Egypt,,,,,,,,,0,2,0.0010471344,0.0051078796,0.99365234,2,0.99365234,0.0404667229171968,Against,Favor
1448, الحين معد يعتذر الا الطيبين  وقاحة وبرمضان اوقح النفوس اتغيرت اخوي عمر  والله العظيم بجد في تغغير هائل باخر سنتين  لا اعلم هل من تطعيم أو كورونا ضربت ادمغتهم,Covid Vaccine,الحين معد يعتذر الا الطيبين وقاحة وبرمضان اوقح النفوس اتغيرت اخوي عمر والله العظيم بجد في تغغير هائل باخر سنتين لا اعلم هل من تطعيم او كورونا ضربت ادمغتهم,Covid Vaccine,Favor,2,Negative,0,No,0,F_Explicit,,,Target: Covid Vaccine Text: الحين معد يعتذر الا الطيبين وقاحة وبرمضان اوقح النفوس اتغيرت اخوي عمر والله العظيم بجد في تغغير هائل باخر سنتين لا اعلم هل من تطعيم او كورونا ضربت ادمغتهم,,,,,,,,,2,1,0.24389648,0.75341797,0.0025177002,2,0.75341797,0.5725267604293067,Favor,None
1583,يولد ١٦ تطعيم ولاواحد منهم يمنعك من السفر شمعنى كورونا اذا مومطعم ماتسافر ؟,Covid Vaccine,يولد ١٦ تطعيم ولاواحد منهم يمنعك من السفر شمعني كورونا اذا مومطعم ماتسافر ؟,Covid Vaccine,Against,0,Neutral,1,No,0,,A_Implicit,,Target: Covid Vaccine Text: يولد ١٦ تطعيم ولاواحد منهم يمنعك من السفر شمعني كورونا اذا مومطعم ماتسافر ؟,,,,,,,,,0,1,0.0013723373,0.9975586,0.0011587143,2,0.9975586,0.0193172451945448,Against,None
1595,"  تقول مفروض فيه تساوي... واذا قلت لها طيب وش رايك في مبادرات تمكين ""المرأة"" ماراح تجاوب 😂",Women empowerment,"تقول مفروض فيه تساوي.. واذا قلت لها طيب وش رايك في مبادرات تمكين ""المراة"" ماراح تجاوب 😂",Women empowerment,Against,0,Neutral,1,No,0,,A_Explicit,,"Target: Women empowerment Text: تقول مفروض فيه تساوي.. واذا قلت لها طيب وش رايك في مبادرات تمكين ""المراة"" ماراح تجاوب 😂",,,,,,,,,0,2,0.03869629,0.000269413,0.9609375,2,0.9609375,0.1663445865839546,Against,Favor
1617,  48 ساعه انتظار والجوال مغلق وبكرة عيد وتطلب منا ننتظر إلى متى.  التحول والتطور الرقمي في السعودية يسعدنا ونشعر بالفخر ولكن الفريق التقني وخدمة العملاء لديكم تشعرنا بالأسى,Digital Transformation,48 ساعه انتظار والجوال مغلق وبكرة عيد وتطلب منا ننتظر الي متي. التحول والتطور الرقمي في السعودية يسعدنا ونشعر بالفخر ولكن الفريق التقني وخدمة العملاء لديكم تشعرنا بالاسي,Digital Transformation,Favor,2,Positive,2,No,0,F_Explicit,,,Target: Digital Transformation Text: 48 ساعه انتظار والجوال مغلق وبكرة عيد وتطلب منا ننتظر الي متي. التحول والتطور الرقمي في السعودية يسعدنا ونشعر بالفخر ولكن الفريق التقني وخدمة العملاء لديكم تشعرنا بالاسي,,,,,,,,,2,0,0.6455078,0.0037403107,0.35058594,2,0.6455078,0.6709198699891079,Favor,Against
1665,لا فرق بين الرجل الذي يمارس سلطته الأبوية أو الزوجية على المرأة مكرهاً لها على غير مصلحتها أو رضاها، وبين دعاة #تمكين_المرأة من الرجال والنساء الذين يستغلون هذه التصرفات. الطرفان يعملان على هدم الأسرة. والطرفان سبب رئيسي للتحرش الذي يصدر من الطرفين، والعنف ضد المرأة والرجل معاً.,Women empowerment,لا فرق بين الرجل الذي يمارس سلطته الابوية او الزوجية علي المراة مكرهاً لها علي غير مصلحتها او رضاها، وبين دعاة #تمكين المراة من الرجال والنساء الذين يستغلون هذه التصرفات. الطرفان يعملان علي هدم الاسرة. والطرفان سبب رئيسي للتحرش الذي يصدر من الطرفين، والعنف ضد المراة والرجل معاً.,Women empowerment,Favor,2,Negative,0,No,0,F_Explicit,,,Target: Women empowerment Text: لا فرق بين الرجل الذي يمارس سلطته الابوية او الزوجية علي المراة مكرهاً لها علي غير مصلحتها او رضاها، وبين دعاة #تمكين المراة من الرجال والنساء الذين يستغلون هذه التصرفات. الطرفان يعملان علي هدم الاسرة. والطرفان سبب رئيسي للتحرش الذي يصدر من الطرفين، والعنف ضد المراة والرجل معاً.,,,,,,,,,2,0,0.98876953,0.0011539459,0.009849548,2,0.98876953,0.0644812756491135,Favor,Against
1700,رغم التحول التقني اللي قاعد يصير هالأيام وبشكل رهيب؛ إلا أني لازلت أحب البساطة بالأشياء  ما قدرت أستغني عن الورقة والقلم  ماقدرت أستغني عن لوحة المغناطيس بغرفتي أحط عليها ملاحظاتي وأرتب فيها مهامي بطريقة بسيطة ولطيفة  هالأشياء كانت ولازالت من أكثر الأمور اللي تحمسني وتحفزني ♥️,Digital Transformation,رغم التحول التقني اللي قاعد يصير هالايام وبشكل رهيب؛ الا اني لازلت احب البساطة بالاشياء ما قدرت استغني عن الورقة والقلم ماقدرت استغني عن لوحة المغناطيس بغرفتي احط عليها ملاحظاتي وارتب فيها مهامي بطريقة بسيطة ولطيفة هالاشياء كانت ولازالت من اكثر الامور اللي تحمسني وتحفزني ♥️,Digital Transformation,,1,Negative,0,Yes,1,,,Not clear,Target: Digital Transformation Text: رغم التحول التقني اللي قاعد يصير هالايام وبشكل رهيب؛ الا اني لازلت احب البساطة بالاشياء ما قدرت استغني عن الورقة والقلم ماقدرت استغني عن لوحة المغناطيس بغرفتي احط عليها ملاحظاتي وارتب فيها مهامي بطريقة بسيطة ولطيفة هالاشياء كانت ولازالت من اكثر الامور اللي تحمسني وتحفزني ♥️,,,,,,,,,1,2,0.0010089874,0.0013418198,0.9975586,2,0.9975586,0.0182736596131808,None,Favor
1741, قرارات هذه الوزارة عجيبة جدا  الآن التوجه الى التحول الرقمي  وبالأمس القريب تم إنهاء تكليف أمناء مصادر التعلم ممن كان لهم بصمة واضحة لقيادة الإنجاز التقني  فهل ستبدأ وزارتنا من الصفر ؟😂,Digital Transformation,قرارات هذه الوزارة عجيبة جدا الان التوجه الي التحول الرقمي وبالامس القريب تم انهاء تكليف امناء مصادر التعلم ممن كان لهم بصمة واضحة لقيادة الانجاز التقني فهل ستبدا وزارتنا من الصفر ؟😂,Digital Transformation,Favor,2,Positive,2,No,0,F_Explicit,,,Target: Digital Transformation Text: قرارات هذه الوزارة عجيبة جدا الان التوجه الي التحول الرقمي وبالامس القريب تم انهاء تكليف امناء مصادر التعلم ممن كان لهم بصمة واضحة لقيادة الانجاز التقني فهل ستبدا وزارتنا من الصفر ؟😂,,,,,,,,,2,0,0.9941406,0.0024166107,0.0033493042,2,0.9941406,0.0394909137702182,Favor,Against
1750,MENTION عيب التنمر على الناس  يوم تطعمت كان بموافقة ولي امري لاني كنت طفلة وتطعيمات باقي الامراض على الاقل معتمدة مو مثل تطعيم كورونا اللي طلعوه تحت بند الطوارئ ويوقعونك على ورقة اخلاء مسؤوليتهم  حاول تثقف نفسك,Covid Vaccine,مستخدم عيب التنمر علي الناس يوم تطعمت كان بموافقة ولي امري لاني كنت طفلة وتطعيمات باقي الامراض علي الاقل معتمدة مو مثل تطعيم كورونا اللي طلعوه تحت بند الطوارئ ويوقعونك علي ورقة اخلاء مسؤوليتهم حاول تثقف نفسك,Covid Vaccine,Against,0,Negative,0,No,0,,A_Implicit,,Target: Covid Vaccine Text: مستخدم عيب التنمر علي الناس يوم تطعمت كان بموافقة ولي امري لاني كنت طفلة وتطعيمات باقي الامراض علي الاقل معتمدة مو مثل تطعيم كورونا اللي طلعوه تحت بند الطوارئ ويوقعونك علي ورقة اخلاء مسؤوليتهم حاول تثقف نفسك,,,,,,,,,0,2,0.0008997917,0.00077581406,0.99853516,2,0.99853516,0.0133303864258133,Against,Favor
1755, واضح أنه فقط تجميع للخدمات الموجودة حاليا اونلاين ولكن في تطبيق واحد  هذا لا يسمى تحول رقمي! لا يوجد شي اسمه حجز و انتظار مواعيد للحضور وانجاز معاملتك ورقيا   هذا تعطيل و استخفاف بالعقول! التحول الرقمي يحتاج الى تغيير بالواقع !,Digital Transformation,واضح انه فقط تجميع للخدمات الموجودة حاليا اونلاين ولكن في تطبيق واحد هذا لا يسمي تحول رقمي! لا يوجد شي اسمه حجز و انتظار مواعيد للحضور وانجاز معاملتك ورقيا هذا تعطيل و استخفاف بالعقول! التحول الرقمي يحتاج الي تغيير بالواقع !,Digital Transformation,Favor,2,Neutral,1,No,0,F_Explicit,,,Target: Digital Transformation Text: واضح انه فقط تجميع للخدمات الموجودة حاليا اونلاين ولكن في تطبيق واحد هذا لا يسمي تحول رقمي! لا يوجد شي اسمه حجز و انتظار مواعيد للحضور وانجاز معاملتك ورقيا هذا تعطيل و استخفاف بالعقول! التحول الرقمي يحتاج الي تغيير بالواقع !,,,,,,,,,2,0,0.9628906,0.0003733635,0.03665161,2,0.9628906,0.1605402517527788,Favor,Against
1766,   احنا نتعلم شلون ندير أوادم وعلمونا المنطق ونعرف أجسامنا شلون نشتغل  ما نعرف طب لكن نسأل الدكاترة ونتعلم منهم (قبل كورونا) ونفهم المناعة شلون تكون  ولو الدنيا ماشية على التطعيم ما عاش الرسول صلى الله عليه وسلم ولا ال,Covid Vaccine,احنا نتعلم شلون ندير اوادم وعلمونا المنطق ونعرف اجسامنا شلون نشتغل ما نعرف طب لكن نسال الدكاترة ونتعلم منهم (قبل كورونا) ونفهم المناعة شلون تكون ولو الدنيا ماشية علي التطعيم ما عاش الرسول صلي الله عليه وسلم ولا ال,Covid Vaccine,Against,0,Neutral,1,No,0,,A_Explicit,,Target: Covid Vaccine Text: احنا نتعلم شلون ندير اوادم وعلمونا المنطق ونعرف اجسامنا شلون نشتغل ما نعرف طب لكن نسال الدكاترة ونتعلم منهم (قبل كورونا) ونفهم المناعة شلون تكون ولو الدنيا ماشية علي التطعيم ما عاش الرسول صلي الله عليه وسلم ولا ال,,,,,,,,,0,1,0.24243164,0.6894531,0.067993164,2,0.6894531,0.7827012239244859,Against,None
1799, الانسان السليم لا يحتاج للدواء لانه غير مريض ولكنه بحاجه للتطعيم ضد الاوبئة للوقايه ولتحصين نفسه حتى لايكون فريسه للوباء اويعاني من مضاعفاته. الاطفال أصحاء ومع ذلك يأخذون كثير من التطعيمات التي انهت امراض قاتله. مأمونيه اللقاحات مثبته ولم يشذ ت,Covid Vaccine,الانسان السليم لا يحتاج للدواء لانه غير مريض ولكنه بحاجه للتطعيم ضد الاوبئة للوقايه ولتحصين نفسه حتي لايكون فريسه للوباء اويعاني من مضاعفاته. الاطفال اصحاء ومع ذلك ياخذون كثير من التطعيمات التي انهت امراض قاتله. مامونيه اللقاحات مثبته ولم يشذ ت,Covid Vaccine,Favor,2,Positive,2,No,0,F_Explicit,,,Target: Covid Vaccine Text: الانسان السليم لا يحتاج للدواء لانه غير مريض ولكنه بحاجه للتطعيم ضد الاوبئة للوقايه ولتحصين نفسه حتي لايكون فريسه للوباء اويعاني من مضاعفاته. الاطفال اصحاء ومع ذلك ياخذون كثير من التطعيمات التي انهت امراض قاتله. مامونيه اللقاحات مثبته ولم يشذ ت,,,,,,,,,2,0,0.99560547,0.0010557175,0.0032958984,2,0.99560547,0.0304565678076412,Favor,Against
1819,#منظمة_الصحة_العالمية 🇺🇳 ... الوباء لن ينتهي قبل تطعيم 70 % من سكان العالم.  #لقاح_كورونا #كورونا_حول_العالم,Covid Vaccine,#منظمة الصحة العالمية 🇺🇳 .. الوباء لن ينتهي قبل تطعيم 70 % من سكان العالم. #لقاح كورونا #كورونا حول العالم,Covid Vaccine,,1,Neutral,1,No,0,,,Not clear,Target: Covid Vaccine Text: #منظمة الصحة العالمية 🇺🇳 .. الوباء لن ينتهي قبل تطعيم 70 % من سكان العالم. #لقاح كورونا #كورونا حول العالم,,,,,,,,,1,2,0.00067806244,0.0007786751,0.99853516,2,0.99853516,0.0119847855143283,None,Favor
1862,MENTION فلم كورونا متى يخلص صار اجزاء .... باقي تطعيم الرضيع صح URL,Covid Vaccine,مستخدم فلم كورونا متي يخلص صار اجزاء .. باقي تطعيم الرضيع صح,Covid Vaccine,Against,0,Negative,0,No,0,,A_Explicit,,Target: Covid Vaccine Text: مستخدم فلم كورونا متي يخلص صار اجزاء .. باقي تطعيم الرضيع صح,,,,,,,,,0,1,0.012458801,0.8984375,0.08911133,2,0.8984375,0.3663164138391529,Against,None
1884,#NAME?,Covid Vaccine,#NAME?,Covid Vaccine,Against,0,Negative,0,No,0,,A_Explicit,,Target: Covid Vaccine Text: #NAME?,,,,,,,,,0,1,0.0069236755,0.9916992,0.0012779236,2,0.9916992,0.0512105549613045,Against,None
1924,MENTION MENTION MENTION ما قد سمعت احد مات وقالوا بسبب انه اخذ جرعة تطعيم  كل من مات قالوا بسبب كورونا! كلنا بنموت مهما اختلفت الأسباب لكن الغريب  ربط موت كل إنسان بكورونا! اسأل الله ان يعافينا ويحفظنا من الامراض والاسقام ويرفع عنا البلاء,Covid Vaccine,مستخدم مستخدم مستخدم ما قد سمعت احد مات وقالوا بسبب انه اخذ جرعة تطعيم كل من مات قالوا بسبب كورونا! كلنا بنموت مهما اختلفت الاسباب لكن الغريب ربط موت كل انسان بكورونا! اسال الله ان يعافينا ويحفظنا من الامراض والاسقام ويرفع عنا البلاء,Covid Vaccine,,1,Neutral,1,No,0,,,Not clear,Target: Covid Vaccine Text: مستخدم مستخدم مستخدم ما قد سمعت احد مات وقالوا بسبب انه اخذ جرعة تطعيم كل من مات قالوا بسبب كورونا! كلنا بنموت مهما اختلفت الاسباب لكن الغريب ربط موت كل انسان بكورونا! اسال الله ان يعافينا ويحفظنا من الامراض والاسقام ويرفع عنا البلاء,,,,,,,,,1,0,0.9902344,0.000500679,0.009216309,2,0.9902344,0.0567175119828807,None,Against
1928,  العالم انه ابحقن شيء في جسمك بالقوة  وبعدين يامتعلمة حتى لو سمعنا كلامك وقلنا تطعيم بالقوة مافيه في الوقت الحالي جرعات لقاح تكفي حتى ربع الشعب مع الأجانب  ارجو تكون وضحت المعلومة,Covid Vaccine,العالم انه ابحقن شيء في جسمك بالقوة وبعدين يامتعلمة حتي لو سمعنا كلامك وقلنا تطعيم بالقوة مافيه في الوقت الحالي جرعات لقاح تكفي حتي ربع الشعب مع الاجانب ارجو تكون وضحت المعلومة,Covid Vaccine,Against,0,Negative,0,No,0,,A_Implicit,,Target: Covid Vaccine Text: العالم انه ابحقن شيء في جسمك بالقوة وبعدين يامتعلمة حتي لو سمعنا كلامك وقلنا تطعيم بالقوة مافيه في الوقت الحالي جرعات لقاح تكفي حتي ربع الشعب مع الاجانب ارجو تكون وضحت المعلومة,,,,,,,,,0,1,0.038879395,0.9379883,0.023208618,2,0.9379883,0.2736400593504907,Against,None
1981, اي سمعته   ادوية وليست لقاحات   بعد كم شهر من تطعيم كورونا، فاجؤوا الناس وقالوا لهم ممكن تحتاجون جرعة ثالثة 😏  مع هذا اللقاح توقع الغير متوقع,Covid Vaccine,اي سمعته ادوية وليست لقاحات بعد كم شهر من تطعيم كورونا، فاجؤوا الناس وقالوا لهم ممكن تحتاجون جرعة ثالثة 😏 مع هذا اللقاح توقع الغير متوقع,Covid Vaccine,,1,Neutral,1,No,0,,,Not clear,Target: Covid Vaccine Text: اي سمعته ادوية وليست لقاحات بعد كم شهر من تطعيم كورونا، فاجؤوا الناس وقالوا لهم ممكن تحتاجون جرعة ثالثة 😏 مع هذا اللقاح توقع الغير متوقع,,,,,,,,,1,0,0.9995117,0.00022685528,0.00029468536,2,0.9995117,0.0047874431880818,None,Against
2088,خلال فترة التحول إلى التعلم الإلكتروني.. #جامعة_الملك_خالد تعتمد وسائل تقييم بديلة لطلابها بدلاً من الاختبارات  URL URL,Digital Transformation,خلال فترة التحول الي التعلم الالكتروني.. #جامعة الملك خالد تعتمد وسائل تقييم بديلة لطلابها بدلاً من الاختبارات,Digital Transformation,Favor,2,Neutral,1,No,0,F_Explicit,,,Target: Digital Transformation Text: خلال فترة التحول الي التعلم الالكتروني.. #جامعة الملك خالد تعتمد وسائل تقييم بديلة لطلابها بدلاً من الاختبارات,,,,,,,,,2,1,0.0017232895,0.95214844,0.0463562,2,0.95214844,0.2000325938277802,Favor,None
2206,خطوات في اتجاه التمهيد للتمكين من المرأة وليس تمكين المرأة ! URL,Women empowerment,خطوات في اتجاه التمهيد للتمكين من المراة وليس تمكين المراة !,Women empowerment,Favor,2,Negative,0,No,0,F_Explicit,,,Target: Women empowerment Text: خطوات في اتجاه التمهيد للتمكين من المراة وليس تمكين المراة !,,,,,,,,,2,0,0.99853516,0.000105023384,0.0012073517,2,0.99853516,0.010538509877325,Favor,Against
2216,"في ظل ابتكار تقنيات جديدة لتقديم الخدمات بشكل عام حول العالم   بدأت المملكة و بالخصوص في المجالات القانونية و الحقوقية و الإدارية بتطبيق هذا التحول التقني تدريجيًا   ستختفي مهنة ""المعقب"" وستقل المحاماة التقليدية المقتصرة على الترافع فقط",Digital Transformation,"في ظل ابتكار تقنيات جديدة لتقديم الخدمات بشكل عام حول العالم بدات المملكة و بالخصوص في المجالات القانونية و الحقوقية و الادارية بتطبيق هذا التحول التقني تدريجيًا ستختفي مهنة ""المعقب"" وستقل المحاماة التقليدية المقتصرة علي الترافع فقط",Digital Transformation,,1,Neutral,1,No,0,,,Not clear,"Target: Digital Transformation Text: في ظل ابتكار تقنيات جديدة لتقديم الخدمات بشكل عام حول العالم بدات المملكة و بالخصوص في المجالات القانونية و الحقوقية و الادارية بتطبيق هذا التحول التقني تدريجيًا ستختفي مهنة ""المعقب"" وستقل المحاماة التقليدية المقتصرة علي الترافع فقط",,,,,,,,,1,2,0.0005311966,0.0005645752,0.99902344,2,0.99902344,0.0092042109768623,None,Favor
2294,MENTION MENTION الجلطة لانهم مو ماخذين تطعيم لأن مضاعفات كورونا تضعف عضلة القلب! ما في دليل يربط اللقاح بالجلطات واحياناً الجلطات من غير أي شي او يكون الشخص مريض جداً ,Covid Vaccine,مستخدم مستخدم الجلطة لانهم مو ماخذين تطعيم لان مضاعفات كورونا تضعف عضلة القلب! ما في دليل يربط اللقاح بالجلطات واحياناً الجلطات من غير اي شي او يكون الشخص مريض جداً,Covid Vaccine,Favor,2,Positive,2,No,0,F_Implicit,,,Target: Covid Vaccine Text: مستخدم مستخدم الجلطة لانهم مو ماخذين تطعيم لان مضاعفات كورونا تضعف عضلة القلب! ما في دليل يربط اللقاح بالجلطات واحياناً الجلطات من غير اي شي او يكون الشخص مريض جداً,,,,,,,,,2,0,0.9711914,0.0024032593,0.02633667,2,0.9711914,0.1386644936858727,Favor,Against
2305, قسم بالله اول ما ينزل تطعيم كورونا بهربه لك,Covid Vaccine,قسم بالله اول ما ينزل تطعيم كورونا بهربه لك,Covid Vaccine,,1,Neutral,1,No,0,,,Not clear,Target: Covid Vaccine Text: قسم بالله اول ما ينزل تطعيم كورونا بهربه لك,,,,,,,,,1,0,0.9951172,0.0010881424,0.0035800934,2,0.9951172,0.0324599612355755,None,Against
2316,  لا يقف الأمر عند حدود الكلفة  إنما يتعداه إلى نقص الخبرات  الأمر الذي يعد ثغرة وشكلا من أشكال التخلف التقني  عدا عن الآثار في الجانب المعيشية(عندما يقع المجتمع تحت ضغط وعبء الحصار). على المجتمع التحول من التركيز على الحكم إلى التركي,Digital Transformation,لا يقف الامر عند حدود الكلفة انما يتعداه الي نقص الخبرات الامر الذي يعد ثغرة وشكلا من اشكال التخلف التقني عدا عن الاثار في الجانب المعيشية(عندما يقع المجتمع تحت ضغط وعبء الحصار). علي المجتمع التحول من التركيز علي الحكم الي التركي,Digital Transformation,Against,0,Negative,0,No,0,,A_Explicit,,Target: Digital Transformation Text: لا يقف الامر عند حدود الكلفة انما يتعداه الي نقص الخبرات الامر الذي يعد ثغرة وشكلا من اشكال التخلف التقني عدا عن الاثار في الجانب المعيشية(عندما يقع المجتمع تحت ضغط وعبء الحصار). علي المجتمع التحول من التركيز علي الحكم الي التركي,,,,,,,,,0,1,0.28198242,0.62841797,0.08959961,2,0.62841797,0.8650464335542937,Against,None
2326, قدمت اعتراض على التخمين لامانة عمان فطلبوا مني تقديمه الكترونيا  وفعلت ذلك  ولكن ومنذ سنة ونصف وحتى هذه اللحظة لم يصلني الرد  وكلمها اتصلت بهم هاتفيا للاستفسار لا احد يرد. وانت تتحدث عن التحول الالكتروني؛ ونحن بعيدين كل البعد حتى عن مفهومه.. ,Digital Transformation,قدمت اعتراض علي التخمين لامانة عمان فطلبوا مني تقديمه الكترونيا وفعلت ذلك ولكن ومنذ سنة ونصف وحتي هذه اللحظة لم يصلني الرد وكلمها اتصلت بهم هاتفيا للاستفسار لا احد يرد. وانت تتحدث عن التحول الالكتروني؛ ونحن بعيدين كل البعد حتي عن مفهومه..,Digital Transformation,Against,0,Negative,0,No,0,,A_Explicit,,Target: Digital Transformation Text: قدمت اعتراض علي التخمين لامانة عمان فطلبوا مني تقديمه الكترونيا وفعلت ذلك ولكن ومنذ سنة ونصف وحتي هذه اللحظة لم يصلني الرد وكلمها اتصلت بهم هاتفيا للاستفسار لا احد يرد. وانت تتحدث عن التحول الالكتروني؛ ونحن بعيدين كل البعد حتي عن مفهومه..,,,,,,,,,0,1,0.23291016,0.7470703,0.020233154,2,0.7470703,0.6361347303192897,Against,None
2366,الكل يعلم أن حديث الحقبة الحالية هي #المرأة، حقوق المرأة.. تمكين المرأة.. الخ.. ولكن على المرأة الحكيمة أن تعي بأن ربها الله أمرها بالحجاب والعفّة وترك وظائف الاختلاط لأجل مرضاته ولا مقارنة عند وجود ذلك أن أطيع مخلوق أو أحقق هواي الشخصي .. فسأجد أضعافه في جنة الخلد بإذن الله,Women empowerment,الكل يعلم ان حديث الحقبة الحالية هي #المراة، حقوق المراة.. تمكين المراة.. الخ.. ولكن علي المراة الحكيمة ان تعي بان ربها الله امرها بالحجاب والعفّة وترك وظائف الاختلاط لاجل مرضاته ولا مقارنة عند وجود ذلك ان اطيع مخلوق او احقق هواي الشخصي .. فساجد اضعافه في جنة الخلد باذن الله,Women empowerment,Against,0,Neutral,1,No,0,,A_Explicit,,Target: Women empowerment Text: الكل يعلم ان حديث الحقبة الحالية هي #المراة، حقوق المراة.. تمكين المراة.. الخ.. ولكن علي المراة الحكيمة ان تعي بان ربها الله امرها بالحجاب والعفّة وترك وظائف الاختلاط لاجل مرضاته ولا مقارنة عند وجود ذلك ان اطيع مخلوق او احقق هواي الشخصي .. فساجد اضعافه في جنة الخلد باذن الله,,,,,,,,,0,2,0.18701172,0.0008006096,0.8120117,2,0.8120117,0.4883430587951423,Against,Favor
2380,"لم تسجِّل بعد!🤔 لا تفوِّت محاضرتنا الشيقة والقيّمة بمعلوماتها  على #ويبينار_التحول_التقني  بعنوان ""تحليل البيانات باستخدام POWER BI""  انتظرونا غدًا 🤩  سجِّل الآن   URL URL",Digital Transformation,"لم تسجِّل بعد!🤔 لا تفوِّت محاضرتنا الشيقة والقيّمة بمعلوماتها علي #ويبينار التحول التقني بعنوان ""تحليل البيانات باستخدام POWER BI"" انتظرونا غدًا 🤩 سجِّل الان",Digital Transformation,Favor,2,Positive,2,No,0,F_Explicit,,,"Target: Digital Transformation Text: لم تسجِّل بعد!🤔 لا تفوِّت محاضرتنا الشيقة والقيّمة بمعلوماتها علي #ويبينار التحول التقني بعنوان ""تحليل البيانات باستخدام POWER BI"" انتظرونا غدًا 🤩 سجِّل الان",,,,,,,,,2,1,0.00083494186,0.9975586,0.0014295578,2,0.9975586,0.0177207704939894,Favor,None
2384, انا لو ادري باخذ تطعيم وبعدها تسوون عليهم حظر اقسم بالله مااخذه شنو فايده اخذ لقاح وبعدها حاكرنا بالبيت ؟ دمرتنا وتعبت نفسياتنا اقسم بالله,Covid Vaccine,انا لو ادري باخذ تطعيم وبعدها تسوون عليهم حظر اقسم بالله مااخذه شنو فايده اخذ لقاح وبعدها حاكرنا بالبيت ؟ دمرتنا وتعبت نفسياتنا اقسم بالله,Covid Vaccine,,1,Negative,0,No,0,,,Not clear,Target: Covid Vaccine Text: انا لو ادري باخذ تطعيم وبعدها تسوون عليهم حظر اقسم بالله مااخذه شنو فايده اخذ لقاح وبعدها حاكرنا بالبيت ؟ دمرتنا وتعبت نفسياتنا اقسم بالله,,,,,,,,,1,0,0.9995117,0.0002052784,0.00045371056,2,0.9995117,0.0057239161748097,None,Against
2417,#لا_للتطعيم_الاجباري١٨  صح لسانكم شوفو كيف تحمون نفسكم من كورونا بدون تطعيم 🔥🔥🔥 URL,Covid Vaccine,#لا للتطعيم الاجباري١٨ صح لسانكم شوفو كيف تحمون نفسكم من كورونا بدون تطعيم 🔥🔥,Covid Vaccine,Favor,2,Negative,0,No,0,F_Implicit,,,Target: Covid Vaccine Text: #لا للتطعيم الاجباري١٨ صح لسانكم شوفو كيف تحمون نفسكم من كورونا بدون تطعيم 🔥🔥,,,,,,,,,2,0,0.9980469,0.0002053976,0.001909256,2,0.9980469,0.0156490640263138,Favor,Against
2465,MENTION 😂😂😂 سمعته هذا الي بكندا .. عالم الماني كشف انه في شركة دواء عالميه قبل جائحه كورونا اطلبوا كمية انابيب تطعيم حق الكورونا وبعدها ب٧ اشهر اعلنوا انه في مرض اسمه الكورونا ياخالي لعبه بلعبه,Covid Vaccine,مستخدم 😂😂 سمعته هذا الي بكندا .. عالم الماني كشف انه في شركة دواء عالميه قبل جائحه كورونا اطلبوا كمية انابيب تطعيم حق الكورونا وبعدها ب٧ اشهر اعلنوا انه في مرض اسمه الكورونا ياخالي لعبه بلعبه,Covid Vaccine,,1,Neutral,1,Yes,1,,,Not clear,Target: Covid Vaccine Text: مستخدم 😂😂 سمعته هذا الي بكندا .. عالم الماني كشف انه في شركة دواء عالميه قبل جائحه كورونا اطلبوا كمية انابيب تطعيم حق الكورونا وبعدها ب٧ اشهر اعلنوا انه في مرض اسمه الكورونا ياخالي لعبه بلعبه,,,,,,,,,1,0,0.99609375,0.0013656616,0.0027599335,2,0.99609375,0.0291697159006993,None,Against
2549,#عمان_تواجه_كورونا معادلة صعبة للغاية التزام المواطن والمقيم يتبعه برنامج تطعيم طموح وواضح والأهم من هذا نرفع اكف الضراعة لله ونرجو رحمته بأن يرفع عنا هذا الوباء ويرحمنا برحمته الواسعة اللهم اكشف عنا الضر وانت ارحم الراحمين اللهم اكشف عنا الضر وانت ارحم الراحمين ,Covid Vaccine,#عمان تواجه كورونا معادلة صعبة للغاية التزام المواطن والمقيم يتبعه برنامج تطعيم طموح وواضح والاهم من هذا نرفع اكف الضراعة لله ونرجو رحمته بان يرفع عنا هذا الوباء ويرحمنا برحمته الواسعة اللهم اكشف عنا الضر وانت ارحم الراحمين اللهم اكشف عنا الضر وانت ارحم الراحمين,Covid Vaccine,,1,Negative,0,No,0,,,Not clear,Target: Covid Vaccine Text: #عمان تواجه كورونا معادلة صعبة للغاية التزام المواطن والمقيم يتبعه برنامج تطعيم طموح وواضح والاهم من هذا نرفع اكف الضراعة لله ونرجو رحمته بان يرفع عنا هذا الوباء ويرحمنا برحمته الواسعة اللهم اكشف عنا الضر وانت ارحم الراحمين اللهم اكشف عنا الضر وانت ارحم الراحمين,,,,,,,,,1,2,0.00055360794,0.0007276535,0.99853516,2,0.99853516,0.0108730977325913,None,Favor
2657, الأراشيف والسجلات الورقية الرسمية؛ فيها الكثير من التفاصيل التي تُدرَس.  نأمل عدم تلفها مع التحول التقني.,Digital Transformation,الاراشيف والسجلات الورقية الرسمية؛ فيها الكثير من التفاصيل التي تُدرَس. نامل عدم تلفها مع التحول التقني.,Digital Transformation,Against,0,Negative,0,No,0,,A_Explicit,,Target: Digital Transformation Text: الاراشيف والسجلات الورقية الرسمية؛ فيها الكثير من التفاصيل التي تُدرَس. نامل عدم تلفها مع التحول التقني.,,,,,,,,,0,2,0.0032672882,0.015098572,0.9814453,2,0.9814453,0.1003934288758714,Against,Favor
2661,   التزامن لا يساوي التوافق، تراه تطعيم ضد كورونا مو تطعيم ضد الموت,Covid Vaccine,التزامن لا يساوي التوافق، تراه تطعيم ضد كورونا مو تطعيم ضد الموت,Covid Vaccine,Favor,2,Neutral,1,No,0,F_Implicit,,,Target: Covid Vaccine Text: التزامن لا يساوي التوافق، تراه تطعيم ضد كورونا مو تطعيم ضد الموت,,,,,,,,,2,1,0.05392456,0.94433594,0.0016307831,2,0.94433594,0.2220215836474354,Favor,None
2722,   أمر مؤسف. حتى بعد التحول التقني لا بد ان نتربط بمن يقضي اجازته وتتعطل الاعمال.,Digital Transformation,امر مؤسف. حتي بعد التحول التقني لا بد ان نتربط بمن يقضي اجازته وتتعطل الاعمال.,Digital Transformation,,1,Negative,0,No,0,,,Not clear,Target: Digital Transformation Text: امر مؤسف. حتي بعد التحول التقني لا بد ان نتربط بمن يقضي اجازته وتتعطل الاعمال.,,,,,,,,,1,0,0.93603516,0.007820129,0.056396484,2,0.93603516,0.2619694333877737,None,Against
2788, تطعيم كورونا راح يحولكم زومبي: ,Covid Vaccine,تطعيم كورونا راح يحولكم زومبي:,Covid Vaccine,Against,0,Negative,0,Yes,1,,,,Target: Covid Vaccine Text: تطعيم كورونا راح يحولكم زومبي:,,,,,,,,,0,1,0.001247406,0.9975586,0.0009975433,2,0.9975586,0.0176726721115463,Against,None
2802,اللي فاكر اننا بنعمل نهضة تحول رقمي وحوكمة ذكية وفخور بالنظام مايتفرجش على برنامج الشقيري خصوصا حلقة التحول الرقمي في السعودية عشان هيتجلط,Digital Transformation,اللي فاكر اننا بنعمل نهضة تحول رقمي وحوكمة ذكية وفخور بالنظام مايتفرجش علي برنامج الشقيري خصوصا حلقة التحول الرقمي في السعودية عشان هيتجلط,Digital Transformation,Against,0,Negative,0,No,0,,A_Explicit,,Target: Digital Transformation Text: اللي فاكر اننا بنعمل نهضة تحول رقمي وحوكمة ذكية وفخور بالنظام مايتفرجش علي برنامج الشقيري خصوصا حلقة التحول الرقمي في السعودية عشان هيتجلط,,,,,,,,,0,2,0.15905762,0.008323669,0.83251953,2,0.83251953,0.4848844633057205,Against,Favor
2873,  موقع لايرتقي للمأمول ولايواكب التحول الالكتروني للمملكة .. معاملتنا متعطلة بسبب سوء التقنية فيه ولا يوجد تجاوب من المسؤولين فقط انتظر .. نتمنى اعادتنا إلى بلدي أمانة الرياض,Digital Transformation,موقع لايرتقي للمامول ولايواكب التحول الالكتروني للمملكة .. معاملتنا متعطلة بسبب سوء التقنية فيه ولا يوجد تجاوب من المسؤولين فقط انتظر .. نتمني اعادتنا الي بلدي امانة الرياض,Digital Transformation,Against,0,Positive,2,No,0,,A_Explicit,,Target: Digital Transformation Text: موقع لايرتقي للمامول ولايواكب التحول الالكتروني للمملكة .. معاملتنا متعطلة بسبب سوء التقنية فيه ولا يوجد تجاوب من المسؤولين فقط انتظر .. نتمني اعادتنا الي بلدي امانة الرياض,,,,,,,,,0,2,0.006477356,0.0019483566,0.9916992,2,0.9916992,0.0530677617174621,Against,Favor
2901, المقارنة غير منطقية   السوق الهندي والأمريكي بالضخامة التي يمكن فيها النجاح بإطلاق منتج رقمي وبناء قاعدة عملاء والتوسع (scalability) في قطاع الأعمال B2B   بينما عدد الشركات السعودية التي نجحت في رحلة التحول الرقمي محدود جدا   وبقية الشركات الصغ,Digital Transformation,المقارنة غير منطقية السوق الهندي والامريكي بالضخامة التي يمكن فيها النجاح باطلاق منتج رقمي وبناء قاعدة عملاء والتوسع (scalability) في قطاع الاعمال B2B بينما عدد الشركات السعودية التي نجحت في رحلة التحول الرقمي محدود جدا وبقية الشركات الصغ,Digital Transformation,,1,Neutral,1,No,0,,,Not clear,Target: Digital Transformation Text: المقارنة غير منطقية السوق الهندي والامريكي بالضخامة التي يمكن فيها النجاح باطلاق منتج رقمي وبناء قاعدة عملاء والتوسع (scalability) في قطاع الاعمال B2B بينما عدد الشركات السعودية التي نجحت في رحلة التحول الرقمي محدود جدا وبقية الشركات الصغ,,,,,,,,,1,2,0.07562256,0.0039043427,0.92041016,2,0.92041016,0.2932447058968763,None,Favor
2910,   ويش فائدة التعداد السكاني الإلكتروني؟ ليش ما يتم الاستعانه به؟  َوين بيانات وزارة الإسكان؟  وين التحول الرقمي؟,Digital Transformation,ويش فائدة التعداد السكاني الالكتروني؟ ليش ما يتم الاستعانه به؟ َوين بيانات وزارة الاسكان؟ وين التحول الرقمي؟,Digital Transformation,Favor,2,Negative,0,No,0,F_Explicit,,,Target: Digital Transformation Text: ويش فائدة التعداد السكاني الالكتروني؟ ليش ما يتم الاستعانه به؟ َوين بيانات وزارة الاسكان؟ وين التحول الرقمي؟,,,,,,,,,2,0,0.92578125,0.0069465637,0.06713867,2,0.92578125,0.2872559770553177,Favor,Against
2917,  اختي اخذت فايزر و جتها الاعراض  عادي الاعراض تجي بعد اي تطعيم سواء كورونا او غيره,Covid Vaccine,اختي اخذت فايزر و جتها الاعراض عادي الاعراض تجي بعد اي تطعيم سواء كورونا او غيره,Covid Vaccine,Favor,2,Neutral,1,No,0,F_Explicit,,,Target: Covid Vaccine Text: اختي اخذت فايزر و جتها الاعراض عادي الاعراض تجي بعد اي تطعيم سواء كورونا او غيره,,,,,,,,,2,1,0.013961792,0.5410156,0.44506836,2,0.5410156,0.7522816163075465,Favor,None
2946,بدء عمليات التحول الإلكتروني لخدمات وزارة الزراعة  #الأردن_اليوم URL,Digital Transformation,بدء عمليات التحول الالكتروني لخدمات وزارة الزراعة #الاردن اليوم,Digital Transformation,,1,Neutral,1,No,0,,,Not clear,Target: Digital Transformation Text: بدء عمليات التحول الالكتروني لخدمات وزارة الزراعة #الاردن اليوم,,,,,,,,,1,2,0.0006227493,0.047698975,0.95166016,2,0.95166016,0.1968895210503266,None,Favor
2962,بالنسبه للي بياخذون تطعيم كورونا   أقولهم   انتم السابقون ..ونحن اللاحقون   بس مو الحين,Covid Vaccine,بالنسبه للي بياخذون تطعيم كورونا اقولهم انتم السابقون ..ونحن اللاحقون بس مو الحين,Covid Vaccine,,1,Neutral,1,No,0,,,Not clear,Target: Covid Vaccine Text: بالنسبه للي بياخذون تطعيم كورونا اقولهم انتم السابقون ..ونحن اللاحقون بس مو الحين,,,,,,,,,1,2,0.034454346,0.048675537,0.9169922,2,0.9169922,0.3426351805257244,None,Favor
3000, عجبا، مرة يقولون لقاح استرازينيكا غير فعال و تارة يتهافتون عليه، ما الأمر، و لماذا دول كثيرة علقت تطعيم مواطنيها بهذا اللقاح...؟ أم صارت نكهة السياسة تلقي بضلالها حتى في مجال تسويق الأدوية و اللقاحات...!,Covid Vaccine,عجبا، مرة يقولون لقاح استرازينيكا غير فعال و تارة يتهافتون عليه، ما الامر، و لماذا دول كثيرة علقت تطعيم مواطنيها بهذا اللقاح..؟ ام صارت نكهة السياسة تلقي بضلالها حتي في مجال تسويق الادوية و اللقاحات..!,Covid Vaccine,,1,Negative,0,No,0,,,Not clear,Target: Covid Vaccine Text: عجبا، مرة يقولون لقاح استرازينيكا غير فعال و تارة يتهافتون عليه، ما الامر، و لماذا دول كثيرة علقت تطعيم مواطنيها بهذا اللقاح..؟ ام صارت نكهة السياسة تلقي بضلالها حتي في مجال تسويق الادوية و اللقاحات..!,,,,,,,,,1,0,0.6591797,0.066589355,0.27441406,2,0.6591797,0.8099732446533456,None,Against
3008,  اللقاح لا يقي من الإصابة بالمرض ناس كتير جالها كورونا بعد اللقاح. عموما اللقاح اختياري حتى الآن وتوقيعك على ورقة بتحملك المسؤولية يعني اللقاح في طور التجريب لما يبقى الزامي والدول تتحمل مسؤوليته هبقى آخده زي اي تطعيم الزامي آخر,Covid Vaccine,اللقاح لا يقي من الاصابة بالمرض ناس كتير جالها كورونا بعد اللقاح. عموما اللقاح اختياري حتي الان وتوقيعك علي ورقة بتحملك المسؤولية يعني اللقاح في طور التجريب لما يبقي الزامي والدول تتحمل مسؤوليته هبقي اخده زي اي تطعيم الزامي اخر,Covid Vaccine,Against,0,Negative,0,No,0,,A_Explicit,,Target: Covid Vaccine Text: اللقاح لا يقي من الاصابة بالمرض ناس كتير جالها كورونا بعد اللقاح. عموما اللقاح اختياري حتي الان وتوقيعك علي ورقة بتحملك المسؤولية يعني اللقاح في طور التجريب لما يبقي الزامي والدول تتحمل مسؤوليته هبقي اخده زي اي تطعيم الزامي اخر,,,,,,,,,0,2,0.0022678375,0.0008864403,0.9970703,2,0.9970703,0.0229642702218811,Against,Favor
3012, التحول التقني ساعد كثير من الدول في حل كثير من المشاكل في مجال تقديم الخدمة للمواطن مما يجعله يشعر بالرضا ويدفعه للمشاركة في مجالات التنمية المتعددة فلماذا لا تتبني مصر هذة الفكرة ؟,Digital Transformation,التحول التقني ساعد كثير من الدول في حل كثير من المشاكل في مجال تقديم الخدمة للمواطن مما يجعله يشعر بالرضا ويدفعه للمشاركة في مجالات التنمية المتعددة فلماذا لا تتبني مصر هذة الفكرة ؟,Digital Transformation,Against,0,Negative,0,No,0,,A_Explicit,,Target: Digital Transformation Text: التحول التقني ساعد كثير من الدول في حل كثير من المشاكل في مجال تقديم الخدمة للمواطن مما يجعله يشعر بالرضا ويدفعه للمشاركة في مجالات التنمية المتعددة فلماذا لا تتبني مصر هذة الفكرة ؟,,,,,,,,,0,2,0.00038170815,0.0015468597,0.9980469,2,0.9980469,0.0149661071519139,Against,Favor
3087, التركيز فقط على لقاح اكسفورد لانه يباع بسعر التكلفه والكل يحاربه، الملايين خذوا تطعيم استرازينيكا اكسفورد وانا واحد منهم، الي توفوا هذول كان يومهم والاسباب تلقى عندهم مشاكل صحية قبل اللقاح، الالاف يموتون يوميا بالعالم بالجلطات بدون اي تطعيم.,Covid Vaccine,التركيز فقط علي لقاح اكسفورد لانه يباع بسعر التكلفه والكل يحاربه، الملايين خذوا تطعيم استرازينيكا اكسفورد وانا واحد منهم، الي توفوا هذول كان يومهم والاسباب تلقي عندهم مشاكل صحية قبل اللقاح، الالاف يموتون يوميا بالعالم بالجلطات بدون اي تطعيم.,Covid Vaccine,Favor,2,Neutral,1,No,0,F_Explicit,,,Target: Covid Vaccine Text: التركيز فقط علي لقاح اكسفورد لانه يباع بسعر التكلفه والكل يحاربه، الملايين خذوا تطعيم استرازينيكا اكسفورد وانا واحد منهم، الي توفوا هذول كان يومهم والاسباب تلقي عندهم مشاكل صحية قبل اللقاح، الالاف يموتون يوميا بالعالم بالجلطات بدون اي تطعيم.,,,,,,,,,2,0,0.7192383,0.0002708435,0.28051758,2,0.7192383,0.5958298965623468,Favor,Against
3142,اركب السياره ال Fm يتكلمون عن المرأه افتح الايميل يجني دعوة ملتقى تمكين المرأه كلوب هاوس يتكلمون عنه تويتر يتكلمون عنه وش هاليوم الثقيل الي عيا يخلص 😖   #يوم_المراه_العالمي,Women empowerment,اركب السياره ال Fm يتكلمون عن المراه افتح الايميل يجني دعوة ملتقي تمكين المراه كلوب هاوس يتكلمون عنه تويتر يتكلمون عنه وش هاليوم الثقيل الي عيا يخلص 😖 #يوم المراه العالمي,Women empowerment,Against,0,Neutral,1,No,0,,A_Explicit,,Target: Women empowerment Text: اركب السياره ال Fm يتكلمون عن المراه افتح الايميل يجني دعوة ملتقي تمكين المراه كلوب هاوس يتكلمون عنه تويتر يتكلمون عنه وش هاليوم الثقيل الي عيا يخلص 😖 #يوم المراه العالمي,,,,,,,,,0,2,0.06652832,0.15930176,0.7739258,2,0.7739258,0.6712715435167556,Against,Favor
3166,البعض فاهم تمكين المراه باستخدامها  للاستعراض   تخيلوا الجهل وصل لي وين😵‍💫  وعاد المرأة الغبيه هي الي ترضى يستخدمونها مزهريه لهم,Women empowerment,البعض فاهم تمكين المراه باستخدامها للاستعراض تخيلوا الجهل وصل لي وين😵‍💫 وعاد المراة الغبيه هي الي ترضي يستخدمونها مزهريه لهم,Women empowerment,Favor,2,Negative,0,No,0,F_Explicit,,,Target: Women empowerment Text: البعض فاهم تمكين المراه باستخدامها للاستعراض تخيلوا الجهل وصل لي وين😵‍💫 وعاد المراة الغبيه هي الي ترضي يستخدمونها مزهريه لهم,,,,,,,,,2,0,0.92089844,0.00031256676,0.07861328,2,0.92089844,0.2783401896075947,Favor,Against
3167,تعلن جمعية قدرات للتنمية المجتمعيةوضمن وحدة تمكين المرأة الموجودة في الجمعية عن #عقد_دورة_التجميل_للسيدات ,Women empowerment,تعلن جمعية قدرات للتنمية المجتمعيةوضمن وحدة تمكين المراة الموجودة في الجمعية عن #عقد دورة التجميل للسيدات,Women empowerment,Favor,2,Positive,2,No,0,F_Explicit,,,Target: Women empowerment Text: تعلن جمعية قدرات للتنمية المجتمعيةوضمن وحدة تمكين المراة الموجودة في الجمعية عن #عقد دورة التجميل للسيدات,,,,,,,,,2,1,0.004776001,0.6816406,0.3137207,2,0.6816406,0.6504457063254089,Favor,None
3207,اعتقد وبلا مجاملة ان الحكومة استعجلت في الاعلان عن تطبيق سهل كونه غير جاهز وفيه الكثير من الاخطاء الفنية هذا بالاضافة الى عدم جاهزية العديد من الوزارات والهيئات لمواكبة وتحقيق الرؤية الحكومية في التحول الالكتروني لتسهيل الاجراءات #نصيحة  حاسبوا المقصرين #تطبيق_سهل,Digital Transformation,اعتقد وبلا مجاملة ان الحكومة استعجلت في الاعلان عن تطبيق سهل كونه غير جاهز وفيه الكثير من الاخطاء الفنية هذا بالاضافة الي عدم جاهزية العديد من الوزارات والهيئات لمواكبة وتحقيق الرؤية الحكومية في التحول الالكتروني لتسهيل الاجراءات #نصيحة حاسبوا المقصرين #تطبيق سهل,Digital Transformation,Favor,2,Positive,2,No,0,F_Explicit,,,Target: Digital Transformation Text: اعتقد وبلا مجاملة ان الحكومة استعجلت في الاعلان عن تطبيق سهل كونه غير جاهز وفيه الكثير من الاخطاء الفنية هذا بالاضافة الي عدم جاهزية العديد من الوزارات والهيئات لمواكبة وتحقيق الرؤية الحكومية في التحول الالكتروني لتسهيل الاجراءات #نصيحة حاسبوا المقصرين #تطبيق سهل,,,,,,,,,2,0,0.98828125,0.002960205,0.008956909,2,0.98828125,0.071120382166877,Favor,Against
3223,   معاملاتنا يا اخوان متوقفه وين التحول الالكتروني اللي تنادو فيه؟,Digital Transformation,معاملاتنا يا اخوان متوقفه وين التحول الالكتروني اللي تنادو فيه؟,Digital Transformation,,1,Neutral,1,No,0,,,Not clear,Target: Digital Transformation Text: معاملاتنا يا اخوان متوقفه وين التحول الالكتروني اللي تنادو فيه؟,,,,,,,,,1,2,0.0034446716,0.012817383,0.9838867,2,0.9838867,0.0913619930921129,None,Favor
3243,ختامًا .. يجب أن نعي أن توفير اللقاح ليس الحل الوحيد لعبور جائحة كورونا بسلام، بل الإجراءات الاحترازية عاملًا مهمًا كذلك. فهناك دول لديها نسبة تطعيم عالية، ولجأت للإغلاق وفرض قرارات تشددية. كما أننا نسمع يوميًا بوجود عيوب في بعض اللقاحات، ولكن ما زالت إيجابياتها أكثر من سلبياتها.,Covid Vaccine,ختامًا .. يجب ان نعي ان توفير اللقاح ليس الحل الوحيد لعبور جائحة كورونا بسلام، بل الاجراءات الاحترازية عاملًا مهمًا كذلك. فهناك دول لديها نسبة تطعيم عالية، ولجات للاغلاق وفرض قرارات تشددية. كما اننا نسمع يوميًا بوجود عيوب في بعض اللقاحات، ولكن ما زالت ايجابياتها اكثر من سلبياتها.,Covid Vaccine,Favor,2,Neutral,1,No,0,,,,Target: Covid Vaccine Text: ختامًا .. يجب ان نعي ان توفير اللقاح ليس الحل الوحيد لعبور جائحة كورونا بسلام، بل الاجراءات الاحترازية عاملًا مهمًا كذلك. فهناك دول لديها نسبة تطعيم عالية، ولجات للاغلاق وفرض قرارات تشددية. كما اننا نسمع يوميًا بوجود عيوب في بعض اللقاحات، ولكن ما زالت ايجابياتها اكثر من سلبياتها.,,,,,,,,,2,0,0.9423828,0.009025574,0.04876709,2,0.9423828,0.2457248600323887,Favor,Against
3288,🔴تطعيم كورونا راح يحولكم زومبي!! ,Covid Vaccine,🔴تطعيم كورونا راح يحولكم زومبي!!,Covid Vaccine,Against,0,Neutral,1,Yes,1,,,,Target: Covid Vaccine Text: 🔴تطعيم كورونا راح يحولكم زومبي!!,,,,,,,,,0,1,0.4177246,0.5727539,0.009384155,2,0.5727539,0.7276529244221076,Against,None
3349,قررت اني ما اناقش اليوم بموضوع اللقاح و كورونا لانه الكذابين صاروا قليلين ادب وانا مالي خلق عوار راس 😂  الاجوبة كالآتي: ليش منت مطعم؟ مو شغلك ليش تبي تطعم؟ مو شغلك ليش طالعين ساحة الارادة؟ مو شغلك مع ولا ضد قرارات الحكومة؟ مو شغلك,Covid Vaccine,قررت اني ما اناقش اليوم بموضوع اللقاح و كورونا لانه الكذابين صاروا قليلين ادب وانا مالي خلق عوار راس 😂 الاجوبة كالاتي: ليش منت مطعم؟ مو شغلك ليش تبي تطعم؟ مو شغلك ليش طالعين ساحة الارادة؟ مو شغلك مع ولا ضد قرارات الحكومة؟ مو شغلك,Covid Vaccine,,1,Neutral,1,No,0,,,Not clear,Target: Covid Vaccine Text: قررت اني ما اناقش اليوم بموضوع اللقاح و كورونا لانه الكذابين صاروا قليلين ادب وانا مالي خلق عوار راس 😂 الاجوبة كالاتي: ليش منت مطعم؟ مو شغلك ليش تبي تطعم؟ مو شغلك ليش طالعين ساحة الارادة؟ مو شغلك مع ولا ضد قرارات الحكومة؟ مو شغلك,,,,,,,,,1,0,0.9746094,0.0063285828,0.019088745,2,0.9746094,0.1326708606152427,None,Against
3360,#مباشر ندوة مستقبل التحول نحو #التعليم_الإلكتروني و #التعليم_عن_بعد  URL URL,Digital Transformation,#مباشر ندوة مستقبل التحول نحو #التعليم الالكتروني و #التعليم عن بعد,Digital Transformation,Favor,2,Positive,2,No,0,F_Explicit,,,Target: Digital Transformation Text: #مباشر ندوة مستقبل التحول نحو #التعليم الالكتروني و #التعليم عن بعد,,,,,,,,,2,1,0.000620842,0.98291016,0.016403198,2,0.98291016,0.0889492560174741,Favor,None
3365, ماهو قلنا اول ما شغلوا تطبيق سهل .. الواقع مؤلم   عالجوا الواقع قبل التحول الالكتروني  لا ويقولك صباح الخالد لن أقبل الرجوع للمعاملات الورقية!!,Digital Transformation,ماهو قلنا اول ما شغلوا تطبيق سهل .. الواقع مؤلم عالجوا الواقع قبل التحول الالكتروني لا ويقولك صباح الخالد لن اقبل الرجوع للمعاملات الورقية!!,Digital Transformation,Favor,2,Positive,2,No,0,F_Explicit,,,Target: Digital Transformation Text: ماهو قلنا اول ما شغلوا تطبيق سهل .. الواقع مؤلم عالجوا الواقع قبل التحول الالكتروني لا ويقولك صباح الخالد لن اقبل الرجوع للمعاملات الورقية!!,,,,,,,,,2,0,0.99853516,0.0007405281,0.0005545616,2,0.99853516,0.0109593347796528,Favor,Against
3366,  العمل عن بعد مسموح حتى الحين  لكن مشكلة معقد لازم يوافق مدير ومسؤول مباشر ووكيل ووزير ولو يترك تحت تقدير المدير والمسؤول المباشر حسب مستجدات التحول الالكتروني ومدى التزام الموظف بالعمل وليس ثابت,Digital Transformation,العمل عن بعد مسموح حتي الحين لكن مشكلة معقد لازم يوافق مدير ومسؤول مباشر ووكيل ووزير ولو يترك تحت تقدير المدير والمسؤول المباشر حسب مستجدات التحول الالكتروني ومدي التزام الموظف بالعمل وليس ثابت,Digital Transformation,Favor,2,Neutral,1,No,0,F_Explicit,,,Target: Digital Transformation Text: العمل عن بعد مسموح حتي الحين لكن مشكلة معقد لازم يوافق مدير ومسؤول مباشر ووكيل ووزير ولو يترك تحت تقدير المدير والمسؤول المباشر حسب مستجدات التحول الالكتروني ومدي التزام الموظف بالعمل وليس ثابت,,,,,,,,,2,1,0.0013818741,0.8769531,0.1217041,2,0.8769531,0.380572806935458,Favor,None
3423,MENTION تره فعلا مرينا بهالتجربه حاشتنا كورونا والمطعمين ما حسينا بشي بس اللي ما تطعموا حالتهم صارت جداا سيئه واضطروا يدخلون المستشفي وصارت حالتين وفاة عندنا والسبب رفضهم لاخذ تطعيم,Covid Vaccine,مستخدم تره فعلا مرينا بهالتجربه حاشتنا كورونا والمطعمين ما حسينا بشي بس اللي ما تطعموا حالتهم صارت جداا سيئه واضطروا يدخلون المستشفي وصارت حالتين وفاة عندنا والسبب رفضهم لاخذ تطعيم,Covid Vaccine,Favor,2,Neutral,1,No,0,F_Explicit,,,Target: Covid Vaccine Text: مستخدم تره فعلا مرينا بهالتجربه حاشتنا كورونا والمطعمين ما حسينا بشي بس اللي ما تطعموا حالتهم صارت جداا سيئه واضطروا يدخلون المستشفي وصارت حالتين وفاة عندنا والسبب رفضهم لاخذ تطعيم,,,,,,,,,2,0,0.99853516,0.0005674362,0.00079107285,2,0.99853516,0.0113549392647016,Favor,Against
3472,MENTION انا ارفض اي معلم يدرس عيالي من غير تطعيم اذا مطعم وحاشه كورونا بقول هذا قضاء وقدر اما مو مطعم وينقله لعيالنا اهني لا اهو معرض اكثر من الي مطعم للعدوى,Covid Vaccine,مستخدم انا ارفض اي معلم يدرس عيالي من غير تطعيم اذا مطعم وحاشه كورونا بقول هذا قضاء وقدر اما مو مطعم وينقله لعيالنا اهني لا اهو معرض اكثر من الي مطعم للعدوي,Covid Vaccine,Favor,2,Neutral,1,No,0,F_Explicit,,,Target: Covid Vaccine Text: مستخدم انا ارفض اي معلم يدرس عيالي من غير تطعيم اذا مطعم وحاشه كورونا بقول هذا قضاء وقدر اما مو مطعم وينقله لعيالنا اهني لا اهو معرض اكثر من الي مطعم للعدوي,,,,,,,,,2,0,0.9814453,0.0024471283,0.01625061,2,0.9814453,0.100042094486614,Favor,Against
3520,MENTION MENTION MENTION MENTION طبعا تلاقيهم عادي مطعمين عيالهم عشر تطعيمات حتى يدخلون المدارس بل وأحيانا ثلاث تطعيمات في وقت واحد وهم ماكملوا ثلاث سنين وعادي الوضع طبيعي لكن تطعيم كورونا لااااااااا وألف لا,Covid Vaccine,مستخدم مستخدم مستخدم مستخدم طبعا تلاقيهم عادي مطعمين عيالهم عشر تطعيمات حتي يدخلون المدارس بل واحيانا ثلاث تطعيمات في وقت واحد وهم ماكملوا ثلاث سنين وعادي الوضع طبيعي لكن تطعيم كورونا لاا والف لا,Covid Vaccine,Favor,2,Neutral,1,Yes,1,F_Implicit,,,Target: Covid Vaccine Text: مستخدم مستخدم مستخدم مستخدم طبعا تلاقيهم عادي مطعمين عيالهم عشر تطعيمات حتي يدخلون المدارس بل واحيانا ثلاث تطعيمات في وقت واحد وهم ماكملوا ثلاث سنين وعادي الوضع طبيعي لكن تطعيم كورونا لاا والف لا,,,,,,,,,2,0,0.9716797,0.0013990402,0.027038574,2,0.9716797,0.1347324104633366,Favor,Against
3550,ماحد قتل المرأة وهي حية تتنفس الا الصحوة ' زمان كانت نسبة العنف و الفقر و البطالة و حتى الامراض النفسية عند النساء مرتفعة و بعد القرارت الايجابية تغير حالها للافضل عن السابق  . #تمكين_المرأة ,Women empowerment,ماحد قتل المراة وهي حية تتنفس الا الصحوة ' زمان كانت نسبة العنف و الفقر و البطالة و حتي الامراض النفسية عند النساء مرتفعة و بعد القرارت الايجابية تغير حالها للافضل عن السابق . #تمكين المراة,Women empowerment,Against,0,Positive,2,No,0,,A_Explicit,,Target: Women empowerment Text: ماحد قتل المراة وهي حية تتنفس الا الصحوة ' زمان كانت نسبة العنف و الفقر و البطالة و حتي الامراض النفسية عند النساء مرتفعة و بعد القرارت الايجابية تغير حالها للافضل عن السابق . #تمكين المراة,,,,,,,,,0,2,0.013687134,0.00015509129,0.9863281,2,0.9863281,0.0736739780437604,Against,Favor
3568,URL من يعتقد أن من تعافى من مرض كوفيد-19 لا يحتاج إلى تطعيم. فالمناعة التي يطوّرها الجسم بعد الإصابة بفيروس كورونا ما هي إلا مؤقتة ولابد من تعزيزها بالتطعيم..,Covid Vaccine,من يعتقد ان من تعافي من مرض كوفيد-19 لا يحتاج الي تطعيم. فالمناعة التي يطوّرها الجسم بعد الاصابة بفيروس كورونا ما هي الا مؤقتة ولابد من تعزيزها بالتطعيم..,Covid Vaccine,Favor,2,Positive,2,No,0,F_Explicit,,,Target: Covid Vaccine Text: من يعتقد ان من تعافي من مرض كوفيد-19 لا يحتاج الي تطعيم. فالمناعة التي يطوّرها الجسم بعد الاصابة بفيروس كورونا ما هي الا مؤقتة ولابد من تعزيزها بالتطعيم..,,,,,,,,,2,1,0.0066223145,0.9394531,0.05368042,2,0.9394531,0.2489014858825698,Favor,None
3602,  سهله هذي بكرا قدام الكاميرات ياخذون ابرة فيتامين او تطعيم انفلونزا ولقاح كورونا لها ناسها واهلها الطيبيين الحليلين,Covid Vaccine,سهله هذي بكرا قدام الكاميرات ياخذون ابرة فيتامين او تطعيم انفلونزا ولقاح كورونا لها ناسها واهلها الطيبيين الحليلين,Covid Vaccine,Against,0,Neutral,1,No,0,,A_Implicit,,Target: Covid Vaccine Text: سهله هذي بكرا قدام الكاميرات ياخذون ابرة فيتامين او تطعيم انفلونزا ولقاح كورونا لها ناسها واهلها الطيبيين الحليلين,,,,,,,,,0,2,0.0046577454,0.0013904572,0.9941406,2,0.9941406,0.0399972754137337,Against,Favor
3605, انا مع تمكين المرأة الله لايهينها 50% 😂,Women empowerment,انا مع تمكين المراة الله لايهينها 50% 😂,Women empowerment,Favor,2,Positive,2,No,0,F_Explicit,,,Target: Women empowerment Text: انا مع تمكين المراة الله لايهينها 50% 😂,,,,,,,,,2,0,0.9790039,0.0008239746,0.02017212,2,0.9790039,0.1053664110476747,Favor,Against
3623,معاملات بعض الجهات الحكومية كانت تستغرق دقيقتين إلى ثلاث.. ومع التحول الإلكتروني صارت تاخذ شهرين وفوقهم أسبوع  ولا زلت في الانتظار!,Digital Transformation,معاملات بعض الجهات الحكومية كانت تستغرق دقيقتين الي ثلاث.. ومع التحول الالكتروني صارت تاخذ شهرين وفوقهم اسبوع ولا زلت في الانتظار!,Digital Transformation,Against,0,Neutral,1,No,0,,A_Explicit,,Target: Digital Transformation Text: معاملات بعض الجهات الحكومية كانت تستغرق دقيقتين الي ثلاث.. ومع التحول الالكتروني صارت تاخذ شهرين وفوقهم اسبوع ولا زلت في الانتظار!,,,,,,,,,0,2,0.0982666,0.0013618469,0.9003906,2,0.9003906,0.3314471403885948,Against,Favor
3658, صدقت والله اخي الكريم. ١٠٠٠وظيفة لشاب تفتح ١٠٠٠بيت وتزوج الف فتاة وتبدأ ١٠٠٠اسرة. سولافة تمكين المرأة خلق مشكله كبيرة وتمييز عنيف وظهور فروق كبيرة ضد الشاب.اكيد لن تقبل فتاة عاملة او موظفة بشاب حتى لو كان مهندس او طبيب لا يعمل. ولكن العكس يحد,Women empowerment,صدقت والله اخي الكريم. ١٠٠وظيفة لشاب تفتح ١٠٠بيت وتزوج الف فتاة وتبدا ١٠٠اسرة. سولافة تمكين المراة خلق مشكله كبيرة وتمييز عنيف وظهور فروق كبيرة ضد الشاب.اكيد لن تقبل فتاة عاملة او موظفة بشاب حتي لو كان مهندس او طبيب لا يعمل. ولكن العكس يحد,Women empowerment,Against,0,Negative,0,No,0,,A_Explicit,,Target: Women empowerment Text: صدقت والله اخي الكريم. ١٠٠وظيفة لشاب تفتح ١٠٠بيت وتزوج الف فتاة وتبدا ١٠٠اسرة. سولافة تمكين المراة خلق مشكله كبيرة وتمييز عنيف وظهور فروق كبيرة ضد الشاب.اكيد لن تقبل فتاة عاملة او موظفة بشاب حتي لو كان مهندس او طبيب لا يعمل. ولكن العكس يحد,,,,,,,,,0,2,0.45166016,0.00027489662,0.54785156,2,0.54785156,0.6909149761878495,Against,Favor
3674, اي تحول رقمي الله يصلحكم وحنا صار لنا سنة كاملة نتابع خلف معاملة مياه راكدة ولا حس ولا خبر ولا استجابه على الإطلاق  إذا لم يكن التطوير يمس الخدمات بشكل مباشر فما جدوى التحول الرقمي,Digital Transformation,اي تحول رقمي الله يصلحكم وحنا صار لنا سنة كاملة نتابع خلف معاملة مياه راكدة ولا حس ولا خبر ولا استجابه علي الاطلاق اذا لم يكن التطوير يمس الخدمات بشكل مباشر فما جدوي التحول الرقمي,Digital Transformation,Favor,2,Positive,2,No,0,F_Explicit,,,Target: Digital Transformation Text: اي تحول رقمي الله يصلحكم وحنا صار لنا سنة كاملة نتابع خلف معاملة مياه راكدة ولا حس ولا خبر ولا استجابه علي الاطلاق اذا لم يكن التطوير يمس الخدمات بشكل مباشر فما جدوي التحول الرقمي,,,,,,,,,2,0,0.96777344,0.0033302307,0.02909851,2,0.96777344,0.1536230448468042,Favor,Against
3676,MENTION تمكين المرأة الصحيح هو برجوعنا لتعاليم الإسلام نحوها👍🏻  عدا ذلك هو امتهان لها وجرأة على خالقنا,Women empowerment,مستخدم تمكين المراة الصحيح هو برجوعنا لتعاليم الاسلام نحوها👍🏻 عدا ذلك هو امتهان لها وجراة علي خالقنا,Women empowerment,Favor,2,Positive,2,No,0,F_Explicit,,,Target: Women empowerment Text: مستخدم تمكين المراة الصحيح هو برجوعنا لتعاليم الاسلام نحوها👍🏻 عدا ذلك هو امتهان لها وجراة علي خالقنا,,,,,,,,,2,0,0.9716797,0.0011377335,0.026992798,2,0.9716797,0.1331307988468049,Favor,Against
3694,إحدى موظفات الطاقم الطبي في ألاسكا الأمريكية  تعرضت لحالة حساسية غريبة في ملامح وجهها بعد أن أخذت تطعيم فريزر ضد كورونا ,Covid Vaccine,احدي موظفات الطاقم الطبي في الاسكا الامريكية تعرضت لحالة حساسية غريبة في ملامح وجهها بعد ان اخذت تطعيم فريزر ضد كورونا,Covid Vaccine,Against,0,Neutral,1,No,0,,A_Implicit,,Target: Covid Vaccine Text: احدي موظفات الطاقم الطبي في الاسكا الامريكية تعرضت لحالة حساسية غريبة في ملامح وجهها بعد ان اخذت تطعيم فريزر ضد كورونا,,,,,,,,,0,1,0.01146698,0.98339844,0.005306244,2,0.98339844,0.0954994326945129,Against,None
3791,من أهم المؤشرات التي استند اليها المسح هو مؤشر رأس المال البشري والذي يعتبر الاداة الحقيقية في تفعيل #الحكومة الالكترونية واذا كان رأس المال البشري غير مؤهل وغير قابل للتغير فهذي اكبر معظلة تواجهها الحكومة للتحول الرقمي او التحول الي الحكومة الذكية,Digital Transformation,من اهم المؤشرات التي استند اليها المسح هو مؤشر راس المال البشري والذي يعتبر الاداة الحقيقية في تفعيل #الحكومة الالكترونية واذا كان راس المال البشري غير مؤهل وغير قابل للتغير فهذي اكبر معظلة تواجهها الحكومة للتحول الرقمي او التحول الي الحكومة الذكية,Digital Transformation,,1,Neutral,1,No,0,,,Not clear,Target: Digital Transformation Text: من اهم المؤشرات التي استند اليها المسح هو مؤشر راس المال البشري والذي يعتبر الاداة الحقيقية في تفعيل #الحكومة الالكترونية واذا كان راس المال البشري غير مؤهل وغير قابل للتغير فهذي اكبر معظلة تواجهها الحكومة للتحول الرقمي او التحول الي الحكومة الذكية,,,,,,,,,1,2,0.057434082,0.21875,0.7236328,2,0.7236328,0.7306321664426678,None,Favor
3796,اسوأ**  بس يعني خسرنا التقييم و ربحنا تمكين المرأه 👍❤,Women empowerment,اسوا** بس يعني خسرنا التقييم و ربحنا تمكين المراه 👍❤,Women empowerment,Favor,2,Positive,2,No,0,F_Explicit,,,Target: Women empowerment Text: اسوا** بس يعني خسرنا التقييم و ربحنا تمكين المراه 👍❤,,,,,,,,,2,0,0.99853516,0.00017893314,0.001285553,2,0.99853516,0.0115650596768983,Favor,Against
3848,متابعينى اللى ماخذين تطعيم لقاح كورونا بلوك,Covid Vaccine,متابعيني اللي ماخذين تطعيم لقاح كورونا بلوك,Covid Vaccine,Favor,2,Neutral,1,No,0,F_Explicit,,,Target: Covid Vaccine Text: متابعيني اللي ماخذين تطعيم لقاح كورونا بلوك,,,,,,,,,2,0,0.8364258,0.14526367,0.018218994,2,0.8364258,0.5026159875274863,Favor,Against
3854,بعض الحريم (البنات) والفهم الخاطئ لـ #تمكين_المرأة  #حقيقه_يجب_ادراكها  #حقيقة ,Women empowerment,بعض الحريم (البنات) والفهم الخاطئ ل #تمكين المراة #حقيقه يجب ادراكها #حقيقة,Women empowerment,Against,0,Neutral,1,No,0,,A_Explicit,,Target: Women empowerment Text: بعض الحريم (البنات) والفهم الخاطئ ل #تمكين المراة #حقيقه يجب ادراكها #حقيقة,,,,,,,,,0,2,0.06286621,0.005859375,0.93115234,2,0.93115234,0.2704716828603773,Against,Favor
3878,ابي اعرف بس ايش الدلاخه ذي موعد عشان اروح مركز شرطه ؟ ابي ادعس هالبقر فاهمين التحول الالكتروني غلط,Digital Transformation,ابي اعرف بس ايش الدلاخه ذي موعد عشان اروح مركز شرطه ؟ ابي ادعس هالبقر فاهمين التحول الالكتروني غلط,Digital Transformation,,1,Neutral,1,No,0,,,Not clear,Target: Digital Transformation Text: ابي اعرف بس ايش الدلاخه ذي موعد عشان اروح مركز شرطه ؟ ابي ادعس هالبقر فاهمين التحول الالكتروني غلط,,,,,,,,,1,2,0.010658264,0.45703125,0.53222656,2,0.53222656,0.7419285716888974,None,Favor
4071, أصلاً عندنا مسؤولين بمناصب عليا ولا يزالون لا يعرفون التعامل بالتقنية الحديثة   لدرجة أن بعضهم لا يعرف طريقة الرد على البريد الالكتروني والمراسلات.  عندنا أمّية تقنية يجب القضاء عليها قبل التحول الرقمي والحوكمة الإلكترونية.,Digital Transformation,اصلاً عندنا مسؤولين بمناصب عليا ولا يزالون لا يعرفون التعامل بالتقنية الحديثة لدرجة ان بعضهم لا يعرف طريقة الرد علي البريد الالكتروني والمراسلات. عندنا امّية تقنية يجب القضاء عليها قبل التحول الرقمي والحوكمة الالكترونية.,Digital Transformation,Favor,2,Positive,2,No,0,F_Explicit,,,Target: Digital Transformation Text: اصلاً عندنا مسؤولين بمناصب عليا ولا يزالون لا يعرفون التعامل بالتقنية الحديثة لدرجة ان بعضهم لا يعرف طريقة الرد علي البريد الالكتروني والمراسلات. عندنا امّية تقنية يجب القضاء عليها قبل التحول الرقمي والحوكمة الالكترونية.,,,,,,,,,2,1,0.0036087036,0.9199219,0.07659912,2,0.9199219,0.2938756188801111,Favor,None
4073,"الاتصالات وتقنية المعلومات  وحسب قولها فإن ""وحدة التحوّل الرقمي تؤدي دورًا جوهريًا في مسيرة المملكة لبناء مستقبل رقمي مسترشدةً بخريطة طريق رؤية التحوّل الرقمي بهدف الارتقاء بمكانة السعودية رقميًا بين دول العالم"".",Digital Transformation,"الاتصالات وتقنية المعلومات وحسب قولها فان ""وحدة التحوّل الرقمي تؤدي دورًا جوهريًا في مسيرة المملكة لبناء مستقبل رقمي مسترشدةً بخريطة طريق رؤية التحوّل الرقمي بهدف الارتقاء بمكانة السعودية رقميًا بين دول العالم"".",Digital Transformation,Against,0,Negative,0,No,0,,A_Explicit,,"Target: Digital Transformation Text: الاتصالات وتقنية المعلومات وحسب قولها فان ""وحدة التحوّل الرقمي تؤدي دورًا جوهريًا في مسيرة المملكة لبناء مستقبل رقمي مسترشدةً بخريطة طريق رؤية التحوّل الرقمي بهدف الارتقاء بمكانة السعودية رقميًا بين دول العالم"".",,,,,,,,,0,2,0.0011253357,0.00034427643,0.99853516,2,0.99853516,0.0118497118657573,Against,Favor
4109,بفكر أطعم ... بس لسه خايفه ومتردده #تطعيم_كورونا,Covid Vaccine,بفكر اطعم .. بس لسه خايفه ومتردده #تطعيم كورونا,Covid Vaccine,,1,Neutral,1,No,0,,,Not clear,Target: Covid Vaccine Text: بفكر اطعم .. بس لسه خايفه ومتردده #تطعيم كورونا,,,,,,,,,1,2,0.1862793,0.006454468,0.8071289,2,0.8071289,0.5185386860697139,None,Favor
1930,معليش شوي بس تشغل مخها الله يصلحها الحكومات قاعدة تدفع مليارات عشان توصلهم اللقاحات بأسرع وقت عشان تقضي عليهم مثلا  بدول كثير العالم يبون تطعيم و مو قادرين تبعات كورونا كثيرة اهمها تبعات اقتصادية وهذول يجيبون افكار مدري كيف تعبت 😅 ,Covid Vaccine,معليش شوي بس تشغل مخها الله يصلحها الحكومات قاعدة تدفع مليارات عشان توصلهم اللقاحات بأسرع وقت عشان تقضي عليهم مثلا  بدول كثير العالم يبون تطعيم و مو قادرين تبعات كورونا كثيرة اهمها تبعات اقتصادية وهذول يجيبون افكار مدري كيف تعبت 😅,Covid Vaccine,Against,0,Neutral,1,No,0,,A_Implicit,,Target: Covid Vaccine Text: معليش شوي بس تشغل مخها الله يصلحها الحكومات قاعدة تدفع مليارات عشان توصلهم اللقاحات بأسرع وقت عشان تقضي عليهم مثلا  بدول كثير العالم يبون تطعيم و مو قادرين تبعات كورونا كثيرة اهمها تبعات اقتصادية وهذول يجيبون افكار مدري كيف تعبت 😅,,معليش شوي بس تشغل مخها الله يصلحها الحكومات قاعدة تدفع مليارات عشان توصلهم اللقاحات بأسرع وقت عشان تقضي عليهم مثلا  بدول كثير العالم يبون تطعيم و مو قادرين تبعات كورونا كثيرة اهمها تبعات اقتصادية وهذول يجيبون افكار مدري كيف تعبت 😅 ,Covid Vaccine,0.4183,0.6128,0.693,2021-06-20 20:54:59+00:00,20/06/2021,0,2,0.09185791,0.017929077,0.8901367,2,0.8901367,0.3950049725064714,Against,Favor
91,   ثانيا انا ما قلت ان النظام الالكتروني او التحول الرقمي ما ينجح انا قلت يحتاج اشياء لدعمة اكثر.. و لتمهيد له.. الانتقال الالكتروني مجاله كبير و واسع التدريب الصح وتقوية الانترنت والشبكة الداخلية الرابطة كل الجهات مهمة ج,Digital Transformation,ثانيا انا ما قلت ان النظام الالكتروني او التحول الرقمي ما ينجح انا قلت يحتاج اشياء لدعمة اكثر.. و لتمهيد له.. الانتقال الالكتروني مجاله كبير و واسع التدريب الصح وتقوية الانترنت والشبكة الداخلية الرابطة كل الجهات مهمة ج,Digital Transformation,,1,Neutral,1,No,0,,,Not clear,Target: Digital Transformation Text: ثانيا انا ما قلت ان النظام الالكتروني او التحول الرقمي ما ينجح انا قلت يحتاج اشياء لدعمة اكثر.. و لتمهيد له.. الانتقال الالكتروني مجاله كبير و واسع التدريب الصح وتقوية الانترنت والشبكة الداخلية الرابطة كل الجهات مهمة ج,,   ثانيا انا ما قلت ان النظام الالكتروني او التحول الرقمي ما ينجح انا قلت يحتاج اشياء لدعمة اكثر.. و لتمهيد له.. الانتقال الالكتروني مجاله كبير و واسع التدريب الصح وتقوية الانترنت والشبكة الداخلية الرابطة كل الجهات مهمة ج,Digital Transformation,0.559,1.0,0.661,2021-02-04 00:36:48+00:00,04/02/2021,1,2,0.00046634674,0.00037240982,0.99902344,2,0.99902344,0.0074936010673033,None,Favor
3956, امس كنت وياهم فالبرنامج، تصدق ما عرفت انها، سبحان الله النفاق يجري في عروقهم، ويوم تكلمت عن الامارات وقيادتها في تمكين المراة ومساوتها بالرجل وان للمراة مكانه في كل المجالات تكهربوا هي والي معاها 😂 ..,Women empowerment,امس كنت وياهم فالبرنامج، تصدق ما عرفت انها، سبحان الله النفاق يجري في عروقهم، ويوم تكلمت عن الامارات وقيادتها في تمكين المراة ومساوتها بالرجل وان للمراة مكانه في كل المجالات تكهربوا هي والي معاها 😂 ..,Women empowerment,Against,0,Negative,0,No,0,,A_Explicit,,Target: Women empowerment Text: امس كنت وياهم فالبرنامج، تصدق ما عرفت انها، سبحان الله النفاق يجري في عروقهم، ويوم تكلمت عن الامارات وقيادتها في تمكين المراة ومساوتها بالرجل وان للمراة مكانه في كل المجالات تكهربوا هي والي معاها 😂 ..,, امس كنت وياهم فالبرنامج، تصدق ما عرفت انها، سبحان الله النفاق يجري في عروقهم، ويوم تكلمت عن الامارات وقيادتها في تمكين المراة ومساوتها بالرجل وان للمراة مكانه في كل المجالات تكهربوا هي والي معاها 😂 ..,Women empowerment,0.4049,0.5813,0.8275,2021-02-14 14:24:34+00:00,14/02/2021,0,2,0.0005803108,0.0020771027,0.9975586,2,0.9975586,0.0195926716162875,Against,Favor
1930,معليش شوي بس تشغل مخها الله يصلحها الحكومات قاعدة تدفع مليارات عشان توصلهم اللقاحات بأسرع وقت عشان تقضي عليهم مثلا  بدول كثير العالم يبون تطعيم و مو قادرين تبعات كورونا كثيرة اهمها تبعات اقتصادية وهذول يجيبون افكار مدري كيف تعبت 😅 ,Covid Vaccine,معليش شوي بس تشغل مخها الله يصلحها الحكومات قاعدة تدفع مليارات عشان توصلهم اللقاحات باسرع وقت عشان تقضي عليهم مثلا بدول كثير العالم يبون تطعيم و مو قادرين تبعات كورونا كثيرة اهمها تبعات اقتصادية وهذول يجيبون افكار مدري كيف تعبت 😅,Covid Vaccine,Against,0,Neutral,1,No,0,,A_Implicit,,Target: Covid Vaccine Text: معليش شوي بس تشغل مخها الله يصلحها الحكومات قاعدة تدفع مليارات عشان توصلهم اللقاحات باسرع وقت عشان تقضي عليهم مثلا بدول كثير العالم يبون تطعيم و مو قادرين تبعات كورونا كثيرة اهمها تبعات اقتصادية وهذول يجيبون افكار مدري كيف تعبت 😅,,,,,,,,,0,2,0.050811768,0.0030288696,0.94628906,2,0.94628906,0.2212082254530117,Against,Favor
3, روح حلل محد يم تطعيم كورونا شف الحرم البارح مليونين بدون شرط تحصين😅,Covid Vaccine,روح حلل محد يم تطعيم كورونا شف الحرم البارح مليونين بدون شرط تحصين😅,Covid Vaccine,,1,Neutral,1,Yes,1,,,Not clear,Target: Covid Vaccine Text: روح حلل محد يم تطعيم كورونا شف الحرم البارح مليونين بدون شرط تحصين😅,,,,,,,,,1,2,0.20153809,0.28955078,0.50878906,3,0.50878906,1.0254952544062526,None,Favor
37, تطلبون التحول الالكتروني  هذا هو,Digital Transformation,تطلبون التحول الالكتروني هذا هو,Digital Transformation,,1,Neutral,1,No,0,,,Not clear,Target: Digital Transformation Text: تطلبون التحول الالكتروني هذا هو,,,,,,,,,1,2,0.21435547,0.10229492,0.68310547,3,0.68310547,0.8236903572975471,None,Favor
76,#تمكين_المرأة من وجهة نظر الديناصورات 🦖 URL,Women empowerment,#تمكين المراة من وجهة نظر الديناصورات 🦖,Women empowerment,,1,Neutral,1,Yes,1,,,Not clear,Target: Women empowerment Text: #تمكين المراة من وجهة نظر الديناصورات 🦖,,,,,,,,,1,0,0.8300781,0.15637207,0.013313293,3,0.8300781,0.5022410497256491,None,Against
186, التحول الرقمي وانتو ما تردو علي المتابعين!  تحول رقمي وهذا البرنامج الي معتمدين عليه؟ URL,Digital Transformation,التحول الرقمي وانتو ما تردو علي المتابعين! تحول رقمي وهذا البرنامج الي معتمدين عليه؟,Digital Transformation,Against,0,Negative,0,No,0,,A_Explicit,,Target: Digital Transformation Text: التحول الرقمي وانتو ما تردو علي المتابعين! تحول رقمي وهذا البرنامج الي معتمدين عليه؟,,,,,,,,,0,1,0.30810547,0.6586914,0.033111572,3,0.6586914,0.750580377394362,Against,None
224,    ماقلت تمكين المرأة يضايقني قلت تمكينها بما لا يرضى الله بل لإرضاء الغرب ليقولوا السعودية ليست كما في الإعلام,Women empowerment,ماقلت تمكين المراة يضايقني قلت تمكينها بما لا يرضي الله بل لارضاء الغرب ليقولوا السعودية ليست كما في الاعلام,Women empowerment,,1,Negative,0,No,0,,,Not clear,Target: Women empowerment Text: ماقلت تمكين المراة يضايقني قلت تمكينها بما لا يرضي الله بل لارضاء الغرب ليقولوا السعودية ليست كما في الاعلام,,,,,,,,,1,0,0.9892578,0.0030288696,0.0075263977,3,0.9892578,0.0650495312733637,None,Against
271,  *يتبع ٢ الجمعية واجبها تمكين المرأة(حتى المعاقات) لكن من ينقذ ويمكن المعاقات ماديا بائعات الشوارع والمديونات الإنجاز أن تؤهل وتمكن هؤلاء الفقيرات بمشاريع قابلة للإستمراية  لكن الإستمرارية شرطها إجتهاد وحضانة من الجمعية لهن لسنين حتى,Women empowerment,*يتبع ٢ الجمعية واجبها تمكين المراة(حتي المعاقات) لكن من ينقذ ويمكن المعاقات ماديا بائعات الشوارع والمديونات الانجاز ان تؤهل وتمكن هؤلاء الفقيرات بمشاريع قابلة للاستمراية لكن الاستمرارية شرطها اجتهاد وحضانة من الجمعية لهن لسنين حتي,Women empowerment,,1,Neutral,1,No,0,,,Not clear,Target: Women empowerment Text: *يتبع ٢ الجمعية واجبها تمكين المراة(حتي المعاقات) لكن من ينقذ ويمكن المعاقات ماديا بائعات الشوارع والمديونات الانجاز ان تؤهل وتمكن هؤلاء الفقيرات بمشاريع قابلة للاستمراية لكن الاستمرارية شرطها اجتهاد وحضانة من الجمعية لهن لسنين حتي,,,,,,,,,1,2,0.25756836,0.14453125,0.59765625,3,0.59765625,0.9365820248334388,None,Favor
288, يسلمك ربي من كل شر يا بو يعقوب 🌷 هذا اللي أخذناه من تطعيم كورونا وأنا أختك 🤦🏻‍♀️ الله المستعان والحمدلله على كل حال,Covid Vaccine,يسلمك ربي من كل شر يا بو يعقوب 🌷 هذا اللي اخذناه من تطعيم كورونا وانا اختك 🤦🏻‍♀️ الله المستعان والحمدلله علي كل حال,Covid Vaccine,,1,Neutral,1,No,0,,,Not clear,Target: Covid Vaccine Text: يسلمك ربي من كل شر يا بو يعقوب 🌷 هذا اللي اخذناه من تطعيم كورونا وانا اختك 🤦🏻‍♀️ الله المستعان والحمدلله علي كل حال,,,,,,,,,1,2,0.028686523,0.03616333,0.9350586,3,0.9350586,0.2847125213900016,None,Favor
309,"وجه معالي #وزير_العدل د. وليد الصمعاني بإطلاق خدمة "" التقاضي عن بعد"" وأقر دليلها الإجرائي  ضمن جهود الوزارة لاستكمال منظومة التحول الرقمي ودعم سرعة الإنجاز وجودة المخرجات  وتفعيل وتكامل مسار التقاضي الإلكتروني.  URL  #وزارة_العدل URL",Digital Transformation,"وجه معالي #وزير العدل د. وليد الصمعاني باطلاق خدمة "" التقاضي عن بعد"" واقر دليلها الاجرائي ضمن جهود الوزارة لاستكمال منظومة التحول الرقمي ودعم سرعة الانجاز وجودة المخرجات وتفعيل وتكامل مسار التقاضي الالكتروني. #وزارة العدل",Digital Transformation,,1,Neutral,1,No,0,,,Not clear,"Target: Digital Transformation Text: وجه معالي #وزير العدل د. وليد الصمعاني باطلاق خدمة "" التقاضي عن بعد"" واقر دليلها الاجرائي ضمن جهود الوزارة لاستكمال منظومة التحول الرقمي ودعم سرعة الانجاز وجودة المخرجات وتفعيل وتكامل مسار التقاضي الالكتروني. #وزارة العدل",,,,,,,,,1,2,0.008979797,0.035827637,0.9550781,3,0.9550781,0.2054887264998643,None,Favor
356,"حد يصحح لي اذا كنت غلطان ألم يكن  المعنيين بالتحول الإلكتروني عام ٢٠١٢ هم نفسهم المسؤولين عن""كدس"" من  الندوات والمؤتمرات اللي تقود الي هذا التحول ولكن التحول نفسه ""تعثر"" في الدرب الين الحين URL",Digital Transformation,"حد يصحح لي اذا كنت غلطان الم يكن المعنيين بالتحول الالكتروني عام ٢٠١٢ هم نفسهم المسؤولين عن""كدس"" من الندوات والمؤتمرات اللي تقود الي هذا التحول ولكن التحول نفسه ""تعثر"" في الدرب الين الحين",Digital Transformation,Favor,2,Negative,0,No,0,F_Explicit,,,"Target: Digital Transformation Text: حد يصحح لي اذا كنت غلطان الم يكن المعنيين بالتحول الالكتروني عام ٢٠١٢ هم نفسهم المسؤولين عن""كدس"" من الندوات والمؤتمرات اللي تقود الي هذا التحول ولكن التحول نفسه ""تعثر"" في الدرب الين الحين",,,,,,,,,2,0,0.37329102,0.33276367,0.2939453,3,0.37329102,1.0938825985197174,Favor,Against
424, اسوء شي التحول الكامل للدفع الالكتروني,Digital Transformation,اسوء شي التحول الكامل للدفع الالكتروني,Digital Transformation,,1,Neutral,1,No,0,,,Not clear,Target: Digital Transformation Text: اسوء شي التحول الكامل للدفع الالكتروني,,,,,,,,,1,0,0.9121094,0.028411865,0.059509277,3,0.9121094,0.3529957490864759,None,Against
480,  أين المفر #العمل_عن_بعد  #التعليم_عن_بُعد #التحول_الرقمي #التحول_الالكتروني #الثورة_الصناعية_الرابعة #انترنت_الاشياء #التجارة_الالكترونية #التخزين_السحابي #العملات_الرقمية #CloudComputing #VoIP #blockchain   #etc.,Digital Transformation,اين المفر #العمل عن بعد #التعليم عن بُعد #التحول الرقمي #التحول الالكتروني #الثورة الصناعية الرابعة #انترنت الاشياء #التجارة الالكترونية #التخزين السحابي #العملات الرقمية #CloudComputing #VoIP #blockchain #etc.,Digital Transformation,,1,Neutral,1,No,0,,,Not clear,Target: Digital Transformation Text: اين المفر #العمل عن بعد #التعليم عن بُعد #التحول الرقمي #التحول الالكتروني #الثورة الصناعية الرابعة #انترنت الاشياء #التجارة الالكترونية #التخزين السحابي #العملات الرقمية #CloudComputing #VoIP #blockchain #etc.,,,,,,,,,1,2,0.13305664,0.19824219,0.66845703,3,0.66845703,0.8584244275324935,None,Favor
481, السبب طول الفترة التي تعرضت المرأة للظلم والتهميش٣٠ سنة فأصبحت ثقافة سائدة والتسارع في ال ٥ سنوات الأخيرة التي حصلت فيها المرأة من تمكين وحقوق فلم يستطيعوا مواكبة هذا التغير واصبحوا في حالة صمت او تنظير خاصة عند الإرتباط في علاقة زواج وعند تعلي,Women empowerment,السبب طول الفترة التي تعرضت المراة للظلم والتهميش٣٠ سنة فاصبحت ثقافة سائدة والتسارع في ال ٥ سنوات الاخيرة التي حصلت فيها المراة من تمكين وحقوق فلم يستطيعوا مواكبة هذا التغير واصبحوا في حالة صمت او تنظير خاصة عند الارتباط في علاقة زواج وعند تعلي,Women empowerment,Favor,2,Neutral,1,No,0,F_Explicit,,,Target: Women empowerment Text: السبب طول الفترة التي تعرضت المراة للظلم والتهميش٣٠ سنة فاصبحت ثقافة سائدة والتسارع في ال ٥ سنوات الاخيرة التي حصلت فيها المراة من تمكين وحقوق فلم يستطيعوا مواكبة هذا التغير واصبحوا في حالة صمت او تنظير خاصة عند الارتباط في علاقة زواج وعند تعلي,,,,,,,,,2,0,0.6308594,0.038909912,0.33007812,3,0.6308594,0.7828078451240307,Favor,Against
489,ونماذج عن التصور السطحي العبيط لتمكين المرأة بانه في اي مكان حكومه او منظمه حطو واحدة ولا أثنين في مركز مهم وهكي نكونو حققنا تمكين المرأة قدام الدول اللي برا ونتفكو من نفخ الرأس... ونولو نديرو نفس اللي كنا نديرو فيه براحتنا URL,Women empowerment,ونماذج عن التصور السطحي العبيط لتمكين المراة بانه في اي مكان حكومه او منظمه حطو واحدة ولا اثنين في مركز مهم وهكي نكونو حققنا تمكين المراة قدام الدول اللي برا ونتفكو من نفخ الراس.. ونولو نديرو نفس اللي كنا نديرو فيه براحتنا,Women empowerment,Against,0,Negative,0,No,0,,A_Explicit,,Target: Women empowerment Text: ونماذج عن التصور السطحي العبيط لتمكين المراة بانه في اي مكان حكومه او منظمه حطو واحدة ولا اثنين في مركز مهم وهكي نكونو حققنا تمكين المراة قدام الدول اللي برا ونتفكو من نفخ الراس.. ونولو نديرو نفس اللي كنا نديرو فيه براحتنا,,,,,,,,,0,2,0.042541504,0.0126953125,0.9448242,3,0.9448242,0.2433744196784667,Against,Favor
499,"  و أين الحملة الإعلامية ( #لنكن_على_دراية ؟ )  #dirayakw و التي هدفها منذ أشهر توعية المستهلك و العميل المصرفي؟ هل هم على ""دراية"" في هذه الرسوم على #التحول_الرقمي ؟  هناك سياسات و استراتيجيات للتحول الرقمي و ا",Digital Transformation,"و اين الحملة الاعلامية ( #لنكن علي دراية ؟ ) #dirayakw و التي هدفها منذ اشهر توعية المستهلك و العميل المصرفي؟ هل هم علي ""دراية"" في هذه الرسوم علي #التحول الرقمي ؟ هناك سياسات و استراتيجيات للتحول الرقمي و ا",Digital Transformation,Favor,2,Neutral,1,No,0,F_Explicit,,,"Target: Digital Transformation Text: و اين الحملة الاعلامية ( #لنكن علي دراية ؟ ) #dirayakw و التي هدفها منذ اشهر توعية المستهلك و العميل المصرفي؟ هل هم علي ""دراية"" في هذه الرسوم علي #التحول الرقمي ؟ هناك سياسات و استراتيجيات للتحول الرقمي و ا",,,,,,,,,2,1,0.19226074,0.7104492,0.097351074,3,0.7104492,0.7866645576469742,Favor,None
506,  البلديات المكان الوحيد لي اتشائم لما اروح اخلص فيه معاملة موظفين قدامى جداً معاملات ورقية اجراءات معقدة  حقيقة هذه الجهة جداً بطيئة في التحول الالكتروني,Digital Transformation,البلديات المكان الوحيد لي اتشائم لما اروح اخلص فيه معاملة موظفين قدامي جداً معاملات ورقية اجراءات معقدة حقيقة هذه الجهة جداً بطيئة في التحول الالكتروني,Digital Transformation,Favor,2,Positive,2,No,0,F_Explicit,,,Target: Digital Transformation Text: البلديات المكان الوحيد لي اتشائم لما اروح اخلص فيه معاملة موظفين قدامي جداً معاملات ورقية اجراءات معقدة حقيقة هذه الجهة جداً بطيئة في التحول الالكتروني,,,,,,,,,2,0,0.72558594,0.04373169,0.23083496,3,0.72558594,0.708032794261957,Favor,Against
520, ااااه يا الشيبة خلفان حتى التحول الالكتروني ما فالحين فيه   المشوار طويل,Digital Transformation,ااه يا الشيبة خلفان حتي التحول الالكتروني ما فالحين فيه المشوار طويل,Digital Transformation,Favor,2,Negative,0,No,0,F_Explicit,,,Target: Digital Transformation Text: ااه يا الشيبة خلفان حتي التحول الالكتروني ما فالحين فيه المشوار طويل,,,,,,,,,2,0,0.74121094,0.083740234,0.1751709,3,0.74121094,0.7347957488811587,Favor,Against
528,الأولى تطعيم الثانيه تعزيز الثالثه تنشيط الرابعه اتوقع تكثيف   #لقاح_كورونا,Covid Vaccine,الاولي تطعيم الثانيه تعزيز الثالثه تنشيط الرابعه اتوقع تكثيف #لقاح كورونا,Covid Vaccine,,1,Neutral,1,No,0,,,Not clear,Target: Covid Vaccine Text: الاولي تطعيم الثانيه تعزيز الثالثه تنشيط الرابعه اتوقع تكثيف #لقاح كورونا,,,,,,,,,1,2,0.033477783,0.12805176,0.8383789,3,0.8383789,0.5247009571237443,None,Favor
555,إنهـا عبارة عن أساليب لتعزيز دوافع فكرك  في الأوقات التي تواجه فيهـا أسـوا أعدائك  كما أن سلوكك  هو الذي يجبرك على التحول إلى التشتت الإلكتروني. هناك الكثير من النصائح التي تفيد الإنتاجية بشكل عام  وكذلك لمجابهة التشتت الرقمي. سنطالع في الفصليـن القادمين ما تفعله عندما يكون,Digital Transformation,انها عبارة عن اساليب لتعزيز دوافع فكرك في الاوقات التي تواجه فيها اسوا اعدائك كما ان سلوكك هو الذي يجبرك علي التحول الي التشتت الالكتروني. هناك الكثير من النصائح التي تفيد الانتاجية بشكل عام وكذلك لمجابهة التشتت الرقمي. سنطالع في الفصلين القادمين ما تفعله عندما يكون,Digital Transformation,Favor,2,Positive,2,No,0,F_Explicit,,,Target: Digital Transformation Text: انها عبارة عن اساليب لتعزيز دوافع فكرك في الاوقات التي تواجه فيها اسوا اعدائك كما ان سلوكك هو الذي يجبرك علي التحول الي التشتت الالكتروني. هناك الكثير من النصائح التي تفيد الانتاجية بشكل عام وكذلك لمجابهة التشتت الرقمي. سنطالع في الفصلين القادمين ما تفعله عندما يكون,,,,,,,,,2,1,0.04095459,0.8779297,0.08123779,3,0.8779297,0.4490957213997698,Favor,None
575,  حلم الكثيرين استاذ سعود قد يأتي تدريجيا وعسى أن لا يطول الانتظار .. فنحن الآن نحاول الخروج من عنق زجاجة أحد التحديات الكبيرة وهي تسارع حاجة التحول الإلكتروني مقابل البنية التحتية للاتصالات...,Digital Transformation,حلم الكثيرين استاذ سعود قد ياتي تدريجيا وعسي ان لا يطول الانتظار .. فنحن الان نحاول الخروج من عنق زجاجة احد التحديات الكبيرة وهي تسارع حاجة التحول الالكتروني مقابل البنية التحتية للاتصالات..,Digital Transformation,,1,Neutral,1,No,0,,,Not clear,Target: Digital Transformation Text: حلم الكثيرين استاذ سعود قد ياتي تدريجيا وعسي ان لا يطول الانتظار .. فنحن الان نحاول الخروج من عنق زجاجة احد التحديات الكبيرة وهي تسارع حاجة التحول الالكتروني مقابل البنية التحتية للاتصالات..,,,,,,,,,1,2,0.008766174,0.01890564,0.97216797,3,0.97216797,0.1439883250830655,None,Favor
590,كيف يمكن تحقيق مثل هذه المبادرة؟ تم وضع خطط مختلفة لبناء اقتصاد رقمي وحكومة رقمية ومجتمع رقمي بحيث تقوم كل جهة حكومية او خاصة بتسريع التحول الرقمي مع تجهيز البنية التحتية لذلك و إشراك السكان  في مثل هذه المبادرة.مع مراعاة الجوانب الثقافية وخصوصية المتجمع السنغافوري.,Digital Transformation,كيف يمكن تحقيق مثل هذه المبادرة؟ تم وضع خطط مختلفة لبناء اقتصاد رقمي وحكومة رقمية ومجتمع رقمي بحيث تقوم كل جهة حكومية او خاصة بتسريع التحول الرقمي مع تجهيز البنية التحتية لذلك و اشراك السكان في مثل هذه المبادرة.مع مراعاة الجوانب الثقافية وخصوصية المتجمع السنغافوري.,Digital Transformation,Favor,2,Neutral,1,No,0,F_Explicit,,,Target: Digital Transformation Text: كيف يمكن تحقيق مثل هذه المبادرة؟ تم وضع خطط مختلفة لبناء اقتصاد رقمي وحكومة رقمية ومجتمع رقمي بحيث تقوم كل جهة حكومية او خاصة بتسريع التحول الرقمي مع تجهيز البنية التحتية لذلك و اشراك السكان في مثل هذه المبادرة.مع مراعاة الجوانب الثقافية وخصوصية المتجمع السنغافوري.,,,,,,,,,2,1,0.027359009,0.60791016,0.36499023,3,0.60791016,0.7688992010622919,Favor,None
615, الله يخارجنا منها حنا يادوب متخارجين مع الكبتاجون جابو شيء ماله علاج اعتقد انه مادخل للبلاد الا مع الانفتاح السريع ويبدو انهم ماحسبو حساب المخدرات والمسكرات الله يعافينا  وين دور الاعلام ووزارة الرياضة والتعليم  اذا صارت مقابله مع مسئول ماهو حافظ,Women empowerment,الله يخارجنا منها حنا يادوب متخارجين مع الكبتاجون جابو شيء ماله علاج اعتقد انه مادخل للبلاد الا مع الانفتاح السريع ويبدو انهم ماحسبو حساب المخدرات والمسكرات الله يعافينا وين دور الاعلام ووزارة الرياضة والتعليم اذا صارت مقابله مع مسئول ماهو حافظ,Women empowerment,,1,Neutral,1,No,0,,,Not clear,Target: Women empowerment Text: الله يخارجنا منها حنا يادوب متخارجين مع الكبتاجون جابو شيء ماله علاج اعتقد انه مادخل للبلاد الا مع الانفتاح السريع ويبدو انهم ماحسبو حساب المخدرات والمسكرات الله يعافينا وين دور الاعلام ووزارة الرياضة والتعليم اذا صارت مقابله مع مسئول ماهو حافظ,,,,,,,,,1,0,0.9584961,0.03540039,0.006336212,3,0.9584961,0.1909748687391407,None,Against
629,#البحث_العلمي #إلى_كل_باحث_و_باحثةسوف    مع الأحداث الراهنة و التحول نحو التعليم الإلكتروني وتعليق الحضور لمقرات العمل   ماهو تأثير #الحجر_المنزلي على مستوى الأداء و التواصل مع المشرفين بالبحوث العلمية؟,Digital Transformation,#البحث العلمي #الي كل باحث و باحثةسوف مع الاحداث الراهنة و التحول نحو التعليم الالكتروني وتعليق الحضور لمقرات العمل ماهو تاثير #الحجر المنزلي علي مستوي الاداء و التواصل مع المشرفين بالبحوث العلمية؟,Digital Transformation,Favor,2,Neutral,1,No,0,F_Explicit,,,Target: Digital Transformation Text: #البحث العلمي #الي كل باحث و باحثةسوف مع الاحداث الراهنة و التحول نحو التعليم الالكتروني وتعليق الحضور لمقرات العمل ماهو تاثير #الحجر المنزلي علي مستوي الاداء و التواصل مع المشرفين بالبحوث العلمية؟,,,,,,,,,2,1,0.01739502,0.9448242,0.037750244,3,0.9448242,0.2478006004913352,Favor,None
642,منتدى الفكر العربي  أكاديميون وناشطون اجتماعيون يناقشون تمكين المرأة والشباب في الأردن URL  #الأردن #جريدة_الدستور_الاردنية #مصلحتك_في_اللقاح URL,Women empowerment,منتدي الفكر العربي اكاديميون وناشطون اجتماعيون يناقشون تمكين المراة والشباب في الاردن #الاردن #جريدة الدستور الاردنية #مصلحتك في اللقاح,Women empowerment,Favor,2,Neutral,1,No,0,F_Explicit,,,Target: Women empowerment Text: منتدي الفكر العربي اكاديميون وناشطون اجتماعيون يناقشون تمكين المراة والشباب في الاردن #الاردن #جريدة الدستور الاردنية #مصلحتك في اللقاح,,,,,,,,,2,1,0.015052795,0.8535156,0.13134766,3,0.8535156,0.4649776035441743,Favor,None
643,مدير «دياكونيا « في مجلس كنائس الشرق الأوسط يتفقد مشاريع تمكين المرأة  URL  #الأردن #جريدة_الدستور_الاردنية #مصلحتك_في_اللقاح URL,Women empowerment,مدير «دياكونيا « في مجلس كنائس الشرق الاوسط يتفقد مشاريع تمكين المراة #الاردن #جريدة الدستور الاردنية #مصلحتك في اللقاح,Women empowerment,Favor,2,Neutral,1,No,0,F_Explicit,,,Target: Women empowerment Text: مدير «دياكونيا « في مجلس كنائس الشرق الاوسط يتفقد مشاريع تمكين المراة #الاردن #جريدة الدستور الاردنية #مصلحتك في اللقاح,,,,,,,,,2,1,0.040405273,0.84716797,0.11260986,3,0.84716797,0.5160807159182228,Favor,None
644,كندا تعلن تطعيم 85 بالمائة من سكانها بلقاحات كورونا URL  #الأردن #جريدة_الدستور_الاردنية #مصلحتك_في_اللقاح URL,Covid Vaccine,كندا تعلن تطعيم 85 بالمائة من سكانها بلقاحات كورونا #الاردن #جريدة الدستور الاردنية #مصلحتك في اللقاح,Covid Vaccine,Favor,2,Neutral,1,No,0,F_Explicit,,,Target: Covid Vaccine Text: كندا تعلن تطعيم 85 بالمائة من سكانها بلقاحات كورونا #الاردن #جريدة الدستور الاردنية #مصلحتك في اللقاح,,,,,,,,,2,1,0.041381836,0.6201172,0.33862305,3,0.6201172,0.7948025445152829,Favor,None
654,MENTION MENTION شلون كورونا لعبة و ٧٥٪ من الشعب السويدي مطعم  وشلون لعبة واكثر من ٨٠٪ من اوربا مطعمين ! منو يلعب على منو ! او انتوا بس فاهمين اللعبة واوربا وامريكا مساكين مو فاهمين وطايحين له تطعيم ! في شعوبهم,Covid Vaccine,مستخدم مستخدم شلون كورونا لعبة و ٧٥٪ من الشعب السويدي مطعم وشلون لعبة واكثر من ٨٠٪ من اوربا مطعمين ! منو يلعب علي منو ! او انتوا بس فاهمين اللعبة واوربا وامريكا مساكين مو فاهمين وطايحين له تطعيم ! في شعوبهم,Covid Vaccine,Favor,2,Positive,2,Yes,1,F_Explicit,,,Target: Covid Vaccine Text: مستخدم مستخدم شلون كورونا لعبة و ٧٥٪ من الشعب السويدي مطعم وشلون لعبة واكثر من ٨٠٪ من اوربا مطعمين ! منو يلعب علي منو ! او انتوا بس فاهمين اللعبة واوربا وامريكا مساكين مو فاهمين وطايحين له تطعيم ! في شعوبهم,,,,,,,,,2,0,0.9458008,0.035003662,0.019348145,3,0.9458008,0.246377514571713,Favor,Against
694, مش بس استرازينكا انا اخدت تطعيم فايزر وجالي كورونا بعده,Covid Vaccine,مش بس استرازينكا انا اخدت تطعيم فايزر وجالي كورونا بعده,Covid Vaccine,,1,Negative,0,No,0,,,Not clear,Target: Covid Vaccine Text: مش بس استرازينكا انا اخدت تطعيم فايزر وجالي كورونا بعده,,,,,,,,,1,0,0.9638672,0.02935791,0.006904602,3,0.9638672,0.173406693864692,None,Against
699, لذلك التحول للعمل  الإلكتروني  يجب أن يكون  خيار  وليس  إجبار. يدخل  رجل  خمسيني يريد  فتح  حساب  بنكي فيطلب منه  الموظف  عمل ذلك  من  الموقع والرجل  ربما  يكون  لا يعرف  فيضطر  للمكاتب  وغيرها  ويسلمهم  أسراره  يفترض  من حق الشخص تلقي  ا,Digital Transformation,لذلك التحول للعمل الالكتروني يجب ان يكون خيار وليس اجبار. يدخل رجل خمسيني يريد فتح حساب بنكي فيطلب منه الموظف عمل ذلك من الموقع والرجل ربما يكون لا يعرف فيضطر للمكاتب وغيرها ويسلمهم اسراره يفترض من حق الشخص تلقي ا,Digital Transformation,Favor,2,Neutral,1,No,0,F_Explicit,,,Target: Digital Transformation Text: لذلك التحول للعمل الالكتروني يجب ان يكون خيار وليس اجبار. يدخل رجل خمسيني يريد فتح حساب بنكي فيطلب منه الموظف عمل ذلك من الموقع والرجل ربما يكون لا يعرف فيضطر للمكاتب وغيرها ويسلمهم اسراره يفترض من حق الشخص تلقي ا,,,,,,,,,2,1,0.1842041,0.55322266,0.2626953,3,0.55322266,0.9902856696666786,Favor,None
712,MENTION MENTION MENTION يقصد انه لم يأخذ احد اللقاح من قبل علشان يفكر في حماية الآخرين  بمعنى أن كثير من الاشخاص تجيهم كورونا وتروح من غير ما يحس فيها يتم إجباره على أخذ اللقاح علشان يحمي الآخرين بينما المفترض تطعيم الآخرين علشان ما تجيهم كورونا وترك الاصحاء في حالهم,Covid Vaccine,مستخدم مستخدم مستخدم يقصد انه لم ياخذ احد اللقاح من قبل علشان يفكر في حماية الاخرين بمعني ان كثير من الاشخاص تجيهم كورونا وتروح من غير ما يحس فيها يتم اجباره علي اخذ اللقاح علشان يحمي الاخرين بينما المفترض تطعيم الاخرين علشان ما تجيهم كورونا وترك الاصحاء في حالهم,Covid Vaccine,,1,Neutral,1,No,0,,,Not clear,Target: Covid Vaccine Text: مستخدم مستخدم مستخدم يقصد انه لم ياخذ احد اللقاح من قبل علشان يفكر في حماية الاخرين بمعني ان كثير من الاشخاص تجيهم كورونا وتروح من غير ما يحس فيها يتم اجباره علي اخذ اللقاح علشان يحمي الاخرين بينما المفترض تطعيم الاخرين علشان ما تجيهم كورونا وترك الاصحاء في حالهم,,,,,,,,,1,0,0.98339844,0.005241394,0.01133728,3,0.98339844,0.0947735713272073,None,Against
720, يارباه لجنة مساءلة .. ماهو الجرم اللي اقترفته علشان يسووولك هذا كله .. يعني معقولة عقول تعيش في القرن العشرين ترفض التحول الالكتروني .. هذول يحتاجوا ان يراجعوا مستواهم النفسي والذهني ... في حكومات تبتهج عندما ترى موظفيها يسعوا للتحول الالكترون,Digital Transformation,يارباه لجنة مساءلة .. ماهو الجرم اللي اقترفته علشان يسوولك هذا كله .. يعني معقولة عقول تعيش في القرن العشرين ترفض التحول الالكتروني .. هذول يحتاجوا ان يراجعوا مستواهم النفسي والذهني .. في حكومات تبتهج عندما تري موظفيها يسعوا للتحول الالكترون,Digital Transformation,Favor,2,Positive,2,No,0,F_Explicit,,,Target: Digital Transformation Text: يارباه لجنة مساءلة .. ماهو الجرم اللي اقترفته علشان يسوولك هذا كله .. يعني معقولة عقول تعيش في القرن العشرين ترفض التحول الالكتروني .. هذول يحتاجوا ان يراجعوا مستواهم النفسي والذهني .. في حكومات تبتهج عندما تري موظفيها يسعوا للتحول الالكترون,,,,,,,,,2,0,0.5205078,0.03604126,0.44360352,3,0.5205078,0.8202057884432564,Favor,Against
733, اولا مستحيل تاخد فيروس كورونا من التطعيم و خاصة سينوفارم. ثانيا التطعيم (حتى فايزر) يقلل فقط نسبة حدوث مضاعفات و دخول مستشفي بنسبة ٩٠٪ فى حالة فايزر. لا يمنع اى تطعيم الاصابة بالفيروس او نقله. حرام عليكم كده,Covid Vaccine,اولا مستحيل تاخد فيروس كورونا من التطعيم و خاصة سينوفارم. ثانيا التطعيم (حتي فايزر) يقلل فقط نسبة حدوث مضاعفات و دخول مستشفي بنسبة ٩٠٪ في حالة فايزر. لا يمنع اي تطعيم الاصابة بالفيروس او نقله. حرام عليكم كده,Covid Vaccine,Favor,2,Neutral,1,No,0,F_Implicit,,,Target: Covid Vaccine Text: اولا مستحيل تاخد فيروس كورونا من التطعيم و خاصة سينوفارم. ثانيا التطعيم (حتي فايزر) يقلل فقط نسبة حدوث مضاعفات و دخول مستشفي بنسبة ٩٠٪ في حالة فايزر. لا يمنع اي تطعيم الاصابة بالفيروس او نقله. حرام عليكم كده,,,,,,,,,2,0,0.9760742,0.0046539307,0.019180298,3,0.9760742,0.1244655130414933,Favor,Against
739,تمكين المرأة اكتر من كده ! 😂😂 URL,Women empowerment,تمكين المراة اكتر من كده ! 😂😂,Women empowerment,Against,0,Neutral,1,Yes,1,,A_Explicit,,Target: Women empowerment Text: تمكين المراة اكتر من كده ! 😂😂,,,,,,,,,0,2,0.27514648,0.029785156,0.6953125,3,0.6953125,0.7123929981217905,Against,Favor
776,🔻من الخاص 📩   فيه تطعيم كورونا بالاحساء ٢٤ ساعه حتى لو بفلوس جايه من الرياض ولا اعرف اذا فيه مراكز,Covid Vaccine,🔻من الخاص 📩 فيه تطعيم كورونا بالاحساء ٢٤ ساعه حتي لو بفلوس جايه من الرياض ولا اعرف اذا فيه مراكز,Covid Vaccine,Favor,2,Neutral,1,No,0,F_Explicit,,,Target: Covid Vaccine Text: 🔻من الخاص 📩 فيه تطعيم كورونا بالاحساء ٢٤ ساعه حتي لو بفلوس جايه من الرياض ولا اعرف اذا فيه مراكز,,,,,,,,,2,1,0.08502197,0.88671875,0.028366089,3,0.88671875,0.4172298606482644,Favor,None
832,من باب التحول الرقمي  ودي احول رقمي من stc ل zain,Digital Transformation,من باب التحول الرقمي ودي احول رقمي من stc ل zain,Digital Transformation,Favor,2,Neutral,1,No,0,F_Explicit,,,Target: Digital Transformation Text: من باب التحول الرقمي ودي احول رقمي من stc ل zain,,,,,,,,,2,1,0.016586304,0.9482422,0.035217285,3,0.9482422,0.2362295736030882,Favor,None
852,MENTION ياخذون تطعيم من عمرهم يوم والحين رافضين تطعيم ضد كورونا واحد يقول القاح حرام 😱 واحد يقول القاح بيحولنا زومبي واحد يقول القاح سم قاتل 😱  زين مانشوف احد تحول زومبي ليشش😂 والمصيبه مافيهم طبيب كل المعارضين يعارضون بشي ليس في اختصاصه او مجال عمله او معرفة القاح فقط معارض ليش مايدري,Covid Vaccine,مستخدم ياخذون تطعيم من عمرهم يوم والحين رافضين تطعيم ضد كورونا واحد يقول القاح حرام 😱 واحد يقول القاح بيحولنا زومبي واحد يقول القاح سم قاتل 😱 زين مانشوف احد تحول زومبي ليشش😂 والمصيبه مافيهم طبيب كل المعارضين يعارضون بشي ليس في اختصاصه او مجال عمله او معرفة القاح فقط معارض ليش مايدري,Covid Vaccine,Favor,2,Neutral,1,Yes,1,F_Implicit,,,Target: Covid Vaccine Text: مستخدم ياخذون تطعيم من عمرهم يوم والحين رافضين تطعيم ضد كورونا واحد يقول القاح حرام 😱 واحد يقول القاح بيحولنا زومبي واحد يقول القاح سم قاتل 😱 زين مانشوف احد تحول زومبي ليشش😂 والمصيبه مافيهم طبيب كل المعارضين يعارضون بشي ليس في اختصاصه او مجال عمله او معرفة القاح فقط معارض ليش مايدري,,,,,,,,,2,0,0.7001953,0.047698975,0.25195312,3,0.7001953,0.7420078573091555,Favor,Against
875,القمسيون الطبي يعلن استمرار استخراج شهادة تطعيم كورونا وكرت الحمى الصفراء للمسافرين أثناء عطلة عيد الفطر URL,Covid Vaccine,القمسيون الطبي يعلن استمرار استخراج شهادة تطعيم كورونا وكرت الحمي الصفراء للمسافرين اثناء عطلة عيد الفطر,Covid Vaccine,Favor,2,Neutral,1,No,0,F_Explicit,,,Target: Covid Vaccine Text: القمسيون الطبي يعلن استمرار استخراج شهادة تطعيم كورونا وكرت الحمي الصفراء للمسافرين اثناء عطلة عيد الفطر,,,,,,,,,2,1,0.025863647,0.6020508,0.3720703,3,0.6020508,0.7678738151015223,Favor,None
883,مايا مرسي تبحث مع روبرتو سواريز تمكين المرأة في مجال العمل URL,Women empowerment,مايا مرسي تبحث مع روبرتو سواريز تمكين المراة في مجال العمل,Women empowerment,Favor,2,Neutral,1,No,0,F_Explicit,,,Target: Women empowerment Text: مايا مرسي تبحث مع روبرتو سواريز تمكين المراة في مجال العمل,,,,,,,,,2,1,0.038909912,0.66503906,0.29589844,3,0.66503906,0.7579240931657866,Favor,None
965,خطوات رائعة نحو التحول الإلكتروني تقوم بها #وزارة_الموارد_البشرية ولوائح جديدة وتغيير كامل لسوق العمل..  لكن يصاحبها مشاكل تقنية لا تعد ولا تحصى من كل مواقعها للأسف ودعم فني ضعيف جدا لا يرتقي لجودة هذه التحولات..   #مدد #قوى #التأمينات_الاجتماعية #منصة_السكن_الجماعي #طاقات,Digital Transformation,خطوات رائعة نحو التحول الالكتروني تقوم بها #وزارة الموارد البشرية ولوائح جديدة وتغيير كامل لسوق العمل.. لكن يصاحبها مشاكل تقنية لا تعد ولا تحصي من كل مواقعها للاسف ودعم فني ضعيف جدا لا يرتقي لجودة هذه التحولات.. #مدد #قوي #التامينات الاجتماعية #منصة السكن الجماعي #طاقات,Digital Transformation,Favor,2,Neutral,1,No,0,F_Explicit,,,Target: Digital Transformation Text: خطوات رائعة نحو التحول الالكتروني تقوم بها #وزارة الموارد البشرية ولوائح جديدة وتغيير كامل لسوق العمل.. لكن يصاحبها مشاكل تقنية لا تعد ولا تحصي من كل مواقعها للاسف ودعم فني ضعيف جدا لا يرتقي لجودة هذه التحولات.. #مدد #قوي #التامينات الاجتماعية #منصة السكن الجماعي #طاقات,,,,,,,,,2,0,0.7192383,0.03753662,0.24316406,3,0.7192383,0.7040842237153698,Favor,Against
996,والله التحول التقني في السعودية شي عجييب جدا 😀,Digital Transformation,والله التحول التقني في السعودية شي عجييب جدا 😀,Digital Transformation,,1,Neutral,1,No,0,,,Not clear,Target: Digital Transformation Text: والله التحول التقني في السعودية شي عجييب جدا 😀,,,,,,,,,1,2,0.0435791,0.088012695,0.86816406,3,0.86816406,0.4731723663734879,None,Favor
1009, التحول الالكتروني لكثير من الأعمال والإجراءات لدى الادارات سيوفر جهد اقل وهذا يعني احتياج اقل للموظفين . هنا تكمن المخاوف لدى الموظفين حينما يستبدل عمله ببرنامج ألكتروني فيتم الضغط عليه ويعطى مهلة للبحث عن عمل فإن لم يجد لا يتم تجديد عقده   ي,Digital Transformation,التحول الالكتروني لكثير من الاعمال والاجراءات لدي الادارات سيوفر جهد اقل وهذا يعني احتياج اقل للموظفين . هنا تكمن المخاوف لدي الموظفين حينما يستبدل عمله ببرنامج الكتروني فيتم الضغط عليه ويعطي مهلة للبحث عن عمل فان لم يجد لا يتم تجديد عقده ي,Digital Transformation,Favor,2,Positive,2,No,0,F_Explicit,,,Target: Digital Transformation Text: التحول الالكتروني لكثير من الاعمال والاجراءات لدي الادارات سيوفر جهد اقل وهذا يعني احتياج اقل للموظفين . هنا تكمن المخاوف لدي الموظفين حينما يستبدل عمله ببرنامج الكتروني فيتم الضغط عليه ويعطي مهلة للبحث عن عمل فان لم يجد لا يتم تجديد عقده ي,,,,,,,,,2,0,0.64990234,0.04156494,0.3083496,3,0.64990234,0.7750414998192303,Favor,Against
1033,الدوله تسعى لتمكين المرأه يادكتوره لمياء لكن للأسف هناك عينات من النساء بدأو يعتقدون أن التمكين يعني ان يخرجو عن الفطره والدين ويخالفو النظام تحت ذريعه تمكين المرأه .  وايضا الحمد لله هناك نماذج مشرفه كثيره مثلك نفتخر بها . URL,Women empowerment,الدوله تسعي لتمكين المراه يادكتوره لمياء لكن للاسف هناك عينات من النساء بداو يعتقدون ان التمكين يعني ان يخرجو عن الفطره والدين ويخالفو النظام تحت ذريعه تمكين المراه . وايضا الحمد لله هناك نماذج مشرفه كثيره مثلك نفتخر بها .,Women empowerment,Against,0,Neutral,1,No,0,,A_Explicit,,Target: Women empowerment Text: الدوله تسعي لتمكين المراه يادكتوره لمياء لكن للاسف هناك عينات من النساء بداو يعتقدون ان التمكين يعني ان يخرجو عن الفطره والدين ويخالفو النظام تحت ذريعه تمكين المراه . وايضا الحمد لله هناك نماذج مشرفه كثيره مثلك نفتخر بها .,,,,,,,,,0,2,0.2401123,0.006008148,0.75390625,3,0.75390625,0.5862542782334389,Against,Favor
1048,"اقام مركز المعلومة للبحث والتطوير  فريق هي ثورة - بغداد ندوة حوارية في قاعة الرازي في كلية الفارابي الجامعة بعنوان ""مكتسبات المرأة ودورها في البرلمان"" يوم الاحد المصادف ١٣ نيسان ٢٠٢٢ وبحضور كل من معاون كلية الفارابي و مسؤولة وحدة تمكين المرأة ومسؤولة وحدة الفعاليات. URL",Women empowerment,"اقام مركز المعلومة للبحث والتطوير فريق هي ثورة - بغداد ندوة حوارية في قاعة الرازي في كلية الفارابي الجامعة بعنوان ""مكتسبات المراة ودورها في البرلمان"" يوم الاحد المصادف ١٣ نيسان ٢٠٢٢ وبحضور كل من معاون كلية الفارابي و مسؤولة وحدة تمكين المراة ومسؤولة وحدة الفعاليات.",Women empowerment,Favor,2,Neutral,1,No,0,F_Explicit,,,"Target: Women empowerment Text: اقام مركز المعلومة للبحث والتطوير فريق هي ثورة - بغداد ندوة حوارية في قاعة الرازي في كلية الفارابي الجامعة بعنوان ""مكتسبات المراة ودورها في البرلمان"" يوم الاحد المصادف ١٣ نيسان ٢٠٢٢ وبحضور كل من معاون كلية الفارابي و مسؤولة وحدة تمكين المراة ومسؤولة وحدة الفعاليات.",,,,,,,,,2,1,0.04345703,0.82177734,0.13464355,3,0.82177734,0.5675607740465574,Favor,None
1071,مي العيدان من قناة سكوب خبر انتشار مرض الكبد الوبائي يربط مع تطعيم الناس ب لقاح كورونا URL,Covid Vaccine,مي العيدان من قناة سكوب خبر انتشار مرض الكبد الوبائي يربط مع تطعيم الناس ب لقاح كورونا,Covid Vaccine,,1,Neutral,1,No,0,,,Not clear,Target: Covid Vaccine Text: مي العيدان من قناة سكوب خبر انتشار مرض الكبد الوبائي يربط مع تطعيم الناس ب لقاح كورونا,,,,,,,,,1,0,0.89501953,0.057159424,0.047729492,3,0.89501953,0.4080545045525925,None,Against
1073,ما يستفاد من القصة ، تمكين المرأة ممكن يكون سبب بكاء الرجال بس فيه انقاذ حياة ،، ,Women empowerment,ما يستفاد من القصة ، تمكين المراة ممكن يكون سبب بكاء الرجال بس فيه انقاذ حياة ،،,Women empowerment,Favor,2,Positive,2,No,0,F_Explicit,,,Target: Women empowerment Text: ما يستفاد من القصة ، تمكين المراة ممكن يكون سبب بكاء الرجال بس فيه انقاذ حياة ،،,,,,,,,,,2,0,0.98095703,0.0051651,0.013702393,3,0.98095703,0.1048448313966107,Favor,Against
1083,  رؤية الدولة من تمكين المرأة أمر صحيح ولا غبار عليه، لكن فهم المرأة العقيم من هذا التمكين هو الذي خرب البيوت، المرأة كانت تدرس وتذهب للخارج وتدرس وتعمل في جميع المجالات وكانت متمكنه ولا ضير في ذلك، أحسنوا الفهم حتى تسير الحياة وأعلموا ما,Women empowerment,رؤية الدولة من تمكين المراة امر صحيح ولا غبار عليه، لكن فهم المراة العقيم من هذا التمكين هو الذي خرب البيوت، المراة كانت تدرس وتذهب للخارج وتدرس وتعمل في جميع المجالات وكانت متمكنه ولا ضير في ذلك، احسنوا الفهم حتي تسير الحياة واعلموا ما,Women empowerment,Against,0,Positive,2,No,0,,A_Implicit,,Target: Women empowerment Text: رؤية الدولة من تمكين المراة امر صحيح ولا غبار عليه، لكن فهم المراة العقيم من هذا التمكين هو الذي خرب البيوت، المراة كانت تدرس وتذهب للخارج وتدرس وتعمل في جميع المجالات وكانت متمكنه ولا ضير في ذلك، احسنوا الفهم حتي تسير الحياة واعلموا ما,,,,,,,,,0,2,0.29077148,0.008964539,0.7001953,3,0.7001953,0.6509759726449631,Against,Favor
1145,   أستسمحك أصلح معلوماتك التحول الرقمى بدء التفكير فيه2016 وبدء التطبيق ف2021 زى الشهر العقارى والمرور والبريد..إلخ على أن ينتهى تماما 2030مش من20سنه زى ماحضرتك بتقول  وبدأ الإنتقال للعاصمه ف3/2022 من 20 سنه مكناش نعرف ي,Digital Transformation,استسمحك اصلح معلوماتك التحول الرقمي بدء التفكير فيه2016 وبدء التطبيق ف2021 زي الشهر العقاري والمرور والبريد..الخ علي ان ينتهي تماما 2030مش من20سنه زي ماحضرتك بتقول وبدا الانتقال للعاصمه ف3/2022 من 20 سنه مكناش نعرف ي,Digital Transformation,Favor,2,Neutral,1,No,0,F_Explicit,,,Target: Digital Transformation Text: استسمحك اصلح معلوماتك التحول الرقمي بدء التفكير فيه2016 وبدء التطبيق ف2021 زي الشهر العقاري والمرور والبريد..الخ علي ان ينتهي تماما 2030مش من20سنه زي ماحضرتك بتقول وبدا الانتقال للعاصمه ف3/2022 من 20 سنه مكناش نعرف ي,,,,,,,,,2,1,0.05215454,0.84277344,0.10498047,3,0.84277344,0.5348271004534053,Favor,None
1154,"- المرأة وحاجة المجتمع - ساهمت الصحوة بشكل كبير في جعل المرأة بلا عمل بحجة ذكورية ""أن الرجل عيب تصرف عليه المرأة"" - التيار الصحوي جعل من المرأة منصة للصراع لضمان البقاء والسيطرة على المجتمع - تأثير الصحوة انعكس على عقلية الحكومة تجاه تمكين المرأة د. عبدال",Women empowerment,"- المراة وحاجة المجتمع - ساهمت الصحوة بشكل كبير في جعل المراة بلا عمل بحجة ذكورية ""ان الرجل عيب تصرف عليه المراة"" - التيار الصحوي جعل من المراة منصة للصراع لضمان البقاء والسيطرة علي المجتمع - تاثير الصحوة انعكس علي عقلية الحكومة تجاه تمكين المراة د. عبدال",Women empowerment,Favor,2,Neutral,1,No,0,F_Explicit,,,"Target: Women empowerment Text: - المراة وحاجة المجتمع - ساهمت الصحوة بشكل كبير في جعل المراة بلا عمل بحجة ذكورية ""ان الرجل عيب تصرف عليه المراة"" - التيار الصحوي جعل من المراة منصة للصراع لضمان البقاء والسيطرة علي المجتمع - تاثير الصحوة انعكس علي عقلية الحكومة تجاه تمكين المراة د. عبدال",,,,,,,,,2,0,0.99316406,0.0039596558,0.002817154,3,0.99316406,0.0452581538555673,Favor,Against
1179, من الشروط ان يكون الأب والجد سعوديي الأصل والمنشأ  والأم سعودية الأصل والمنشأ  وبعد تمكين المرأة من الالتحاق بالسلك العسكري أضافوا شرط وهو عدم الزواج من أجنبي   بالنسبة للعسكري ممنوع يتزوج من أجنبية اللهم بلغت 😊,Women empowerment,من الشروط ان يكون الاب والجد سعوديي الاصل والمنشا والام سعودية الاصل والمنشا وبعد تمكين المراة من الالتحاق بالسلك العسكري اضافوا شرط وهو عدم الزواج من اجنبي بالنسبة للعسكري ممنوع يتزوج من اجنبية اللهم بلغت 😊,Women empowerment,,1,Neutral,1,No,0,,,Not clear,Target: Women empowerment Text: من الشروط ان يكون الاب والجد سعوديي الاصل والمنشا والام سعودية الاصل والمنشا وبعد تمكين المراة من الالتحاق بالسلك العسكري اضافوا شرط وهو عدم الزواج من اجنبي بالنسبة للعسكري ممنوع يتزوج من اجنبية اللهم بلغت 😊,,,,,,,,,1,0,0.97802734,0.007843018,0.0143585205,3,0.97802734,0.1206825711290579,None,Against
1281,تمكين المرأة ومشاركتها في القوى العاملة – غسان عدنان العاني URL URL,Women empowerment,تمكين المراة ومشاركتها في القوي العاملة – غسان عدنان العاني,Women empowerment,Favor,2,Neutral,1,No,0,F_Explicit,,,Target: Women empowerment Text: تمكين المراة ومشاركتها في القوي العاملة – غسان عدنان العاني,,,,,,,,,2,1,0.05126953,0.8911133,0.05770874,3,0.8911133,0.4196404417050358,Favor,None
1310,  الجلطات الدماغية من المضاعفات المذكورة على نشرة اللقاح   كل شي بقدر الله حتى اللي يموت من كورونا بدون تطعيم لو طعم هم راح يموت من كورونا بقدر الله ان كان مقدر عليه   ندري ان كل شي مكتوب ومن باب أولى الثقة بالله 🌹مو بتطعيم ( يضر ,Covid Vaccine,الجلطات الدماغية من المضاعفات المذكورة علي نشرة اللقاح كل شي بقدر الله حتي اللي يموت من كورونا بدون تطعيم لو طعم هم راح يموت من كورونا بقدر الله ان كان مقدر عليه ندري ان كل شي مكتوب ومن باب اولي الثقة بالله 🌹مو بتطعيم ( يضر,Covid Vaccine,Against,0,Neutral,1,No,0,,A_Explicit,,Target: Covid Vaccine Text: الجلطات الدماغية من المضاعفات المذكورة علي نشرة اللقاح كل شي بقدر الله حتي اللي يموت من كورونا بدون تطعيم لو طعم هم راح يموت من كورونا بقدر الله ان كان مقدر عليه ندري ان كل شي مكتوب ومن باب اولي الثقة بالله 🌹مو بتطعيم ( يضر,,,,,,,,,0,2,0.079711914,0.0131073,0.90722656,3,0.90722656,0.3467633122466096,Against,Favor
1353,   كذاب ومنافق   عارف إن تمكين المرأة فيها منح حريات قريبة من حريات الغرب   بس أنت تمارس التقية والنفاق زي كثير من اللي أفتارهم سمو ولي العهد الله يحفظه وكلامهم يخالف تطلعاته 😏,Women empowerment,كذاب ومنافق عارف ان تمكين المراة فيها منح حريات قريبة من حريات الغرب بس انت تمارس التقية والنفاق زي كثير من اللي افتارهم سمو ولي العهد الله يحفظه وكلامهم يخالف تطلعاته 😏,Women empowerment,Against,0,Negative,0,No,0,,A_Explicit,,Target: Women empowerment Text: كذاب ومنافق عارف ان تمكين المراة فيها منح حريات قريبة من حريات الغرب بس انت تمارس التقية والنفاق زي كثير من اللي افتارهم سمو ولي العهد الله يحفظه وكلامهم يخالف تطلعاته 😏,,,,,,,,,0,2,0.080078125,0.02279663,0.89697266,3,0.89697266,0.3859025036185015,Against,Favor
1357,اسمعوا يا دعاة تمكين المراه URL,Women empowerment,اسمعوا يا دعاة تمكين المراه,Women empowerment,,1,Neutral,1,No,0,,,Not clear,Target: Women empowerment Text: اسمعوا يا دعاة تمكين المراه,,,,,,,,,1,0,0.84228516,0.020858765,0.13696289,3,0.84228516,0.4975784551130803,None,Against
1360,حكومة النمسا 🇦🇹 تقرر ألغاء جميع اشتراطات كورونا بدون فحص وبدون شهادات تطعيم تدخلها مثل قبل الجائحه تقرير سياحي كامل عنها 👇🏻 URL,Covid Vaccine,حكومة النمسا 🇦🇹 تقرر الغاء جميع اشتراطات كورونا بدون فحص وبدون شهادات تطعيم تدخلها مثل قبل الجائحه تقرير سياحي كامل عنها 👇🏻,Covid Vaccine,,1,Neutral,1,No,0,,,Not clear,Target: Covid Vaccine Text: حكومة النمسا 🇦🇹 تقرر الغاء جميع اشتراطات كورونا بدون فحص وبدون شهادات تطعيم تدخلها مثل قبل الجائحه تقرير سياحي كامل عنها 👇🏻,,,,,,,,,1,0,0.81884766,0.12646484,0.054840088,3,0.81884766,0.5843745510554542,None,Against
1411,#القبض_علي_مدعيه_النبوه كانها تحمست مررررررره🙆🏻‍♀️ فاهمه تمكين المرأة غلط ياغاده نبيه مره وحده🤦🏻‍♀️😂,Women empowerment,#القبض علي مدعيه النبوه كانها تحمست مرره🙆🏻‍♀️ فاهمه تمكين المراة غلط ياغاده نبيه مره وحده🤦🏻‍♀️😂,Women empowerment,,1,Neutral,1,Yes,1,,,Not clear,Target: Women empowerment Text: #القبض علي مدعيه النبوه كانها تحمست مرره🙆🏻‍♀️ فاهمه تمكين المراة غلط ياغاده نبيه مره وحده🤦🏻‍♀️😂,,,,,,,,,1,0,0.8925781,0.02305603,0.084350586,3,0.8925781,0.3969308635890158,None,Against
1413,MENTION  في فرق بين الادويه وبين اللقاح  اللقاح دوره يمنع المرض مو يخفف الاصابه  تطعيمات شهادة الميلاد كلها تمنع الاصابه شمعنى تطعيم كورونا مايمنع ؟,Covid Vaccine,مستخدم في فرق بين الادويه وبين اللقاح اللقاح دوره يمنع المرض مو يخفف الاصابه تطعيمات شهادة الميلاد كلها تمنع الاصابه شمعني تطعيم كورونا مايمنع ؟,Covid Vaccine,,1,Neutral,1,No,0,,,Not clear,Target: Covid Vaccine Text: مستخدم في فرق بين الادويه وبين اللقاح اللقاح دوره يمنع المرض مو يخفف الاصابه تطعيمات شهادة الميلاد كلها تمنع الاصابه شمعني تطعيم كورونا مايمنع ؟,,,,,,,,,1,0,0.5834961,0.17797852,0.23864746,3,0.5834961,0.9634733542957388,None,Against
1497,MENTION MENTION جيت برد عليك بس ماشاء الله البنات ماقصروا اتمنى انك معاد تحارشين السعوديات 😌✌🏻 وروحي اوقفي في ساحة الاراده واعتصمي ضد تطعيم ڤايروس كورونا 😂💔😩,Covid Vaccine,مستخدم مستخدم جيت برد عليك بس ماشاء الله البنات ماقصروا اتمني انك معاد تحارشين السعوديات 😌✌🏻 وروحي اوقفي في ساحة الاراده واعتصمي ضد تطعيم ڤايروس كورونا 😂💔😩,Covid Vaccine,,1,Neutral,1,Yes,1,,,Not clear,Target: Covid Vaccine Text: مستخدم مستخدم جيت برد عليك بس ماشاء الله البنات ماقصروا اتمني انك معاد تحارشين السعوديات 😌✌🏻 وروحي اوقفي في ساحة الاراده واعتصمي ضد تطعيم ڤايروس كورونا 😂💔😩,,,,,,,,,1,0,0.81591797,0.011413574,0.17285156,3,0.81591797,0.5204540687945916,None,Against
1545, الإمارات ما سوت كذا ولا قطر ولا الكويت ولا أي دولة فقيرة أو غنية ليش عندنا كذا   ليش تمكين المرأة أصبح أضحكوكة   ليش هالمسؤولين فاغرين محتوى ودراسة وإنتاجية   إهانة المرأة من خوارم المروءة  ,Women empowerment,الامارات ما سوت كذا ولا قطر ولا الكويت ولا اي دولة فقيرة او غنية ليش عندنا كذا ليش تمكين المراة اصبح اضحكوكة ليش هالمسؤولين فاغرين محتوي ودراسة وانتاجية اهانة المراة من خوارم المروءة,Women empowerment,Favor,2,Negative,0,No,0,F_Explicit,,,Target: Women empowerment Text: الامارات ما سوت كذا ولا قطر ولا الكويت ولا اي دولة فقيرة او غنية ليش عندنا كذا ليش تمكين المراة اصبح اضحكوكة ليش هالمسؤولين فاغرين محتوي ودراسة وانتاجية اهانة المراة من خوارم المروءة,,,,,,,,,2,0,0.9902344,0.0050582886,0.004589081,3,0.9902344,0.0611675103812997,Favor,Against
1557,بدون عمل المرأة في القطاع الاقتصادي المنظم ( المدر للدخل ) فإن أي حديث عن تمكين المرأة يعتبر ناقصا . فتعليم المرأة وحده لا يكفي ..اي نعم إنه تمكين ( جزئي) لكنه لن يكتمل إلا بالتمكين الاقتصادي,Women empowerment,بدون عمل المراة في القطاع الاقتصادي المنظم ( المدر للدخل ) فان اي حديث عن تمكين المراة يعتبر ناقصا . فتعليم المراة وحده لا يكفي ..اي نعم انه تمكين ( جزئي) لكنه لن يكتمل الا بالتمكين الاقتصادي,Women empowerment,Favor,2,Neutral,1,No,0,F_Explicit,,,Target: Women empowerment Text: بدون عمل المراة في القطاع الاقتصادي المنظم ( المدر للدخل ) فان اي حديث عن تمكين المراة يعتبر ناقصا . فتعليم المراة وحده لا يكفي ..اي نعم انه تمكين ( جزئي) لكنه لن يكتمل الا بالتمكين الاقتصادي,,,,,,,,,2,0,0.8125,0.012916565,0.17480469,3,0.8125,0.5297586955474143,Favor,Against
1769,أعجبني كلام إمرأة اليوم عندما أكدت على أهمية #تمكين_المرأة ولكن يجب كذلك أن لا ترهق نفسها بهذا التمكين. بمعنى أن لا تكلف نفسها فوق طاقتها فهي في الأول والأخير بشر، يسقط ثم ينهض لكي لا يكرر سقوطه,Women empowerment,اعجبني كلام امراة اليوم عندما اكدت علي اهمية #تمكين المراة ولكن يجب كذلك ان لا ترهق نفسها بهذا التمكين. بمعني ان لا تكلف نفسها فوق طاقتها فهي في الاول والاخير بشر، يسقط ثم ينهض لكي لا يكرر سقوطه,Women empowerment,Favor,2,Positive,2,No,0,F_Explicit,,,Target: Women empowerment Text: اعجبني كلام امراة اليوم عندما اكدت علي اهمية #تمكين المراة ولكن يجب كذلك ان لا ترهق نفسها بهذا التمكين. بمعني ان لا تكلف نفسها فوق طاقتها فهي في الاول والاخير بشر، يسقط ثم ينهض لكي لا يكرر سقوطه,,,,,,,,,2,0,0.5751953,0.046203613,0.37890625,3,0.5751953,0.8278871875406413,Favor,Against
1778,يبدو أن العالم سينشغل طويلا بمواجهة فايروس كورونا، حتى لو تم التطعيم ضد الفايروس، وقللنا فرص الإنتشار والإصابة. فلو فُرض بأنه تم تطعيم جميع السكان ببلد ما خلال عام، فإن من أخذ اللقاح في بداية العام يجب عليه أخذ اللقاح مرة أخرى لكون فترة صلاحية التطعيم لا تزيد عن عام بأفضل الأحوال,Covid Vaccine,يبدو ان العالم سينشغل طويلا بمواجهة فايروس كورونا، حتي لو تم التطعيم ضد الفايروس، وقللنا فرص الانتشار والاصابة. فلو فُرض بانه تم تطعيم جميع السكان ببلد ما خلال عام، فان من اخذ اللقاح في بداية العام يجب عليه اخذ اللقاح مرة اخري لكون فترة صلاحية التطعيم لا تزيد عن عام بافضل الاحوال,Covid Vaccine,,1,Neutral,1,No,0,,,Not clear,Target: Covid Vaccine Text: يبدو ان العالم سينشغل طويلا بمواجهة فايروس كورونا، حتي لو تم التطعيم ضد الفايروس، وقللنا فرص الانتشار والاصابة. فلو فُرض بانه تم تطعيم جميع السكان ببلد ما خلال عام، فان من اخذ اللقاح في بداية العام يجب عليه اخذ اللقاح مرة اخري لكون فترة صلاحية التطعيم لا تزيد عن عام بافضل الاحوال,,,,,,,,,1,0,0.8071289,0.16796875,0.024810791,3,0.8071289,0.5643099900731153,None,Against
1807, تمكين المرأة من وظيفة تعفها عن السؤال و الحاجة ما تمنع شهامة الرجل  وانا في الرسول عليه الصلاة و السلام افضل مثال و زوجه خديجة رضي الله عنها و ارضاها,Women empowerment,تمكين المراة من وظيفة تعفها عن السؤال و الحاجة ما تمنع شهامة الرجل وانا في الرسول عليه الصلاة و السلام افضل مثال و زوجه خديجة رضي الله عنها و ارضاها,Women empowerment,Favor,2,Positive,2,No,0,F_Explicit,,,Target: Women empowerment Text: تمكين المراة من وظيفة تعفها عن السؤال و الحاجة ما تمنع شهامة الرجل وانا في الرسول عليه الصلاة و السلام افضل مثال و زوجه خديجة رضي الله عنها و ارضاها,,,,,,,,,2,0,0.83984375,0.023361206,0.13696289,3,0.83984375,0.5066348032105605,Favor,Against
1808,إصابة وجرعتين تطعيم  يعني يا كورونا لا أشوفك قداااامي.,Covid Vaccine,اصابة وجرعتين تطعيم يعني يا كورونا لا اشوفك قداامي.,Covid Vaccine,Favor,2,Neutral,1,No,0,F_Implicit,,,Target: Covid Vaccine Text: اصابة وجرعتين تطعيم يعني يا كورونا لا اشوفك قداامي.,,,,,,,,,2,0,0.89453125,0.09729004,0.008003235,3,0.89453125,0.3650307688487491,Favor,Against
1869,دام فايروس كورونا المتجدد كل يوم لابس لنا حله مره صيني ومره بريطاني ومره هندي وكل واحدٍ يغير ويبدع على كيفه ، التطعيم بيكون متجدد ايضاً ؟ 🤣 وكل موجه تطعيم شكل دامه متجدد يبيله تطعيم متخصص ,Covid Vaccine,دام فايروس كورونا المتجدد كل يوم لابس لنا حله مره صيني ومره بريطاني ومره هندي وكل واحدٍ يغير ويبدع علي كيفه ، التطعيم بيكون متجدد ايضاً ؟ 🤣 وكل موجه تطعيم شكل دامه متجدد يبيله تطعيم متخصص,Covid Vaccine,,1,Neutral,1,Yes,1,,,,Target: Covid Vaccine Text: دام فايروس كورونا المتجدد كل يوم لابس لنا حله مره صيني ومره بريطاني ومره هندي وكل واحدٍ يغير ويبدع علي كيفه ، التطعيم بيكون متجدد ايضاً ؟ 🤣 وكل موجه تطعيم شكل دامه متجدد يبيله تطعيم متخصص,,,,,,,,,1,0,0.9550781,0.03741455,0.0076179504,3,0.9550781,0.2039849096503963,None,Against
1910, خلاص اخذ تطعيمك وريح بالك   ليش شاغل بالك ومضيع وقتك مع مناهضي التطعيم؟   احنا عاجبتنا حياتنا بدون تطعيم مو خايفين من كورونا  حتى لو كل الدراسات تقول التطعيم آمن وفعال ماراح ناخذه 😉,Covid Vaccine,خلاص اخذ تطعيمك وريح بالك ليش شاغل بالك ومضيع وقتك مع مناهضي التطعيم؟ احنا عاجبتنا حياتنا بدون تطعيم مو خايفين من كورونا حتي لو كل الدراسات تقول التطعيم امن وفعال ماراح ناخذه 😉,Covid Vaccine,Against,0,Neutral,1,No,0,,A_Explicit,,Target: Covid Vaccine Text: خلاص اخذ تطعيمك وريح بالك ليش شاغل بالك ومضيع وقتك مع مناهضي التطعيم؟ احنا عاجبتنا حياتنا بدون تطعيم مو خايفين من كورونا حتي لو كل الدراسات تقول التطعيم امن وفعال ماراح ناخذه 😉,,,,,,,,,0,2,0.4260254,0.0066566467,0.5673828,3,0.5673828,0.718420690085692,Against,Favor
1954,الحين شوي شوي تطلع التحذيرات على #تطعيم #ڤايروس #كورونا  والله يا كثر اللي بنفقدهم - بعيد الشر - بتشخيص خاطئ ,Covid Vaccine,الحين شوي شوي تطلع التحذيرات علي #تطعيم #ڤايروس #كورونا والله يا كثر اللي بنفقدهم - بعيد الشر - بتشخيص خاطئ,Covid Vaccine,,1,Negative,0,No,0,,,Not clear,Target: Covid Vaccine Text: الحين شوي شوي تطلع التحذيرات علي #تطعيم #ڤايروس #كورونا والله يا كثر اللي بنفقدهم - بعيد الشر - بتشخيص خاطئ,,,,,,,,,1,0,0.984375,0.007068634,0.008384705,3,0.984375,0.0905969629646786,None,Against
2040,مبدئيا كل شخص حر تماما في أنه يحصل على التطعيم أو لا، حركات رفض التطعيم منتشرة في العالم كله من أول رفض تطعيم الأطفال لحد رفض تطعيم كورونا فدي مش حاجة جديدة، برضوا من حق الأطباء انهم يوافقوا أو يرفضوا انهم يتطعموا بشكل عام طالما موقفهم الشخصي ده مش هيتأثر بيه المرضى,Covid Vaccine,مبدئيا كل شخص حر تماما في انه يحصل علي التطعيم او لا، حركات رفض التطعيم منتشرة في العالم كله من اول رفض تطعيم الاطفال لحد رفض تطعيم كورونا فدي مش حاجة جديدة، برضوا من حق الاطباء انهم يوافقوا او يرفضوا انهم يتطعموا بشكل عام طالما موقفهم الشخصي ده مش هيتاثر بيه المرضي,Covid Vaccine,,1,Neutral,1,No,0,,,,Target: Covid Vaccine Text: مبدئيا كل شخص حر تماما في انه يحصل علي التطعيم او لا، حركات رفض التطعيم منتشرة في العالم كله من اول رفض تطعيم الاطفال لحد رفض تطعيم كورونا فدي مش حاجة جديدة، برضوا من حق الاطباء انهم يوافقوا او يرفضوا انهم يتطعموا بشكل عام طالما موقفهم الشخصي ده مش هيتاثر بيه المرضي,,,,,,,,,1,2,0.123413086,0.32592773,0.55029297,3,0.55029297,0.9522904786461668,None,Favor
2041,   الاهلي اصبح من اسوأ البنوك خدمات سيئه للغايه واغلب خدماتهم عن طريق الفروع بالرغم من التحول الالكتروني لجميع البنوك ..,Digital Transformation,الاهلي اصبح من اسوا البنوك خدمات سيئه للغايه واغلب خدماتهم عن طريق الفروع بالرغم من التحول الالكتروني لجميع البنوك ..,Digital Transformation,Favor,2,Neutral,1,No,0,F_Explicit,,,Target: Digital Transformation Text: الاهلي اصبح من اسوا البنوك خدمات سيئه للغايه واغلب خدماتهم عن طريق الفروع بالرغم من التحول الالكتروني لجميع البنوك ..,,,,,,,,,2,0,0.87646484,0.0435791,0.08013916,3,0.87646484,0.4543810561915513,Favor,Against
2049,الثقافة لا تعني تحول الإنسان إلى كائن رقمي مع استراتيجية التحول الرقمي لأنها انتهاك لخصوصية الإنسان فضلا عن ادميته. ونقصد بالكائن الرقمي بأن تتم إدارته رقميا من خلال العالم الرقمي ع الانترنت.,Digital Transformation,الثقافة لا تعني تحول الانسان الي كائن رقمي مع استراتيجية التحول الرقمي لانها انتهاك لخصوصية الانسان فضلا عن ادميته. ونقصد بالكائن الرقمي بان تتم ادارته رقميا من خلال العالم الرقمي ع الانترنت.,Digital Transformation,,1,Negative,0,No,0,,,Not clear,Target: Digital Transformation Text: الثقافة لا تعني تحول الانسان الي كائن رقمي مع استراتيجية التحول الرقمي لانها انتهاك لخصوصية الانسان فضلا عن ادميته. ونقصد بالكائن الرقمي بان تتم ادارته رقميا من خلال العالم الرقمي ع الانترنت.,,,,,,,,,1,0,0.95703125,0.035583496,0.0072669983,3,0.95703125,0.1965198084969545,None,Against
2057,  التحول الإلكتروني  أقترح أن تكون فيه جلسة مصارحة  وتقصي لحقيقة الواقع  ومدى فاعليته لدى المتعاملين معه!,Digital Transformation,التحول الالكتروني اقترح ان تكون فيه جلسة مصارحة وتقصي لحقيقة الواقع ومدي فاعليته لدي المتعاملين معه!,Digital Transformation,,1,Negative,0,No,0,,,Not clear,Target: Digital Transformation Text: التحول الالكتروني اقترح ان تكون فيه جلسة مصارحة وتقصي لحقيقة الواقع ومدي فاعليته لدي المتعاملين معه!,,,,,,,,,1,2,0.16809082,0.32177734,0.5102539,3,0.5102539,1.0079326848862182,None,Favor
2077,الأمم المتحدة تشيد بدور الرئيس السيسي فى ضمان تمكين المرأة المصرية  - ,Women empowerment,الامم المتحدة تشيد بدور الرئيس السيسي في ضمان تمكين المراة المصرية -,Women empowerment,Favor,2,Positive,2,No,0,F_Explicit,,,Target: Women empowerment Text: الامم المتحدة تشيد بدور الرئيس السيسي في ضمان تمكين المراة المصرية -,,,,,,,,,2,1,0.04864502,0.8696289,0.081848145,3,0.8696289,0.4733981218663877,Favor,None
2083,  اصلاً هم سبب عدم التحول الالكتروني في المعاملات. ويوم راحوا واستلموها شباب الكويت صارت اغلب الجهات الحكومية عندهم معاملات الكترونية. فاقد الشي ء لا يعطيه,Digital Transformation,اصلاً هم سبب عدم التحول الالكتروني في المعاملات. ويوم راحوا واستلموها شباب الكويت صارت اغلب الجهات الحكومية عندهم معاملات الكترونية. فاقد الشي ء لا يعطيه,Digital Transformation,,1,Neutral,1,No,0,,,Not clear,Target: Digital Transformation Text: اصلاً هم سبب عدم التحول الالكتروني في المعاملات. ويوم راحوا واستلموها شباب الكويت صارت اغلب الجهات الحكومية عندهم معاملات الكترونية. فاقد الشي ء لا يعطيه,,,,,,,,,1,2,0.03604126,0.0061683655,0.9580078,3,0.9580078,0.1922529293242595,None,Favor
2089,لم يعد السؤال المناسب  هل يقاوم التطعيم تحورات الكورونا  بل السؤال ما هو الحال مع تحورات الكورونا من غير التطعيم والإجابة قطعا  تحورات كورونا من غير تطعيم = كارثة صحية اللقاحات توفر حماية ممتازة ضد دخول المستشفى والوفاة,Covid Vaccine,لم يعد السؤال المناسب هل يقاوم التطعيم تحورات الكورونا بل السؤال ما هو الحال مع تحورات الكورونا من غير التطعيم والاجابة قطعا تحورات كورونا من غير تطعيم = كارثة صحية اللقاحات توفر حماية ممتازة ضد دخول المستشفي والوفاة,Covid Vaccine,Favor,2,Neutral,1,No,0,F_Explicit,,,Target: Covid Vaccine Text: لم يعد السؤال المناسب هل يقاوم التطعيم تحورات الكورونا بل السؤال ما هو الحال مع تحورات الكورونا من غير التطعيم والاجابة قطعا تحورات كورونا من غير تطعيم = كارثة صحية اللقاحات توفر حماية ممتازة ضد دخول المستشفي والوفاة,,,,,,,,,2,0,0.9550781,0.033966064,0.010757446,3,0.9550781,0.2075384792051803,Favor,Against
2144,#مسابقة_ابوناصر١٤        (2030)  رؤية المستقبل و التطور و التحول الإلكتروني رؤية طموحه من قائد حالم طموح انها رؤية سيدي الامير محمد بن سلمان 💚🤍 URL,Digital Transformation,#مسابقة ابوناصر١٤ (2030) رؤية المستقبل و التطور و التحول الالكتروني رؤية طموحه من قائد حالم طموح انها رؤية سيدي الامير محمد بن سلمان 💚🤍,Digital Transformation,Favor,2,Neutral,1,No,0,F_Explicit,,,Target: Digital Transformation Text: #مسابقة ابوناصر١٤ (2030) رؤية المستقبل و التطور و التحول الالكتروني رؤية طموحه من قائد حالم طموح انها رؤية سيدي الامير محمد بن سلمان 💚🤍,,,,,,,,,2,1,0.02645874,0.85595703,0.117492676,3,0.85595703,0.4808303547546541,Favor,None
2157, التحول الرقمي هو تحوّل ثقافي في الاساس أما الجانب التقني فهو الأسهل,Digital Transformation,التحول الرقمي هو تحوّل ثقافي في الاساس اما الجانب التقني فهو الاسهل,Digital Transformation,Favor,2,Positive,2,No,0,F_Explicit,,,Target: Digital Transformation Text: التحول الرقمي هو تحوّل ثقافي في الاساس اما الجانب التقني فهو الاسهل,,,,,,,,,2,1,0.12072754,0.5341797,0.3449707,3,0.5341797,0.9573382718219202,Favor,None
2178,التحول إلى الاقتصاد الإلكتروني يحتاج إلى توفر البنية التحتية الفنية اولا والسيولة ثانيا. #الاقتصاد الرقمي,Digital Transformation,التحول الي الاقتصاد الالكتروني يحتاج الي توفر البنية التحتية الفنية اولا والسيولة ثانيا. #الاقتصاد الرقمي,Digital Transformation,,1,Positive,2,No,0,,,Not clear,Target: Digital Transformation Text: التحول الي الاقتصاد الالكتروني يحتاج الي توفر البنية التحتية الفنية اولا والسيولة ثانيا. #الاقتصاد الرقمي,,,,,,,,,1,2,0.015274048,0.0803833,0.9042969,3,0.9042969,0.3574821937546127,None,Favor
2209, الكلام كان عن تطعيم الاطفال ب اللقاح و التطعيم الخاص ب فيروس كورونا انت تدري ان مناعة الاطفال قوية جدا بفضل الله سبحانه وتعالى وانهم لا يحتاجون لقاح ضار اتمنى لما تقرا تشغل عقلك وتركز وتستوعب الكلام المكتوب مشكلتك عندك ضعف بالاستيعاب والفهم النقا,Covid Vaccine,الكلام كان عن تطعيم الاطفال ب اللقاح و التطعيم الخاص ب فيروس كورونا انت تدري ان مناعة الاطفال قوية جدا بفضل الله سبحانه وتعالي وانهم لا يحتاجون لقاح ضار اتمني لما تقرا تشغل عقلك وتركز وتستوعب الكلام المكتوب مشكلتك عندك ضعف بالاستيعاب والفهم النقا,Covid Vaccine,Against,0,Negative,0,No,0,,A_Implicit,,Target: Covid Vaccine Text: الكلام كان عن تطعيم الاطفال ب اللقاح و التطعيم الخاص ب فيروس كورونا انت تدري ان مناعة الاطفال قوية جدا بفضل الله سبحانه وتعالي وانهم لا يحتاجون لقاح ضار اتمني لما تقرا تشغل عقلك وتركز وتستوعب الكلام المكتوب مشكلتك عندك ضعف بالاستيعاب والفهم النقا,,,,,,,,,0,2,0.27197266,0.0770874,0.6508789,3,0.6508789,0.8311918123342148,Against,Favor
2227,MENTION MENTION MENTION يا عزيزي تطعيم كورونا هي نفس تطعيمات اللي ياخذه ولدك وهي نفسها تطعيمات الانفلونزا الموسمية هل يوم اخذت التطعيمات يوم كنت صغير طلع ولدك مشتوه ولا نبتتلك رجل ثالثه ؟؟,Covid Vaccine,مستخدم مستخدم مستخدم يا عزيزي تطعيم كورونا هي نفس تطعيمات اللي ياخذه ولدك وهي نفسها تطعيمات الانفلونزا الموسمية هل يوم اخذت التطعيمات يوم كنت صغير طلع ولدك مشتوه ولا نبتتلك رجل ثالثه ؟؟,Covid Vaccine,Favor,2,Positive,2,No,0,F_Implicit,,,Target: Covid Vaccine Text: مستخدم مستخدم مستخدم يا عزيزي تطعيم كورونا هي نفس تطعيمات اللي ياخذه ولدك وهي نفسها تطعيمات الانفلونزا الموسمية هل يوم اخذت التطعيمات يوم كنت صغير طلع ولدك مشتوه ولا نبتتلك رجل ثالثه ؟؟,,,,,,,,,2,0,0.5283203,0.37646484,0.09527588,3,0.5283203,0.9288676999391688,Favor,Against
2234,كما ان التحول التقني للصحافة لن يشفع لها دون مواكبة لقضايا المواطن والجمهور عموما.. صحافة العلاقات العامه لم يعد لها مكان اليوم. تطابق المضامين الصحفية افقد الجمهور الثقة في صحافته,Digital Transformation,كما ان التحول التقني للصحافة لن يشفع لها دون مواكبة لقضايا المواطن والجمهور عموما.. صحافة العلاقات العامه لم يعد لها مكان اليوم. تطابق المضامين الصحفية افقد الجمهور الثقة في صحافته,Digital Transformation,,1,Negative,0,Yes,1,,,Not clear,Target: Digital Transformation Text: كما ان التحول التقني للصحافة لن يشفع لها دون مواكبة لقضايا المواطن والجمهور عموما.. صحافة العلاقات العامه لم يعد لها مكان اليوم. تطابق المضامين الصحفية افقد الجمهور الثقة في صحافته,,,,,,,,,1,0,0.91308594,0.048431396,0.038330078,3,0.91308594,0.3546681523083239,None,Against
2291,بيل غيتس   ولله الحمد ( شبع )   صرّح بأن كورونا سوف تنتهي في ٢٠٢٢   لكن كل سنة في ( تطعيم )  😂😂😂😂 URL,Covid Vaccine,بيل غيتس ولله الحمد ( شبع ) صرّح بان كورونا سوف تنتهي في ٢٠٢٢ لكن كل سنة في ( تطعيم ) 😂😂,Covid Vaccine,,1,Neutral,1,Yes,1,,,Not clear,Target: Covid Vaccine Text: بيل غيتس ولله الحمد ( شبع ) صرّح بان كورونا سوف تنتهي في ٢٠٢٢ لكن كل سنة في ( تطعيم ) 😂😂,,,,,,,,,1,0,0.7397461,0.22033691,0.03994751,3,0.7397461,0.6849147623701118,None,Against
2300, ههههههههه تفهم الكلام عكس هههههه ماجاني كورونا قبل اللقاح ولا اقتنعت فيه اصلا لكن اللقاح شيء طبيعي...هو نفسه تطعيم الحج وتعطعيم الانفلونزا الموسمية وتعطعيم الولد الصغير بعد الولادة والتطعيمات اللي ياخذونها الناس في المستشفيات...الخ.. وانا ماطلعت ج,Covid Vaccine,هه تفهم الكلام عكس هه ماجاني كورونا قبل اللقاح ولا اقتنعت فيه اصلا لكن اللقاح شيء طبيعي..هو نفسه تطعيم الحج وتعطعيم الانفلونزا الموسمية وتعطعيم الولد الصغير بعد الولادة والتطعيمات اللي ياخذونها الناس في المستشفيات..الخ.. وانا ماطلعت ج,Covid Vaccine,Favor,2,Neutral,1,No,0,F_Implicit,,,Target: Covid Vaccine Text: هه تفهم الكلام عكس هه ماجاني كورونا قبل اللقاح ولا اقتنعت فيه اصلا لكن اللقاح شيء طبيعي..هو نفسه تطعيم الحج وتعطعيم الانفلونزا الموسمية وتعطعيم الولد الصغير بعد الولادة والتطعيمات اللي ياخذونها الناس في المستشفيات..الخ.. وانا ماطلعت ج,,,,,,,,,2,0,0.69189453,0.10089111,0.20739746,3,0.69189453,0.8125158253746201,Favor,Against
2481,وان كان تطعيم كورونا سنوي ما المانع من ذلك ؟ قدر الله هذا الامر وان نعيش هذه الجائحه فلا سبيل بعد توفيق الله الا بإتباع تعليمات الاطباء فان قرروا الجرعه الثالثه والرابعه حتى وان صارت سنويه فما المانع ان كانت امنه ولا اضرار جانبيه لها ومتوفره بالمجان؟ #مطعم_جرعتين_وارفض_الثالثه !,Covid Vaccine,وان كان تطعيم كورونا سنوي ما المانع من ذلك ؟ قدر الله هذا الامر وان نعيش هذه الجائحه فلا سبيل بعد توفيق الله الا باتباع تعليمات الاطباء فان قرروا الجرعه الثالثه والرابعه حتي وان صارت سنويه فما المانع ان كانت امنه ولا اضرار جانبيه لها ومتوفره بالمجان؟ #مطعم جرعتين وارفض الثالثه !,Covid Vaccine,Favor,2,Positive,2,No,0,F_Explicit,,,Target: Covid Vaccine Text: وان كان تطعيم كورونا سنوي ما المانع من ذلك ؟ قدر الله هذا الامر وان نعيش هذه الجائحه فلا سبيل بعد توفيق الله الا باتباع تعليمات الاطباء فان قرروا الجرعه الثالثه والرابعه حتي وان صارت سنويه فما المانع ان كانت امنه ولا اضرار جانبيه لها ومتوفره بالمجان؟ #مطعم جرعتين وارفض الثالثه !,,,,,,,,,2,0,0.5185547,0.046051025,0.43554688,3,0.5185547,0.8442912569827037,Favor,Against
2491,#الجرعة_الثالثه التنشيطيه       وراها #الجرعه_الرابعه بس شنو راح يكون اسمها؟يا ترئ ...                                                         #خذ_الخطوة_بلغ_عن_أضرار_اللقاح,Covid Vaccine,#الجرعة الثالثه التنشيطيه وراها #الجرعه الرابعه بس شنو راح يكون اسمها؟يا ترئ .. #خذ الخطوة بلغ عن اضرار اللقاح,Covid Vaccine,Against,0,Neutral,1,Yes,1,,A_Explicit,,Target: Covid Vaccine Text: #الجرعة الثالثه التنشيطيه وراها #الجرعه الرابعه بس شنو راح يكون اسمها؟يا ترئ .. #خذ الخطوة بلغ عن اضرار اللقاح,,,,,,,,,0,1,0.25170898,0.7192383,0.029083252,3,0.7192383,0.6871466382429455,Against,None
2758,حيث ستجري عملية التحول في محافظتي المفرق وإربد خلال الأسبوع المقبل.  #البنك_الوطني_لتمويل_المشاريع_الصغيرة #المحافظ_الإلكترونية #التحول_الإلكتروني #الدفع_الإلكتروني  #خدمات_مالية #خدمات_إلكترونية #FinTech #Microfinanace #Digitalization #EWallet #FinancialServices,Digital Transformation,حيث ستجري عملية التحول في محافظتي المفرق واربد خلال الاسبوع المقبل. #البنك الوطني لتمويل المشاريع الصغيرة #المحافظ الالكترونية #التحول الالكتروني #الدفع الالكتروني #خدمات مالية #خدمات الكترونية #FinTech #Microfinanace #Digitalization #EWallet #FinancialServices,Digital Transformation,Favor,2,Positive,2,No,0,F_Explicit,,,Target: Digital Transformation Text: حيث ستجري عملية التحول في محافظتي المفرق واربد خلال الاسبوع المقبل. #البنك الوطني لتمويل المشاريع الصغيرة #المحافظ الالكترونية #التحول الالكتروني #الدفع الالكتروني #خدمات مالية #خدمات الكترونية #FinTech #Microfinanace #Digitalization #EWallet #FinancialServices,,,,,,,,,2,1,0.03643799,0.8300781,0.13366699,3,0.8300781,0.5442697935606025,Favor,None
2763,#لا_للتطعيم_الاجباري82 #رفض_التطعيم_جريمه  ترفض تطعيم قيمة على الدوله ما يتجاوز 5دولار واذا صار عندك مضاعفات من كورونا تشغل سرير عناية مركزه اولا به مريض غير كورونا و يكلف الدوله اقل شي 3000 دولار باليوم,Covid Vaccine,#لا للتطعيم الاجباري82 #رفض التطعيم جريمه ترفض تطعيم قيمة علي الدوله ما يتجاوز 5دولار واذا صار عندك مضاعفات من كورونا تشغل سرير عناية مركزه اولا به مريض غير كورونا و يكلف الدوله اقل شي 300 دولار باليوم,Covid Vaccine,Favor,2,Neutral,1,No,0,F_Explicit,,,Target: Covid Vaccine Text: #لا للتطعيم الاجباري82 #رفض التطعيم جريمه ترفض تطعيم قيمة علي الدوله ما يتجاوز 5دولار واذا صار عندك مضاعفات من كورونا تشغل سرير عناية مركزه اولا به مريض غير كورونا و يكلف الدوله اقل شي 300 دولار باليوم,,,,,,,,,2,0,0.9584961,0.00579834,0.035888672,3,0.9584961,0.1899065429357796,Favor,Against
2804,  ستكون تكلفة عالية في مقابل لا مببيعات. في الحقيقة لماذا تضيعون الوقت في انعاش جثة!. الصحافة الورقية ماتت وشبعت موت. الخلاص في التحول التقني برؤى جديدة.,Digital Transformation,ستكون تكلفة عالية في مقابل لا مببيعات. في الحقيقة لماذا تضيعون الوقت في انعاش جثة!. الصحافة الورقية ماتت وشبعت موت. الخلاص في التحول التقني برؤي جديدة.,Digital Transformation,Favor,2,Positive,2,No,0,F_Explicit,,,Target: Digital Transformation Text: ستكون تكلفة عالية في مقابل لا مببيعات. في الحقيقة لماذا تضيعون الوقت في انعاش جثة!. الصحافة الورقية ماتت وشبعت موت. الخلاص في التحول التقني برؤي جديدة.,,,,,,,,,2,0,0.671875,0.09967041,0.22827148,3,0.671875,0.8342290077270852,Favor,Against
2815,"يتمحور مصطلح ""تمكين المرأة"" حول المرأة الفرد، وليست المرأة عضو الأسرة ونواتها؛ لذا فالمرأة المعتبرة -في نظر النسوية- هي المرأة العاملة، أما ربة الأسرة فيعتبرنها خارج السياق الدولي الجديد؛ لأنها لا تمارس عملًا مدفوع الأجر، ولأنها ربطت نفسها بالزوج والأولاد والأسرة!! أ.هدى مصلي ",Women empowerment,"يتمحور مصطلح ""تمكين المراة"" حول المراة الفرد، وليست المراة عضو الاسرة ونواتها؛ لذا فالمراة المعتبرة -في نظر النسوية- هي المراة العاملة، اما ربة الاسرة فيعتبرنها خارج السياق الدولي الجديد؛ لانها لا تمارس عملًا مدفوع الاجر، ولانها ربطت نفسها بالزوج والاولاد والاسرة!! ا.هدي مصلي",Women empowerment,Favor,2,Negative,0,No,0,F_Explicit,,,"Target: Women empowerment Text: يتمحور مصطلح ""تمكين المراة"" حول المراة الفرد، وليست المراة عضو الاسرة ونواتها؛ لذا فالمراة المعتبرة -في نظر النسوية- هي المراة العاملة، اما ربة الاسرة فيعتبرنها خارج السياق الدولي الجديد؛ لانها لا تمارس عملًا مدفوع الاجر، ولانها ربطت نفسها بالزوج والاولاد والاسرة!! ا.هدي مصلي",,,,,,,,,2,0,0.9819336,0.014503479,0.0036811829,3,0.9819336,0.099932023626237,Favor,Against
2847,هناك فرق شاسع بين #التحول_الرقمي و #الأتمتة  اغلب المنصات الحكومية الموجودة اليوم هي #اتمته وليست #تحول_رقمي  والمسؤولين معتدين بها كثيرا  الأتمتة مكلفه اكثر من التحول الرقمي وعائد الاستثمار عليها بالسالب لأنك ستجد نفسك بنهاية المطاف في دوامه من المشاكل لا يحلها الا التحول الرقمي,Digital Transformation,هناك فرق شاسع بين #التحول الرقمي و #الاتمتة اغلب المنصات الحكومية الموجودة اليوم هي #اتمته وليست #تحول رقمي والمسؤولين معتدين بها كثيرا الاتمتة مكلفه اكثر من التحول الرقمي وعائد الاستثمار عليها بالسالب لانك ستجد نفسك بنهاية المطاف في دوامه من المشاكل لا يحلها الا التحول الرقمي,Digital Transformation,Favor,2,Positive,2,No,0,F_Explicit,,,Target: Digital Transformation Text: هناك فرق شاسع بين #التحول الرقمي و #الاتمتة اغلب المنصات الحكومية الموجودة اليوم هي #اتمته وليست #تحول رقمي والمسؤولين معتدين بها كثيرا الاتمتة مكلفه اكثر من التحول الرقمي وعائد الاستثمار عليها بالسالب لانك ستجد نفسك بنهاية المطاف في دوامه من المشاكل لا يحلها الا التحول الرقمي,,,,,,,,,2,0,0.9848633,0.0046691895,0.01058197,3,0.9848633,0.0882132103835866,Favor,Against
2866, كانت محاولات  دخولي الى موقع الأمانه  من اجل الحصول على الرقم الإلكتروني   انا احزن  على فشلنا في التحول الرقمي بالرغم من بدأ العمل به منذ العام ٢٠٠١,Digital Transformation,كانت محاولات دخولي الي موقع الامانه من اجل الحصول علي الرقم الالكتروني انا احزن علي فشلنا في التحول الرقمي بالرغم من بدا العمل به منذ العام ٢٠٠١,Digital Transformation,Against,0,Negative,0,No,0,,A_Explicit,,Target: Digital Transformation Text: كانت محاولات دخولي الي موقع الامانه من اجل الحصول علي الرقم الالكتروني انا احزن علي فشلنا في التحول الرقمي بالرغم من بدا العمل به منذ العام ٢٠٠١,,,,,,,,,0,2,0.39282227,0.0770874,0.52978516,3,0.52978516,0.9011770090409924,Against,Favor
2889, وهل صار عالمياً مسموح للأطفال ؟! إللي أعرفه من سن ١٦سنة!!..ودعواتك ألقى واسطة واتطعم بسرعة.. لأني خايفة من انتشار كورونا ولا يتفاعل مع تاريخي المرضي السابق في الصغر مع الربو💔 عشان كذا مداومة يومياً اتصل يمكن ألقى فرصة تطعيم!..والله يبعد المرض عنا ,Covid Vaccine,وهل صار عالمياً مسموح للاطفال ؟! اللي اعرفه من سن ١٦سنة!!..ودعواتك القي واسطة واتطعم بسرعة.. لاني خايفة من انتشار كورونا ولا يتفاعل مع تاريخي المرضي السابق في الصغر مع الربو💔 عشان كذا مداومة يومياً اتصل يمكن القي فرصة تطعيم!..والله يبعد المرض عنا,Covid Vaccine,Favor,2,Negative,0,No,0,F_Implicit,,,Target: Covid Vaccine Text: وهل صار عالمياً مسموح للاطفال ؟! اللي اعرفه من سن ١٦سنة!!..ودعواتك القي واسطة واتطعم بسرعة.. لاني خايفة من انتشار كورونا ولا يتفاعل مع تاريخي المرضي السابق في الصغر مع الربو💔 عشان كذا مداومة يومياً اتصل يمكن القي فرصة تطعيم!..والله يبعد المرض عنا,,,,,,,,,2,0,0.4699707,0.08654785,0.44335938,3,0.4699707,0.9272726430212068,Favor,Against
2934,مسيكين مقهوووور مارح أناقش بمنطق وبعقل العقل بعيد كل البعد عن هؤلاء الهمج   الله يزيد المرأة تمكين ويزيدهم قهر .. #حقوق_المرأة  #تمكين_المرأة_السعودية  #تزويج_المراة_نفسها  #بقايا_الصحوة URL,Women empowerment,مسيكين مقهوور مارح اناقش بمنطق وبعقل العقل بعيد كل البعد عن هؤلاء الهمج الله يزيد المراة تمكين ويزيدهم قهر .. #حقوق المراة #تمكين المراة السعودية #تزويج المراة نفسها #بقايا الصحوة,Women empowerment,Favor,2,Neutral,1,No,0,F_Explicit,,,Target: Women empowerment Text: مسيكين مقهوور مارح اناقش بمنطق وبعقل العقل بعيد كل البعد عن هؤلاء الهمج الله يزيد المراة تمكين ويزيدهم قهر .. #حقوق المراة #تمكين المراة السعودية #تزويج المراة نفسها #بقايا الصحوة,,,,,,,,,2,0,0.9433594,0.0059127808,0.05078125,3,0.9433594,0.2366813994138211,Favor,Against
3019,كنا نعاني من توظيف الاجانب والحين صارت المعاناه دبل مع تمكين المرأه  #الشهاده_الجامعيه,Women empowerment,كنا نعاني من توظيف الاجانب والحين صارت المعاناه دبل مع تمكين المراه #الشهاده الجامعيه,Women empowerment,Against,0,Negative,0,No,0,,A_Explicit,,Target: Women empowerment Text: كنا نعاني من توظيف الاجانب والحين صارت المعاناه دبل مع تمكين المراه #الشهاده الجامعيه,,,,,,,,,0,2,0.08001709,0.005832672,0.9140625,3,0.9140625,0.3142235635496599,Against,Favor
3036,ترك الإعلام للبرامج الترفيهية والمقابلات التافهة فقط وعدم وجود برامج تثقيفية وتعليمية خاصة في المجال التقني سيجعلنا شعب متخلف أقصى مراحل التطور لديه هو تقديم خدمة التراسل بالواتس آب ويسميها التحول الرقمي والتطور التقني وهذا عيب.,Digital Transformation,ترك الاعلام للبرامج الترفيهية والمقابلات التافهة فقط وعدم وجود برامج تثقيفية وتعليمية خاصة في المجال التقني سيجعلنا شعب متخلف اقصي مراحل التطور لديه هو تقديم خدمة التراسل بالواتس اب ويسميها التحول الرقمي والتطور التقني وهذا عيب.,Digital Transformation,Favor,2,Positive,2,No,0,F_Explicit,,,Target: Digital Transformation Text: ترك الاعلام للبرامج الترفيهية والمقابلات التافهة فقط وعدم وجود برامج تثقيفية وتعليمية خاصة في المجال التقني سيجعلنا شعب متخلف اقصي مراحل التطور لديه هو تقديم خدمة التراسل بالواتس اب ويسميها التحول الرقمي والتطور التقني وهذا عيب.,,,,,,,,,2,0,0.8149414,0.09661865,0.088256836,3,0.8149414,0.606808873821229,Favor,Against
3068,  أستاذه يبالنا قبل دورة الموظفين وبعدها تحول رقمي تراه اذا البعض متقاعس هل بيفيد التحول الإلكتروني,Digital Transformation,استاذه يبالنا قبل دورة الموظفين وبعدها تحول رقمي تراه اذا البعض متقاعس هل بيفيد التحول الالكتروني,Digital Transformation,,1,Negative,0,No,0,,,Not clear,Target: Digital Transformation Text: استاذه يبالنا قبل دورة الموظفين وبعدها تحول رقمي تراه اذا البعض متقاعس هل بيفيد التحول الالكتروني,,,,,,,,,1,2,0.022323608,0.09185791,0.8857422,3,0.8857422,0.4116552370388579,None,Favor
3077,قمة السطحيه في طرح موضوع تمكين المرأة.. يهمني موضوع تمكين المرأه لدرجة لايمكن وصفها.. واهو مايقتصر على ان حضرتج تندعمين غصب للوصول للمجلس..!! ,Women empowerment,قمة السطحيه في طرح موضوع تمكين المراة.. يهمني موضوع تمكين المراه لدرجة لايمكن وصفها.. واهو مايقتصر علي ان حضرتج تندعمين غصب للوصول للمجلس..!!,Women empowerment,Favor,2,Negative,0,No,0,F_Explicit,,,Target: Women empowerment Text: قمة السطحيه في طرح موضوع تمكين المراة.. يهمني موضوع تمكين المراه لدرجة لايمكن وصفها.. واهو مايقتصر علي ان حضرتج تندعمين غصب للوصول للمجلس..!!,,,,,,,,,2,0,0.52734375,0.019195557,0.45336914,3,0.52734375,0.7719672020749666,Favor,Against
3160,ومن ناحية اخرى النساء اصبح لديهم استحقاقيه عالية جداً خصوصاً بعد تمكين المرأة والدعوة الى المساواه بينها وبين الرجل وكثرة الخرفان والمدجنين والخرفان حولها  اصبحت لا تحترم زوجها وتجد صعوبه في تقبل النصوص التي تحث على طاعة الزوج وتعظيم مكانته عندها خصوصاً ان هناك من يميعها لإرضائهم,Women empowerment,ومن ناحية اخري النساء اصبح لديهم استحقاقيه عالية جداً خصوصاً بعد تمكين المراة والدعوة الي المساواه بينها وبين الرجل وكثرة الخرفان والمدجنين والخرفان حولها اصبحت لا تحترم زوجها وتجد صعوبه في تقبل النصوص التي تحث علي طاعة الزوج وتعظيم مكانته عندها خصوصاً ان هناك من يميعها لارضائهم,Women empowerment,Favor,2,Negative,0,No,0,F_Explicit,,,Target: Women empowerment Text: ومن ناحية اخري النساء اصبح لديهم استحقاقيه عالية جداً خصوصاً بعد تمكين المراة والدعوة الي المساواه بينها وبين الرجل وكثرة الخرفان والمدجنين والخرفان حولها اصبحت لا تحترم زوجها وتجد صعوبه في تقبل النصوص التي تحث علي طاعة الزوج وتعظيم مكانته عندها خصوصاً ان هناك من يميعها لارضائهم,,,,,,,,,2,0,0.98583984,0.0036468506,0.010520935,3,0.98583984,0.0824488735082543,Favor,Against
3176,٩٠٪ بنات معاهم شهايد جامعية و خبرات و لغات و آخر حاجه الوظايف يا كول سنتر أو سوق براتب أقل و جهد وقت أكثر و ذا تسمونه تمكين المرأة بسوق العمل !! ,Women empowerment,٩٠٪ بنات معاهم شهايد جامعية و خبرات و لغات و اخر حاجه الوظايف يا كول سنتر او سوق براتب اقل و جهد وقت اكثر و ذا تسمونه تمكين المراة بسوق العمل !!,Women empowerment,Favor,2,Negative,0,No,0,F_Explicit,,,Target: Women empowerment Text: ٩٠٪ بنات معاهم شهايد جامعية و خبرات و لغات و اخر حاجه الوظايف يا كول سنتر او سوق براتب اقل و جهد وقت اكثر و ذا تسمونه تمكين المراة بسوق العمل !!,,,,,,,,,2,0,0.984375,0.006549835,0.009162903,3,0.984375,0.0914346926335576,Favor,Against
3215,هل هذا هو #تمكين_المرأة السعودية؟   #الحرم_المكي #المرأة_في_السعودية ,Women empowerment,هل هذا هو #تمكين المراة السعودية؟ #الحرم المكي #المراة في السعودية,Women empowerment,Favor,2,Neutral,1,No,0,F_Explicit,,,Target: Women empowerment Text: هل هذا هو #تمكين المراة السعودية؟ #الحرم المكي #المراة في السعودية,,,,,,,,,2,1,0.34350586,0.64160156,0.014633179,3,0.64160156,0.7136058411339649,Favor,None
3249,بكرا رايحة آخد تطعيم كورونا ويااااه آخر تطعيم أخدته كان تطعيم صف تاسع,Covid Vaccine,بكرا رايحة اخد تطعيم كورونا ويااه اخر تطعيم اخدته كان تطعيم صف تاسع,Covid Vaccine,Favor,2,Neutral,1,No,0,,,,Target: Covid Vaccine Text: بكرا رايحة اخد تطعيم كورونا ويااه اخر تطعيم اخدته كان تطعيم صف تاسع,,,,,,,,,2,1,0.20275879,0.7788086,0.018554688,3,0.7788086,0.5922224359577873,Favor,None
3304, يحرمون تطعيم الاطفال عن شلل الاطفال ويقولون هدا امر الله اذا اصابهم اصابهم!!!! بس كورونا ياخذون الدواء حقه والمضادات ذولا هم طالبان🤔,Covid Vaccine,يحرمون تطعيم الاطفال عن شلل الاطفال ويقولون هدا امر الله اذا اصابهم اصابهم!! بس كورونا ياخذون الدواء حقه والمضادات ذولا هم طالبان🤔,Covid Vaccine,,1,Neutral,1,No,0,,,Not clear,Target: Covid Vaccine Text: يحرمون تطعيم الاطفال عن شلل الاطفال ويقولون هدا امر الله اذا اصابهم اصابهم!! بس كورونا ياخذون الدواء حقه والمضادات ذولا هم طالبان🤔,,,,,,,,,1,0,0.6977539,0.008926392,0.29345703,3,0.6977539,0.6530205536430016,None,Against
3308,   إيرادات الدولة بالخمس سنوات الأخيرة بعد تمكين المرأة تضاعفت والأعتماد على النفط قل  الفلس كان من الرجال الذين خانوا الدولة ونهبوا الأموال وأستقروا بالخارج,Women empowerment,ايرادات الدولة بالخمس سنوات الاخيرة بعد تمكين المراة تضاعفت والاعتماد علي النفط قل الفلس كان من الرجال الذين خانوا الدولة ونهبوا الاموال واستقروا بالخارج,Women empowerment,Favor,2,Positive,2,No,0,F_Explicit,,,Target: Women empowerment Text: ايرادات الدولة بالخمس سنوات الاخيرة بعد تمكين المراة تضاعفت والاعتماد علي النفط قل الفلس كان من الرجال الذين خانوا الدولة ونهبوا الاموال واستقروا بالخارج,,,,,,,,,2,0,0.5439453,0.018310547,0.43774414,3,0.5439453,0.7660886491828782,Favor,Against
3404,التحول الى التعليم الالكتروني  عن بعد لمدة 14 يوم URL,Digital Transformation,التحول الي التعليم الالكتروني عن بعد لمدة 14 يوم,Digital Transformation,,1,Negative,0,No,0,,,Not clear,Target: Digital Transformation Text: التحول الي التعليم الالكتروني عن بعد لمدة 14 يوم,,,,,,,,,1,2,0.037353516,0.25854492,0.70410156,3,0.70410156,0.7195451486713469,None,Favor
3432,واحد لا يفقه شيء ينشر خبر الكل يسوي ريتويت للخبر و يطرشون واتس اب يبلشونا ممرض امريكي يحوشه كورونا واهوا ماخذ اللقاح يا حبيبي أمي انت احنا من ننولد ناخذ تطعيمات الجدري مثلاًيحوشنا جدري بس ما يذبحنا ناخذ تطعيم فلو يحوشنا فلو بس مو قوي ولا نموت من الفلو من قالك اللقاح يمنع الإصابه؟,Covid Vaccine,واحد لا يفقه شيء ينشر خبر الكل يسوي ريتويت للخبر و يطرشون واتس اب يبلشونا ممرض امريكي يحوشه كورونا واهوا ماخذ اللقاح يا حبيبي امي انت احنا من ننولد ناخذ تطعيمات الجدري مثلاًيحوشنا جدري بس ما يذبحنا ناخذ تطعيم فلو يحوشنا فلو بس مو قوي ولا نموت من الفلو من قالك اللقاح يمنع الاصابه؟,Covid Vaccine,Favor,2,Neutral,1,No,0,F_Implicit,,,Target: Covid Vaccine Text: واحد لا يفقه شيء ينشر خبر الكل يسوي ريتويت للخبر و يطرشون واتس اب يبلشونا ممرض امريكي يحوشه كورونا واهوا ماخذ اللقاح يا حبيبي امي انت احنا من ننولد ناخذ تطعيمات الجدري مثلاًيحوشنا جدري بس ما يذبحنا ناخذ تطعيم فلو يحوشنا فلو بس مو قوي ولا نموت من الفلو من قالك اللقاح يمنع الاصابه؟,,,,,,,,,2,0,0.7734375,0.12451172,0.10211182,3,0.7734375,0.6910935072054211,Favor,Against
3459,#القبض_علي_مدعيه_النبوه فاهمة تمكين المرأة غلط😂😂,Women empowerment,#القبض علي مدعيه النبوه فاهمة تمكين المراة غلط😂😂,Women empowerment,,1,Neutral,1,Yes,1,,,Not clear,Target: Women empowerment Text: #القبض علي مدعيه النبوه فاهمة تمكين المراة غلط😂😂,,,,,,,,,1,0,0.98046875,0.010246277,0.009140015,3,0.98046875,0.1091890481859587,None,Against
3479,بم أنه كله هيتحول  رقمي في فكره عبقريه أننا نخلي كل حاجه في شريحه qr code مثلا ملزوقه علي قفا المواطن بحيث أنه ياخد المرتب يتلسع علي قفاه يدفع قسط علي قفاه يدفع اجره التباع ياكله علي قفاه كده يبقي سهلنا التحول الرقمي,Digital Transformation,بم انه كله هيتحول رقمي في فكره عبقريه اننا نخلي كل حاجه في شريحه qr code مثلا ملزوقه علي قفا المواطن بحيث انه ياخد المرتب يتلسع علي قفاه يدفع قسط علي قفاه يدفع اجره التباع ياكله علي قفاه كده يبقي سهلنا التحول الرقمي,Digital Transformation,,1,Negative,0,No,0,,,Not clear,Target: Digital Transformation Text: بم انه كله هيتحول رقمي في فكره عبقريه اننا نخلي كل حاجه في شريحه qr code مثلا ملزوقه علي قفا المواطن بحيث انه ياخد المرتب يتلسع علي قفاه يدفع قسط علي قفاه يدفع اجره التباع ياكله علي قفاه كده يبقي سهلنا التحول الرقمي,,,,,,,,,1,2,0.053771973,0.29711914,0.6489258,3,0.6489258,0.7983854405730533,None,Favor
3495,الشرايح اللي في تطعيم كورونا اشتغلت يا رجالة URL,Covid Vaccine,الشرايح اللي في تطعيم كورونا اشتغلت يا رجالة,Covid Vaccine,,1,Neutral,1,No,0,,,Not clear,Target: Covid Vaccine Text: الشرايح اللي في تطعيم كورونا اشتغلت يا رجالة,,,,,,,,,1,2,0.11004639,0.04711914,0.84277344,3,0.84277344,0.5309711798219238,None,Favor
3522,شعبنا غريب !!   تقوله  حظر واغلاق ؟   لا مانبي حظر واغلاق   حلو   تعال اخذ تطعيم ؟   لا ماابي اخذ تطعيم !  ومايبي ينصاب بكورونا !!   تعال اجمعهم ثلاثتهم عاد 😂 عدم اصابة بكورونا مع بدون اغلاق وبدون لقاح !,Covid Vaccine,شعبنا غريب !! تقوله حظر واغلاق ؟ لا مانبي حظر واغلاق حلو تعال اخذ تطعيم ؟ لا ماابي اخذ تطعيم ! ومايبي ينصاب بكورونا !! تعال اجمعهم ثلاثتهم عاد 😂 عدم اصابة بكورونا مع بدون اغلاق وبدون لقاح !,Covid Vaccine,Favor,2,Neutral,1,No,0,,,,Target: Covid Vaccine Text: شعبنا غريب !! تقوله حظر واغلاق ؟ لا مانبي حظر واغلاق حلو تعال اخذ تطعيم ؟ لا ماابي اخذ تطعيم ! ومايبي ينصاب بكورونا !! تعال اجمعهم ثلاثتهم عاد 😂 عدم اصابة بكورونا مع بدون اغلاق وبدون لقاح !,,,,,,,,,2,0,0.8823242,0.09625244,0.021530151,3,0.8823242,0.418408288279354,Favor,Against
3560, مو المفروض كتكريم للمرأة في الوظائف وضعها ضمن طاقم نسائي في المجمعات🤔 او تكون وظائف الرسبشن او النادل او المكاتب او التمريض للنساء اما تحشرهم في مستودع مع رجل واجنبي هذه إهانة ولا حق تمكين المرأة,Women empowerment,مو المفروض كتكريم للمراة في الوظائف وضعها ضمن طاقم نسائي في المجمعات🤔 او تكون وظائف الرسبشن او النادل او المكاتب او التمريض للنساء اما تحشرهم في مستودع مع رجل واجنبي هذه اهانة ولا حق تمكين المراة,Women empowerment,Favor,2,Negative,0,No,0,F_Explicit,,,Target: Women empowerment Text: مو المفروض كتكريم للمراة في الوظائف وضعها ضمن طاقم نسائي في المجمعات🤔 او تكون وظائف الرسبشن او النادل او المكاتب او التمريض للنساء اما تحشرهم في مستودع مع رجل واجنبي هذه اهانة ولا حق تمكين المراة,,,,,,,,,2,0,0.72509766,0.020523071,0.25439453,3,0.72509766,0.6610715134379512,Favor,Against
3561,     تمكين المرآة ودعمها   اذا يهمك دعمهم شف المحاسبات بفرع لولو خريص تحاسب وبنفس الوقت تعبي اكياس للزبون. هذا فوق طاقتها. اذا يرضيك وضعهم هذا شي ثاني.,Women empowerment,تمكين المراة ودعمها اذا يهمك دعمهم شف المحاسبات بفرع لولو خريص تحاسب وبنفس الوقت تعبي اكياس للزبون. هذا فوق طاقتها. اذا يرضيك وضعهم هذا شي ثاني.,Women empowerment,Favor,2,Positive,2,No,0,F_Explicit,,,Target: Women empowerment Text: تمكين المراة ودعمها اذا يهمك دعمهم شف المحاسبات بفرع لولو خريص تحاسب وبنفس الوقت تعبي اكياس للزبون. هذا فوق طاقتها. اذا يرضيك وضعهم هذا شي ثاني.,,,,,,,,,2,0,0.62939453,0.02658081,0.34423828,3,0.62939453,0.7549344010729115,Favor,Against
3587,جمعية الصحفيين العمانية تنظم جلسة حول (دور الإعلام في تمكين المرأة وملامح من الخطة الخمسية العاشرة) بصور  ,Women empowerment,جمعية الصحفيين العمانية تنظم جلسة حول (دور الاعلام في تمكين المراة وملامح من الخطة الخمسية العاشرة) بصور,Women empowerment,Favor,2,Neutral,1,No,0,F_Explicit,,,Target: Women empowerment Text: جمعية الصحفيين العمانية تنظم جلسة حول (دور الاعلام في تمكين المراة وملامح من الخطة الخمسية العاشرة) بصور,,,,,,,,,2,1,0.019546509,0.51660156,0.46362305,3,0.51660156,0.7745008121386185,Favor,None
3622, الفاسد لا يريد التحول الالكتروني لان راح ينقطع رزقه,Digital Transformation,الفاسد لا يريد التحول الالكتروني لان راح ينقطع رزقه,Digital Transformation,Favor,2,Negative,0,No,0,F_Implicit,,,Target: Digital Transformation Text: الفاسد لا يريد التحول الالكتروني لان راح ينقطع رزقه,,,,,,,,,2,0,0.72558594,0.042510986,0.2319336,3,0.72558594,0.7059252981484406,Favor,Against
3680,لا شك أن حاجتها أجبرتها على العمل في هذا المكان وتحت هذه الظروف مع العمالة الوافدة...  #تمكين_المرأة في زمن الترفيه #ايش_ودكم_تقولون ,Women empowerment,لا شك ان حاجتها اجبرتها علي العمل في هذا المكان وتحت هذه الظروف مع العمالة الوافدة.. #تمكين المراة في زمن الترفيه #ايش ودكم تقولون,Women empowerment,Favor,2,Neutral,1,No,0,F_Explicit,,,Target: Women empowerment Text: لا شك ان حاجتها اجبرتها علي العمل في هذا المكان وتحت هذه الظروف مع العمالة الوافدة.. #تمكين المراة في زمن الترفيه #ايش ودكم تقولون,,,,,,,,,2,0,0.99072266,0.007232666,0.0021839142,3,0.99072266,0.05826509827704,Favor,Against
3722,ملاك العلوية  وفعالية *غايته نغادر*.. ضمن فعاليات اقلاع للنساء 🤩  #إقلاع #تمكين_المرأة #تمكين #شغف ,Women empowerment,ملاك العلوية وفعالية *غايته نغادر*.. ضمن فعاليات اقلاع للنساء 🤩 #اقلاع #تمكين المراة #تمكين #شغف,Women empowerment,Against,0,Positive,2,No,0,,A_Explicit,,Target: Women empowerment Text: ملاك العلوية وفعالية *غايته نغادر*.. ضمن فعاليات اقلاع للنساء 🤩 #اقلاع #تمكين المراة #تمكين #شغف,,,,,,,,,0,1,0.04840088,0.81884766,0.1328125,3,0.81884766,0.5783460882735136,Against,None
3739, انها البداوة الموحشة والجائرة و القفراء . انا لست مع التسيب والانفلات. كل حالة يجب ان تو'خذ على حدة. والتبين من حقيقة الامر .ربما الضحية تعاقب مرتين من الجاني والقريب! الحياة العصرية يحتم الاختلاط ولكن علينا ان لا نكون القاضي والجلاد في ا',Women empowerment,انها البداوة الموحشة والجائرة و القفراء . انا لست مع التسيب والانفلات. كل حالة يجب ان تو'خذ علي حدة. والتبين من حقيقة الامر .ربما الضحية تعاقب مرتين من الجاني والقريب! الحياة العصرية يحتم الاختلاط ولكن علينا ان لا نكون القاضي والجلاد في ا',Women empowerment,,1,Neutral,1,No,0,,,Not Related,Target: Women empowerment Text: انها البداوة الموحشة والجائرة و القفراء . انا لست مع التسيب والانفلات. كل حالة يجب ان تو'خذ علي حدة. والتبين من حقيقة الامر .ربما الضحية تعاقب مرتين من الجاني والقريب! الحياة العصرية يحتم الاختلاط ولكن علينا ان لا نكون القاضي والجلاد في ا',,,,,,,,,1,0,0.61816406,0.36328125,0.018539429,3,0.61816406,0.7391209186702589,None,Against
3754,الهيئة الوطنية لشؤون المرأة تعقد الاجتماع الافتراضي الثاني مع ضابطات وضباط الإرتكاز الجندري في الوزارات في إطار برنامج تمكين النساء  ,Women empowerment,الهيئة الوطنية لشؤون المراة تعقد الاجتماع الافتراضي الثاني مع ضابطات وضباط الارتكاز الجندري في الوزارات في اطار برنامج تمكين النساء,Women empowerment,Favor,2,Neutral,1,No,0,F_Explicit,,,Target: Women empowerment Text: الهيئة الوطنية لشؤون المراة تعقد الاجتماع الافتراضي الثاني مع ضابطات وضباط الارتكاز الجندري في الوزارات في اطار برنامج تمكين النساء,,,,,,,,,2,1,0.030319214,0.75683594,0.21264648,3,0.75683594,0.6460594695034777,Favor,None
3756, عرفوا نقطة ضعف السعودية الحالية ومن ثم عرفوا من أين تأكل الكتف 😉  تمكين المرأة من السعودية يشمل كل نساء العالم وخصوصا المتبرجات,Women empowerment,عرفوا نقطة ضعف السعودية الحالية ومن ثم عرفوا من اين تاكل الكتف 😉 تمكين المراة من السعودية يشمل كل نساء العالم وخصوصا المتبرجات,Women empowerment,Favor,2,Negative,0,No,0,F_Explicit,,,Target: Women empowerment Text: عرفوا نقطة ضعف السعودية الحالية ومن ثم عرفوا من اين تاكل الكتف 😉 تمكين المراة من السعودية يشمل كل نساء العالم وخصوصا المتبرجات,,,,,,,,,2,0,0.5493164,0.038238525,0.41259766,3,0.5493164,0.8191574415422569,Favor,Against
3768,تمكين المراة.. أحد استراتيجيات السيسي لبناء مصر 🇪🇬👏 #TeNTV ,Women empowerment,تمكين المراة.. احد استراتيجيات السيسي لبناء مصر 🇪🇬👏 #TeNTV,Women empowerment,Favor,2,Positive,2,No,0,F_Explicit,,,Target: Women empowerment Text: تمكين المراة.. احد استراتيجيات السيسي لبناء مصر 🇪🇬👏 #TeNTV,,,,,,,,,2,1,0.16772461,0.4326172,0.3996582,3,0.4326172,1.0284964427012309,Favor,None
3784,"لا يعجبني لفظ ""تمكين المرأة""   بالذات خارج الحقوق والقانون وان اختلفت اشكاله   من حقها ان نعطيها الفرصة لتختار بدون اجبار   ولا حتى مبالغة في التثقيف (وهو اخطر)   كانها دائماً ضحية لافكار الاخرين فيجب ان يوجد عنصر ثالث ليلغي هذا التاثير ويترك اثر مضاد 🤦‍♂️  لندع المرأة... تفكر",Women empowerment,"لا يعجبني لفظ ""تمكين المراة"" بالذات خارج الحقوق والقانون وان اختلفت اشكاله من حقها ان نعطيها الفرصة لتختار بدون اجبار ولا حتي مبالغة في التثقيف (وهو اخطر) كانها دائماً ضحية لافكار الاخرين فيجب ان يوجد عنصر ثالث ليلغي هذا التاثير ويترك اثر مضاد 🤦‍♂️ لندع المراة.. تفكر",Women empowerment,Favor,2,Negative,0,No,0,F_Explicit,,,"Target: Women empowerment Text: لا يعجبني لفظ ""تمكين المراة"" بالذات خارج الحقوق والقانون وان اختلفت اشكاله من حقها ان نعطيها الفرصة لتختار بدون اجبار ولا حتي مبالغة في التثقيف (وهو اخطر) كانها دائماً ضحية لافكار الاخرين فيجب ان يوجد عنصر ثالث ليلغي هذا التاثير ويترك اثر مضاد 🤦‍♂️ لندع المراة.. تفكر",,,,,,,,,2,0,0.9838867,0.008171082,0.007797241,3,0.9838867,0.0931101202857714,Favor,Against
3797,MENTION ممكن لان الخليج طالع بموجة تمكين المرأه فردة فعل الشباب المساحه دي 😂😂😂,Women empowerment,مستخدم ممكن لان الخليج طالع بموجة تمكين المراه فردة فعل الشباب المساحه دي 😂😂,Women empowerment,Against,0,Neutral,1,Yes,1,,A_Explicit,,Target: Women empowerment Text: مستخدم ممكن لان الخليج طالع بموجة تمكين المراه فردة فعل الشباب المساحه دي 😂😂,,,,,,,,,0,1,0.11981201,0.56396484,0.31640625,3,0.56396484,0.941336903854598,Against,None
3831,MENTION مدري عنهم يمكن عشان تمكين المرأه,Women empowerment,مستخدم مدري عنهم يمكن عشان تمكين المراه,Women empowerment,Favor,2,Neutral,1,No,0,F_Explicit,,,Target: Women empowerment Text: مستخدم مدري عنهم يمكن عشان تمكين المراه,,,,,,,,,2,0,0.8857422,0.03640747,0.07800293,3,0.8857422,0.4270699530328531,Favor,Against
3834,MENTION MENTION أنا معاك النظام كان معهم ومع دين المشايخ لكن اليوم مع تمكين المرأة ( ولو أن باقي ما أخذت كامل حقوقها ) تلقين عوايل قاعدة تقمع بناتها عشان كلام قبيلتهم تمثلنا وماتمثلنا وخذ لك عاد .,Women empowerment,مستخدم مستخدم انا معاك النظام كان معهم ومع دين المشايخ لكن اليوم مع تمكين المراة ( ولو ان باقي ما اخذت كامل حقوقها ) تلقين عوايل قاعدة تقمع بناتها عشان كلام قبيلتهم تمثلنا وماتمثلنا وخذ لك عاد .,Women empowerment,Favor,2,Positive,2,No,0,F_Explicit,,,Target: Women empowerment Text: مستخدم مستخدم انا معاك النظام كان معهم ومع دين المشايخ لكن اليوم مع تمكين المراة ( ولو ان باقي ما اخذت كامل حقوقها ) تلقين عوايل قاعدة تقمع بناتها عشان كلام قبيلتهم تمثلنا وماتمثلنا وخذ لك عاد .,,,,,,,,,2,0,0.83691406,0.020935059,0.14221191,3,0.83691406,0.507316286136162,Favor,Against
3858,تيكا التركية تدعم تمكين المراة في #الجزائر 🇩🇿 🇹🇷  ⬅️قدمت الوكالة التركية دعما بالمعدات والالات (34 الة) لورشة معالجة التوابل التي سيتم إنشاؤها للنساء اللائي يعشن في مناطق بني مليكيشي وبوحمزة وإغيل علي في #بجاية.  ⬅️وبفضل المشروع ستتمكن 109 امرأة من إنتاج #التوابل في ورشة العمل. ,Women empowerment,تيكا التركية تدعم تمكين المراة في #الجزائر 🇩🇿 🇹🇷 ⬅️قدمت الوكالة التركية دعما بالمعدات والالات (34 الة) لورشة معالجة التوابل التي سيتم انشاؤها للنساء اللائي يعشن في مناطق بني مليكيشي وبوحمزة واغيل علي في #بجاية. ⬅️وبفضل المشروع ستتمكن 109 امراة من انتاج #التوابل في ورشة العمل.,Women empowerment,Favor,2,Positive,2,No,0,F_Explicit,,,Target: Women empowerment Text: تيكا التركية تدعم تمكين المراة في #الجزائر 🇩🇿 🇹🇷 ⬅️قدمت الوكالة التركية دعما بالمعدات والالات (34 الة) لورشة معالجة التوابل التي سيتم انشاؤها للنساء اللائي يعشن في مناطق بني مليكيشي وبوحمزة واغيل علي في #بجاية. ⬅️وبفضل المشروع ستتمكن 109 امراة من انتاج #التوابل في ورشة العمل.,,,,,,,,,2,1,0.08581543,0.60253906,0.31152344,3,0.60253906,0.8792963732215677,Favor,None
3859,  وين تمكين المرأة وش هالكلام,Women empowerment,وين تمكين المراة وش هالكلام,Women empowerment,Favor,2,Neutral,1,No,0,F_Explicit,,,Target: Women empowerment Text: وين تمكين المراة وش هالكلام,,,,,,,,,2,0,0.8642578,0.0703125,0.06549072,3,0.8642578,0.4912652322518142,Favor,Against
3901,المفرووض...  ماحد يجيب عيال الا فاتح لهم حساب باسمهم بالبنك ؛ خلهم يستفيدون من كشختك بكرت العيلة انك صرت أب   #صندوق_النفقة #تمكين_المرأة #حقوق_الطفل #حقوق_الإنسان #الرفق_بالحيوان,Women empowerment,المفرووض.. ماحد يجيب عيال الا فاتح لهم حساب باسمهم بالبنك ؛ خلهم يستفيدون من كشختك بكرت العيلة انك صرت اب #صندوق النفقة #تمكين المراة #حقوق الطفل #حقوق الانسان #الرفق بالحيوان,Women empowerment,Favor,2,Neutral,1,No,0,F_Explicit,,,Target: Women empowerment Text: المفرووض.. ماحد يجيب عيال الا فاتح لهم حساب باسمهم بالبنك ؛ خلهم يستفيدون من كشختك بكرت العيلة انك صرت اب #صندوق النفقة #تمكين المراة #حقوق الطفل #حقوق الانسان #الرفق بالحيوان,,,,,,,,,2,0,0.796875,0.13586426,0.06738281,3,0.796875,0.6338909728413566,Favor,Against
3978," وينكم عن البنات اللي مسلوبه حقوقهم بالقطاع الخاص .. لا إجازت ولا رواتب وساعات عمل تقص الظهر تحت أسم "" #السعوده و #تمكين_المرأة ؟؟؟؟",Women empowerment,"وينكم عن البنات اللي مسلوبه حقوقهم بالقطاع الخاص .. لا اجازت ولا رواتب وساعات عمل تقص الظهر تحت اسم "" #السعوده و #تمكين المراة ؟؟",Women empowerment,Favor,2,Negative,0,No,0,F_Explicit,,,"Target: Women empowerment Text: وينكم عن البنات اللي مسلوبه حقوقهم بالقطاع الخاص .. لا اجازت ولا رواتب وساعات عمل تقص الظهر تحت اسم "" #السعوده و #تمكين المراة ؟؟",,,,,,,,,2,0,0.9716797,0.011695862,0.01663208,3,0.9716797,0.1480767352324589,Favor,Against
3994,#لا_للتطعيم_الاجباري يثق في البياع ومايثق في  تطعيم كورونا اللي الحكومه توصي عليه 😂😂,Covid Vaccine,#لا للتطعيم الاجباري يثق في البياع ومايثق في تطعيم كورونا اللي الحكومه توصي عليه 😂😂,Covid Vaccine,Favor,2,Neutral,1,Yes,1,F_Implicit,,,Target: Covid Vaccine Text: #لا للتطعيم الاجباري يثق في البياع ومايثق في تطعيم كورونا اللي الحكومه توصي عليه 😂😂,,,,,,,,,2,0,0.86035156,0.006752014,0.1328125,3,0.86035156,0.4312791871110331,Favor,Against
4024,رقم قياسي اماراتي جديد يثبت مدي الدعم لحقوق الانسان داخل الوطن بقطع الإمارات شوطا كبيرا في مكافحة فيروس كورونا المستجد بعد تطعيم نحو 65% من سكانها المؤهلين ليبلغ معدل توزيع اللقاح 103.07 جرعة لكل 100 شخص بفعالية وامان ❤️🇦🇪👏 ,Covid Vaccine,رقم قياسي اماراتي جديد يثبت مدي الدعم لحقوق الانسان داخل الوطن بقطع الامارات شوطا كبيرا في مكافحة فيروس كورونا المستجد بعد تطعيم نحو 65% من سكانها المؤهلين ليبلغ معدل توزيع اللقاح 103.07 جرعة لكل 100 شخص بفعالية وامان ❤️🇦🇪👏,Covid Vaccine,,1,Positive,2,No,0,,,Not clear,Target: Covid Vaccine Text: رقم قياسي اماراتي جديد يثبت مدي الدعم لحقوق الانسان داخل الوطن بقطع الامارات شوطا كبيرا في مكافحة فيروس كورونا المستجد بعد تطعيم نحو 65% من سكانها المؤهلين ليبلغ معدل توزيع اللقاح 103.07 جرعة لكل 100 شخص بفعالية وامان ❤️🇦🇪👏,,,,,,,,,1,2,0.011703491,0.054138184,0.93408203,3,0.93408203,0.2736302022963344,None,Favor
4104, مافي تطعيم او لقاح ضد المدام ,Covid Vaccine,مافي تطعيم او لقاح ضد المدام,Covid Vaccine,,1,Neutral,1,Yes,1,,,Not Related,Target: Covid Vaccine Text: مافي تطعيم او لقاح ضد المدام,,,,,,,,,1,0,0.95654297,0.03945923,0.003955841,3,0.95654297,0.1919361852351779,None,Against
831,جامعة الشرق الأوسط تنظم ملتقى تمكين المرأة الاقتصادي URL URL,Women empowerment,جامعة الشرق الأوسط تنظم ملتقى تمكين المرأة الاقتصادي URL URL,Women empowerment,,1,Neutral,1,No,0,,,Not clear,Target: Women empowerment Text: جامعة الشرق الأوسط تنظم ملتقى تمكين المرأة الاقتصادي URL URL,,جامعة الشرق الأوسط تنظم ملتقى تمكين المرأة الاقتصادي URL URL,Women empowerment,1.0,1.0,1.0,2022-04-03 06:51:58+00:00,03/04/2022,1,2,0.0546875,0.44677734,0.49853516,3,0.49853516,0.8659156138418918,None,Favor
1099,يُروَج مؤخراً للعديد من المنتجات والدورات تحت الطابع النسوي/تمكين المرأة  مثل علب حفظ الفوط الصحية ادوات الامتاع الذاتي ادوات تخفيف الآلام الدورة الشهرية دورات تعرفي ع جسدك  تعرفي ع كذا كذا الخ م هذه المنتجات بأسعار متفاوتة منها الباهض ومنها المتوسط الثمن #نسويات_ليبيا,Women empowerment,يُروَج مؤخراً للعديد من المنتجات والدورات تحت الطابع النسوي/تمكين المرأة  مثل علب حفظ الفوط الصحية ادوات الامتاع الذاتي ادوات تخفيف الآلام الدورة الشهرية دورات تعرفي ع جسدك  تعرفي ع كذا كذا الخ م هذه المنتجات بأسعار متفاوتة منها الباهض ومنها المتوسط الثمن #نسويات_ليبيا,Women empowerment,Against,0,Negative,0,No,0,,A_Explicit,,Target: Women empowerment Text: يُروَج مؤخراً للعديد من المنتجات والدورات تحت الطابع النسوي/تمكين المرأة  مثل علب حفظ الفوط الصحية ادوات الامتاع الذاتي ادوات تخفيف الآلام الدورة الشهرية دورات تعرفي ع جسدك  تعرفي ع كذا كذا الخ م هذه المنتجات بأسعار متفاوتة منها الباهض ومنها المتوسط الثمن #نسويات_ليبيا,,يُروَج مؤخراً للعديد من المنتجات والدورات تحت الطابع النسوي/تمكين المرأة  مثل علب حفظ الفوط الصحية ادوات الامتاع الذاتي ادوات تخفيف الآلام الدورة الشهرية دورات تعرفي ع جسدك  تعرفي ع كذا كذا الخ م هذه المنتجات بأسعار متفاوتة منها الباهض ومنها المتوسط الثمن #نسويات_ليبيا,Women empowerment,0.5833,0.5926,1.0,2022-05-14 14:30:09+00:00,14/05/2022,0,1,0.06573486,0.8642578,0.070251465,3,0.8642578,0.4915850984372729,Against,None
1134,احبابى وحبايبى عايز اقولكم تجربتى  الأخيره حتى الآن مع اوميكرون ويمكن كوفيد الله اعلم وعايزكم تقروا كويس  الكلام ده عشان تستفيدوا . اولا انا ما  اطعمتش ولا تطعيم واخدت كورونا اربع مرات من قبل وهذه الخامسه . طيب نعمل  ايه اذا جت . اولا واهمهم عدم الخوف نهائيا لانها بقت ضعيفه,Covid Vaccine,احبابى وحبايبى عايز اقولكم تجربتى  الأخيره حتى الآن مع اوميكرون ويمكن كوفيد الله اعلم وعايزكم تقروا كويس  الكلام ده عشان تستفيدوا . اولا انا ما  اطعمتش ولا تطعيم واخدت كورونا اربع مرات من قبل وهذه الخامسه . طيب نعمل  ايه اذا جت . اولا واهمهم عدم الخوف نهائيا لانها بقت ضعيفه,Covid Vaccine,,1,Neutral,1,No,0,,,Not clear,Target: Covid Vaccine Text: احبابى وحبايبى عايز اقولكم تجربتى  الأخيره حتى الآن مع اوميكرون ويمكن كوفيد الله اعلم وعايزكم تقروا كويس  الكلام ده عشان تستفيدوا . اولا انا ما  اطعمتش ولا تطعيم واخدت كورونا اربع مرات من قبل وهذه الخامسه . طيب نعمل  ايه اذا جت . اولا واهمهم عدم الخوف نهائيا لانها بقت ضعيفه,,احبابى وحبايبى عايز اقولكم تجربتى  الأخيره حتى الآن مع اوميكرون ويمكن كوفيد الله اعلم وعايزكم تقروا كويس  الكلام ده عشان تستفيدوا . اولا انا ما  اطعمتش ولا تطعيم واخدت كورونا اربع مرات من قبل وهذه الخامسه . طيب نعمل  ايه اذا جت . اولا واهمهم عدم الخوف نهائيا لانها بقت ضعيفه,Covid Vaccine,0.7222,1.0,0.4831,2022-05-12 09:52:35+00:00,12/05/2022,1,0,0.96728516,0.029327393,0.0035095215,3,0.96728516,0.1555137708758949,None,Against
1542,فلسفة التحول الرقمي    التحول الرقمي يدمج ما هو مادي بما هو رقمي ويحوله لواقع جديد. ما يحدث الآن هو تغيير الطريقة التي نعمل بها  وحتى طريقة تفكيرنا.  التحول الرقمي هو نهاية طغيان الاعمال والأسواق التقليدية عبر ارتفاع الاندماج بين النموذج التقليدي والنموذج الرقمي.,Digital Transformation,فلسفة التحول الرقمي    التحول الرقمي يدمج ما هو مادي بما هو رقمي ويحوله لواقع جديد. ما يحدث الآن هو تغيير الطريقة التي نعمل بها  وحتى طريقة تفكيرنا.  التحول الرقمي هو نهاية طغيان الاعمال والأسواق التقليدية عبر ارتفاع الاندماج بين النموذج التقليدي والنموذج الرقمي.,Digital Transformation,Against,0,Negative,0,No,0,,A_Explicit,,Target: Digital Transformation Text: فلسفة التحول الرقمي    التحول الرقمي يدمج ما هو مادي بما هو رقمي ويحوله لواقع جديد. ما يحدث الآن هو تغيير الطريقة التي نعمل بها  وحتى طريقة تفكيرنا.  التحول الرقمي هو نهاية طغيان الاعمال والأسواق التقليدية عبر ارتفاع الاندماج بين النموذج التقليدي والنموذج الرقمي.,,فلسفة التحول الرقمي    التحول الرقمي يدمج ما هو مادي بما هو رقمي ويحوله لواقع جديد. ما يحدث الآن هو تغيير الطريقة التي نعمل بها  وحتى طريقة تفكيرنا.  التحول الرقمي هو نهاية طغيان الاعمال والأسواق التقليدية عبر ارتفاع الاندماج بين النموذج التقليدي والنموذج الرقمي.,Digital Transformation,0.3985,1.0,1.0,2018-06-06 16:12:50+00:00,06/06/2018,0,1,0.028747559,0.54296875,0.42822266,3,0.54296875,0.796804598345187,Against,None
831,جامعة الشرق الأوسط تنظم ملتقى تمكين المرأة الاقتصادي URL URL,Women empowerment,جامعة الشرق الاوسط تنظم ملتقي تمكين المراة الاقتصادي,Women empowerment,,1,Neutral,1,No,0,,,Not clear,Target: Women empowerment Text: جامعة الشرق الاوسط تنظم ملتقي تمكين المراة الاقتصادي,,,,,,,,,1,2,0.025161743,0.14953613,0.8251953,3,0.8251953,0.5353565629320758,None,Favor
1542,فلسفة التحول الرقمي    التحول الرقمي يدمج ما هو مادي بما هو رقمي ويحوله لواقع جديد. ما يحدث الآن هو تغيير الطريقة التي نعمل بها  وحتى طريقة تفكيرنا.  التحول الرقمي هو نهاية طغيان الاعمال والأسواق التقليدية عبر ارتفاع الاندماج بين النموذج التقليدي والنموذج الرقمي.,Digital Transformation,فلسفة التحول الرقمي التحول الرقمي يدمج ما هو مادي بما هو رقمي ويحوله لواقع جديد. ما يحدث الان هو تغيير الطريقة التي نعمل بها وحتي طريقة تفكيرنا. التحول الرقمي هو نهاية طغيان الاعمال والاسواق التقليدية عبر ارتفاع الاندماج بين النموذج التقليدي والنموذج الرقمي.,Digital Transformation,Against,0,Negative,0,No,0,,A_Explicit,,Target: Digital Transformation Text: فلسفة التحول الرقمي التحول الرقمي يدمج ما هو مادي بما هو رقمي ويحوله لواقع جديد. ما يحدث الان هو تغيير الطريقة التي نعمل بها وحتي طريقة تفكيرنا. التحول الرقمي هو نهاية طغيان الاعمال والاسواق التقليدية عبر ارتفاع الاندماج بين النموذج التقليدي والنموذج الرقمي.,,,,,,,,,0,2,0.02293396,0.2841797,0.6928711,3,0.6928711,0.698341327149991,Against,Favor
1134,احبابى وحبايبى عايز اقولكم تجربتى  الأخيره حتى الآن مع اوميكرون ويمكن كوفيد الله اعلم وعايزكم تقروا كويس  الكلام ده عشان تستفيدوا . اولا انا ما  اطعمتش ولا تطعيم واخدت كورونا اربع مرات من قبل وهذه الخامسه . طيب نعمل  ايه اذا جت . اولا واهمهم عدم الخوف نهائيا لانها بقت ضعيفه,Covid Vaccine,احبابي وحبايبي عايز اقولكم تجربتي الاخيره حتي الان مع اوميكرون ويمكن كوفيد الله اعلم وعايزكم تقروا كويس الكلام ده عشان تستفيدوا . اولا انا ما اطعمتش ولا تطعيم واخدت كورونا اربع مرات من قبل وهذه الخامسه . طيب نعمل ايه اذا جت . اولا واهمهم عدم الخوف نهائيا لانها بقت ضعيفه,Covid Vaccine,,1,Neutral,1,No,0,,,Not clear,Target: Covid Vaccine Text: احبابي وحبايبي عايز اقولكم تجربتي الاخيره حتي الان مع اوميكرون ويمكن كوفيد الله اعلم وعايزكم تقروا كويس الكلام ده عشان تستفيدوا . اولا انا ما اطعمتش ولا تطعيم واخدت كورونا اربع مرات من قبل وهذه الخامسه . طيب نعمل ايه اذا جت . اولا واهمهم عدم الخوف نهائيا لانها بقت ضعيفه,,,,,,,,,1,0,0.95947266,0.027908325,0.012557983,3,0.95947266,0.1945452391811256,None,Against
20,#السديس يؤكد تفعيل التحول الإلكتروني في جميع تعاملات الرئاسة URL,Digital Transformation,#السديس يؤكد تفعيل التحول الالكتروني في جميع تعاملات الرئاسة,Digital Transformation,,1,Neutral,1,No,0,,,Not clear,Target: Digital Transformation Text: #السديس يؤكد تفعيل التحول الالكتروني في جميع تعاملات الرئاسة,,,,,,,,,1,2,0.0020217896,0.012290955,0.98583984,4,0.98583984,0.0806687298531079,None,Favor
30,هناك من عاصر زمن تحرير السود من العبودية  وهناك من عاصر زمن تمكين المرأة واعطائها كامل حقوقها  وشاء الله أن يكون زماننا زمن اعطاء الشواذ حقوقهم وهو الأسوأ حتى الآن  أتمنى ألا تطول صولتهم,Women empowerment,هناك من عاصر زمن تحرير السود من العبودية وهناك من عاصر زمن تمكين المراة واعطائها كامل حقوقها وشاء الله ان يكون زماننا زمن اعطاء الشواذ حقوقهم وهو الاسوا حتي الان اتمني الا تطول صولتهم,Women empowerment,,1,Negative,0,No,0,,,Not clear,Target: Women empowerment Text: هناك من عاصر زمن تحرير السود من العبودية وهناك من عاصر زمن تمكين المراة واعطائها كامل حقوقها وشاء الله ان يكون زماننا زمن اعطاء الشواذ حقوقهم وهو الاسوا حتي الان اتمني الا تطول صولتهم,,,,,,,,,1,2,0.2841797,0.010124207,0.7060547,4,0.7060547,0.649790193173526,None,Favor
134,      كما ذكرت  هذا التحول التقني (لا) بد أن يواكبه تحول على مستوى العقول,Digital Transformation,كما ذكرت هذا التحول التقني (لا) بد ان يواكبه تحول علي مستوي العقول,Digital Transformation,,1,Neutral,1,No,0,,,Not clear,Target: Digital Transformation Text: كما ذكرت هذا التحول التقني (لا) بد ان يواكبه تحول علي مستوي العقول,,,,,,,,,1,2,0.00084781647,0.009437561,0.9897461,4,0.9897461,0.0602055152934013,None,Favor
164,إن أرادت الوزارة المضي قدمًا نحو التحول الإلكتروني  عليها أن تسد الفجوات وتستمع لمطالب المعلمين الذين هم أدرى بشعاب البيئة التعليمية وليست إدارات التعليم. فمتى يكون ذلك؟,Digital Transformation,ان ارادت الوزارة المضي قدمًا نحو التحول الالكتروني عليها ان تسد الفجوات وتستمع لمطالب المعلمين الذين هم ادري بشعاب البيئة التعليمية وليست ادارات التعليم. فمتي يكون ذلك؟,Digital Transformation,,1,Negative,0,No,0,,,Not clear,Target: Digital Transformation Text: ان ارادت الوزارة المضي قدمًا نحو التحول الالكتروني عليها ان تسد الفجوات وتستمع لمطالب المعلمين الذين هم ادري بشعاب البيئة التعليمية وليست ادارات التعليم. فمتي يكون ذلك؟,,,,,,,,,1,2,0.003709793,0.009017944,0.9873047,4,0.9873047,0.075838603973058,None,Favor
195, شهاده تطعيم كورونا صح 😳🤔😂😂😂👍,Covid Vaccine,شهاده تطعيم كورونا صح 😳🤔😂😂👍,Covid Vaccine,,1,Neutral,1,No,0,,,Not clear,Target: Covid Vaccine Text: شهاده تطعيم كورونا صح 😳🤔😂😂👍,,,,,,,,,1,2,0.053771973,0.20495605,0.74121094,4,0.74121094,0.703993173580559,None,Favor
240,  لا عاد الحمدلله انا ما اعرف واحد ما تطعم #تطعيم_كورونا,Covid Vaccine,لا عاد الحمدلله انا ما اعرف واحد ما تطعم #تطعيم كورونا,Covid Vaccine,,1,Neutral,1,No,0,,,Not clear,Target: Covid Vaccine Text: لا عاد الحمدلله انا ما اعرف واحد ما تطعم #تطعيم كورونا,,,,,,,,,1,2,0.00097084045,0.014511108,0.984375,4,0.984375,0.0836605581250904,None,Favor
269,من امبارح ونفسي اسال  امال مين ام الجهات الرقابيه فين؟  كل يوم يطلع مسؤول عرض يقولك الحوكمه وتحول رقمي  هو لو فيه ريحة الحوكمه او التحول الرقمي كان فيه سرقه بالمبلغ دي حصلت!  انتوا فاهمين يعني ايه حوكمه وتحول رقمي   ولا هو هبد وخلاص؟ URL,Digital Transformation,من امبارح ونفسي اسال امال مين ام الجهات الرقابيه فين؟ كل يوم يطلع مسؤول عرض يقولك الحوكمه وتحول رقمي هو لو فيه ريحة الحوكمه او التحول الرقمي كان فيه سرقه بالمبلغ دي حصلت! انتوا فاهمين يعني ايه حوكمه وتحول رقمي ولا هو هبد وخلاص؟,Digital Transformation,,1,Neutral,1,No,0,,,Not clear,Target: Digital Transformation Text: من امبارح ونفسي اسال امال مين ام الجهات الرقابيه فين؟ كل يوم يطلع مسؤول عرض يقولك الحوكمه وتحول رقمي هو لو فيه ريحة الحوكمه او التحول الرقمي كان فيه سرقه بالمبلغ دي حصلت! انتوا فاهمين يعني ايه حوكمه وتحول رقمي ولا هو هبد وخلاص؟,,,,,,,,,1,0,0.9916992,0.006046295,0.0024528503,4,0.9916992,0.0538954672447024,None,Against
276,  لماذا لم يتم تطعيم الضباط العسكريين والافراد الجنوبيين من وباء كورونا ؟؟!!,Covid Vaccine,لماذا لم يتم تطعيم الضباط العسكريين والافراد الجنوبيين من وباء كورونا ؟؟!!,Covid Vaccine,,1,Neutral,1,No,0,,,Not clear,Target: Covid Vaccine Text: لماذا لم يتم تطعيم الضباط العسكريين والافراد الجنوبيين من وباء كورونا ؟؟!!,,,,,,,,,1,0,0.9868164,0.008666992,0.004699707,4,0.9868164,0.0794408420668294,None,Against
292,كالعادة الخدمات الحكومية اعفن من قبل الرؤية  واللي يغبن تفتح تويتر تلقى لهم مدح لييين آمين على التحول الالكتروني فمايمديك حتى تنتقدهم,Digital Transformation,كالعادة الخدمات الحكومية اعفن من قبل الرؤية واللي يغبن تفتح تويتر تلقي لهم مدح ليين امين علي التحول الالكتروني فمايمديك حتي تنتقدهم,Digital Transformation,,1,Negative,0,No,0,,,Not clear,Target: Digital Transformation Text: كالعادة الخدمات الحكومية اعفن من قبل الرؤية واللي يغبن تفتح تويتر تلقي لهم مدح ليين امين علي التحول الالكتروني فمايمديك حتي تنتقدهم,,,,,,,,,1,0,0.9716797,0.00491333,0.023422241,4,0.9716797,0.1419624506421228,None,Against
293,التحول الالكتروني تحول عجيب يوم من الايام سوف يصبح العالم عالم الكترونياً  معطل جسدياً وفعال الكترونياً كل شي وله تبعياته في نظري سوف تنتشر الامراض المتعلقه بالبقاء في مكان واحد فتره طويله الحياه متغيره !! #فهد_الماضي,Digital Transformation,التحول الالكتروني تحول عجيب يوم من الايام سوف يصبح العالم عالم الكترونياً معطل جسدياً وفعال الكترونياً كل شي وله تبعياته في نظري سوف تنتشر الامراض المتعلقه بالبقاء في مكان واحد فتره طويله الحياه متغيره !! #فهد الماضي,Digital Transformation,,1,Neutral,1,Yes,1,,,Not clear,Target: Digital Transformation Text: التحول الالكتروني تحول عجيب يوم من الايام سوف يصبح العالم عالم الكترونياً معطل جسدياً وفعال الكترونياً كل شي وله تبعياته في نظري سوف تنتشر الامراض المتعلقه بالبقاء في مكان واحد فتره طويله الحياه متغيره !! #فهد الماضي,,,,,,,,,1,0,0.99121094,0.007949829,0.00075674057,4,0.99121094,0.0526229130659501,None,Against
296, التحول الإلكتروني  نفس الحال للصحف,Digital Transformation,التحول الالكتروني نفس الحال للصحف,Digital Transformation,Favor,2,Neutral,1,No,0,F_Explicit,,,Target: Digital Transformation Text: التحول الالكتروني نفس الحال للصحف,,,,,,,,,2,1,0.0051078796,0.95996094,0.034973145,4,0.95996094,0.183451779916744,Favor,None
314, كذلك نحتاج شريطيّات أبل و بقر و دجاج   و في حراج السيارات و حراج بن قاسم في اطار خطة #تمكين_المرأة . و أطالب بإسمي وبإسم كل الرجال تعديل قوانين المجتمع الجائر في حقنا وذلك بتسليم عهدة القوامة إلى النساء وعليهن دفع مهور الازواج والإنفاق عليه,Women empowerment,كذلك نحتاج شريطيّات ابل و بقر و دجاج و في حراج السيارات و حراج بن قاسم في اطار خطة #تمكين المراة . و اطالب باسمي وباسم كل الرجال تعديل قوانين المجتمع الجائر في حقنا وذلك بتسليم عهدة القوامة الي النساء وعليهن دفع مهور الازواج والانفاق عليه,Women empowerment,Against,0,Neutral,1,No,0,,A_Explicit,,Target: Women empowerment Text: كذلك نحتاج شريطيّات ابل و بقر و دجاج و في حراج السيارات و حراج بن قاسم في اطار خطة #تمكين المراة . و اطالب باسمي وباسم كل الرجال تعديل قوانين المجتمع الجائر في حقنا وذلك بتسليم عهدة القوامة الي النساء وعليهن دفع مهور الازواج والانفاق عليه,,,,,,,,,0,2,0.07659912,0.016021729,0.90722656,4,0.90722656,0.3513572742689307,Against,Favor
322, خوذي حبوب حديد لازم تاخذين لحوم حمراء ولاتنسين زيادة البروتين باكلك اما نشاط الغده ماله دخل بالتكميم ابد اعرف كذا وحده جاهم بعد تطعيم كورونا,Covid Vaccine,خوذي حبوب حديد لازم تاخذين لحوم حمراء ولاتنسين زيادة البروتين باكلك اما نشاط الغده ماله دخل بالتكميم ابد اعرف كذا وحده جاهم بعد تطعيم كورونا,Covid Vaccine,,1,Neutral,1,No,0,,,Not clear,Target: Covid Vaccine Text: خوذي حبوب حديد لازم تاخذين لحوم حمراء ولاتنسين زيادة البروتين باكلك اما نشاط الغده ماله دخل بالتكميم ابد اعرف كذا وحده جاهم بعد تطعيم كورونا,,,,,,,,,1,2,0.0064926147,0.0068473816,0.9868164,4,0.9868164,0.0799267856246039,None,Favor
324,تمكين المرأة في عهد مبس 😂 URL URL,Women empowerment,تمكين المراة في عهد مبس 😂,Women empowerment,,1,Neutral,1,No,0,,,Not clear,Target: Women empowerment Text: تمكين المراة في عهد مبس 😂,,,,,,,,,1,2,0.014579773,0.043884277,0.94140625,4,0.94140625,0.255678612695053,None,Favor
328,الحمد لله على نعمة البلوك في تويتر   احسها مثل تطعيم كورونا,Covid Vaccine,الحمد لله علي نعمة البلوك في تويتر احسها مثل تطعيم كورونا,Covid Vaccine,,1,Positive,2,No,0,,,Not clear,Target: Covid Vaccine Text: الحمد لله علي نعمة البلوك في تويتر احسها مثل تطعيم كورونا,,,,,,,,,1,2,0.0045776367,0.004940033,0.99072266,4,0.99072266,0.0601254119500006,None,Favor
331,اتمنى ان لاتهدم هذه الحركات #النسوية المتطرفة الموجة الحكومية في تمكين المراة والاستفادة من نصف المجتمع #انقذوا_رهف_اليامي,Women empowerment,اتمني ان لاتهدم هذه الحركات #النسوية المتطرفة الموجة الحكومية في تمكين المراة والاستفادة من نصف المجتمع #انقذوا رهف اليامي,Women empowerment,Against,0,Negative,0,No,0,,A_Explicit,,Target: Women empowerment Text: اتمني ان لاتهدم هذه الحركات #النسوية المتطرفة الموجة الحكومية في تمكين المراة والاستفادة من نصف المجتمع #انقذوا رهف اليامي,,,,,,,,,0,2,0.04824829,0.0011463165,0.9506836,4,0.9506836,0.2021014077615323,Against,Favor
340,  وين الدليل انه راح يصير شي على عيالنا واحفادنا ؟ انا شخصيا جربت الكورونا ودخلت المستشفي عشر ايام تقريبا وتحت الاوكسجين ومعاناة ما وراها معاناه اقسم بالله اول مره يمر على هالشي وحاليا مستعد لو اخذ مليون تطعيم بس ما عيد تجرب,Covid Vaccine,وين الدليل انه راح يصير شي علي عيالنا واحفادنا ؟ انا شخصيا جربت الكورونا ودخلت المستشفي عشر ايام تقريبا وتحت الاوكسجين ومعاناة ما وراها معاناه اقسم بالله اول مره يمر علي هالشي وحاليا مستعد لو اخذ مليون تطعيم بس ما عيد تجرب,Covid Vaccine,Favor,2,Positive,2,No,0,F_Explicit,,,Target: Covid Vaccine Text: وين الدليل انه راح يصير شي علي عيالنا واحفادنا ؟ انا شخصيا جربت الكورونا ودخلت المستشفي عشر ايام تقريبا وتحت الاوكسجين ومعاناة ما وراها معاناه اقسم بالله اول مره يمر علي هالشي وحاليا مستعد لو اخذ مليون تطعيم بس ما عيد تجرب,,,,,,,,,2,0,0.99365234,0.005241394,0.0010385513,4,0.99365234,0.0409856833568136,Favor,Against
364,أمين #الشرقية يدشن خدمة التوقيع الالكتروني للإجراءات الإدارية ضمن برنامج التحول الرقمي - URL URL,Digital Transformation,امين #الشرقية يدشن خدمة التوقيع الالكتروني للاجراءات الادارية ضمن برنامج التحول الرقمي -,Digital Transformation,,1,Neutral,1,No,0,,,Not clear,Target: Digital Transformation Text: امين #الشرقية يدشن خدمة التوقيع الالكتروني للاجراءات الادارية ضمن برنامج التحول الرقمي -,,,,,,,,,1,2,0.00085401535,0.01979065,0.9794922,4,0.9794922,0.1039598890961713,None,Favor
370, سألني دكتور عن علاقة التكنولوجيا بعلم الإجتماع فتغير الجواب إلى وجهة نظر للمستقبل  وكنت أتكلم عن التحول الإلكتروني بإستثناء التعليم أن يستمر على الأقل بتقديم الدورات عن بعد  الدكتور ما رد على كلامي وقال لي قفل المايك 😅 ما ادري بس يمكن سؤاله كان ,Digital Transformation,سالني دكتور عن علاقة التكنولوجيا بعلم الاجتماع فتغير الجواب الي وجهة نظر للمستقبل وكنت اتكلم عن التحول الالكتروني باستثناء التعليم ان يستمر علي الاقل بتقديم الدورات عن بعد الدكتور ما رد علي كلامي وقال لي قفل المايك 😅 ما ادري بس يمكن سؤاله كان,Digital Transformation,Favor,2,Neutral,1,No,0,F_Explicit,,,Target: Digital Transformation Text: سالني دكتور عن علاقة التكنولوجيا بعلم الاجتماع فتغير الجواب الي وجهة نظر للمستقبل وكنت اتكلم عن التحول الالكتروني باستثناء التعليم ان يستمر علي الاقل بتقديم الدورات عن بعد الدكتور ما رد علي كلامي وقال لي قفل المايك 😅 ما ادري بس يمكن سؤاله كان,,,,,,,,,2,1,0.0029506683,0.9916992,0.005428314,4,0.9916992,0.0537708041006422,Favor,None
382,حين لا تضع المنظمة خطة للأحتياجات التدريبية لموظفيها خلال فترة التحول الإلكتروني سوف يخلق #نقاط_ضعف في المنظمة بسبب عدم تمكن الاداره من وضع التوقعات المحتمل حدوثها خلال #الخطة_الاستراتيجية .,Digital Transformation,حين لا تضع المنظمة خطة للاحتياجات التدريبية لموظفيها خلال فترة التحول الالكتروني سوف يخلق #نقاط ضعف في المنظمة بسبب عدم تمكن الاداره من وضع التوقعات المحتمل حدوثها خلال #الخطة الاستراتيجية .,Digital Transformation,,1,Negative,0,No,0,,,Not clear,Target: Digital Transformation Text: حين لا تضع المنظمة خطة للاحتياجات التدريبية لموظفيها خلال فترة التحول الالكتروني سوف يخلق #نقاط ضعف في المنظمة بسبب عدم تمكن الاداره من وضع التوقعات المحتمل حدوثها خلال #الخطة الاستراتيجية .,,,,,,,,,1,2,0.043029785,0.13964844,0.8173828,4,0.8173828,0.5751049111663004,None,Favor
384,#تطعيم_كورونا كان لصفوف الاماميه ثم الان اصبح الكويتين فقط !!   والكويتين ليس كلهم هم يطعمون ومقتنعين فيه !!   +  وضف على ذلك  صفوف الاماميه لم يتم الانتهاء منهم الى الان؟؟  السؤال احد يفهمني كيف نصل الى مناعة المجتمعة بهذه طريقه؟!🤔,Covid Vaccine,#تطعيم كورونا كان لصفوف الاماميه ثم الان اصبح الكويتين فقط !! والكويتين ليس كلهم هم يطعمون ومقتنعين فيه !! + وضف علي ذلك صفوف الاماميه لم يتم الانتهاء منهم الي الان؟؟ السؤال احد يفهمني كيف نصل الي مناعة المجتمعة بهذه طريقه؟!🤔,Covid Vaccine,,1,Neutral,1,No,0,,,Not clear,Target: Covid Vaccine Text: #تطعيم كورونا كان لصفوف الاماميه ثم الان اصبح الكويتين فقط !! والكويتين ليس كلهم هم يطعمون ومقتنعين فيه !! + وضف علي ذلك صفوف الاماميه لم يتم الانتهاء منهم الي الان؟؟ السؤال احد يفهمني كيف نصل الي مناعة المجتمعة بهذه طريقه؟!🤔,,,,,,,,,1,0,0.9921875,0.0069618225,0.0010681152,4,0.9921875,0.0496713552221936,None,Against
423,  الشباب كانو يعانون من زمان منبوذين من المجتمع ممنوع دخول مول ممنوع دخول مطعم لازم كرت عايله ولايقدر يتزوج مهور غاليه فساد فالتوظيف شركات مكدسه ومليان عماله منبوذين لاتجاريا لا عقاريا لا إسكان لا خدمات كلها للمتزوجين بعد كذا تمكين ا,Women empowerment,الشباب كانو يعانون من زمان منبوذين من المجتمع ممنوع دخول مول ممنوع دخول مطعم لازم كرت عايله ولايقدر يتزوج مهور غاليه فساد فالتوظيف شركات مكدسه ومليان عماله منبوذين لاتجاريا لا عقاريا لا اسكان لا خدمات كلها للمتزوجين بعد كذا تمكين ا,Women empowerment,,1,Negative,0,No,0,,,Not clear,Target: Women empowerment Text: الشباب كانو يعانون من زمان منبوذين من المجتمع ممنوع دخول مول ممنوع دخول مطعم لازم كرت عايله ولايقدر يتزوج مهور غاليه فساد فالتوظيف شركات مكدسه ومليان عماله منبوذين لاتجاريا لا عقاريا لا اسكان لا خدمات كلها للمتزوجين بعد كذا تمكين ا,,,,,,,,,1,0,0.9848633,0.008888245,0.00617218,4,0.9848633,0.0884031867618572,None,Against
461, التربية والتعليم لها سنوات والتخبط في القرارات. بسبب الكرونا وغياب اولادنا عن المدارس راحت الوزارة في حيص بيص. التعليم الإلكتروني او عن بعد عملت عليه دول لسنوات لبناء القاعدة الإلكترونية تجهيز المدارس والمعلمون والطالبة لاستخدامه  و ربعنا يبون ,Digital Transformation,التربية والتعليم لها سنوات والتخبط في القرارات. بسبب الكرونا وغياب اولادنا عن المدارس راحت الوزارة في حيص بيص. التعليم الالكتروني او عن بعد عملت عليه دول لسنوات لبناء القاعدة الالكترونية تجهيز المدارس والمعلمون والطالبة لاستخدامه و ربعنا يبون,Digital Transformation,Favor,2,Negative,0,No,0,F_Explicit,,,Target: Digital Transformation Text: التربية والتعليم لها سنوات والتخبط في القرارات. بسبب الكرونا وغياب اولادنا عن المدارس راحت الوزارة في حيص بيص. التعليم الالكتروني او عن بعد عملت عليه دول لسنوات لبناء القاعدة الالكترونية تجهيز المدارس والمعلمون والطالبة لاستخدامه و ربعنا يبون,,,,,,,,,2,0,0.96484375,0.030761719,0.004207611,4,0.96484375,0.1646465890482484,Favor,Against
503,جرير تستهدف زيادة معارضها بأكثر من 70 معرض   مخالفه بذلك كثير من الاطروحات المبالغ فيها بشأن التحول الالكتروني للشركات والمتاجر .  يتضح هنا الفرق بين الطرح التحليلي وبين الواقع المبني على الدراسات والاستراتيجيات . URL,Digital Transformation,جرير تستهدف زيادة معارضها باكثر من 70 معرض مخالفه بذلك كثير من الاطروحات المبالغ فيها بشان التحول الالكتروني للشركات والمتاجر . يتضح هنا الفرق بين الطرح التحليلي وبين الواقع المبني علي الدراسات والاستراتيجيات .,Digital Transformation,,1,Neutral,1,No,0,,,Not clear,Target: Digital Transformation Text: جرير تستهدف زيادة معارضها باكثر من 70 معرض مخالفه بذلك كثير من الاطروحات المبالغ فيها بشان التحول الالكتروني للشركات والمتاجر . يتضح هنا الفرق بين الطرح التحليلي وبين الواقع المبني علي الدراسات والاستراتيجيات .,,,,,,,,,1,2,0.010169983,0.0040359497,0.98583984,4,0.98583984,0.0829707390218258,None,Favor
602,من غير تطعيم ضد كورونا سنكون افضل,Covid Vaccine,من غير تطعيم ضد كورونا سنكون افضل,Covid Vaccine,Against,0,Negative,0,No,0,,A_Explicit,,Target: Covid Vaccine Text: من غير تطعيم ضد كورونا سنكون افضل,,,,,,,,,0,2,0.3671875,0.09777832,0.53515625,4,0.53515625,0.9297963323787232,Against,Favor
639,جامعة الشرق الأوسط تنظم ملتقى تمكين المرأة الاقتصادي URL  #الأردن #جريدة_الدستور_الاردنية #مصلحتك_في_اللقاح URL,Women empowerment,جامعة الشرق الاوسط تنظم ملتقي تمكين المراة الاقتصادي #الاردن #جريدة الدستور الاردنية #مصلحتك في اللقاح,Women empowerment,Favor,2,Neutral,1,No,0,F_Explicit,,,Target: Women empowerment Text: جامعة الشرق الاوسط تنظم ملتقي تمكين المراة الاقتصادي #الاردن #جريدة الدستور الاردنية #مصلحتك في اللقاح,,,,,,,,,2,1,0.0016880035,0.9926758,0.005794525,4,0.9926758,0.0479205605584344,Favor,None
648,سوو دعايه من اليوم ليه بعد سنه تطعيييم نوووووووووووو #تطعيم_كورونا,Covid Vaccine,سوو دعايه من اليوم ليه بعد سنه تطعييم نوو #تطعيم كورونا,Covid Vaccine,Against,0,Neutral,1,No,0,,A_Explicit,,Target: Covid Vaccine Text: سوو دعايه من اليوم ليه بعد سنه تطعييم نوو #تطعيم كورونا,,,,,,,,,0,2,0.30200195,0.2265625,0.47143555,4,0.47143555,1.0524854121399203,Against,Favor
678,” التوكيلات العالمية ” تُقيم ملتقى هونشي النسائي الأول بعنوان تمكين المرأة السعودية URL,Women empowerment,” التوكيلات العالمية ” تُقيم ملتقي هونشي النسائي الاول بعنوان تمكين المراة السعودية,Women empowerment,,1,Neutral,1,No,0,,,Not clear,Target: Women empowerment Text: ” التوكيلات العالمية ” تُقيم ملتقي هونشي النسائي الاول بعنوان تمكين المراة السعودية,,,,,,,,,1,2,0.0023269653,0.00390625,0.99365234,4,0.99365234,0.0420971536833982,None,Favor
708,معلش بقى هى دى ضريبه تمكين المرأه 😁 URL,Women empowerment,معلش بقي هي دي ضريبه تمكين المراه 😁,Women empowerment,,1,Negative,0,No,0,,,Not clear,Target: Women empowerment Text: معلش بقي هي دي ضريبه تمكين المراه 😁,,,,,,,,,1,0,0.9980469,0.0005531311,0.0012712479,4,0.9980469,0.0145759991188798,None,Against
759,للاسف لايتعدى التحول الرقمي في مشاريعنا الجديدة شراء منتج رقمي   في حين أن التحول الرقمي يعني تحول في الاستراتيجية والعقلية والخدمات URL,Digital Transformation,للاسف لايتعدي التحول الرقمي في مشاريعنا الجديدة شراء منتج رقمي في حين ان التحول الرقمي يعني تحول في الاستراتيجية والعقلية والخدمات,Digital Transformation,,1,Neutral,1,No,0,,,Not clear,Target: Digital Transformation Text: للاسف لايتعدي التحول الرقمي في مشاريعنا الجديدة شراء منتج رقمي في حين ان التحول الرقمي يعني تحول في الاستراتيجية والعقلية والخدمات,,,,,,,,,1,2,0.021636963,0.114990234,0.86328125,4,0.86328125,0.4585704760607499,None,Favor
781,توفي ٣ مسنين ثبتت إصابتهم بكورونا  من النوع الجنوب أفريقي أو البرازيلي تم تطعيم اثنين منهم بجرعتين فايزر تقول دراسات ان اللقاح قد لايكون فعال جدا ضد المتحور الافريقي والبرازيلي 😗 المتوفين كانوا مصابين بأمراض أخرى كحال اكثر وفيات كورونا وقضت عليهم كورونا  ,Covid Vaccine,توفي ٣ مسنين ثبتت اصابتهم بكورونا من النوع الجنوب افريقي او البرازيلي تم تطعيم اثنين منهم بجرعتين فايزر تقول دراسات ان اللقاح قد لايكون فعال جدا ضد المتحور الافريقي والبرازيلي 😗 المتوفين كانوا مصابين بامراض اخري كحال اكثر وفيات كورونا وقضت عليهم كورونا,Covid Vaccine,,1,Negative,0,No,0,,,Not clear,Target: Covid Vaccine Text: توفي ٣ مسنين ثبتت اصابتهم بكورونا من النوع الجنوب افريقي او البرازيلي تم تطعيم اثنين منهم بجرعتين فايزر تقول دراسات ان اللقاح قد لايكون فعال جدا ضد المتحور الافريقي والبرازيلي 😗 المتوفين كانوا مصابين بامراض اخري كحال اكثر وفيات كورونا وقضت عليهم كورونا,,,,,,,,,1,0,0.9863281,0.011405945,0.0021572113,4,0.9863281,0.0778468693484012,None,Against
843,كثير يسألني متى تنتهي أزمة #كورونا في #الكويت ؟ بظهور التطعيمات في ديسمبر 2020 انتهت الازمة! وكل دولة تستطيع العودة الى الحياة الطبيعية الجديدة بعد تطعيم غالبية سكانها، وكلما صغرت الدولة وقل عدد سكانها سهلت المهمة! فاذا سمعتم عن وصول شحنة بالملايين من التطعيمات فاعلم انها انتهت!,Covid Vaccine,كثير يسالني متي تنتهي ازمة #كورونا في #الكويت ؟ بظهور التطعيمات في ديسمبر 2020 انتهت الازمة! وكل دولة تستطيع العودة الي الحياة الطبيعية الجديدة بعد تطعيم غالبية سكانها، وكلما صغرت الدولة وقل عدد سكانها سهلت المهمة! فاذا سمعتم عن وصول شحنة بالملايين من التطعيمات فاعلم انها انتهت!,Covid Vaccine,,1,Positive,2,No,0,,,Not clear,Target: Covid Vaccine Text: كثير يسالني متي تنتهي ازمة #كورونا في #الكويت ؟ بظهور التطعيمات في ديسمبر 2020 انتهت الازمة! وكل دولة تستطيع العودة الي الحياة الطبيعية الجديدة بعد تطعيم غالبية سكانها، وكلما صغرت الدولة وقل عدد سكانها سهلت المهمة! فاذا سمعتم عن وصول شحنة بالملايين من التطعيمات فاعلم انها انتهت!,,,,,,,,,1,2,0.0012111664,0.0018930435,0.9970703,4,0.9970703,0.0229283730381637,None,Favor
903,   تطعيم الانفلونزا والجدري والشلل و الحصبة اخذتوها نفس كورونا!!  الانسياق وراء الشايعات لعبتكم,Covid Vaccine,تطعيم الانفلونزا والجدري والشلل و الحصبة اخذتوها نفس كورونا!! الانسياق وراء الشايعات لعبتكم,Covid Vaccine,Favor,2,Negative,0,No,0,F_Explicit,,,Target: Covid Vaccine Text: تطعيم الانفلونزا والجدري والشلل و الحصبة اخذتوها نفس كورونا!! الانسياق وراء الشايعات لعبتكم,,,,,,,,,2,0,0.9760742,0.0012798309,0.022567749,4,0.9760742,0.1177218606179509,Favor,Against
940, المشكلة تكمن انه اصحاب القرار ما بدهم تمكين المراة 👏🏻,Women empowerment,المشكلة تكمن انه اصحاب القرار ما بدهم تمكين المراة 👏🏻,Women empowerment,Against,0,Negative,0,No,0,,A_Explicit,,Target: Women empowerment Text: المشكلة تكمن انه اصحاب القرار ما بدهم تمكين المراة 👏🏻,,,,,,,,,0,2,0.004196167,0.0007162094,0.9951172,4,0.9951172,0.0330253889167364,Against,Favor
1002, التحول الإلكتروني بهذه السرعة الهائلة  امر مخيف!! فماذا لو توقف العالم الافتراضي فجاءة لاي سبب ما!! هل سيكون من السهل العودة للعالم الواقعي؟ التخلص من النسخة الورقية يعني التخلص من آلاف الأصول والعمال والآلات والمواد  فهل يمكن تعويضها؟,Digital Transformation,التحول الالكتروني بهذه السرعة الهائلة امر مخيف!! فماذا لو توقف العالم الافتراضي فجاءة لاي سبب ما!! هل سيكون من السهل العودة للعالم الواقعي؟ التخلص من النسخة الورقية يعني التخلص من الاف الاصول والعمال والالات والمواد فهل يمكن تعويضها؟,Digital Transformation,Against,0,Negative,0,No,0,,A_Explicit,,Target: Digital Transformation Text: التحول الالكتروني بهذه السرعة الهائلة امر مخيف!! فماذا لو توقف العالم الافتراضي فجاءة لاي سبب ما!! هل سيكون من السهل العودة للعالم الواقعي؟ التخلص من النسخة الورقية يعني التخلص من الاف الاصول والعمال والالات والمواد فهل يمكن تعويضها؟,,,,,,,,,0,1,0.4453125,0.5527344,0.0019626617,4,0.5527344,0.700186509985553,Against,None
1003,هيئة الاعلام والاتصالات تنظم مبادرة لدعم تمكين المرأة في مجال الاتصالات وتكنلوجيا المعلومات URL,Women empowerment,هيئة الاعلام والاتصالات تنظم مبادرة لدعم تمكين المراة في مجال الاتصالات وتكنلوجيا المعلومات,Women empowerment,,1,Neutral,1,No,0,,,Not clear,Target: Women empowerment Text: هيئة الاعلام والاتصالات تنظم مبادرة لدعم تمكين المراة في مجال الاتصالات وتكنلوجيا المعلومات,,,,,,,,,1,2,0.0033721924,0.0020999908,0.9946289,4,0.9946289,0.0374999870979549,None,Favor
1032,التقت وزيرة التعاون الدولي المصرية الأسبوع الماضي مع مديرة الوكالة #الأمريكية للتنمية الدولية لمناقشة التعاون الجانبين في مجال تمكين المرأة المصرية. تعمل #الولايات_المتحدة دائما على الاستثمار في تنمية مهارات #المصريين وتطوير البناء المجتمعي. #ضد_الحرب_على_أوكرانيا #مصر #القاهرة URL,Women empowerment,التقت وزيرة التعاون الدولي المصرية الاسبوع الماضي مع مديرة الوكالة #الامريكية للتنمية الدولية لمناقشة التعاون الجانبين في مجال تمكين المراة المصرية. تعمل #الولايات المتحدة دائما علي الاستثمار في تنمية مهارات #المصريين وتطوير البناء المجتمعي. #ضد الحرب علي اوكرانيا #مصر #القاهرة,Women empowerment,,1,Neutral,1,No,0,,,Not clear,Target: Women empowerment Text: التقت وزيرة التعاون الدولي المصرية الاسبوع الماضي مع مديرة الوكالة #الامريكية للتنمية الدولية لمناقشة التعاون الجانبين في مجال تمكين المراة المصرية. تعمل #الولايات المتحدة دائما علي الاستثمار في تنمية مهارات #المصريين وتطوير البناء المجتمعي. #ضد الحرب علي اوكرانيا #مصر #القاهرة,,,,,,,,,1,2,0.004131317,0.0011968613,0.9946289,4,0.9946289,0.0360866517281715,None,Favor
1060,سؤال وجواب حول #الجواز_الإلكتروني الذي أطلقته المملكة ضمن رحلة التحول الرقمي. #التواصل_الحكومي URL,Digital Transformation,سؤال وجواب حول #الجواز الالكتروني الذي اطلقته المملكة ضمن رحلة التحول الرقمي. #التواصل الحكومي,Digital Transformation,,1,Positive,2,No,0,,,Not clear,Target: Digital Transformation Text: سؤال وجواب حول #الجواز الالكتروني الذي اطلقته المملكة ضمن رحلة التحول الرقمي. #التواصل الحكومي,,,,,,,,,1,2,0.001616478,0.06414795,0.93408203,4,0.93408203,0.2502723212048505,None,Favor
1079, نصير المرأة  داعم حقوق المرأة داعم تمكين المرأة   كلها مصطلحات يستخدمها الكائن الشوارعي ليظفر بنسوية قيمتها رخيصة  الرجال الأسوياء كلهم رجال مع أمهاتهم وزوجاتهم وأخواتهم ولا يحتاجون مصطلحات,Women empowerment,نصير المراة داعم حقوق المراة داعم تمكين المراة كلها مصطلحات يستخدمها الكائن الشوارعي ليظفر بنسوية قيمتها رخيصة الرجال الاسوياء كلهم رجال مع امهاتهم وزوجاتهم واخواتهم ولا يحتاجون مصطلحات,Women empowerment,Favor,2,Negative,0,No,0,F_Explicit,,,Target: Women empowerment Text: نصير المراة داعم حقوق المراة داعم تمكين المراة كلها مصطلحات يستخدمها الكائن الشوارعي ليظفر بنسوية قيمتها رخيصة الرجال الاسوياء كلهم رجال مع امهاتهم وزوجاتهم واخواتهم ولا يحتاجون مصطلحات,,,,,,,,,2,0,0.9848633,0.00042176247,0.014930725,4,0.9848633,0.0810728590519812,Favor,Against
1129, كل المرضى اللي ادخلتهم حاليا منهم صغار بالسن بالثلاثينات و حالتهم حرجه   وعند سؤالهم عن التطعيم كلهم اجابتهم واحده:  🛑 للاسف ما تطعمنا وتاخرنا🛑  ما زلنا نكرر تطعموا قبل فوات الاوان ☑️   #كوفيد_19 #تطعيم_كورونا ,Covid Vaccine,كل المرضي اللي ادخلتهم حاليا منهم صغار بالسن بالثلاثينات و حالتهم حرجه وعند سؤالهم عن التطعيم كلهم اجابتهم واحده: 🛑 للاسف ما تطعمنا وتاخرنا🛑 ما زلنا نكرر تطعموا قبل فوات الاوان ☑️ #كوفيد 19 #تطعيم كورونا,Covid Vaccine,Favor,2,Positive,2,No,0,F_Explicit,,,Target: Covid Vaccine Text: كل المرضي اللي ادخلتهم حاليا منهم صغار بالسن بالثلاثينات و حالتهم حرجه وعند سؤالهم عن التطعيم كلهم اجابتهم واحده: 🛑 للاسف ما تطعمنا وتاخرنا🛑 ما زلنا نكرر تطعموا قبل فوات الاوان ☑️ #كوفيد 19 #تطعيم كورونا,,,,,,,,,2,0,0.98779297,0.0019445419,0.010108948,4,0.98779297,0.0707153536111306,Favor,Against
1139,ترا والله احنا نعاني حتى لو نكتب تغريدة عن اي شي ينطون الربع🙈 تغريدة فخر عن تمكين المرأة بو محمد ليش زعلان؟😜 ,Women empowerment,ترا والله احنا نعاني حتي لو نكتب تغريدة عن اي شي ينطون الربع🙈 تغريدة فخر عن تمكين المراة بو محمد ليش زعلان؟😜,Women empowerment,Favor,2,Positive,2,Yes,1,F_Implicit,,,Target: Women empowerment Text: ترا والله احنا نعاني حتي لو نكتب تغريدة عن اي شي ينطون الربع🙈 تغريدة فخر عن تمكين المراة بو محمد ليش زعلان؟😜,,,,,,,,,2,1,0.13867188,0.52441406,0.33691406,4,0.52441406,0.9789998943379918,Favor,None
1143,  تمكين المرأة وهيك,Women empowerment,تمكين المراة وهيك,Women empowerment,,1,Neutral,1,No,0,,,Not clear,Target: Women empowerment Text: تمكين المراة وهيك,,,,,,,,,1,0,0.99316406,0.004886627,0.0018911362,4,0.99316406,0.0446740161052835,None,Against
1166,وأكيد منع التواصل العلمي مع الأماكن العامية والمؤتمرات العالمية بالذات و.... ظرف مشدد للعقوبة في بلد لتتحدث عن تمكين المرأة و.... . لذلك بأدعي على النفوذ وعلى الساكتين عليه في البلد دي  لأن الذنب هنا مش ذنب القانون,Women empowerment,واكيد منع التواصل العلمي مع الاماكن العامية والمؤتمرات العالمية بالذات و.. ظرف مشدد للعقوبة في بلد لتتحدث عن تمكين المراة و.. . لذلك بادعي علي النفوذ وعلي الساكتين عليه في البلد دي لان الذنب هنا مش ذنب القانون,Women empowerment,Favor,2,Negative,0,No,0,F_Explicit,,,Target: Women empowerment Text: واكيد منع التواصل العلمي مع الاماكن العامية والمؤتمرات العالمية بالذات و.. ظرف مشدد للعقوبة في بلد لتتحدث عن تمكين المراة و.. . لذلك بادعي علي النفوذ وعلي الساكتين عليه في البلد دي لان الذنب هنا مش ذنب القانون,,,,,,,,,2,1,0.08300781,0.8754883,0.041503906,4,0.8754883,0.4550723712599283,Favor,None
1168,في أول منصب قيادي تشهده صحة #الحدود_الشمالية  وتماشياً مع سياسة تمكين المرأة ذات الكفاءة والخبرة  . فقد تم تكليف د. ميساء السويلم مساعداً للمدير العام للطب العلاجي بالمنطقة  #عرعر URL,Women empowerment,في اول منصب قيادي تشهده صحة #الحدود الشمالية وتماشياً مع سياسة تمكين المراة ذات الكفاءة والخبرة . فقد تم تكليف د. ميساء السويلم مساعداً للمدير العام للطب العلاجي بالمنطقة #عرعر,Women empowerment,,1,Positive,2,No,0,,,Not clear,Target: Women empowerment Text: في اول منصب قيادي تشهده صحة #الحدود الشمالية وتماشياً مع سياسة تمكين المراة ذات الكفاءة والخبرة . فقد تم تكليف د. ميساء السويلم مساعداً للمدير العام للطب العلاجي بالمنطقة #عرعر,,,,,,,,,1,2,0.0030612946,0.0015764236,0.99560547,4,0.99560547,0.0322784668614676,None,Favor
1208,🔴من الخاص  السلام عليكم ورحمة الله وبركاته بين ايديكم استبان لبحث بعنوان (مدى الوعي الاجتماعي بقيمة عمل المرأة وعلاقته بواقع تمكين المرأة في ظل أهداف التنمية المستدامة بمنطقة جازان) نرجوا المشاركه في الاستبيان URL,Women empowerment,🔴من الخاص السلام عليكم ورحمة الله وبركاته بين ايديكم استبان لبحث بعنوان (مدي الوعي الاجتماعي بقيمة عمل المراة وعلاقته بواقع تمكين المراة في ظل اهداف التنمية المستدامة بمنطقة جازان) نرجوا المشاركه في الاستبيان,Women empowerment,Favor,2,Neutral,1,No,0,F_Explicit,,,Target: Women empowerment Text: 🔴من الخاص السلام عليكم ورحمة الله وبركاته بين ايديكم استبان لبحث بعنوان (مدي الوعي الاجتماعي بقيمة عمل المراة وعلاقته بواقع تمكين المراة في ظل اهداف التنمية المستدامة بمنطقة جازان) نرجوا المشاركه في الاستبيان,,,,,,,,,2,1,0.0024719238,0.9897461,0.007896423,4,0.9897461,0.0632688211351106,Favor,None
1247,   قصدك هذا التطعيم ؟؟  ترى مافي شي اسمه تطعمي وخلاص تقدري تستفسري من ادارة المدرسة اذا هالكلام صدق وانا معلمة واقولك مافي تطعيم اجباري او تطعيم كورونا بالمدارس URL,Covid Vaccine,قصدك هذا التطعيم ؟؟ تري مافي شي اسمه تطعمي وخلاص تقدري تستفسري من ادارة المدرسة اذا هالكلام صدق وانا معلمة واقولك مافي تطعيم اجباري او تطعيم كورونا بالمدارس,Covid Vaccine,,1,Neutral,1,No,0,,,Not clear,Target: Covid Vaccine Text: قصدك هذا التطعيم ؟؟ تري مافي شي اسمه تطعمي وخلاص تقدري تستفسري من ادارة المدرسة اذا هالكلام صدق وانا معلمة واقولك مافي تطعيم اجباري او تطعيم كورونا بالمدارس,,,,,,,,,1,0,0.95996094,0.0074386597,0.032409668,4,0.95996094,0.1868263571592507,None,Against
1299, وهل تمت دراسة آثار تطعيم كورونا كما تمت دراسة آثار تطعيم الحصبة!!! بل بالعكس  تطعيم الحصبة يساعد على عدم اصابتك بالمرض بمشيئة الله لكن تطعيمة الكورونا لا تمنع.   شخصيا انا محصن لكن لا انتقد من يمنع نفسه واهله من اخذها.,Covid Vaccine,وهل تمت دراسة اثار تطعيم كورونا كما تمت دراسة اثار تطعيم الحصبة!! بل بالعكس تطعيم الحصبة يساعد علي عدم اصابتك بالمرض بمشيئة الله لكن تطعيمة الكورونا لا تمنع. شخصيا انا محصن لكن لا انتقد من يمنع نفسه واهله من اخذها.,Covid Vaccine,Against,0,Negative,0,No,0,,A_Explicit,,Target: Covid Vaccine Text: وهل تمت دراسة اثار تطعيم كورونا كما تمت دراسة اثار تطعيم الحصبة!! بل بالعكس تطعيم الحصبة يساعد علي عدم اصابتك بالمرض بمشيئة الله لكن تطعيمة الكورونا لا تمنع. شخصيا انا محصن لكن لا انتقد من يمنع نفسه واهله من اخذها.,,,,,,,,,0,2,0.12084961,0.0030155182,0.87597656,4,0.87597656,0.3888756942211923,Against,Favor
1324,مشكلة التحول الرقمي في الاردن هي عدم وجود جهة مركزية تخطط لعمليات تبادل البيانات بين الجهات المختلفة لتسهيل عملية اعادة هندسة كافة العمليات والاجراءات الحكومية لتحول رقمي فعال  اللي بيصير حاليا هو تغيير في طريقة تقديم الخدمة من خلال نفس الروتين الحكومي العقيم.,Digital Transformation,مشكلة التحول الرقمي في الاردن هي عدم وجود جهة مركزية تخطط لعمليات تبادل البيانات بين الجهات المختلفة لتسهيل عملية اعادة هندسة كافة العمليات والاجراءات الحكومية لتحول رقمي فعال اللي بيصير حاليا هو تغيير في طريقة تقديم الخدمة من خلال نفس الروتين الحكومي العقيم.,Digital Transformation,Against,0,Negative,0,No,0,,A_Explicit,,Target: Digital Transformation Text: مشكلة التحول الرقمي في الاردن هي عدم وجود جهة مركزية تخطط لعمليات تبادل البيانات بين الجهات المختلفة لتسهيل عملية اعادة هندسة كافة العمليات والاجراءات الحكومية لتحول رقمي فعال اللي بيصير حاليا هو تغيير في طريقة تقديم الخدمة من خلال نفس الروتين الحكومي العقيم.,,,,,,,,,0,2,0.009643555,0.0068893433,0.98339844,4,0.98339844,0.0955168444954221,Against,Favor
1363,وزارة الصحة تحدد مواعيد تطعيم كورونا خلال شهر #رمضان    - أرض المعارض من 10 صباحاً إلى 5 عصراً  - جسر جابر والرعاية الصحية الأولية من 8 مساءً إلى 12 منتصف الليل URL,Covid Vaccine,وزارة الصحة تحدد مواعيد تطعيم كورونا خلال شهر #رمضان - ارض المعارض من 10 صباحاً الي 5 عصراً - جسر جابر والرعاية الصحية الاولية من 8 مساءً الي 12 منتصف الليل,Covid Vaccine,,1,Neutral,1,No,0,,,Not clear,Target: Covid Vaccine Text: وزارة الصحة تحدد مواعيد تطعيم كورونا خلال شهر #رمضان - ارض المعارض من 10 صباحاً الي 5 عصراً - جسر جابر والرعاية الصحية الاولية من 8 مساءً الي 12 منتصف الليل,,,,,,,,,1,2,0.0010719299,0.18786621,0.81103516,4,0.81103516,0.4913135574413296,None,Favor
1406,  نعم صحيح  وأنا منهم خاصتن بعد ما اخذنا تطعيم كورونا,Covid Vaccine,نعم صحيح وانا منهم خاصتن بعد ما اخذنا تطعيم كورونا,Covid Vaccine,,1,Neutral,1,No,0,,,Not clear,Target: Covid Vaccine Text: نعم صحيح وانا منهم خاصتن بعد ما اخذنا تطعيم كورونا,,,,,,,,,1,2,0.0033035278,0.008384705,0.98828125,4,0.98828125,0.0706122677596357,None,Favor
1407,تمكين المرأة يبدأ من التعليم والوظيفة  الحجاب من عدمه شكلي. لو نزعو الحجاب ولكن الفقر والجهل موجود ايش اللي حيتغير؟! URL,Women empowerment,تمكين المراة يبدا من التعليم والوظيفة الحجاب من عدمه شكلي. لو نزعو الحجاب ولكن الفقر والجهل موجود ايش اللي حيتغير؟!,Women empowerment,Favor,2,Negative,0,No,0,F_Explicit,,,Target: Women empowerment Text: تمكين المراة يبدا من التعليم والوظيفة الحجاب من عدمه شكلي. لو نزعو الحجاب ولكن الفقر والجهل موجود ايش اللي حيتغير؟!,,,,,,,,,2,0,0.9658203,0.0023078918,0.031799316,4,0.9658203,0.1572549003718868,Favor,Against
1431,     شقاعده تهبدين؟ شدخل تمكين المراه في الموضوع و وين الغلط في التمكين؟ بشكل عام اذا عفى احد الورثه خلاص يسقط حكم القصاص  لكن الحين نفسه فيه تفصيلات,Women empowerment,شقاعده تهبدين؟ شدخل تمكين المراه في الموضوع و وين الغلط في التمكين؟ بشكل عام اذا عفي احد الورثه خلاص يسقط حكم القصاص لكن الحين نفسه فيه تفصيلات,Women empowerment,Favor,2,Negative,0,No,0,F_Explicit,,,Target: Women empowerment Text: شقاعده تهبدين؟ شدخل تمكين المراه في الموضوع و وين الغلط في التمكين؟ بشكل عام اذا عفي احد الورثه خلاص يسقط حكم القصاص لكن الحين نفسه فيه تفصيلات,,,,,,,,,2,1,0.0041503906,0.9902344,0.005634308,4,0.9902344,0.0616602073769226,Favor,None
1506, هذا لا وطني ولا يحزنون  دْكوري قذر يصيح يومياً عشان  تمكين المرأه .. وأي ذكر يرعبه موضوع تمكين المرأه هذا رْباله بإختصار لأنه كان يستمد قوته  من الإستقواء على نساء بيته لأنه برا مع الرجال مايسوى مواطيهم ولا يعبرونه  ..,Women empowerment,هذا لا وطني ولا يحزنون دْكوري قذر يصيح يومياً عشان تمكين المراه .. واي ذكر يرعبه موضوع تمكين المراه هذا رْباله باختصار لانه كان يستمد قوته من الاستقواء علي نساء بيته لانه برا مع الرجال مايسوي مواطيهم ولا يعبرونه ..,Women empowerment,Favor,2,Negative,0,No,0,F_Explicit,,,Target: Women empowerment Text: هذا لا وطني ولا يحزنون دْكوري قذر يصيح يومياً عشان تمكين المراه .. واي ذكر يرعبه موضوع تمكين المراه هذا رْباله باختصار لانه كان يستمد قوته من الاستقواء علي نساء بيته لانه برا مع الرجال مايسوي مواطيهم ولا يعبرونه ..,,,,,,,,,2,0,0.7578125,0.0014257431,0.2409668,4,0.7578125,0.5624179208481078,Favor,Against
1539, تمكين المرأة  يظنونه خيراً وهو شراً لهم.,Women empowerment,تمكين المراة يظنونه خيراً وهو شراً لهم.,Women empowerment,Against,0,Negative,0,No,0,,A_Explicit,,Target: Women empowerment Text: تمكين المراة يظنونه خيراً وهو شراً لهم.,,,,,,,,,0,2,0.008483887,0.0008239746,0.99072266,4,0.99072266,0.0555501544091883,Against,Favor
1558, مشكلة حملات تمكين المرأة في الكويت انها مركزة على المرأة في الأماكن القيادية ولا تلتفت على المرأة الضعيفة المغلوب على أمرها. لن يوصل المرأة ويمكنها الا المرأة. فيجب ان تتغير منهجية حملات تمكين المرأة وتعمل بنطاق أوسع.,Women empowerment,مشكلة حملات تمكين المراة في الكويت انها مركزة علي المراة في الاماكن القيادية ولا تلتفت علي المراة الضعيفة المغلوب علي امرها. لن يوصل المراة ويمكنها الا المراة. فيجب ان تتغير منهجية حملات تمكين المراة وتعمل بنطاق اوسع.,Women empowerment,Against,0,Neutral,1,No,0,,A_Explicit,,Target: Women empowerment Text: مشكلة حملات تمكين المراة في الكويت انها مركزة علي المراة في الاماكن القيادية ولا تلتفت علي المراة الضعيفة المغلوب علي امرها. لن يوصل المراة ويمكنها الا المراة. فيجب ان تتغير منهجية حملات تمكين المراة وتعمل بنطاق اوسع.,,,,,,,,,0,2,0.0052223206,0.0003271103,0.9946289,4,0.9946289,0.0354240999751866,Against,Favor
1590, فعلاً نحتاج توضيح  مو معقول نسبة الشفاء من كورونا عالية جداً بدون تطعيم واطعم الشعب كله,Covid Vaccine,فعلاً نحتاج توضيح مو معقول نسبة الشفاء من كورونا عالية جداً بدون تطعيم واطعم الشعب كله,Covid Vaccine,,1,Neutral,1,No,0,,,Not clear,Target: Covid Vaccine Text: فعلاً نحتاج توضيح مو معقول نسبة الشفاء من كورونا عالية جداً بدون تطعيم واطعم الشعب كله,,,,,,,,,1,0,0.99658203,0.002286911,0.0011072159,4,0.99658203,0.0248534142693301,None,Against
1591,  فعلا اتفق معك.  نقطع آلاف الكيلو مترات لأجل حضور جلسة  وببساطة موظف الأمن يقولك مؤجلة إلى إشعار آخر!!  أين التحول الالكتروني؟؟,Digital Transformation,فعلا اتفق معك. نقطع الاف الكيلو مترات لاجل حضور جلسة وببساطة موظف الامن يقولك مؤجلة الي اشعار اخر!! اين التحول الالكتروني؟؟,Digital Transformation,Favor,2,Positive,2,No,0,F_Explicit,,,Target: Digital Transformation Text: فعلا اتفق معك. نقطع الاف الكيلو مترات لاجل حضور جلسة وببساطة موظف الامن يقولك مؤجلة الي اشعار اخر!! اين التحول الالكتروني؟؟,,,,,,,,,2,0,0.3828125,0.35717773,0.2602539,4,0.3828125,1.0856297757056073,Favor,Against
1594,  اذا كانت للكفؤ ليش ماتُلغى مبادرات تمكين المرأة و نسبة التأنيث الاجبارية الي من وزارة الموارد ؟  ولا الاولوية ذي زينه؟,Women empowerment,اذا كانت للكفؤ ليش ماتُلغي مبادرات تمكين المراة و نسبة التانيث الاجبارية الي من وزارة الموارد ؟ ولا الاولوية ذي زينه؟,Women empowerment,Against,0,Neutral,1,No,0,,A_Explicit,,Target: Women empowerment Text: اذا كانت للكفؤ ليش ماتُلغي مبادرات تمكين المراة و نسبة التانيث الاجبارية الي من وزارة الموارد ؟ ولا الاولوية ذي زينه؟,,,,,,,,,0,2,0.43969727,0.063964844,0.4963379,4,0.4963379,0.8848357329617336,Against,Favor
1640, اخت نداء الهند ٣ ألاف موتى يوميا من كورونا و نفس الشي او اكثر في البرازيل يموتون يوميا و الاصابات تتعدى ٨٠ الف برازيلي النظام الصحي عندهم و في الهند انهار تماما لم يعد لديهم أكسجين و انتي تخرعين الناس من تطعيم مفيد ١٠٠ ٪ حرام عليج و خزي و ع,Covid Vaccine,اخت نداء الهند ٣ الاف موتي يوميا من كورونا و نفس الشي او اكثر في البرازيل يموتون يوميا و الاصابات تتعدي ٨٠ الف برازيلي النظام الصحي عندهم و في الهند انهار تماما لم يعد لديهم اكسجين و انتي تخرعين الناس من تطعيم مفيد ١٠٠ ٪ حرام عليج و خزي و ع,Covid Vaccine,Favor,2,Neutral,1,No,0,,,,Target: Covid Vaccine Text: اخت نداء الهند ٣ الاف موتي يوميا من كورونا و نفس الشي او اكثر في البرازيل يموتون يوميا و الاصابات تتعدي ٨٠ الف برازيلي النظام الصحي عندهم و في الهند انهار تماما لم يعد لديهم اكسجين و انتي تخرعين الناس من تطعيم مفيد ١٠٠ ٪ حرام عليج و خزي و ع,,,,,,,,,2,0,0.99316406,0.0016822815,0.0049819946,4,0.99316406,0.0439724316494716,Favor,Against
1689, لازم نفرق بين التحول الإلكتروني والكفاءة,Digital Transformation,لازم نفرق بين التحول الالكتروني والكفاءة,Digital Transformation,Favor,2,Positive,2,No,0,F_Explicit,,,Target: Digital Transformation Text: لازم نفرق بين التحول الالكتروني والكفاءة,,,,,,,,,2,1,0.0039138794,0.9921875,0.0038433075,4,0.9921875,0.0508516762679284,Favor,None
1746, السلام عليكم ورحمة الله وبركاته ما شاء الله تبارك الله خدمات ممتازه جدا خمس طلبات مواعيد مرفوضه وراجعنا المحكمه وقالوا موعد هذا التحول الإلكتروني والا فلا تحياتي لكم محاكم بلا  ورق,Digital Transformation,السلام عليكم ورحمة الله وبركاته ما شاء الله تبارك الله خدمات ممتازه جدا خمس طلبات مواعيد مرفوضه وراجعنا المحكمه وقالوا موعد هذا التحول الالكتروني والا فلا تحياتي لكم محاكم بلا ورق,Digital Transformation,Favor,2,Negative,0,No,0,F_Explicit,,,Target: Digital Transformation Text: السلام عليكم ورحمة الله وبركاته ما شاء الله تبارك الله خدمات ممتازه جدا خمس طلبات مواعيد مرفوضه وراجعنا المحكمه وقالوا موعد هذا التحول الالكتروني والا فلا تحياتي لكم محاكم بلا ورق,,,,,,,,,2,0,0.74316406,0.049987793,0.20690918,4,0.74316406,0.6963422265689639,Favor,Against
1780,  اتفق مع د.أحمد يجب عمل دراسة وتحليل للتحديات والفرص المتاحة للتحول الرقمي خاصة بكل قطاع ومدى فعاليتها و جاهزيتها لهذا التحول,Digital Transformation,اتفق مع د.احمد يجب عمل دراسة وتحليل للتحديات والفرص المتاحة للتحول الرقمي خاصة بكل قطاع ومدي فعاليتها و جاهزيتها لهذا التحول,Digital Transformation,Against,0,Negative,0,No,0,,A_Explicit,,Target: Digital Transformation Text: اتفق مع د.احمد يجب عمل دراسة وتحليل للتحديات والفرص المتاحة للتحول الرقمي خاصة بكل قطاع ومدي فعاليتها و جاهزيتها لهذا التحول,,,,,,,,,0,2,0.0013999939,0.009429932,0.9892578,4,0.9892578,0.063864000071831,Against,Favor
1785,     تطعيم كورونا ليس اجباري  تطعيم كورونا ليس اجباري  تطعيم كورونا ليس اجباري,Covid Vaccine,تطعيم كورونا ليس اجباري تطعيم كورونا ليس اجباري تطعيم كورونا ليس اجباري,Covid Vaccine,,1,Neutral,1,No,0,,,Not clear,Target: Covid Vaccine Text: تطعيم كورونا ليس اجباري تطعيم كورونا ليس اجباري تطعيم كورونا ليس اجباري,,,,,,,,,1,0,0.99560547,0.0005335808,0.003829956,4,0.99560547,0.0297192011165441,None,Against
1871,MENTION نفس الموضوع في بيتنا اختي تأخر موعد تطعيمها والعائلة كلها ماخذ تطعيم    ياتها كورونا قوية واحنى مافينا اعراض كللللللللش اللهم لك الحمد,Covid Vaccine,مستخدم نفس الموضوع في بيتنا اختي تاخر موعد تطعيمها والعائلة كلها ماخذ تطعيم ياتها كورونا قوية واحني مافينا اعراض كللش اللهم لك الحمد,Covid Vaccine,Favor,2,Positive,2,No,0,F_Explicit,,,Target: Covid Vaccine Text: مستخدم نفس الموضوع في بيتنا اختي تاخر موعد تطعيمها والعائلة كلها ماخذ تطعيم ياتها كورونا قوية واحني مافينا اعراض كللش اللهم لك الحمد,,,,,,,,,2,0,0.97216797,0.021255493,0.0064353943,4,0.97216797,0.1417715801026863,Favor,Against
1931,"النساء اللي وجدوا فرصة عمل في عصر""تمكين المرأة"" وتوفرت لديهم سيولة كثير منهن وضعوا سيولتهم في الأسهم أجزم أن ٩٠٪ منهن راح تخسر أموالها كما خسر الناس قبلهم وبعدهم  هذه الأسواق للمحترفين (فقط) اللهم هل بلغت",Women empowerment,"النساء اللي وجدوا فرصة عمل في عصر""تمكين المراة"" وتوفرت لديهم سيولة كثير منهن وضعوا سيولتهم في الاسهم اجزم ان ٩٠٪ منهن راح تخسر اموالها كما خسر الناس قبلهم وبعدهم هذه الاسواق للمحترفين (فقط) اللهم هل بلغت",Women empowerment,Favor,2,Negative,0,No,0,F_Explicit,,,"Target: Women empowerment Text: النساء اللي وجدوا فرصة عمل في عصر""تمكين المراة"" وتوفرت لديهم سيولة كثير منهن وضعوا سيولتهم في الاسهم اجزم ان ٩٠٪ منهن راح تخسر اموالها كما خسر الناس قبلهم وبعدهم هذه الاسواق للمحترفين (فقط) اللهم هل بلغت",,,,,,,,,2,0,0.96484375,0.00095129013,0.034301758,4,0.96484375,0.1568343716662807,Favor,Against
1987,أكثر من ألف وفاة في منشأة جنائز واحدة في مدينة بوپال في وسط الهند. كان الله في عون الهند 🇮🇳  Good Bless India #خذ_الخطوة_خذ_اللقاح  #تطعيم_كورونا #كورونا  #المتحور_الهندي ,Covid Vaccine,اكثر من الف وفاة في منشاة جنائز واحدة في مدينة بوپال في وسط الهند. كان الله في عون الهند 🇮🇳 Good Bless India #خذ الخطوة خذ اللقاح #تطعيم كورونا #كورونا #المتحور الهندي,Covid Vaccine,Favor,2,Neutral,1,No,0,F_Explicit,,,Target: Covid Vaccine Text: اكثر من الف وفاة في منشاة جنائز واحدة في مدينة بوپال في وسط الهند. كان الله في عون الهند 🇮🇳 Good Bless India #خذ الخطوة خذ اللقاح #تطعيم كورونا #كورونا #المتحور الهندي,,,,,,,,,2,0,0.9038086,0.010070801,0.086242676,4,0.9038086,0.3490612460611209,Favor,Against
2001, والله فيه استثناءات السنة ذي كورونا ومو كل الناس مناعتهم قوية   مثل تطعيم الحج ضروري حتى لو المناعة قوية,Covid Vaccine,والله فيه استثناءات السنة ذي كورونا ومو كل الناس مناعتهم قوية مثل تطعيم الحج ضروري حتي لو المناعة قوية,Covid Vaccine,,1,Neutral,1,No,0,,,Not clear,Target: Covid Vaccine Text: والله فيه استثناءات السنة ذي كورونا ومو كل الناس مناعتهم قوية مثل تطعيم الحج ضروري حتي لو المناعة قوية,,,,,,,,,1,2,0.0039024353,0.05441284,0.94189453,4,0.94189453,0.2364313934038818,None,Favor
2007, بعيدين كل البعد عن التحول الرقمي  وخدماتكم مجرد الكترونية دون انجاز ولا جودة  اقترح قبل التحول الرقمي اعادة هيكلة وقيادات ومن ثم تحول رقمي  من اسوء الشركات التي تعاملت معها محليا وعالميا,Digital Transformation,بعيدين كل البعد عن التحول الرقمي وخدماتكم مجرد الكترونية دون انجاز ولا جودة اقترح قبل التحول الرقمي اعادة هيكلة وقيادات ومن ثم تحول رقمي من اسوء الشركات التي تعاملت معها محليا وعالميا,Digital Transformation,Favor,2,Positive,2,No,0,F_Explicit,,,Target: Digital Transformation Text: بعيدين كل البعد عن التحول الرقمي وخدماتكم مجرد الكترونية دون انجاز ولا جودة اقترح قبل التحول الرقمي اعادة هيكلة وقيادات ومن ثم تحول رقمي من اسوء الشركات التي تعاملت معها محليا وعالميا,,,,,,,,,2,0,0.97509766,0.0014066696,0.023666382,4,0.97509766,0.12242643669443,Favor,Against
2025,   والله انك صادق لكن فيه ناس يقحمون تمكين المرأة في كل شي حتى في اشغال المفترض والاصح انه يقوم فيها رجال صاروا يحطون نساء من باب تمكين المرأة بس بشكل غلط,Women empowerment,والله انك صادق لكن فيه ناس يقحمون تمكين المراة في كل شي حتي في اشغال المفترض والاصح انه يقوم فيها رجال صاروا يحطون نساء من باب تمكين المراة بس بشكل غلط,Women empowerment,Favor,2,Negative,0,No,0,F_Explicit,,,Target: Women empowerment Text: والله انك صادق لكن فيه ناس يقحمون تمكين المراة في كل شي حتي في اشغال المفترض والاصح انه يقوم فيها رجال صاروا يحطون نساء من باب تمكين المراة بس بشكل غلط,,,,,,,,,2,0,0.93847656,0.0053482056,0.055999756,4,0.93847656,0.2489813948360516,Favor,Against
2026,#لا_للتطعيم_الاجباري205 الي يقولون شفيها ترا من وانت صغير تاخذ تطعيم اي صح من احنا صغار ناخذ وياكثر التطعيمات الي طلعت والناس طعموا ليش؟ لانها بتحميهم من الامراض بأذن الله لكن لما نجي عند لقاح كورونا ليش يقطعون رزقك ورزق عيالك عشان ابره بس !!؟ سالت نفسك ليش اللقاح ذا ماخذ ضجه !؟,Covid Vaccine,#لا للتطعيم الاجباري205 الي يقولون شفيها ترا من وانت صغير تاخذ تطعيم اي صح من احنا صغار ناخذ وياكثر التطعيمات الي طلعت والناس طعموا ليش؟ لانها بتحميهم من الامراض باذن الله لكن لما نجي عند لقاح كورونا ليش يقطعون رزقك ورزق عيالك عشان ابره بس !!؟ سالت نفسك ليش اللقاح ذا ماخذ ضجه !؟,Covid Vaccine,Against,0,Negative,0,No,0,,A_Explicit,,Target: Covid Vaccine Text: #لا للتطعيم الاجباري205 الي يقولون شفيها ترا من وانت صغير تاخذ تطعيم اي صح من احنا صغار ناخذ وياكثر التطعيمات الي طلعت والناس طعموا ليش؟ لانها بتحميهم من الامراض باذن الله لكن لما نجي عند لقاح كورونا ليش يقطعون رزقك ورزق عيالك عشان ابره بس !!؟ سالت نفسك ليش اللقاح ذا ماخذ ضجه !؟,,,,,,,,,0,2,0.12719727,0.0017967224,0.87109375,4,0.87109375,0.393857200435761,Against,Favor
2039,هل بإمكانكم توضيح أهم إنجازات الوزارة في التحول الإلكتروني حسب الأعوام..؟   #خليها_online  #خليك_بالبيت,Digital Transformation,هل بامكانكم توضيح اهم انجازات الوزارة في التحول الالكتروني حسب الاعوام..؟ #خليها online #خليك بالبيت,Digital Transformation,,1,Neutral,1,No,0,,,Not clear,Target: Digital Transformation Text: هل بامكانكم توضيح اهم انجازات الوزارة في التحول الالكتروني حسب الاعوام..؟ #خليها online #خليك بالبيت,,,,,,,,,1,2,0.0026474,0.32739258,0.6699219,4,0.6699219,0.6496419374112439,None,Favor
2053,فيه ناس يعتقدون ان التحول الإلكتروني للوزارات قضى على الفساد وهذا غير صحيح؛ الفاسدين للحين موجودين لكن طرق فسادهم تغيرت. URL,Digital Transformation,فيه ناس يعتقدون ان التحول الالكتروني للوزارات قضي علي الفساد وهذا غير صحيح؛ الفاسدين للحين موجودين لكن طرق فسادهم تغيرت.,Digital Transformation,,1,Neutral,1,No,0,,,Not clear,Target: Digital Transformation Text: فيه ناس يعتقدون ان التحول الالكتروني للوزارات قضي علي الفساد وهذا غير صحيح؛ الفاسدين للحين موجودين لكن طرق فسادهم تغيرت.,,,,,,,,,1,2,0.021118164,0.025222778,0.9536133,4,0.9536133,0.2195797136376029,None,Favor
2112,"""تعبت من الشارع أنا وعيالي، أنا من حقي بيت""  💔 . مواطنة تبكي وتصرخ بسبب حالها بعد أن أصبح الشارع مأوىً لها ولصغارها ‼️  هذا هو #تمكين_المرأة 😑 ",Women empowerment,"""تعبت من الشارع انا وعيالي، انا من حقي بيت"" 💔 . مواطنة تبكي وتصرخ بسبب حالها بعد ان اصبح الشارع ماويً لها ولصغارها ‼️ هذا هو #تمكين المراة 😑",Women empowerment,,1,Negative,0,No,0,,,Not clear,"Target: Women empowerment Text: ""تعبت من الشارع انا وعيالي، انا من حقي بيت"" 💔 . مواطنة تبكي وتصرخ بسبب حالها بعد ان اصبح الشارع ماويً لها ولصغارها ‼️ هذا هو #تمكين المراة 😑",,,,,,,,,1,0,0.9951172,0.0013198853,0.00356102,4,0.9951172,0.0336979688369399,None,Against
2130, اسباب كثيرة تمنعهم من التحول التقني في الانتخابات من ضمنها الخوف من الإختراق الأمني وايضا وجود الكثير من الأمريكان من كبار السن وذوي الاحتياجات الخاصة لا يستطيعون استخدام التقنية.,Digital Transformation,اسباب كثيرة تمنعهم من التحول التقني في الانتخابات من ضمنها الخوف من الاختراق الامني وايضا وجود الكثير من الامريكان من كبار السن وذوي الاحتياجات الخاصة لا يستطيعون استخدام التقنية.,Digital Transformation,Against,0,Neutral,1,No,0,,A_Explicit,,Target: Digital Transformation Text: اسباب كثيرة تمنعهم من التحول التقني في الانتخابات من ضمنها الخوف من الاختراق الامني وايضا وجود الكثير من الامريكان من كبار السن وذوي الاحتياجات الخاصة لا يستطيعون استخدام التقنية.,,,,,,,,,0,1,0.009994507,0.68408203,0.30566406,4,0.68408203,0.6680564317466275,Against,None
2180,في عصر ما قبل التحول الرقمي وصلنا الي متوسط زمني ساعات و حاليا نتباهي انها أيام و الله ده تحول ورقي ممكن مش رقمي.,Digital Transformation,في عصر ما قبل التحول الرقمي وصلنا الي متوسط زمني ساعات و حاليا نتباهي انها ايام و الله ده تحول ورقي ممكن مش رقمي.,Digital Transformation,Favor,2,Neutral,1,No,0,F_Explicit,,,Target: Digital Transformation Text: في عصر ما قبل التحول الرقمي وصلنا الي متوسط زمني ساعات و حاليا نتباهي انها ايام و الله ده تحول ورقي ممكن مش رقمي.,,,,,,,,,2,0,0.9941406,0.004196167,0.0014858246,4,0.9941406,0.0384856426547185,Favor,Against
2214,ردا على رقم ٢ و ٣ في تقريركم الصحفي  خاطب العاقل بما يعقل  اولا انتوا وزارة الصحة من وزير لا تجاوبون المواطنين ولا تردون على شكواهم  ثانيا هل من يموت خلال ٢٤ ساعة او بعدها يطلع لكم من القبر يكتب لكم على المنصة انه مات بسبب تطعيم #كورونا وتلفونه مقفول برقم سري واهله ما يعرفونه !؟ URL,Covid Vaccine,ردا علي رقم ٢ و ٣ في تقريركم الصحفي خاطب العاقل بما يعقل اولا انتوا وزارة الصحة من وزير لا تجاوبون المواطنين ولا تردون علي شكواهم ثانيا هل من يموت خلال ٢٤ ساعة او بعدها يطلع لكم من القبر يكتب لكم علي المنصة انه مات بسبب تطعيم #كورونا وتلفونه مقفول برقم سري واهله ما يعرفونه !؟,Covid Vaccine,,1,Negative,0,No,0,,,Not clear,Target: Covid Vaccine Text: ردا علي رقم ٢ و ٣ في تقريركم الصحفي خاطب العاقل بما يعقل اولا انتوا وزارة الصحة من وزير لا تجاوبون المواطنين ولا تردون علي شكواهم ثانيا هل من يموت خلال ٢٤ ساعة او بعدها يطلع لكم من القبر يكتب لكم علي المنصة انه مات بسبب تطعيم #كورونا وتلفونه مقفول برقم سري واهله ما يعرفونه !؟,,,,,,,,,1,0,0.9970703,0.0021324158,0.00072193146,4,0.9970703,0.0212629763287188,None,Against
2239,كيف يمكن لمؤسسة أن تنجح في مشاريع #التحول_الرقمي بينما لا يزال يتعين القيام بكل شيء من خلال القنوات التقليدية (المكالمات الهاتفية  رسائل البريد الإلكتروني - إن وجد   والاجتماعات في مقر العمل)  إضافة إلى التقنية الدخيله على #بيئة_العمل وهي مجموعات الواتساب!!,Digital Transformation,كيف يمكن لمؤسسة ان تنجح في مشاريع #التحول الرقمي بينما لا يزال يتعين القيام بكل شيء من خلال القنوات التقليدية (المكالمات الهاتفية رسائل البريد الالكتروني - ان وجد والاجتماعات في مقر العمل) اضافة الي التقنية الدخيله علي #بيئة العمل وهي مجموعات الواتساب!!,Digital Transformation,,1,Neutral,1,No,0,,,Not clear,Target: Digital Transformation Text: كيف يمكن لمؤسسة ان تنجح في مشاريع #التحول الرقمي بينما لا يزال يتعين القيام بكل شيء من خلال القنوات التقليدية (المكالمات الهاتفية رسائل البريد الالكتروني - ان وجد والاجتماعات في مقر العمل) اضافة الي التقنية الدخيله علي #بيئة العمل وهي مجموعات الواتساب!!,,,,,,,,,1,2,0.1928711,0.08679199,0.72021484,4,0.72021484,0.7659335378761664,None,Favor
2372,التحول الرقمي في التعليم أكثر بكثير من فقط التعلم عن بعد … أسمع تعريفي للتحول الرقمي في التعليم  وللحديث شرح وبقية URL,Digital Transformation,التحول الرقمي في التعليم اكثر بكثير من فقط التعلم عن بعد … اسمع تعريفي للتحول الرقمي في التعليم وللحديث شرح وبقية,Digital Transformation,Favor,2,Neutral,1,No,0,F_Explicit,,,Target: Digital Transformation Text: التحول الرقمي في التعليم اكثر بكثير من فقط التعلم عن بعد … اسمع تعريفي للتحول الرقمي في التعليم وللحديث شرح وبقية,,,,,,,,,2,1,0.015197754,0.5097656,0.47509766,4,0.5097656,0.7606935267244285,Favor,None
2409,كورونا صار له سنة ولي الحين الناس تؤمن بالمؤامرة وان الدكاترة اهما اللي قاعد يذبحون الناس مو المرض وان التطعيم خطة للسيطرة على العالم 😫  زين ليش ما سيطرو علينا بالتطعيمات اللي ناخذها من أول يوم بحياتنا ليش أصنع فيروس عشان أصنع تطعيم أتحكم فيه بالناس  قوى الشر ما تعرف تخطط! 😅,Covid Vaccine,كورونا صار له سنة ولي الحين الناس تؤمن بالمؤامرة وان الدكاترة اهما اللي قاعد يذبحون الناس مو المرض وان التطعيم خطة للسيطرة علي العالم 😫 زين ليش ما سيطرو علينا بالتطعيمات اللي ناخذها من اول يوم بحياتنا ليش اصنع فيروس عشان اصنع تطعيم اتحكم فيه بالناس قوي الشر ما تعرف تخطط! 😅,Covid Vaccine,Favor,2,Negative,0,No,0,F_Implicit,,,Target: Covid Vaccine Text: كورونا صار له سنة ولي الحين الناس تؤمن بالمؤامرة وان الدكاترة اهما اللي قاعد يذبحون الناس مو المرض وان التطعيم خطة للسيطرة علي العالم 😫 زين ليش ما سيطرو علينا بالتطعيمات اللي ناخذها من اول يوم بحياتنا ليش اصنع فيروس عشان اصنع تطعيم اتحكم فيه بالناس قوي الشر ما تعرف تخطط! 😅,,,,,,,,,2,0,0.9975586,0.0008955002,0.0016727448,4,0.9975586,0.0194174940944155,Favor,Against
2421,العجيب أنه في الوقت الذي تحول فيه جهة حكومية خدماتها إلى خدمات إلكترونية و رائدة في هذا التحول  إلا أنها كذلك تتوسع عمرانيا بشكل مبالغ فيه. تذهب لتنجز معاملة المباني شبه فاضية 🤷🏻‍♂️ الشائع أنه مع التحول الإلكتروني يقل التوسع العمراني 🙄,Digital Transformation,العجيب انه في الوقت الذي تحول فيه جهة حكومية خدماتها الي خدمات الكترونية و رائدة في هذا التحول الا انها كذلك تتوسع عمرانيا بشكل مبالغ فيه. تذهب لتنجز معاملة المباني شبه فاضية 🤷🏻‍♂️ الشائع انه مع التحول الالكتروني يقل التوسع العمراني 🙄,Digital Transformation,,1,Positive,2,No,0,,,Not clear,Target: Digital Transformation Text: العجيب انه في الوقت الذي تحول فيه جهة حكومية خدماتها الي خدمات الكترونية و رائدة في هذا التحول الا انها كذلك تتوسع عمرانيا بشكل مبالغ فيه. تذهب لتنجز معاملة المباني شبه فاضية 🤷🏻‍♂️ الشائع انه مع التحول الالكتروني يقل التوسع العمراني 🙄,,,,,,,,,1,0,0.8671875,0.1083374,0.024673462,4,0.8671875,0.4556964928581741,None,Against
2454,"يُطلب من المرأة اليوم أن تكون الأم والعاملة واعتقاد أن هذه الهويتين يمكن الدمج بينهما بسهولة اعتقاد ساذج ! يُحط من قدر الأمومة تحت شعارات النجاح المهني السطحية والاستقلالية و ""تمكين المرأة"" حتى لو لم يُقصد ذلك. ",Women empowerment,"يُطلب من المراة اليوم ان تكون الام والعاملة واعتقاد ان هذه الهويتين يمكن الدمج بينهما بسهولة اعتقاد ساذج ! يُحط من قدر الامومة تحت شعارات النجاح المهني السطحية والاستقلالية و ""تمكين المراة"" حتي لو لم يُقصد ذلك.",Women empowerment,Favor,2,Negative,0,No,0,F_Explicit,,,"Target: Women empowerment Text: يُطلب من المراة اليوم ان تكون الام والعاملة واعتقاد ان هذه الهويتين يمكن الدمج بينهما بسهولة اعتقاد ساذج ! يُحط من قدر الامومة تحت شعارات النجاح المهني السطحية والاستقلالية و ""تمكين المراة"" حتي لو لم يُقصد ذلك.",,,,,,,,,2,0,0.93847656,0.00049829483,0.06112671,4,0.93847656,0.2342173311490977,Favor,Against
2480,في الختام عند الحديث عن عملية التحول التقني يجب أن ننوه إلى أنها عملية معقدة و تحتاج إلى دراسة و إمكانيات مادية جيدة   فهناك الكثير من العناصر الخفيّة التي يجب الانتباه لها قبل البدء بتطبيق نموذج العمل الحديث. URL,Digital Transformation,في الختام عند الحديث عن عملية التحول التقني يجب ان ننوه الي انها عملية معقدة و تحتاج الي دراسة و امكانيات مادية جيدة فهناك الكثير من العناصر الخفيّة التي يجب الانتباه لها قبل البدء بتطبيق نموذج العمل الحديث.,Digital Transformation,Favor,2,Positive,2,No,0,F_Explicit,,,Target: Digital Transformation Text: في الختام عند الحديث عن عملية التحول التقني يجب ان ننوه الي انها عملية معقدة و تحتاج الي دراسة و امكانيات مادية جيدة فهناك الكثير من العناصر الخفيّة التي يجب الانتباه لها قبل البدء بتطبيق نموذج العمل الحديث.,,,,,,,,,2,1,0.006877899,0.7519531,0.24121094,4,0.7519531,0.5916379726459582,Favor,None
2505,(2030)  رؤية المستقبل و التطور و التحول الإلكتروني رؤية طموحه من قائد حالم طموح انها رؤية سيدي الامير محمد بن سلمان بن عبدالعزيز آل سعود حفظه الله ورعاه 🙏💚💚 URL,Digital Transformation,(2030) رؤية المستقبل و التطور و التحول الالكتروني رؤية طموحه من قائد حالم طموح انها رؤية سيدي الامير محمد بن سلمان بن عبدالعزيز ال سعود حفظه الله ورعاه 🙏💚💚,Digital Transformation,,1,Positive,2,No,0,,,Not clear,Target: Digital Transformation Text: (2030) رؤية المستقبل و التطور و التحول الالكتروني رؤية طموحه من قائد حالم طموح انها رؤية سيدي الامير محمد بن سلمان بن عبدالعزيز ال سعود حفظه الله ورعاه 🙏💚💚,,,,,,,,,1,2,0.0026168823,0.0025691986,0.9946289,4,0.9946289,0.0362391490404613,None,Favor
2559,كلام نهائي........... تطعيم فيروس كورونا زي عدمه ولكنه طرق لأبواب مسبب الأسباب. ,Covid Vaccine,كلام نهائي.. تطعيم فيروس كورونا زي عدمه ولكنه طرق لابواب مسبب الاسباب.,Covid Vaccine,,1,Neutral,1,No,0,,,Not clear,Target: Covid Vaccine Text: كلام نهائي.. تطعيم فيروس كورونا زي عدمه ولكنه طرق لابواب مسبب الاسباب.,,,,,,,,,1,0,0.97021484,0.020187378,0.0096588135,4,0.97021484,0.1529381241471225,None,Against
2576,لو كان رئيس مجلس الوزراء جاد في تطبيق مفهموم الحكومة الالكترونية حقا  لشكل فريق عمل لتقييم و تطوير ومتابعة وتذليل كافة الصعوبات على ارض الواقع لأجل التحول الالكتروني وتسهيل عمل #تطبيق_سهل  ولكن يبقى الواقع على ماهو عليه ومكانك سر!!,Digital Transformation,لو كان رئيس مجلس الوزراء جاد في تطبيق مفهموم الحكومة الالكترونية حقا لشكل فريق عمل لتقييم و تطوير ومتابعة وتذليل كافة الصعوبات علي ارض الواقع لاجل التحول الالكتروني وتسهيل عمل #تطبيق سهل ولكن يبقي الواقع علي ماهو عليه ومكانك سر!!,Digital Transformation,Against,0,Negative,0,No,0,,A_Explicit,,Target: Digital Transformation Text: لو كان رئيس مجلس الوزراء جاد في تطبيق مفهموم الحكومة الالكترونية حقا لشكل فريق عمل لتقييم و تطوير ومتابعة وتذليل كافة الصعوبات علي ارض الواقع لاجل التحول الالكتروني وتسهيل عمل #تطبيق سهل ولكن يبقي الواقع علي ماهو عليه ومكانك سر!!,,,,,,,,,0,2,0.005241394,0.0027275085,0.9921875,4,0.9921875,0.0514095523844282,Against,Favor
2582,     عبيد الحكومة بيقولون وااااو تحول رقمي يعز الحكوووومه بس هذا التحول الرقمي الي مزعجينا فيه,Digital Transformation,عبيد الحكومة بيقولون وااو تحول رقمي يعز الحكوومه بس هذا التحول الرقمي الي مزعجينا فيه,Digital Transformation,Against,0,Negative,0,No,0,,A_Explicit,,Target: Digital Transformation Text: عبيد الحكومة بيقولون وااو تحول رقمي يعز الحكوومه بس هذا التحول الرقمي الي مزعجينا فيه,,,,,,,,,0,2,0.007434845,0.04510498,0.9472656,4,0.9472656,0.2275309294585938,Against,Favor
2684,صداااع و حراره الله المستعان 🤒🤕 #تطعيم_كورونا,Covid Vaccine,صدااع و حراره الله المستعان 🤒🤕 #تطعيم كورونا,Covid Vaccine,,1,Negative,0,No,0,,,Not clear,Target: Covid Vaccine Text: صدااع و حراره الله المستعان 🤒🤕 #تطعيم كورونا,,,,,,,,,1,0,0.8232422,0.16687012,0.010101318,4,0.8232422,0.5053285852731609,None,Against
2773, #التحول_الرقمي مفهوم واسع ويجب التعامل معه على انه اطار للتحول في الاعمال المستقبلية وليس هو التحول ذاته فالتحول الرقمي قد لايعني انتاج تطبيقات وبرامج فقط. بل هو قدرة مؤسسات الاعمال على التعامل مع التطورات المستقبلية ذات الطابع الرقمي,Digital Transformation,#التحول الرقمي مفهوم واسع ويجب التعامل معه علي انه اطار للتحول في الاعمال المستقبلية وليس هو التحول ذاته فالتحول الرقمي قد لايعني انتاج تطبيقات وبرامج فقط. بل هو قدرة مؤسسات الاعمال علي التعامل مع التطورات المستقبلية ذات الطابع الرقمي,Digital Transformation,,1,Neutral,1,No,0,,,Not clear,Target: Digital Transformation Text: #التحول الرقمي مفهوم واسع ويجب التعامل معه علي انه اطار للتحول في الاعمال المستقبلية وليس هو التحول ذاته فالتحول الرقمي قد لايعني انتاج تطبيقات وبرامج فقط. بل هو قدرة مؤسسات الاعمال علي التعامل مع التطورات المستقبلية ذات الطابع الرقمي,,,,,,,,,1,2,0.001499176,0.0034923553,0.9951172,4,0.9951172,0.0343766395341362,None,Favor
2808, أولا كورونا مش كذبه ثانيا العالم قد قطع مشوار كبير جدا في محاربة هذا الوباء وبدأت الدول الكبرى في تخفيف الإجراءات بعد تعديها المستوى المطلوب من تطعيم المواطنين لديها,Covid Vaccine,اولا كورونا مش كذبه ثانيا العالم قد قطع مشوار كبير جدا في محاربة هذا الوباء وبدات الدول الكبري في تخفيف الاجراءات بعد تعديها المستوي المطلوب من تطعيم المواطنين لديها,Covid Vaccine,Favor,2,Positive,2,No,0,F_Explicit,,,Target: Covid Vaccine Text: اولا كورونا مش كذبه ثانيا العالم قد قطع مشوار كبير جدا في محاربة هذا الوباء وبدات الدول الكبري في تخفيف الاجراءات بعد تعديها المستوي المطلوب من تطعيم المواطنين لديها,,,,,,,,,2,1,0.35986328,0.6225586,0.01739502,4,0.6225586,0.7333100539887737,Favor,None
2818,#لا_للتطعيم_الاجباري27  لو تطعيم كورونا مضر كان حتى تطعيمات الأطفال مضره كلها تأتى من عندهم توكل على الله وطعم,Covid Vaccine,#لا للتطعيم الاجباري27 لو تطعيم كورونا مضر كان حتي تطعيمات الاطفال مضره كلها تاتي من عندهم توكل علي الله وطعم,Covid Vaccine,Favor,2,Neutral,1,No,0,F_Explicit,,,Target: Covid Vaccine Text: #لا للتطعيم الاجباري27 لو تطعيم كورونا مضر كان حتي تطعيمات الاطفال مضره كلها تاتي من عندهم توكل علي الله وطعم,,,,,,,,,2,0,0.9941406,0.0003786087,0.0054130554,4,0.9941406,0.0370756806960085,Favor,Against
2822, سمعتِ … ولذلك لن تأخذيه … منطق نظرية المؤامرة … نفس ما سمعناه عن لقاح الأنفلونزا عندما ظهر …  صار لي ١٣ سنة أأخذ تطعيم الأنفلونزا ولم أصاب بها مرة واحدة خلال هذه الفترة وكانت تحبني كثيراً قبل ذلك … أصاب رشح بسيط أحيانا لمدة يوم …  المهم أن عقلي ,Covid Vaccine,سمعتِ … ولذلك لن تاخذيه … منطق نظرية المؤامرة … نفس ما سمعناه عن لقاح الانفلونزا عندما ظهر … صار لي ١٣ سنة ااخذ تطعيم الانفلونزا ولم اصاب بها مرة واحدة خلال هذه الفترة وكانت تحبني كثيراً قبل ذلك … اصاب رشح بسيط احيانا لمدة يوم … المهم ان عقلي,Covid Vaccine,,1,Neutral,1,No,0,,,Not clear,Target: Covid Vaccine Text: سمعتِ … ولذلك لن تاخذيه … منطق نظرية المؤامرة … نفس ما سمعناه عن لقاح الانفلونزا عندما ظهر … صار لي ١٣ سنة ااخذ تطعيم الانفلونزا ولم اصاب بها مرة واحدة خلال هذه الفترة وكانت تحبني كثيراً قبل ذلك … اصاب رشح بسيط احيانا لمدة يوم … المهم ان عقلي,,,,,,,,,1,0,0.97753906,0.001458168,0.02104187,4,0.97753906,0.1129771891788599,None,Against
2825, كل الأشخاص من عائلتي ومن معارفي ماتوا في المستشفى بسبب كورونا ما كانو ملقحين ولا أخدو اي تطعيم  ..🤷‍♀️,Covid Vaccine,كل الاشخاص من عائلتي ومن معارفي ماتوا في المستشفي بسبب كورونا ما كانو ملقحين ولا اخدو اي تطعيم ..🤷‍♀️,Covid Vaccine,Favor,2,Neutral,1,No,0,F_Explicit,,,Target: Covid Vaccine Text: كل الاشخاص من عائلتي ومن معارفي ماتوا في المستشفي بسبب كورونا ما كانو ملقحين ولا اخدو اي تطعيم ..🤷‍♀️,,,,,,,,,2,0,0.97558594,0.0016431808,0.022735596,4,0.97558594,0.1206756949729167,Favor,Against
2874,اصبحت هناك زيادة في عدد الهجمات الإلكترونية بسبب هذا التحول وذلك وفق ما أشارت إليه وكالة الأمن القومي للفضاء الإلكتروني . كما توقع خبراء الأمن زيادة بنسبة تتراوح بين 30 و40 بالمئة في الهجمات الإلكترونية نظرًا لزيادة العمل عن بُعد,Digital Transformation,اصبحت هناك زيادة في عدد الهجمات الالكترونية بسبب هذا التحول وذلك وفق ما اشارت اليه وكالة الامن القومي للفضاء الالكتروني . كما توقع خبراء الامن زيادة بنسبة تتراوح بين 30 و40 بالمئة في الهجمات الالكترونية نظرًا لزيادة العمل عن بُعد,Digital Transformation,Against,0,Neutral,1,No,0,,A_Explicit,,Target: Digital Transformation Text: اصبحت هناك زيادة في عدد الهجمات الالكترونية بسبب هذا التحول وذلك وفق ما اشارت اليه وكالة الامن القومي للفضاء الالكتروني . كما توقع خبراء الامن زيادة بنسبة تتراوح بين 30 و40 بالمئة في الهجمات الالكترونية نظرًا لزيادة العمل عن بُعد,,,,,,,,,0,1,0.38208008,0.47094727,0.14709473,4,0.47094727,1.0041697235623108,Against,None
2944,    مع التحول التقني الذي تشهده المملكة  لماذا لايتم رفع الشكوى الكترونيا؟,Digital Transformation,مع التحول التقني الذي تشهده المملكة لماذا لايتم رفع الشكوي الكترونيا؟,Digital Transformation,,1,Positive,2,No,0,,,Not clear,Target: Digital Transformation Text: مع التحول التقني الذي تشهده المملكة لماذا لايتم رفع الشكوي الكترونيا؟,,,,,,,,,1,2,0.0018644333,0.4921875,0.5058594,4,0.5058594,0.7053685269296155,None,Favor
2976,MENTION MENTION  مدري اشلون تفهمون اكيد بيجي كورونا دام نص الشعب مو متطعم وينقل للمرض لو تبطلون هبالات والكل يتطعم خلاص مابيجي احد زيه زي الحصبة ترا لما الكل تطعم ماعاد جت وللحين تطعيم الحصبة مستمر بس فالحين تخويف واشاعات,Covid Vaccine,مستخدم مستخدم مدري اشلون تفهمون اكيد بيجي كورونا دام نص الشعب مو متطعم وينقل للمرض لو تبطلون هبالات والكل يتطعم خلاص مابيجي احد زيه زي الحصبة ترا لما الكل تطعم ماعاد جت وللحين تطعيم الحصبة مستمر بس فالحين تخويف واشاعات,Covid Vaccine,Favor,2,Neutral,1,No,0,F_Explicit,,,Target: Covid Vaccine Text: مستخدم مستخدم مدري اشلون تفهمون اكيد بيجي كورونا دام نص الشعب مو متطعم وينقل للمرض لو تبطلون هبالات والكل يتطعم خلاص مابيجي احد زيه زي الحصبة ترا لما الكل تطعم ماعاد جت وللحين تطعيم الحصبة مستمر بس فالحين تخويف واشاعات,,,,,,,,,2,0,0.6010742,0.002817154,0.3959961,4,0.6010742,0.6893426997139529,Favor,Against
3009, اكبر كذبة بالتاريخ  انك تقول للناس ان في تطعيم ضد الفيروسات يجعلك محصن بالكاااامل     كل من روج تلك الكذبة  سيتحمل ذنب عذابات من صدقه  من الناس الفيروسات تتحور لايمكن ايجاد لقاح   لفيروس بشكل نهائي,Covid Vaccine,اكبر كذبة بالتاريخ انك تقول للناس ان في تطعيم ضد الفيروسات يجعلك محصن بالكاامل كل من روج تلك الكذبة سيتحمل ذنب عذابات من صدقه من الناس الفيروسات تتحور لايمكن ايجاد لقاح لفيروس بشكل نهائي,Covid Vaccine,Favor,2,Negative,0,No,0,F_Explicit,,,Target: Covid Vaccine Text: اكبر كذبة بالتاريخ انك تقول للناس ان في تطعيم ضد الفيروسات يجعلك محصن بالكاامل كل من روج تلك الكذبة سيتحمل ذنب عذابات من صدقه من الناس الفيروسات تتحور لايمكن ايجاد لقاح لفيروس بشكل نهائي,,,,,,,,,2,0,0.99853516,0.00079107285,0.0006966591,4,0.99853516,0.0121778685461347,Favor,Against
3097,المعذره!!!  تمكين المرأة لا يكمن في قمعها ووضعها في القالب الفكري الذي يرى بأنها مجرد جسد!! (النظره الشيئية)  انتبه لبرمجاتك فلعلها تحرّف المفاهيم حتى تحافظ على استمرار الدائره وتكرار النمط  هذا لا يسمى تمكين بل يسمى كبت واضطهاد!,Women empowerment,المعذره!! تمكين المراة لا يكمن في قمعها ووضعها في القالب الفكري الذي يري بانها مجرد جسد!! (النظره الشيئية) انتبه لبرمجاتك فلعلها تحرّف المفاهيم حتي تحافظ علي استمرار الدائره وتكرار النمط هذا لا يسمي تمكين بل يسمي كبت واضطهاد!,Women empowerment,Favor,2,Negative,0,No,0,F_Explicit,,,Target: Women empowerment Text: المعذره!! تمكين المراة لا يكمن في قمعها ووضعها في القالب الفكري الذي يري بانها مجرد جسد!! (النظره الشيئية) انتبه لبرمجاتك فلعلها تحرّف المفاهيم حتي تحافظ علي استمرار الدائره وتكرار النمط هذا لا يسمي تمكين بل يسمي كبت واضطهاد!,,,,,,,,,2,0,0.9951172,0.00023531914,0.0047836304,4,0.9951172,0.0323936604305401,Favor,Against
3174, من وجهة رأي الشخصية حل مشكلة البطالة بالاردن تكون بثلاث مراحل 1- القضاء على الفساد( وبقص ايدي اذا بصير🤣) 2- الضغط و تخفيض العلاقات مع دول الخليج من جهة و الدول الغربية من جهة لاستقبال العمالة 3- تقليل عمالة المرأة بالوقت الراهن و تمكين الشباب ,Women empowerment,من وجهة راي الشخصية حل مشكلة البطالة بالاردن تكون بثلاث مراحل 1- القضاء علي الفساد( وبقص ايدي اذا بصير🤣) 2- الضغط و تخفيض العلاقات مع دول الخليج من جهة و الدول الغربية من جهة لاستقبال العمالة 3- تقليل عمالة المراة بالوقت الراهن و تمكين الشباب,Women empowerment,Against,0,Neutral,1,No,0,,A_Explicit,,Target: Women empowerment Text: من وجهة راي الشخصية حل مشكلة البطالة بالاردن تكون بثلاث مراحل 1- القضاء علي الفساد( وبقص ايدي اذا بصير🤣) 2- الضغط و تخفيض العلاقات مع دول الخليج من جهة و الدول الغربية من جهة لاستقبال العمالة 3- تقليل عمالة المراة بالوقت الراهن و تمكين الشباب,,,,,,,,,0,2,0.025619507,0.15185547,0.8227539,4,0.8227539,0.5406190655192915,Against,Favor
3329, ايش الي سلب حرية الفرد وانت طفل طعمت فوق ال20 جرعة وجاي على تطعيم فايروس كورونا وسلب حرية الفرد وذي مؤامره ومادري ايش .. انت اما رافضي ام متطرف ام عميل لدولة أمرتك ان تقول هذا الكلام الخزعبلي .,Covid Vaccine,ايش الي سلب حرية الفرد وانت طفل طعمت فوق ال20 جرعة وجاي علي تطعيم فايروس كورونا وسلب حرية الفرد وذي مؤامره ومادري ايش .. انت اما رافضي ام متطرف ام عميل لدولة امرتك ان تقول هذا الكلام الخزعبلي .,Covid Vaccine,Favor,2,Positive,2,Yes,1,F_Implicit,,,Target: Covid Vaccine Text: ايش الي سلب حرية الفرد وانت طفل طعمت فوق ال20 جرعة وجاي علي تطعيم فايروس كورونا وسلب حرية الفرد وذي مؤامره ومادري ايش .. انت اما رافضي ام متطرف ام عميل لدولة امرتك ان تقول هذا الكلام الخزعبلي .,,,,,,,,,2,0,0.9946289,0.0019130707,0.0034561157,4,0.9946289,0.0369185622843219,Favor,Against
3408, أسخف حاجة حصلت للحب التحول الإلكتروني ده ..مبقاش حب أصلا,Digital Transformation,اسخف حاجة حصلت للحب التحول الالكتروني ده ..مبقاش حب اصلا,Digital Transformation,,1,Neutral,1,Yes,1,,,Not clear,Target: Digital Transformation Text: اسخف حاجة حصلت للحب التحول الالكتروني ده ..مبقاش حب اصلا,,,,,,,,,1,0,0.9897461,0.008964539,0.0011587143,4,0.9897461,0.0602976988117979,None,Against
3465,#لا_للتطعيم_الاجباري105 علي الطواري  الدنمارك تقرر رسميا انهاء جميع قيود كورونا ابتداءا من أول اكتوبر.  اذن .. لا حقن اجبارية  لا كمامات  لا شهادات تطعيم و لا فحص  URL URL,Covid Vaccine,#لا للتطعيم الاجباري105 علي الطواري الدنمارك تقرر رسميا انهاء جميع قيود كورونا ابتداءا من اول اكتوبر. اذن .. لا حقن اجبارية لا كمامات لا شهادات تطعيم و لا فحص,Covid Vaccine,,1,Neutral,1,No,0,,,Not clear,Target: Covid Vaccine Text: #لا للتطعيم الاجباري105 علي الطواري الدنمارك تقرر رسميا انهاء جميع قيود كورونا ابتداءا من اول اكتوبر. اذن .. لا حقن اجبارية لا كمامات لا شهادات تطعيم و لا فحص,,,,,,,,,1,0,0.99560547,0.0015716553,0.0030288696,4,0.99560547,0.0320970070494641,None,Against
3477, التحول الإلكتروني يجب ان يخفض التكاليف لا ان يزيدها,Digital Transformation,التحول الالكتروني يجب ان يخفض التكاليف لا ان يزيدها,Digital Transformation,Against,0,Negative,0,No,0,,A_Explicit,,Target: Digital Transformation Text: التحول الالكتروني يجب ان يخفض التكاليف لا ان يزيدها,,,,,,,,,0,2,0.014472961,0.0013446808,0.984375,4,0.984375,0.0856926160184001,Against,Favor
3574,أهم الصعوبات القانونية والتشريعية التي تواجه قضية تمكين المرأة. ,Women empowerment,اهم الصعوبات القانونية والتشريعية التي تواجه قضية تمكين المراة.,Women empowerment,Favor,2,Neutral,1,No,0,F_Explicit,,,Target: Women empowerment Text: اهم الصعوبات القانونية والتشريعية التي تواجه قضية تمكين المراة.,,,,,,,,,2,1,0.006866455,0.9760742,0.017105103,4,0.9760742,0.1274298491290588,Favor,None
3575,MENTION هذا تمكين المرأة وإلا بلاش,Women empowerment,مستخدم هذا تمكين المراة والا بلاش,Women empowerment,Favor,2,Positive,2,No,0,F_Explicit,,,Target: Women empowerment Text: مستخدم هذا تمكين المراة والا بلاش,,,,,,,,,2,0,0.9746094,0.0005784035,0.024765015,4,0.9746094,0.120966663810167,Favor,Against
3617,لماذا يتكفل المواطن بشكل عام والطلبة بشكل خاص بتحمل تكاليف خدمات الانترنت ؟ وسط اختيار الدولة التحول الى المعاملات الكترونيا و فرض الاجتماعات اونلاين  و #التعليم_الإلكتروني  المطلوب ان يتوفر الانترنت بالمجان للجميع .  #انترنت_بالمجان,Digital Transformation,لماذا يتكفل المواطن بشكل عام والطلبة بشكل خاص بتحمل تكاليف خدمات الانترنت ؟ وسط اختيار الدولة التحول الي المعاملات الكترونيا و فرض الاجتماعات اونلاين و #التعليم الالكتروني المطلوب ان يتوفر الانترنت بالمجان للجميع . #انترنت بالمجان,Digital Transformation,,1,Negative,0,No,0,,,Not clear,Target: Digital Transformation Text: لماذا يتكفل المواطن بشكل عام والطلبة بشكل خاص بتحمل تكاليف خدمات الانترنت ؟ وسط اختيار الدولة التحول الي المعاملات الكترونيا و فرض الاجتماعات اونلاين و #التعليم الالكتروني المطلوب ان يتوفر الانترنت بالمجان للجميع . #انترنت بالمجان,,,,,,,,,1,2,0.017471313,0.044311523,0.9379883,4,0.9379883,0.2688550889151184,None,Favor
3637,بورصة الكويت و مبادرة تمكين المرأة ,Women empowerment,بورصة الكويت و مبادرة تمكين المراة,Women empowerment,Favor,2,Neutral,1,No,0,F_Explicit,,,Target: Women empowerment Text: بورصة الكويت و مبادرة تمكين المراة,,,,,,,,,2,1,0.0023059845,0.9633789,0.034179688,4,0.9633789,0.1653395733216874,Favor,None
3639,كُنت بحضر ورشة بالجامعة من وزارة الشباب عن تمكين المرأة  و أنا بطاوش طبعاً وشادة على حالي من كتر الأفكار الغبية الّي انطرحت  فجأة الدكتورة بتحكي سارة مثلاً من الطلاب المتميزين عنا ورح توصل للي بدها إياه  وصار نائب العميد وشباب دفعتي يسقفولي. وبس والله نسيت على شو كنت أطاوش ههه🌹 URL,Women empowerment,كُنت بحضر ورشة بالجامعة من وزارة الشباب عن تمكين المراة و انا بطاوش طبعاً وشادة علي حالي من كتر الافكار الغبية الّي انطرحت فجاة الدكتورة بتحكي سارة مثلاً من الطلاب المتميزين عنا ورح توصل للي بدها اياه وصار نائب العميد وشباب دفعتي يسقفولي. وبس والله نسيت علي شو كنت اطاوش هه🌹,Women empowerment,Favor,2,Neutral,1,No,0,F_Explicit,,,Target: Women empowerment Text: كُنت بحضر ورشة بالجامعة من وزارة الشباب عن تمكين المراة و انا بطاوش طبعاً وشادة علي حالي من كتر الافكار الغبية الّي انطرحت فجاة الدكتورة بتحكي سارة مثلاً من الطلاب المتميزين عنا ورح توصل للي بدها اياه وصار نائب العميد وشباب دفعتي يسقفولي. وبس والله نسيت علي شو كنت اطاوش هه🌹,,,,,,,,,2,1,0.29956055,0.46899414,0.23132324,4,0.46899414,1.0548510018984656,Favor,None
3655,yeah it’s 2022 and this sh1t still among us!¡ اتساءل كيف ربط تمكين المرأة بإهتمامي بالفن الكوري الي أصلًا المُهتمين فيه افضل منه وامثاله بأضعاف   احنا الي كيف نحصّل عالم نظيف واعي والعnصRية والـtخلف هذا للحين في الناس URL,Women empowerment,yeah it’s 2022 and this sh1t still among us!¡ اتساءل كيف ربط تمكين المراة باهتمامي بالفن الكوري الي اصلًا المُهتمين فيه افضل منه وامثاله باضعاف احنا الي كيف نحصّل عالم نظيف واعي والعnصRية والtخلف هذا للحين في الناس,Women empowerment,Favor,2,Neutral,1,No,0,F_Explicit,,,Target: Women empowerment Text: yeah it’s 2022 and this sh1t still among us!¡ اتساءل كيف ربط تمكين المراة باهتمامي بالفن الكوري الي اصلًا المُهتمين فيه افضل منه وامثاله باضعاف احنا الي كيف نحصّل عالم نظيف واعي والعnصRية والtخلف هذا للحين في الناس,,,,,,,,,2,0,0.9863281,0.0026760101,0.010810852,4,0.9863281,0.0783721062735188,Favor,Against
3729,   طالما لا يوجد مايسترو يقود عملية التحول الالكتروني و التحول الذكي   فهي لن تعدو جزرا متباعدة متقطعة في أرخبيل ضحل.,Digital Transformation,طالما لا يوجد مايسترو يقود عملية التحول الالكتروني و التحول الذكي فهي لن تعدو جزرا متباعدة متقطعة في ارخبيل ضحل.,Digital Transformation,Against,0,Negative,0,No,0,,A_Explicit,,Target: Digital Transformation Text: طالما لا يوجد مايسترو يقود عملية التحول الالكتروني و التحول الذكي فهي لن تعدو جزرا متباعدة متقطعة في ارخبيل ضحل.,,,,,,,,,0,2,0.30249023,0.11071777,0.58691406,4,0.58691406,0.9181068533902076,Against,Favor
3798,  متى سنضع خطه استراتيجيه واضحه و بالشراكة مع القطاع الخاص لنخرج من دوامة الحكومه الالكترونيه  التحول الرقمي و اردن رقمي   الى آخر هذه المسميات . طبعاً طلب جلالة الملك بحكومه لا ورقيه 2020 اصبح مستحيل التحقيق وهذا ما أوضحت عدم حدوثه بتاريخ 15/1,Digital Transformation,متي سنضع خطه استراتيجيه واضحه و بالشراكة مع القطاع الخاص لنخرج من دوامة الحكومه الالكترونيه التحول الرقمي و اردن رقمي الي اخر هذه المسميات . طبعاً طلب جلالة الملك بحكومه لا ورقيه 2020 اصبح مستحيل التحقيق وهذا ما اوضحت عدم حدوثه بتاريخ 15/1,Digital Transformation,,1,Neutral,1,No,0,,,Not clear,Target: Digital Transformation Text: متي سنضع خطه استراتيجيه واضحه و بالشراكة مع القطاع الخاص لنخرج من دوامة الحكومه الالكترونيه التحول الرقمي و اردن رقمي الي اخر هذه المسميات . طبعاً طلب جلالة الملك بحكومه لا ورقيه 2020 اصبح مستحيل التحقيق وهذا ما اوضحت عدم حدوثه بتاريخ 15/1,,,,,,,,,1,2,0.013427734,0.006958008,0.9794922,4,0.9794922,0.1127418344284165,None,Favor
3850,الأنمي حالياً يتجه إلى تمكين المرأة والمخانيث، فأبدلوا الملك، بملكة، وزعيم فرقة الكشافة بزعيمة ومخنث، وجعلوا أقوى عملاق وهو المطرقة بيد حرمة، والأحداث القادمة ستكون ابدال ليفايي بميككاسا، واخيرا البطل بغغابي,Women empowerment,الانمي حالياً يتجه الي تمكين المراة والمخانيث، فابدلوا الملك، بملكة، وزعيم فرقة الكشافة بزعيمة ومخنث، وجعلوا اقوي عملاق وهو المطرقة بيد حرمة، والاحداث القادمة ستكون ابدال ليفايي بميككاسا، واخيرا البطل بغغابي,Women empowerment,Favor,2,Negative,0,No,0,F_Explicit,,,Target: Women empowerment Text: الانمي حالياً يتجه الي تمكين المراة والمخانيث، فابدلوا الملك، بملكة، وزعيم فرقة الكشافة بزعيمة ومخنث، وجعلوا اقوي عملاق وهو المطرقة بيد حرمة، والاحداث القادمة ستكون ابدال ليفايي بميككاسا، واخيرا البطل بغغابي,,,,,,,,,2,0,0.9941406,0.0024299622,0.0035858154,4,0.9941406,0.0406611794753578,Favor,Against
3900,واجب شرعي على الانسان تجاه نفسه أن يتخلص من العلاقات التي تؤدي به إلى التهلكة ولو بطريقة تدريجية  ، ولو بطريقة ماكرة والعياذُ بالله   #حقوق_المرأة #حقوق_الإنسان #ايش_يزعلكم #حقوق_الطفل #تمكين_المرأة #حساب_المواطن,Women empowerment,واجب شرعي علي الانسان تجاه نفسه ان يتخلص من العلاقات التي تؤدي به الي التهلكة ولو بطريقة تدريجية ، ولو بطريقة ماكرة والعياذُ بالله #حقوق المراة #حقوق الانسان #ايش يزعلكم #حقوق الطفل #تمكين المراة #حساب المواطن,Women empowerment,,1,Neutral,1,No,0,,,Not Related,Target: Women empowerment Text: واجب شرعي علي الانسان تجاه نفسه ان يتخلص من العلاقات التي تؤدي به الي التهلكة ولو بطريقة تدريجية ، ولو بطريقة ماكرة والعياذُ بالله #حقوق المراة #حقوق الانسان #ايش يزعلكم #حقوق الطفل #تمكين المراة #حساب المواطن,,,,,,,,,1,0,0.9555664,0.009788513,0.03466797,4,0.9555664,0.2052700785108677,None,Against
3903,الرياضة لاتكون غير مدروسة في انحناءآت لساعات  طويلة تتحول الى اعاقات  الحركة مطلوبة مدروسة ولديك الكثير لتعملية  وتخططي لأجله ...! فقد بات سعرها اليوم في متناول الجميع  #تمكين_المرأة #حقوق_الطفل #حقوق_الانسان,Women empowerment,الرياضة لاتكون غير مدروسة في انحناءات لساعات طويلة تتحول الي اعاقات الحركة مطلوبة مدروسة ولديك الكثير لتعملية وتخططي لاجله ..! فقد بات سعرها اليوم في متناول الجميع #تمكين المراة #حقوق الطفل #حقوق الانسان,Women empowerment,,1,Neutral,1,No,0,,,Not Related,Target: Women empowerment Text: الرياضة لاتكون غير مدروسة في انحناءات لساعات طويلة تتحول الي اعاقات الحركة مطلوبة مدروسة ولديك الكثير لتعملية وتخططي لاجله ..! فقد بات سعرها اليوم في متناول الجميع #تمكين المراة #حقوق الطفل #حقوق الانسان,,,,,,,,,1,2,0.046569824,0.0020923615,0.9511719,4,0.9511719,0.2033453151370802,None,Favor
3912,MENTION هههههههههههههههه مره يضحك مفكرين لسى احد يرضى فيهم بعد قرارات تمكين المراه,Women empowerment,مستخدم هه مره يضحك مفكرين لسي احد يرضي فيهم بعد قرارات تمكين المراه,Women empowerment,Against,0,Neutral,1,Yes,1,,A_Explicit,,Target: Women empowerment Text: مستخدم هه مره يضحك مفكرين لسي احد يرضي فيهم بعد قرارات تمكين المراه,,,,,,,,,0,2,0.2232666,0.020355225,0.75634766,4,0.75634766,0.6252483817396053,Against,Favor
3939,تكلمي عن تمكين المرأة وش حصل فيه الفترة الاخيرة وش اللي استشعرتي فيه وحسيتيه انتي في حياتك من تمكين —   ,Women empowerment,تكلمي عن تمكين المراة وش حصل فيه الفترة الاخيرة وش اللي استشعرتي فيه وحسيتيه انتي في حياتك من تمكين —,Women empowerment,Favor,2,Neutral,1,No,0,F_Explicit,,,Target: Women empowerment Text: تكلمي عن تمكين المراة وش حصل فيه الفترة الاخيرة وش اللي استشعرتي فيه وحسيتيه انتي في حياتك من تمكين —,,,,,,,,,2,1,0.0012426376,0.8076172,0.19128418,4,0.8076172,0.4972582086785817,Favor,None
3944,تخيلي تكونين ساكنه لحالك ويتم خطفك من اخوانك ويودونك دار الرعايه (المسلخه البشريه) وهم يكتبون تعهد ويطلعون 😂  بس تراه عصر تمكين المرأه ,Women empowerment,تخيلي تكونين ساكنه لحالك ويتم خطفك من اخوانك ويودونك دار الرعايه (المسلخه البشريه) وهم يكتبون تعهد ويطلعون 😂 بس تراه عصر تمكين المراه,Women empowerment,Against,0,Negative,0,Yes,1,,A_Explicit,,Target: Women empowerment Text: تخيلي تكونين ساكنه لحالك ويتم خطفك من اخوانك ويودونك دار الرعايه (المسلخه البشريه) وهم يكتبون تعهد ويطلعون 😂 بس تراه عصر تمكين المراه,,,,,,,,,0,2,0.039916992,0.014778137,0.9453125,4,0.9453125,0.2440189021632432,Against,Favor
4004,الخبرة ليست بالدراسة بل بالممارسة... اذا قرأت عن التحول الرقمي ولم تشارك في اَي تحول رقمي لأي جهة سواء قطاع حكومي او خاص هذا لا يعني انك خبير تحول رقمي.,Digital Transformation,الخبرة ليست بالدراسة بل بالممارسة.. اذا قرات عن التحول الرقمي ولم تشارك في اَي تحول رقمي لاي جهة سواء قطاع حكومي او خاص هذا لا يعني انك خبير تحول رقمي.,Digital Transformation,,1,Neutral,1,No,0,,,Not clear,Target: Digital Transformation Text: الخبرة ليست بالدراسة بل بالممارسة.. اذا قرات عن التحول الرقمي ولم تشارك في اَي تحول رقمي لاي جهة سواء قطاع حكومي او خاص هذا لا يعني انك خبير تحول رقمي.,,,,,,,,,1,2,0.01727295,0.17370605,0.80908203,4,0.80908203,0.5455657466231306,None,Favor
4053,بعد مرور يوم على تطعيم الجرعه الثانيه من لقاح فايزر صج تعب وارهاق وتكاسل وصداع وماكو نوم أعان الله الناس اللي عندهم #كورونا,Covid Vaccine,بعد مرور يوم علي تطعيم الجرعه الثانيه من لقاح فايزر صج تعب وارهاق وتكاسل وصداع وماكو نوم اعان الله الناس اللي عندهم #كورونا,Covid Vaccine,Favor,2,Negative,0,No,0,F_Implicit,,,Target: Covid Vaccine Text: بعد مرور يوم علي تطعيم الجرعه الثانيه من لقاح فايزر صج تعب وارهاق وتكاسل وصداع وماكو نوم اعان الله الناس اللي عندهم #كورونا,,,,,,,,,2,0,0.93310547,0.04928589,0.017837524,4,0.93310547,0.2847836940768263,Favor,Against
4077,  السبب ١- حالات وفيات كورونا تعدت حالات وفيات انفلونزا ٢- لان الدراسات شافت ان تطعيم واحد لا يكفي و ان بعد عدة اشهر من الجرعة ٢ تبدأ تقل المناعة المكتسبة ٣- ٣ تطعيمات بسنة لانها حاليا جائحة عالمية بس تتحول لمرض موسمي راح تصير سنوية و اخ,Covid Vaccine,السبب ١- حالات وفيات كورونا تعدت حالات وفيات انفلونزا ٢- لان الدراسات شافت ان تطعيم واحد لا يكفي و ان بعد عدة اشهر من الجرعة ٢ تبدا تقل المناعة المكتسبة ٣- ٣ تطعيمات بسنة لانها حاليا جائحة عالمية بس تتحول لمرض موسمي راح تصير سنوية و اخ,Covid Vaccine,,1,Neutral,1,No,0,,,Not clear,Target: Covid Vaccine Text: السبب ١- حالات وفيات كورونا تعدت حالات وفيات انفلونزا ٢- لان الدراسات شافت ان تطعيم واحد لا يكفي و ان بعد عدة اشهر من الجرعة ٢ تبدا تقل المناعة المكتسبة ٣- ٣ تطعيمات بسنة لانها حاليا جائحة عالمية بس تتحول لمرض موسمي راح تصير سنوية و اخ,,,,,,,,,1,0,0.9975586,0.0018863678,0.00058841705,4,0.9975586,0.0186484850648606,None,Against
4110, أكاد أجزم أنه لا توجد مؤسسة حكومية نجحت في موضوع التعلم عن بعد علاوة على محدودية التجربة  والأسباب كثيرة منها عدم جاهزية البنية التحتية نحو التحول الإلكتروني    لذلك نحن متأخرين في هذا الأمر وعليه أقترح أن يتم العمل والإهتمام بموضوع التعليم عن,Digital Transformation,اكاد اجزم انه لا توجد مؤسسة حكومية نجحت في موضوع التعلم عن بعد علاوة علي محدودية التجربة والاسباب كثيرة منها عدم جاهزية البنية التحتية نحو التحول الالكتروني لذلك نحن متاخرين في هذا الامر وعليه اقترح ان يتم العمل والاهتمام بموضوع التعليم عن,Digital Transformation,Against,0,Negative,0,No,0,,A_Explicit,,Target: Digital Transformation Text: اكاد اجزم انه لا توجد مؤسسة حكومية نجحت في موضوع التعلم عن بعد علاوة علي محدودية التجربة والاسباب كثيرة منها عدم جاهزية البنية التحتية نحو التحول الالكتروني لذلك نحن متاخرين في هذا الامر وعليه اقترح ان يتم العمل والاهتمام بموضوع التعليم عن,,,,,,,,,0,2,0.025344849,0.01071167,0.9638672,4,0.9638672,0.1772115288440261,Against,Favor
4117,يا جماعة الخير انا و اهلي حاشتنا كورونا خلصنا من العام الماضي و مطعمين تطعيم كوفيد 19 ليش لازم نلتزم بالحظر المفروض كرت التطعيم بدال الهويه يخلونا نمارس حياتنا . مايصير حالنا حال الجميع .,Covid Vaccine,يا جماعة الخير انا و اهلي حاشتنا كورونا خلصنا من العام الماضي و مطعمين تطعيم كوفيد 19 ليش لازم نلتزم بالحظر المفروض كرت التطعيم بدال الهويه يخلونا نمارس حياتنا . مايصير حالنا حال الجميع .,Covid Vaccine,,1,Positive,2,No,0,,,Not clear,Target: Covid Vaccine Text: يا جماعة الخير انا و اهلي حاشتنا كورونا خلصنا من العام الماضي و مطعمين تطعيم كوفيد 19 ليش لازم نلتزم بالحظر المفروض كرت التطعيم بدال الهويه يخلونا نمارس حياتنا . مايصير حالنا حال الجميع .,,,,,,,,,1,2,0.23242188,0.34570312,0.421875,4,0.421875,1.0704450676356636,None,Favor
2768,MENTION انا ام وراضيه يحوش اطفالي كورونا * الله لايضرهم * ويطيبون منه بأذن الله من غير تطعيم ..,Covid Vaccine,MENTION انا ام وراضيه يحوش اطفالي كورونا * الله لايضرهم * ويطيبون منه بأذن الله من غير تطعيم ..,Covid Vaccine,Against,0,Neutral,1,No,0,,A_Explicit,,Target: Covid Vaccine Text: MENTION انا ام وراضيه يحوش اطفالي كورونا * الله لايضرهم * ويطيبون منه بأذن الله من غير تطعيم ..,,MENTION انا ام وراضيه يحوش اطفالي كورونا * الله لايضرهم * ويطيبون منه بأذن الله من غير تطعيم ..,Covid Vaccine,1.0,1.0,0.6566,2021-09-11 20:00:40+00:00,11/09/2021,0,2,0.4741211,0.050445557,0.47558594,4,0.47558594,0.8579659918679847,Against,Favor
3985,اصبروا باقي حبتين وندخلكم العدة من اوسع ابوابها #تمكين_المرأة  😎💪🏼 ,Women empowerment,اصبروا باقي حبتين وندخلكم العدة من اوسع ابوابها #تمكين_المرأة  😎💪🏼,Women empowerment,Against,0,Neutral,1,No,0,,A_Explicit,,Target: Women empowerment Text: اصبروا باقي حبتين وندخلكم العدة من اوسع ابوابها #تمكين_المرأة  😎💪🏼,,اصبروا باقي حبتين وندخلكم العدة من اوسع ابوابها #تمكين_المرأة  😎💪🏼 ,Women empowerment,0.4232,1.0,1.0,2021-02-04 13:48:20+00:00,04/02/2021,0,2,0.016738892,0.0025634766,0.98046875,4,0.98046875,0.1030963743803999,Against,Favor
44,  مو كل اللي ماطعموا جتهم كورونا انا من فضل الله لا كورونا ولا تطعيم الحمدلله يارب🤝,Covid Vaccine,مو كل اللي ماطعموا جتهم كورونا انا من فضل الله لا كورونا ولا تطعيم الحمدلله يارب🤝,Covid Vaccine,,1,Neutral,1,No,0,,,Not clear,Target: Covid Vaccine Text: مو كل اللي ماطعموا جتهم كورونا انا من فضل الله لا كورونا ولا تطعيم الحمدلله يارب🤝,,,,,,,,,1,2,0.0020103455,0.00019073486,0.9975586,5,0.9975586,0.016555127356363,None,Favor
45,  شبكات دْعارة في البلد بشكل مهول كانو ينتظرون قرار تمكين المرأة بفارغ الصبر,Women empowerment,شبكات دْعارة في البلد بشكل مهول كانو ينتظرون قرار تمكين المراة بفارغ الصبر,Women empowerment,Against,0,Negative,0,No,0,,A_Explicit,,Target: Women empowerment Text: شبكات دْعارة في البلد بشكل مهول كانو ينتظرون قرار تمكين المراة بفارغ الصبر,,,,,,,,,0,2,0.00019836426,1.5974045e-05,1.0,5,1.0,0.0018675618185398,Against,Favor
150,لُقمة القاضية موزارت  هذه  انجازات تمكين المرأة,Women empowerment,لُقمة القاضية موزارت هذه انجازات تمكين المراة,Women empowerment,Against,0,Positive,2,No,0,,A_Explicit,,Target: Women empowerment Text: لُقمة القاضية موزارت هذه انجازات تمكين المراة,,,,,,,,,0,2,0.0001078248,7.891655e-05,1.0,5,1.0,0.0017305139401989,Against,Favor
163,وهل استوعبت أن فزعة المعلم وفزّته بتدريب وتطوير ذاته مهنيًا ليست كافية إن لم يتم تهيئة المدارس وتدريب الفئة المستهدفة فيها تدريبًا فعليًا لا ورقيًا ولا صوريًا لهذه المرحلة والنقلة وهذا التحول الإلكتروني؟,Digital Transformation,وهل استوعبت ان فزعة المعلم وفزّته بتدريب وتطوير ذاته مهنيًا ليست كافية ان لم يتم تهيئة المدارس وتدريب الفئة المستهدفة فيها تدريبًا فعليًا لا ورقيًا ولا صوريًا لهذه المرحلة والنقلة وهذا التحول الالكتروني؟,Digital Transformation,Against,0,Negative,0,No,0,,A_Explicit,,Target: Digital Transformation Text: وهل استوعبت ان فزعة المعلم وفزّته بتدريب وتطوير ذاته مهنيًا ليست كافية ان لم يتم تهيئة المدارس وتدريب الفئة المستهدفة فيها تدريبًا فعليًا لا ورقيًا ولا صوريًا لهذه المرحلة والنقلة وهذا التحول الالكتروني؟,,,,,,,,,0,1,0.00056886673,0.57714844,0.42236328,5,0.57714844,0.6855139419345009,Against,None
228, التحول الالكتروني بشكل عام لاغلب الامور..المعاملات الحكومية تطبيقات التوصيل وتوصيل المطاعم والاغراض والسوق الالكتروني الخ..,Digital Transformation,التحول الالكتروني بشكل عام لاغلب الامور..المعاملات الحكومية تطبيقات التوصيل وتوصيل المطاعم والاغراض والسوق الالكتروني الخ..,Digital Transformation,,1,Neutral,1,No,0,,,Not clear,Target: Digital Transformation Text: التحول الالكتروني بشكل عام لاغلب الامور..المعاملات الحكومية تطبيقات التوصيل وتوصيل المطاعم والاغراض والسوق الالكتروني الخ..,,,,,,,,,1,2,2.0086765e-05,0.00011301041,1.0,5,1.0,0.001244289454232,None,Favor
235,٢٠٣٠)  رؤية المستقبل و التطور و التحول الإلكتروني رؤية طموحه من قائد حالم طموح انها رؤية سيدي الامير محمد بن سلمان بن عبدالعزيز آل سعود حفظه الله ورعاه 🤍  #العطاء_بإحسان #مسابقة_ابوناصر١٤ URL,Digital Transformation,٢٠٣٠) رؤية المستقبل و التطور و التحول الالكتروني رؤية طموحه من قائد حالم طموح انها رؤية سيدي الامير محمد بن سلمان بن عبدالعزيز ال سعود حفظه الله ورعاه 🤍 #العطاء باحسان #مسابقة ابوناصر١٤,Digital Transformation,Favor,2,Positive,2,No,0,F_Explicit,,,Target: Digital Transformation Text: ٢٠٣٠) رؤية المستقبل و التطور و التحول الالكتروني رؤية طموحه من قائد حالم طموح انها رؤية سيدي الامير محمد بن سلمان بن عبدالعزيز ال سعود حفظه الله ورعاه 🤍 #العطاء باحسان #مسابقة ابوناصر١٤,,,,,,,,,2,1,6.169081e-05,0.9995117,0.0002872944,5,0.9995117,0.0034290596686103,Favor,None
242,  مثل مافي تطعيم انفلونزا سنوي  راح يصير تطعيم كورونا سنوي. مادري مستغربين ليه! 🤔,Covid Vaccine,مثل مافي تطعيم انفلونزا سنوي راح يصير تطعيم كورونا سنوي. مادري مستغربين ليه! 🤔,Covid Vaccine,Favor,2,Neutral,1,No,0,F_Implicit,,,Target: Covid Vaccine Text: مثل مافي تطعيم انفلونزا سنوي راح يصير تطعيم كورونا سنوي. مادري مستغربين ليه! 🤔,,,,,,,,,2,1,9.781122e-05,1.0,0.00010228157,5,1.0,0.0018427799462969,Favor,None
263,من يرفض أخذ تطعيم لقاح كورونا هل يمكن تصنيفه تحت المعتقدات الفكرية والمؤامرة الكونية أم الحرية الشخصية وهل ستفرض عليهم الدولة الغرامة المالية بعد أن استنفذت معهم جميع الحلول الممكنة لإقناعهم بأخذ تطعيم لقاح كورونا؟,Covid Vaccine,من يرفض اخذ تطعيم لقاح كورونا هل يمكن تصنيفه تحت المعتقدات الفكرية والمؤامرة الكونية ام الحرية الشخصية وهل ستفرض عليهم الدولة الغرامة المالية بعد ان استنفذت معهم جميع الحلول الممكنة لاقناعهم باخذ تطعيم لقاح كورونا؟,Covid Vaccine,,1,Neutral,1,No,0,,,Not clear,Target: Covid Vaccine Text: من يرفض اخذ تطعيم لقاح كورونا هل يمكن تصنيفه تحت المعتقدات الفكرية والمؤامرة الكونية ام الحرية الشخصية وهل ستفرض عليهم الدولة الغرامة المالية بعد ان استنفذت معهم جميع الحلول الممكنة لاقناعهم باخذ تطعيم لقاح كورونا؟,,,,,,,,,1,0,0.58984375,0.41015625,0.00020098686,5,0.58984375,0.678626220485782,None,Against
277,ما ناخذ تطعيم كورونا عشان ما ننتهي و تفوتنا الحياه ؟ أو ناخذ تطعيم كورونا عشان ما تفوتنا الحياه ؟,Covid Vaccine,ما ناخذ تطعيم كورونا عشان ما ننتهي و تفوتنا الحياه ؟ او ناخذ تطعيم كورونا عشان ما تفوتنا الحياه ؟,Covid Vaccine,,1,Neutral,1,No,0,,,,Target: Covid Vaccine Text: ما ناخذ تطعيم كورونا عشان ما ننتهي و تفوتنا الحياه ؟ او ناخذ تطعيم كورونا عشان ما تفوتنا الحياه ؟,,,,,,,,,1,0,0.9946289,0.0053634644,0.00019693375,5,0.9946289,0.0350779856579561,None,Against
284,صحيح  جدا   لذلك  الكل  يحارب الاتمتة  المؤسسة نفسها تحارب  التحول للنظام الالكتروني  لان رئيس القسم اشترى المنصب الذي يشغله مفتش الكمارك مستقرض حتى يشتري منصبة  لن يسمحوا بالسرعة  و لا الاتمتة URL,Digital Transformation,صحيح جدا لذلك الكل يحارب الاتمتة المؤسسة نفسها تحارب التحول للنظام الالكتروني لان رئيس القسم اشتري المنصب الذي يشغله مفتش الكمارك مستقرض حتي يشتري منصبة لن يسمحوا بالسرعة و لا الاتمتة,Digital Transformation,Against,0,Negative,0,No,0,,A_Explicit,,Target: Digital Transformation Text: صحيح جدا لذلك الكل يحارب الاتمتة المؤسسة نفسها تحارب التحول للنظام الالكتروني لان رئيس القسم اشتري المنصب الذي يشغله مفتش الكمارك مستقرض حتي يشتري منصبة لن يسمحوا بالسرعة و لا الاتمتة,,,,,,,,,0,2,0.00028514862,6.4373016e-05,0.9995117,5,0.9995117,0.0034369585152778,Against,Favor
321,التحول الإلكتروني يساعد على سرعة انجاز المعاملات ولكن في بعض القطاعات أصبح العكس,Digital Transformation,التحول الالكتروني يساعد علي سرعة انجاز المعاملات ولكن في بعض القطاعات اصبح العكس,Digital Transformation,Against,0,Negative,0,No,0,,A_Explicit,,Target: Digital Transformation Text: التحول الالكتروني يساعد علي سرعة انجاز المعاملات ولكن في بعض القطاعات اصبح العكس,,,,,,,,,0,2,7.981062e-05,9.649992e-05,1.0,5,1.0,0.0016453165622065,Against,Favor
363,  ياليت المرأة تعتبر خديجه رضي الله عنها تمكين للمرأة فبالرغم من ثرائها لم تخالط الرجال وقامت بعملهاكأمرأه في بيتها وانجبت وربت جيل كامل اربعة بنات قمم في التربيه فقد فرغت نفسها لتخرج قدوات للمجتمع على الرغم من زواجها المتأخرفي عمر ,Women empowerment,ياليت المراة تعتبر خديجه رضي الله عنها تمكين للمراة فبالرغم من ثرائها لم تخالط الرجال وقامت بعملهاكامراه في بيتها وانجبت وربت جيل كامل اربعة بنات قمم في التربيه فقد فرغت نفسها لتخرج قدوات للمجتمع علي الرغم من زواجها المتاخرفي عمر,Women empowerment,Against,0,Positive,2,No,0,,A_Explicit,,Target: Women empowerment Text: ياليت المراة تعتبر خديجه رضي الله عنها تمكين للمراة فبالرغم من ثرائها لم تخالط الرجال وقامت بعملهاكامراه في بيتها وانجبت وربت جيل كامل اربعة بنات قمم في التربيه فقد فرغت نفسها لتخرج قدوات للمجتمع علي الرغم من زواجها المتاخرفي عمر,,,,,,,,,0,2,0.00044631958,3.0457973e-05,0.9995117,5,0.9995117,0.0042480395603965,Against,Favor
372,التعليم عن بُعد جميل و ممتع بكل تفاصيله و آثاره . للطالب  للأسرة للمجمتع  المأمول هو التحول الالكتروني بالكامل   المسابقات   النشاطات   تحدي الابداع  الارشاد والتوجيه و الدعم النفسي ( مهمة جدا جدا) و لدينا في كل منطقة خبراء و خبيرات في هذا الشأن,Digital Transformation,التعليم عن بُعد جميل و ممتع بكل تفاصيله و اثاره . للطالب للاسرة للمجمتع المامول هو التحول الالكتروني بالكامل المسابقات النشاطات تحدي الابداع الارشاد والتوجيه و الدعم النفسي ( مهمة جدا جدا) و لدينا في كل منطقة خبراء و خبيرات في هذا الشان,Digital Transformation,,1,Negative,0,No,0,,,Not clear,Target: Digital Transformation Text: التعليم عن بُعد جميل و ممتع بكل تفاصيله و اثاره . للطالب للاسرة للمجمتع المامول هو التحول الالكتروني بالكامل المسابقات النشاطات تحدي الابداع الارشاد والتوجيه و الدعم النفسي ( مهمة جدا جدا) و لدينا في كل منطقة خبراء و خبيرات في هذا الشان,,,,,,,,,1,2,2.1457672e-05,3.385544e-05,1.0,5,1.0,0.0005791456576616,None,Favor
412,ابو محمد نحن في عالم التحول الالكتروني ولكل شيء تضحية وعواقب ونجاحات تخيل عدد السيارات والنقل المدرسي واعباء كثير لاتعد ولاتحصى شكرا لتفاعلك 🌸 URL,Digital Transformation,ابو محمد نحن في عالم التحول الالكتروني ولكل شيء تضحية وعواقب ونجاحات تخيل عدد السيارات والنقل المدرسي واعباء كثير لاتعد ولاتحصي شكرا لتفاعلك 🌸,Digital Transformation,Favor,2,Positive,2,No,0,F_Explicit,,,Target: Digital Transformation Text: ابو محمد نحن في عالم التحول الالكتروني ولكل شيء تضحية وعواقب ونجاحات تخيل عدد السيارات والنقل المدرسي واعباء كثير لاتعد ولاتحصي شكرا لتفاعلك 🌸,,,,,,,,,2,1,0.32299805,0.67333984,0.003753662,5,0.67333984,0.6522966411758165,Favor,None
429,قانون الولاية بحق الإجهاض عقبات على المرأة.الحكم المسرب سيتراجع عن الخصوصية العامة التي ادعت المحكمة في رو وجودها. وحسب رأيي سيصحح خطأ أدى الى تمكين اليسار المتطرف من الطعن في كثير من القوانين خصوصا ما يتعلق بالاخلاق بحجة الخصوصية.,Women empowerment,قانون الولاية بحق الاجهاض عقبات علي المراة.الحكم المسرب سيتراجع عن الخصوصية العامة التي ادعت المحكمة في رو وجودها. وحسب رايي سيصحح خطا ادي الي تمكين اليسار المتطرف من الطعن في كثير من القوانين خصوصا ما يتعلق بالاخلاق بحجة الخصوصية.,Women empowerment,,1,Neutral,1,No,0,,,Not clear,Target: Women empowerment Text: قانون الولاية بحق الاجهاض عقبات علي المراة.الحكم المسرب سيتراجع عن الخصوصية العامة التي ادعت المحكمة في رو وجودها. وحسب رايي سيصحح خطا ادي الي تمكين اليسار المتطرف من الطعن في كثير من القوانين خصوصا ما يتعلق بالاخلاق بحجة الخصوصية.,,,,,,,,,1,0,1.0,0.000105559826,0.000113248825,5,1.0,0.0019955004499877,None,Against
453,مبادرة تحفيزية في العاصمة الأمريكية واشنطن للمترددين من أخذ لقاح فيروس #كورونا: جرعة تطعيم مقابل جرعة ماريجوانا. على ما يبدو الإقبال كبير لأخذ التطعيم. ما هو الحافز المناسب في الإمارات خلال شهر رمضان الكريم ومن بعده عيدية العيد بدلًا من خطاب التهديد الذي سمعناه هذا الأسبوع؟ ,Covid Vaccine,مبادرة تحفيزية في العاصمة الامريكية واشنطن للمترددين من اخذ لقاح فيروس #كورونا: جرعة تطعيم مقابل جرعة ماريجوانا. علي ما يبدو الاقبال كبير لاخذ التطعيم. ما هو الحافز المناسب في الامارات خلال شهر رمضان الكريم ومن بعده عيدية العيد بدلًا من خطاب التهديد الذي سمعناه هذا الاسبوع؟,Covid Vaccine,,1,Negative,0,No,0,,,Not clear,Target: Covid Vaccine Text: مبادرة تحفيزية في العاصمة الامريكية واشنطن للمترددين من اخذ لقاح فيروس #كورونا: جرعة تطعيم مقابل جرعة ماريجوانا. علي ما يبدو الاقبال كبير لاخذ التطعيم. ما هو الحافز المناسب في الامارات خلال شهر رمضان الكريم ومن بعده عيدية العيد بدلًا من خطاب التهديد الذي سمعناه هذا الاسبوع؟,,,,,,,,,1,2,5.030632e-05,0.05911255,0.94091797,5,0.94091797,0.224987897934893,None,Favor
460,  بس امورهم طيبه ما في اغلاق ولا حظر... التطعيم اقل شي يطلعك من إجراءات الحظر و الضغط على المستشفيات  لان حتى في حال من تلقى تطعيم و إصابة كورونا يكون خفيف... عكسنا غلق و الاقتصاد ينهار يوم بعد يوم و المستشفيات شبه ممتلئة,Covid Vaccine,بس امورهم طيبه ما في اغلاق ولا حظر.. التطعيم اقل شي يطلعك من اجراءات الحظر و الضغط علي المستشفيات لان حتي في حال من تلقي تطعيم و اصابة كورونا يكون خفيف.. عكسنا غلق و الاقتصاد ينهار يوم بعد يوم و المستشفيات شبه ممتلئة,Covid Vaccine,Against,0,Neutral,1,No,0,,A_Explicit,,Target: Covid Vaccine Text: بس امورهم طيبه ما في اغلاق ولا حظر.. التطعيم اقل شي يطلعك من اجراءات الحظر و الضغط علي المستشفيات لان حتي في حال من تلقي تطعيم و اصابة كورونا يكون خفيف.. عكسنا غلق و الاقتصاد ينهار يوم بعد يوم و المستشفيات شبه ممتلئة,,,,,,,,,0,2,0.0014028549,3.683567e-05,0.99853516,5,0.99853516,0.0110555223727037,Against,Favor
464, انا سمعت عن أوبئة وتطعيمات بس اول مرة اشوف تطعيم دعايته قويه مثل كورونا,Covid Vaccine,انا سمعت عن اوبئة وتطعيمات بس اول مرة اشوف تطعيم دعايته قويه مثل كورونا,Covid Vaccine,Against,0,Negative,0,No,0,,A_Explicit,,Target: Covid Vaccine Text: انا سمعت عن اوبئة وتطعيمات بس اول مرة اشوف تطعيم دعايته قويه مثل كورونا,,,,,,,,,0,1,0.13330078,0.84814453,0.018798828,5,0.84814453,0.4830194827068008,Against,None
500, اهم من اثنى على قرارات تمكين المرأه هي ابنه الرئيس ترامب  ما علاقه الدعم والتعزير بقرار يحمل خصوصيه بالنسبه لمحتمع ديني ومحافظ عوضا عن انه شأن داخلي اصلا .. !! ما المقصود فعلآ ؟ ..,Women empowerment,اهم من اثني علي قرارات تمكين المراه هي ابنه الرئيس ترامب ما علاقه الدعم والتعزير بقرار يحمل خصوصيه بالنسبه لمحتمع ديني ومحافظ عوضا عن انه شان داخلي اصلا .. !! ما المقصود فعلا ؟ ..,Women empowerment,Against,0,Neutral,1,No,0,,A_Explicit,,Target: Women empowerment Text: اهم من اثني علي قرارات تمكين المراه هي ابنه الرئيس ترامب ما علاقه الدعم والتعزير بقرار يحمل خصوصيه بالنسبه لمحتمع ديني ومحافظ عوضا عن انه شان داخلي اصلا .. !! ما المقصود فعلا ؟ ..,,,,,,,,,0,2,5.310774e-05,0.0011701584,0.99853516,5,0.99853516,0.0098858062558366,Against,Favor
509, أنا المناعة عندى كانت الحمدلله قوية والبرد يجيلى فى الشتاء من ٢ ل ٣ مرات لحد رمضان اللى فات جاتلى كورونا واخدت ٣ جرعات اللقاح والبرد مش سايبنى تقريبا بس لو تطعيم الانفلونزا ممكن يحل الموضوع كده اجربه ان شاء الله,Covid Vaccine,انا المناعة عندي كانت الحمدلله قوية والبرد يجيلي في الشتاء من ٢ ل ٣ مرات لحد رمضان اللي فات جاتلي كورونا واخدت ٣ جرعات اللقاح والبرد مش سايبني تقريبا بس لو تطعيم الانفلونزا ممكن يحل الموضوع كده اجربه ان شاء الله,Covid Vaccine,Against,0,Negative,0,No,0,,A_Explicit,,Target: Covid Vaccine Text: انا المناعة عندي كانت الحمدلله قوية والبرد يجيلي في الشتاء من ٢ ل ٣ مرات لحد رمضان اللي فات جاتلي كورونا واخدت ٣ جرعات اللقاح والبرد مش سايبني تقريبا بس لو تطعيم الانفلونزا ممكن يحل الموضوع كده اجربه ان شاء الله,,,,,,,,,0,1,0.0001757145,0.9975586,0.0020370483,5,0.9975586,0.0165798266573898,Against,None
587,  امشي مراكز تطعيم عندنا وشوف اقبال ناس وخود معاك فيديو وثق ومش هكي وبس  لم تسجل اي حاله مضاعفات باب شخص اخد لقاح. في ليبيا .. وكلام هذا عاري عن صحه ومش مزبوط صفحه غير صحيحه خلو ناس تاخد لقاح ياويلكم من ربي في بث كلام مزيف,Covid Vaccine,امشي مراكز تطعيم عندنا وشوف اقبال ناس وخود معاك فيديو وثق ومش هكي وبس لم تسجل اي حاله مضاعفات باب شخص اخد لقاح. في ليبيا .. وكلام هذا عاري عن صحه ومش مزبوط صفحه غير صحيحه خلو ناس تاخد لقاح ياويلكم من ربي في بث كلام مزيف,Covid Vaccine,Favor,2,Neutral,1,No,0,F_Explicit,,,Target: Covid Vaccine Text: امشي مراكز تطعيم عندنا وشوف اقبال ناس وخود معاك فيديو وثق ومش هكي وبس لم تسجل اي حاله مضاعفات باب شخص اخد لقاح. في ليبيا .. وكلام هذا عاري عن صحه ومش مزبوط صفحه غير صحيحه خلو ناس تاخد لقاح ياويلكم من ربي في بث كلام مزيف,,,,,,,,,2,0,0.81347656,0.00017082691,0.18640137,5,0.81347656,0.4825414146485918,Favor,Against
614, ولقاح صارله تقريبن ٥ شهور وهو موجود الناس لهم عقل مايبعون عمرهم بسهوله وفحصو رؤساهم بعد لقاح وقالو مافي خطوره وامن وفي دكتور حق العنايه المركزه اخذ الجرعه الثانيه فايزر وفحص نفسه وقال سليم ولافي اعراض وحنا لما كنا صغار ناخذ تطعيم وابر ولاندري م,Covid Vaccine,ولقاح صارله تقريبن ٥ شهور وهو موجود الناس لهم عقل مايبعون عمرهم بسهوله وفحصو رؤساهم بعد لقاح وقالو مافي خطوره وامن وفي دكتور حق العنايه المركزه اخذ الجرعه الثانيه فايزر وفحص نفسه وقال سليم ولافي اعراض وحنا لما كنا صغار ناخذ تطعيم وابر ولاندري م,Covid Vaccine,,1,Positive,2,No,0,,,Not clear,Target: Covid Vaccine Text: ولقاح صارله تقريبن ٥ شهور وهو موجود الناس لهم عقل مايبعون عمرهم بسهوله وفحصو رؤساهم بعد لقاح وقالو مافي خطوره وامن وفي دكتور حق العنايه المركزه اخذ الجرعه الثانيه فايزر وفحص نفسه وقال سليم ولافي اعراض وحنا لما كنا صغار ناخذ تطعيم وابر ولاندري م,,,,,,,,,1,0,0.99560547,5.6922436e-05,0.004108429,5,0.99560547,0.0275158542273324,None,Against
628,رؤساء تحرير الصحف السعودية الرجال  جهزوا أنفسكم للرحيل قبل 2022   الإناث قادمات لإستلام المهمات 👩‍🏫👩‍💻👩‍🎓👱‍♀️  #تمكين_المرأة  #الاعلام  #جريدة_الرياض  #عكاظ  #الجزيرة  #الشرق_للأخبار  #الشرق_الأوسط  #صحيفة_المدينة  #صحيفة_مكة  #صحيفة_البلاد  #صحيفة_الوطن,Women empowerment,رؤساء تحرير الصحف السعودية الرجال جهزوا انفسكم للرحيل قبل 2022 الاناث قادمات لاستلام المهمات 👩‍🏫👩‍💻👩‍🎓👱‍♀️ #تمكين المراة #الاعلام #جريدة الرياض #عكاظ #الجزيرة #الشرق للاخبار #الشرق الاوسط #صحيفة المدينة #صحيفة مكة #صحيفة البلاد #صحيفة الوطن,Women empowerment,Against,0,Positive,2,Yes,1,,A_Explicit,,Target: Women empowerment Text: رؤساء تحرير الصحف السعودية الرجال جهزوا انفسكم للرحيل قبل 2022 الاناث قادمات لاستلام المهمات 👩‍🏫👩‍💻👩‍🎓👱‍♀️ #تمكين المراة #الاعلام #جريدة الرياض #عكاظ #الجزيرة #الشرق للاخبار #الشرق الاوسط #صحيفة المدينة #صحيفة مكة #صحيفة البلاد #صحيفة الوطن,,,,,,,,,0,2,2.0086765e-05,4.8696995e-05,1.0,5,1.0,0.0007008033489894,Against,Favor
645,«وزارية تمكين المرأة» تناقش شروط آلية عملها المرجعية URL  #الأردن #جريدة_الدستور_الاردنية #مصلحتك_في_اللقاح,Women empowerment,«وزارية تمكين المراة» تناقش شروط الية عملها المرجعية #الاردن #جريدة الدستور الاردنية #مصلحتك في اللقاح,Women empowerment,Favor,2,Neutral,1,No,0,F_Explicit,,,Target: Women empowerment Text: «وزارية تمكين المراة» تناقش شروط الية عملها المرجعية #الاردن #جريدة الدستور الاردنية #مصلحتك في اللقاح,,,,,,,,,2,1,0.0006608963,0.8745117,0.125,5,0.8745117,0.3820321472157806,Favor,None
649, ماشاء الله انعم واكرم..... شكله فاهم تمكين المرأة خطاء,Women empowerment,ماشاء الله انعم واكرم.. شكله فاهم تمكين المراة خطاء,Women empowerment,Against,0,Positive,2,No,0,,A_Explicit,,Target: Women empowerment Text: ماشاء الله انعم واكرم.. شكله فاهم تمكين المراة خطاء,,,,,,,,,0,2,0.00088739395,4.094839e-05,0.99902344,5,0.99902344,0.007625706578576,Against,Favor
653, التحول الالكتروني راح يغلق كثير من الفروع في البنوك ولا غيره   مثل الجرايد والصحف سابقا,Digital Transformation,التحول الالكتروني راح يغلق كثير من الفروع في البنوك ولا غيره مثل الجرايد والصحف سابقا,Digital Transformation,Favor,2,Positive,2,No,0,F_Explicit,,,Target: Digital Transformation Text: التحول الالكتروني راح يغلق كثير من الفروع في البنوك ولا غيره مثل الجرايد والصحف سابقا,,,,,,,,,2,0,0.9970703,0.003030777,6.484985e-05,5,0.9970703,0.0211260622355517,Favor,Against
670,العالم يسابق الزمن لإنهاء كابوس #كورونا بتسجيل مليار جرعة #تطعيم ,Covid Vaccine,العالم يسابق الزمن لانهاء كابوس #كورونا بتسجيل مليار جرعة #تطعيم,Covid Vaccine,,1,Neutral,1,No,0,,,Not clear,Target: Covid Vaccine Text: العالم يسابق الزمن لانهاء كابوس #كورونا بتسجيل مليار جرعة #تطعيم,,,,,,,,,1,2,5.7280064e-05,0.27124023,0.7285156,5,0.7285156,0.5852148599579203,None,Favor
715,وزيرة الدولة لشؤون الاتصالات وتكنولوجيا المعلومات د.رنا الفارس وعدت بالتحول الرقمى   ولا زال التحول مصاب بالحول . بابا ما دام فيه مستشارين وافدين سيخسرون مواقعهم فحتما لن يكتب للتحول الرقمي النجاح .. فشلتم فشلا ذريعاً URL,Digital Transformation,وزيرة الدولة لشؤون الاتصالات وتكنولوجيا المعلومات د.رنا الفارس وعدت بالتحول الرقمي ولا زال التحول مصاب بالحول . بابا ما دام فيه مستشارين وافدين سيخسرون مواقعهم فحتما لن يكتب للتحول الرقمي النجاح .. فشلتم فشلا ذريعاً,Digital Transformation,Favor,2,Positive,2,No,0,F_Explicit,,,Target: Digital Transformation Text: وزيرة الدولة لشؤون الاتصالات وتكنولوجيا المعلومات د.رنا الفارس وعدت بالتحول الرقمي ولا زال التحول مصاب بالحول . بابا ما دام فيه مستشارين وافدين سيخسرون مواقعهم فحتما لن يكتب للتحول الرقمي النجاح .. فشلتم فشلا ذريعاً,,,,,,,,,2,0,1.0,0.00012242794,4.249811e-05,5,1.0,0.0015306175454609,Favor,Against
717,    قاعه السينما والمراقص ومراكز الاستجمام والحفلات الغنائية والمهرجانات و الملاعب مافيها لا كورونا ولا تطعيم وفعاليات جده والرياض ونجران خير برهان بينما المسجد الحرام والمسجد النبوي وكافة المساجد يتخللها فيروس كورون,Covid Vaccine,قاعه السينما والمراقص ومراكز الاستجمام والحفلات الغنائية والمهرجانات و الملاعب مافيها لا كورونا ولا تطعيم وفعاليات جده والرياض ونجران خير برهان بينما المسجد الحرام والمسجد النبوي وكافة المساجد يتخللها فيروس كورون,Covid Vaccine,,1,Negative,0,No,0,,,Not clear,Target: Covid Vaccine Text: قاعه السينما والمراقص ومراكز الاستجمام والحفلات الغنائية والمهرجانات و الملاعب مافيها لا كورونا ولا تطعيم وفعاليات جده والرياض ونجران خير برهان بينما المسجد الحرام والمسجد النبوي وكافة المساجد يتخللها فيروس كورون,,,,,,,,,1,0,0.9995117,0.0003809929,3.0398369e-05,5,0.9995117,0.0038038120559718,None,Against
763,#مركز_الدفاع_الإلكتروني لمن يقولوا انه ضد الذباب الإلكتروني  هل نخاف من الذباب لكي ننشأ ضده مركز للدفاع؟ بهذا الفكر لا نرتقي   المركز مختص لأمن الشبكات و حمايتها  من الاختراق وهذا أهم لأننا نتجه الى التحول الرقمي,Digital Transformation,#مركز الدفاع الالكتروني لمن يقولوا انه ضد الذباب الالكتروني هل نخاف من الذباب لكي ننشا ضده مركز للدفاع؟ بهذا الفكر لا نرتقي المركز مختص لامن الشبكات و حمايتها من الاختراق وهذا اهم لاننا نتجه الي التحول الرقمي,Digital Transformation,,1,Neutral,1,No,0,,,Not clear,Target: Digital Transformation Text: #مركز الدفاع الالكتروني لمن يقولوا انه ضد الذباب الالكتروني هل نخاف من الذباب لكي ننشا ضده مركز للدفاع؟ بهذا الفكر لا نرتقي المركز مختص لامن الشبكات و حمايتها من الاختراق وهذا اهم لاننا نتجه الي التحول الرقمي,,,,,,,,,1,2,3.2782555e-05,0.0018253326,0.9980469,5,0.9980469,0.0138002261759663,None,Favor
811, لماذا نثق في تطعيم أطفالنا بشتى اللقاحات التي تعتمدها وزارة الصحه ولا نثق بتقديمهم لقاح كورونا فكروا شوي 🤔,Covid Vaccine,لماذا نثق في تطعيم اطفالنا بشتي اللقاحات التي تعتمدها وزارة الصحه ولا نثق بتقديمهم لقاح كورونا فكروا شوي 🤔,Covid Vaccine,Favor,2,Neutral,1,No,0,F_Implicit,,,Target: Covid Vaccine Text: لماذا نثق في تطعيم اطفالنا بشتي اللقاحات التي تعتمدها وزارة الصحه ولا نثق بتقديمهم لقاح كورونا فكروا شوي 🤔,,,,,,,,,2,0,0.9995117,0.0006418228,6.043911e-05,5,0.9995117,0.0057934453465463,Favor,Against
870,#وطن_طموح_وطن_رقمي نشر الثقافة الرقمية في مرحلة #التحول_الرقمي تجعل التغيير أقل مقاومة من اَي وقت اخر URL,Digital Transformation,#وطن طموح وطن رقمي نشر الثقافة الرقمية في مرحلة #التحول الرقمي تجعل التغيير اقل مقاومة من اَي وقت اخر,Digital Transformation,Against,0,Negative,0,No,0,,A_Explicit,,Target: Digital Transformation Text: #وطن طموح وطن رقمي نشر الثقافة الرقمية في مرحلة #التحول الرقمي تجعل التغيير اقل مقاومة من اَي وقت اخر,,,,,,,,,0,2,2.527237e-05,0.00010210276,1.0,5,1.0,0.0012058046802508,Against,Favor
874, بركات تمكين المرأة,Women empowerment,بركات تمكين المراة,Women empowerment,Against,0,Neutral,1,No,0,,A_Explicit,,Target: Women empowerment Text: بركات تمكين المراة,,,,,,,,,0,2,6.937981e-05,4.6372414e-05,1.0,5,1.0,0.0011271164501856,Against,Favor
877,#يحدث_الان معسكر الحياة لتطوير المشاريع الصغيرة بالشراكة مع شركة تمر   والذي يقدم اليوم مهارات خدمة العملاء مع أ. إيهاب شطا  ذلك للمساهمة في تمكين المرأة من خلال البدء في تحسين و تطوير مشاريعهن. URL,Women empowerment,#يحدث الان معسكر الحياة لتطوير المشاريع الصغيرة بالشراكة مع شركة تمر والذي يقدم اليوم مهارات خدمة العملاء مع ا. ايهاب شطا ذلك للمساهمة في تمكين المراة من خلال البدء في تحسين و تطوير مشاريعهن.,Women empowerment,,1,Positive,2,No,0,,,Not clear,Target: Women empowerment Text: #يحدث الان معسكر الحياة لتطوير المشاريع الصغيرة بالشراكة مع شركة تمر والذي يقدم اليوم مهارات خدمة العملاء مع ا. ايهاب شطا ذلك للمساهمة في تمكين المراة من خلال البدء في تحسين و تطوير مشاريعهن.,,,,,,,,,1,2,3.3020973e-05,0.00017225742,1.0,5,1.0,0.0018335950107935,None,Favor
916, السلام ورحمة الله وبركاته  كيف اقدر اتحقق من صحة شهادة تطعيم كورونا,Covid Vaccine,السلام ورحمة الله وبركاته كيف اقدر اتحقق من صحة شهادة تطعيم كورونا,Covid Vaccine,Favor,2,Neutral,1,No,0,F_Explicit,,,Target: Covid Vaccine Text: السلام ورحمة الله وبركاته كيف اقدر اتحقق من صحة شهادة تطعيم كورونا,,,,,,,,,2,1,0.00013291836,1.0,5.6505203e-05,5,1.0,0.0017390868710918,Favor,None
1014, تغريدتك ستغضب كثيرات.نحن في زمن ادارة بايدن؛ لا يجوز  انتقاد تمكين المرأة حتى لو عن طريق الكوتا 🤷🏼‍♀️,Women empowerment,تغريدتك ستغضب كثيرات.نحن في زمن ادارة بايدن؛ لا يجوز انتقاد تمكين المراة حتي لو عن طريق الكوتا 🤷🏼‍♀️,Women empowerment,Against,0,Negative,0,No,0,,A_Implicit,,Target: Women empowerment Text: تغريدتك ستغضب كثيرات.نحن في زمن ادارة بايدن؛ لا يجوز انتقاد تمكين المراة حتي لو عن طريق الكوتا 🤷🏼‍♀️,,,,,,,,,0,2,0.0001462698,0.0001487732,0.9995117,5,0.9995117,0.0030909027704657,Against,Favor
1050,اقام فريق الثورة انثى في محافظة ذي قار يوم السبت المصادف ٩ نيسان ٢٠٢٢ ندوة حوارية حول قرار مجلس الامن ١٣٢٥ بشأن المرأة والسلام والامن بالتعاون مع لجنة تمكين المرأة في نقابة المهندسين.  #AlThawra_Untha #الثورة_انثى URL,Women empowerment,اقام فريق الثورة انثي في محافظة ذي قار يوم السبت المصادف ٩ نيسان ٢٠٢٢ ندوة حوارية حول قرار مجلس الامن ١٣٢٥ بشان المراة والسلام والامن بالتعاون مع لجنة تمكين المراة في نقابة المهندسين. #AlThawra Untha #الثورة انثي,Women empowerment,,1,Neutral,1,No,0,,,Not clear,Target: Women empowerment Text: اقام فريق الثورة انثي في محافظة ذي قار يوم السبت المصادف ٩ نيسان ٢٠٢٢ ندوة حوارية حول قرار مجلس الامن ١٣٢٥ بشان المراة والسلام والامن بالتعاون مع لجنة تمكين المراة في نقابة المهندسين. #AlThawra Untha #الثورة انثي,,,,,,,,,1,2,2.527237e-05,0.0074653625,0.9926758,5,0.9926758,0.0441263137066013,None,Favor
1081,انتهيت للتو من تطعيم الجرعة الثانيه من التطعيم ضد كورونا  بس كاني مشتهي اكل خفاش   وين يبيعونه بالكويت ؟,Covid Vaccine,انتهيت للتو من تطعيم الجرعة الثانيه من التطعيم ضد كورونا بس كاني مشتهي اكل خفاش وين يبيعونه بالكويت ؟,Covid Vaccine,,1,Neutral,1,No,0,,,Not clear,Target: Covid Vaccine Text: انتهيت للتو من تطعيم الجرعة الثانيه من التطعيم ضد كورونا بس كاني مشتهي اكل خفاش وين يبيعونه بالكويت ؟,,,,,,,,,1,2,4.6253204e-05,0.13232422,0.8676758,5,0.8676758,0.3912428447360518,None,Favor
1103,#الإنتاج_التعليمي_الرقمي.     ماشاء الله تبارك الله برنامج تدريبي رائع  يعتبر من البرامج التي تلقى الدعم من حكومتنا الرشيدة لتحقيق هدف التحول من الانتاج الورقي التقليدي الى الانتاج التقني الحديث في جميع تعاملتها  تحت رؤية 2030 واشكر المدربة الرائعة الاستاذة عزة الغامدي,Digital Transformation,#الانتاج التعليمي الرقمي. ماشاء الله تبارك الله برنامج تدريبي رائع يعتبر من البرامج التي تلقي الدعم من حكومتنا الرشيدة لتحقيق هدف التحول من الانتاج الورقي التقليدي الي الانتاج التقني الحديث في جميع تعاملتها تحت رؤية 2030 واشكر المدربة الرائعة الاستاذة عزة الغامدي,Digital Transformation,Against,0,Positive,2,No,0,,A_Explicit,,Target: Digital Transformation Text: #الانتاج التعليمي الرقمي. ماشاء الله تبارك الله برنامج تدريبي رائع يعتبر من البرامج التي تلقي الدعم من حكومتنا الرشيدة لتحقيق هدف التحول من الانتاج الورقي التقليدي الي الانتاج التقني الحديث في جميع تعاملتها تحت رؤية 2030 واشكر المدربة الرائعة الاستاذة عزة الغامدي,,,,,,,,,0,2,2.0682812e-05,4.61936e-05,1.0,5,1.0,0.0006842245322249,Against,Favor
1193,تأثرت وسائل الإعلام بسبب التحول التقني والانفتاح العالمي على الانترنت والذي أدى إلى دخول أطراف كثيرة في منظومة عمل الإعلام  حيث لم تعد المعلومة تصل من قناة واحدة ولا من وسيلة واحدة  وأصبح معرفة مصادر بث المعلومات معقد ومتداخل.,Digital Transformation,تاثرت وسائل الاعلام بسبب التحول التقني والانفتاح العالمي علي الانترنت والذي ادي الي دخول اطراف كثيرة في منظومة عمل الاعلام حيث لم تعد المعلومة تصل من قناة واحدة ولا من وسيلة واحدة واصبح معرفة مصادر بث المعلومات معقد ومتداخل.,Digital Transformation,Favor,2,Positive,2,No,0,F_Explicit,,,Target: Digital Transformation Text: تاثرت وسائل الاعلام بسبب التحول التقني والانفتاح العالمي علي الانترنت والذي ادي الي دخول اطراف كثيرة في منظومة عمل الاعلام حيث لم تعد المعلومة تصل من قناة واحدة ولا من وسيلة واحدة واصبح معرفة مصادر بث المعلومات معقد ومتداخل.,,,,,,,,,2,1,0.0046424866,0.9951172,8.916855e-05,5,0.9951172,0.0306441379895568,Favor,None
1356, انا عمري ماشفت تطعيم يعمله دعايه ثلاثه من روؤساء امريكا  مجتمعين بأعلان واحد  ولا أطباء اسنان وتخدير وتجميل وهضم وإعلاميين وسياسيين وممثلين ومطربيين وفاشنيستات زي تطعيم كورونا وبعدها لازم نصدق انه رعايه طبيه وليست دعايه🤔🤔🤔🤔🤔,Covid Vaccine,انا عمري ماشفت تطعيم يعمله دعايه ثلاثه من روؤساء امريكا مجتمعين باعلان واحد ولا اطباء اسنان وتخدير وتجميل وهضم واعلاميين وسياسيين وممثلين ومطربيين وفاشنيستات زي تطعيم كورونا وبعدها لازم نصدق انه رعايه طبيه وليست دعايه🤔🤔,Covid Vaccine,Against,0,Neutral,1,No,0,,A_Implicit,,Target: Covid Vaccine Text: انا عمري ماشفت تطعيم يعمله دعايه ثلاثه من روؤساء امريكا مجتمعين باعلان واحد ولا اطباء اسنان وتخدير وتجميل وهضم واعلاميين وسياسيين وممثلين ومطربيين وفاشنيستات زي تطعيم كورونا وبعدها لازم نصدق انه رعايه طبيه وليست دعايه🤔🤔,,,,,,,,,0,2,0.008506775,0.0045318604,0.9868164,5,0.9868164,0.0781039336668117,Against,Favor
1361,"تعي علّمِك كيف بكون ""تمكين المرأة"" تعي URL",Women empowerment,"تعي علّمِك كيف بكون ""تمكين المراة"" تعي",Women empowerment,,1,Neutral,1,No,0,,,Not clear,"Target: Women empowerment Text: تعي علّمِك كيف بكون ""تمكين المراة"" تعي",,,,,,,,,1,0,1.0,4.5895576e-05,0.00017499924,5,1.0,0.0019723284026416,None,Against
1368,  ما قالو لهم غصب اخذو التطعيم مو مجبورين ..قالو دام ما تبون تطعيم تسوون فحص ان ما فيكم كورونا كل فترة .. ردو عليهم ان الفحص مو زين ويسبب امراض وما نبي نسوي فحص مع العلم ان في فحص كورونا باللعاب مو لازم عود بخشمك.,Covid Vaccine,ما قالو لهم غصب اخذو التطعيم مو مجبورين ..قالو دام ما تبون تطعيم تسوون فحص ان ما فيكم كورونا كل فترة .. ردو عليهم ان الفحص مو زين ويسبب امراض وما نبي نسوي فحص مع العلم ان في فحص كورونا باللعاب مو لازم عود بخشمك.,Covid Vaccine,Favor,2,Neutral,1,No,0,F_Implicit,,,Target: Covid Vaccine Text: ما قالو لهم غصب اخذو التطعيم مو مجبورين ..قالو دام ما تبون تطعيم تسوون فحص ان ما فيكم كورونا كل فترة .. ردو عليهم ان الفحص مو زين ويسبب امراض وما نبي نسوي فحص مع العلم ان في فحص كورونا باللعاب مو لازم عود بخشمك.,,,,,,,,,2,0,0.9980469,0.0018186569,2.771616e-05,5,0.9980469,0.0137171321097171,Favor,Against
1384, لازلت اقول التحول الالكتروني التام افرز سلبيات كثيره وياليته بالتدرج تلافيا للاخطاء والملاحظات  وبعض الخصوم المماطلين والمتحايلين يقول شكرا شكرا من وراء حجاب لانه وجد الثغرات التي يبحث عنها,Digital Transformation,لازلت اقول التحول الالكتروني التام افرز سلبيات كثيره وياليته بالتدرج تلافيا للاخطاء والملاحظات وبعض الخصوم المماطلين والمتحايلين يقول شكرا شكرا من وراء حجاب لانه وجد الثغرات التي يبحث عنها,Digital Transformation,Against,0,Negative,0,No,0,,A_Explicit,,Target: Digital Transformation Text: لازلت اقول التحول الالكتروني التام افرز سلبيات كثيره وياليته بالتدرج تلافيا للاخطاء والملاحظات وبعض الخصوم المماطلين والمتحايلين يقول شكرا شكرا من وراء حجاب لانه وجد الثغرات التي يبحث عنها,,,,,,,,,0,2,0.037139893,0.0001604557,0.9628906,5,0.9628906,0.1601181776952634,Against,Favor
1389,  كل شي معها ذلحين تمكين المراه,Women empowerment,كل شي معها ذلحين تمكين المراه,Women empowerment,Favor,2,Neutral,1,No,0,F_Explicit,,,Target: Women empowerment Text: كل شي معها ذلحين تمكين المراه,,,,,,,,,2,0,0.9638672,0.00011754036,0.036010742,5,0.9638672,0.1562330672496579,Favor,Against
1438,سؤال الحين إذا جتني كورونا مرتين لازم بعد تطعيم ولا خلاص تكون صارت عندي مناعة حسبي الله عالصين 🤒,Covid Vaccine,سؤال الحين اذا جتني كورونا مرتين لازم بعد تطعيم ولا خلاص تكون صارت عندي مناعة حسبي الله عالصين 🤒,Covid Vaccine,,1,Negative,0,No,0,,,,Target: Covid Vaccine Text: سؤال الحين اذا جتني كورونا مرتين لازم بعد تطعيم ولا خلاص تكون صارت عندي مناعة حسبي الله عالصين 🤒,,,,,,,,,1,0,0.99902344,0.0009965897,2.759695e-05,5,0.99902344,0.0081533926543827,None,Against
1441, أيه على أساس أنه تم تطعيم المحطات بلقاح #فايزر ضد فيروس #كورونا 3 مرات😂😂😂  شقاعد يقول الرئيس ؟ واضح أن المستجوبين المحترمين عروا أدائه وفشل إدارته وقعد يخبص بالردود  هذا اللي ناقص انقطاع الكهرباء والماء 😂 #إرحل,Covid Vaccine,ايه علي اساس انه تم تطعيم المحطات بلقاح #فايزر ضد فيروس #كورونا 3 مرات😂😂 شقاعد يقول الرئيس ؟ واضح ان المستجوبين المحترمين عروا ادائه وفشل ادارته وقعد يخبص بالردود هذا اللي ناقص انقطاع الكهرباء والماء 😂 #ارحل,Covid Vaccine,Against,0,Negative,0,No,0,,A_Explicit,,Target: Covid Vaccine Text: ايه علي اساس انه تم تطعيم المحطات بلقاح #فايزر ضد فيروس #كورونا 3 مرات😂😂 شقاعد يقول الرئيس ؟ واضح ان المستجوبين المحترمين عروا ادائه وفشل ادارته وقعد يخبص بالردود هذا اللي ناقص انقطاع الكهرباء والماء 😂 #ارحل,,,,,,,,,0,1,0.16296387,0.83496094,0.002281189,5,0.83496094,0.460132203172159,Against,None
1450,اختكم في الله تم إرسال ورقه استبيان لهم من طرف مدرسة احد ابنائها وش تقترحون عليها ترسل للإدارة مع الورقة علما أن والده كتب لهم لانريد أن يتم تطعيم الابن بلقاح كورونا فقط URL,Covid Vaccine,اختكم في الله تم ارسال ورقه استبيان لهم من طرف مدرسة احد ابنائها وش تقترحون عليها ترسل للادارة مع الورقة علما ان والده كتب لهم لانريد ان يتم تطعيم الابن بلقاح كورونا فقط,Covid Vaccine,Against,0,Neutral,1,No,0,,A_Explicit,,Target: Covid Vaccine Text: اختكم في الله تم ارسال ورقه استبيان لهم من طرف مدرسة احد ابنائها وش تقترحون عليها ترسل للادارة مع الورقة علما ان والده كتب لهم لانريد ان يتم تطعيم الابن بلقاح كورونا فقط,,,,,,,,,0,1,0.15454102,0.84521484,0.00019037724,5,0.84521484,0.4323397282013452,Against,None
1615,بعد مليار جرعة تطعيم ولقاح كورونا حول العالم ،،، هل مازال للعاقل شك !؟ ,Covid Vaccine,بعد مليار جرعة تطعيم ولقاح كورونا حول العالم ،، هل مازال للعاقل شك !؟,Covid Vaccine,Favor,2,Neutral,1,No,0,F_Explicit,,,Target: Covid Vaccine Text: بعد مليار جرعة تطعيم ولقاح كورونا حول العالم ،، هل مازال للعاقل شك !؟,,,,,,,,,2,1,0.009346008,0.9892578,0.0012550354,5,0.9892578,0.0627407557351617,Favor,None
1624,حكومة بلدي الكويت ... ضيعت فرصة قد لاتاتي مرة اخرى .. التحول الرقمي   والعمل عن بعد   والتعليم الالكتروني! URL,Digital Transformation,حكومة بلدي الكويت .. ضيعت فرصة قد لاتاتي مرة اخري .. التحول الرقمي والعمل عن بعد والتعليم الالكتروني!,Digital Transformation,Favor,2,Positive,2,No,0,F_Explicit,,,Target: Digital Transformation Text: حكومة بلدي الكويت .. ضيعت فرصة قد لاتاتي مرة اخري .. التحول الرقمي والعمل عن بعد والتعليم الالكتروني!,,,,,,,,,2,0,0.78271484,0.0010595322,0.21606445,5,0.78271484,0.5300618657516089,Favor,Against
1635,MENTION سؤالك غلط ! نعم اللقاح يمنع بصورة كبيره وبنسبة كبيرة مضاعفات كورونا الخطيرة والوفاة بسببها . عطني كم حالة ماتت وهي متطعمه  ( وهذه حالات لها صروفها الخاصة وربما لم تأخذ احتياطياتها حتى يتم تكون الاجسام المضادة .. وقارنها بنسبة غير المتطعميم ! نعم تحتاج شهادة تطعيم وسؤالك غلط !,Covid Vaccine,مستخدم سؤالك غلط ! نعم اللقاح يمنع بصورة كبيره وبنسبة كبيرة مضاعفات كورونا الخطيرة والوفاة بسببها . عطني كم حالة ماتت وهي متطعمه ( وهذه حالات لها صروفها الخاصة وربما لم تاخذ احتياطياتها حتي يتم تكون الاجسام المضادة .. وقارنها بنسبة غير المتطعميم ! نعم تحتاج شهادة تطعيم وسؤالك غلط !,Covid Vaccine,Favor,2,Positive,2,No,0,F_Explicit,,,Target: Covid Vaccine Text: مستخدم سؤالك غلط ! نعم اللقاح يمنع بصورة كبيره وبنسبة كبيرة مضاعفات كورونا الخطيرة والوفاة بسببها . عطني كم حالة ماتت وهي متطعمه ( وهذه حالات لها صروفها الخاصة وربما لم تاخذ احتياطياتها حتي يتم تكون الاجسام المضادة .. وقارنها بنسبة غير المتطعميم ! نعم تحتاج شهادة تطعيم وسؤالك غلط !,,,,,,,,,2,0,1.0,3.683567e-05,7.903576e-05,5,1.0,0.0011225979455465,Favor,Against
1638,"• أخذ الفنانين الشجعان مواهبهم إلى آفاق جديدة  • شهر رمضان فرصة لإثارة النقاش حول القضايا المثيرة للجدل  • الدول العربية مدركة كيفية استخدام الغرب لتحرير المرأة كأساس لتبرير التدخلات العسكرية   • تمكين المرأة أداة انحراف لتجنب صورة دولة ""متخلفة""    URL",Women empowerment,"• اخذ الفنانين الشجعان مواهبهم الي افاق جديدة • شهر رمضان فرصة لاثارة النقاش حول القضايا المثيرة للجدل • الدول العربية مدركة كيفية استخدام الغرب لتحرير المراة كاساس لتبرير التدخلات العسكرية • تمكين المراة اداة انحراف لتجنب صورة دولة ""متخلفة""",Women empowerment,Against,0,Negative,0,No,0,,A_Explicit,,"Target: Women empowerment Text: • اخذ الفنانين الشجعان مواهبهم الي افاق جديدة • شهر رمضان فرصة لاثارة النقاش حول القضايا المثيرة للجدل • الدول العربية مدركة كيفية استخدام الغرب لتحرير المراة كاساس لتبرير التدخلات العسكرية • تمكين المراة اداة انحراف لتجنب صورة دولة ""متخلفة""",,,,,,,,,0,2,0.0012178421,3.2782555e-05,0.99853516,5,0.99853516,0.009974808843238,Against,Favor
1722,أخدت تطعيم #كورونا وشجعت كل اللي أعرفهم ياخدوه بس أنا ضد شغل الحكومات القذر في حبس الشعوب والحد من حرية تحركهم بل ومراقبتهم. صديق مقيم في أستراليا وصل #مصر بعد حبس سنتين وشوية تقريبا لإن القارة قفلت علي نفسها تماما! سيناريو مريب ماكنتش حأصدقه لو إتعمل فيلم.,Covid Vaccine,اخدت تطعيم #كورونا وشجعت كل اللي اعرفهم ياخدوه بس انا ضد شغل الحكومات القذر في حبس الشعوب والحد من حرية تحركهم بل ومراقبتهم. صديق مقيم في استراليا وصل #مصر بعد حبس سنتين وشوية تقريبا لان القارة قفلت علي نفسها تماما! سيناريو مريب ماكنتش حاصدقه لو اتعمل فيلم.,Covid Vaccine,Favor,2,Neutral,1,No,0,F_Explicit,,,Target: Covid Vaccine Text: اخدت تطعيم #كورونا وشجعت كل اللي اعرفهم ياخدوه بس انا ضد شغل الحكومات القذر في حبس الشعوب والحد من حرية تحركهم بل ومراقبتهم. صديق مقيم في استراليا وصل #مصر بعد حبس سنتين وشوية تقريبا لان القارة قفلت علي نفسها تماما! سيناريو مريب ماكنتش حاصدقه لو اتعمل فيلم.,,,,,,,,,2,0,0.9980469,0.00013530254,0.0017871857,5,0.9980469,0.014464192218534,Favor,Against
1737,التحول التقني بحيث تصبح الأعمال عبر الأنظمة؛ يجب أن يصل إلى حدّ معين  بحيث لا تتغوّل التقنية  وتتعارض مع خصوصيات الناس وحرياتهم وتضعِف قدراتهم العقلية والاجتماعية واليدوية  وهو أمر لا يهم أهل التقنية  بل علماء الاجتماع وفلسفة التقنية. إنه شأن اجتماعي وأخلاقي وإنساني لا تقني فقط.,Digital Transformation,التحول التقني بحيث تصبح الاعمال عبر الانظمة؛ يجب ان يصل الي حدّ معين بحيث لا تتغوّل التقنية وتتعارض مع خصوصيات الناس وحرياتهم وتضعِف قدراتهم العقلية والاجتماعية واليدوية وهو امر لا يهم اهل التقنية بل علماء الاجتماع وفلسفة التقنية. انه شان اجتماعي واخلاقي وانساني لا تقني فقط.,Digital Transformation,Against,0,Negative,0,No,0,,A_Explicit,,Target: Digital Transformation Text: التحول التقني بحيث تصبح الاعمال عبر الانظمة؛ يجب ان يصل الي حدّ معين بحيث لا تتغوّل التقنية وتتعارض مع خصوصيات الناس وحرياتهم وتضعِف قدراتهم العقلية والاجتماعية واليدوية وهو امر لا يهم اهل التقنية بل علماء الاجتماع وفلسفة التقنية. انه شان اجتماعي واخلاقي وانساني لا تقني فقط.,,,,,,,,,0,1,3.9219856e-05,0.9995117,0.00047945976,5,0.9995117,0.0045505575676441,Against,None
1842,   ولله الحمد اكملنا اكثر من سنه علئ رفع طلب تحديث الصك ولم يتحدث ماشاء الله عليكم وين التحول الالكتروني والمراسل لازال يحمل خطابات البلديه بشكل يدوي,Digital Transformation,ولله الحمد اكملنا اكثر من سنه علئ رفع طلب تحديث الصك ولم يتحدث ماشاء الله عليكم وين التحول الالكتروني والمراسل لازال يحمل خطابات البلديه بشكل يدوي,Digital Transformation,,1,Negative,0,No,0,,,Not clear,Target: Digital Transformation Text: ولله الحمد اكملنا اكثر من سنه علئ رفع طلب تحديث الصك ولم يتحدث ماشاء الله عليكم وين التحول الالكتروني والمراسل لازال يحمل خطابات البلديه بشكل يدوي,,,,,,,,,1,2,0.013122559,0.033111572,0.9536133,5,0.9536133,0.2149994109033626,None,Favor
1865," غالباً لا يتم الالتفات لحاجات مختلف شرائح المجتمع و مدى استعداد المتعاملين بمن فيهم شريحة كبار المواطنين للتحول الرقمي ...   أحياناً يكون التحول الرقمي بمثابة كابوس لبعض شرائح المجتمع .... ""بمنطق هذا هو الموجود و روح دبر عمرك""",Digital Transformation,"غالباً لا يتم الالتفات لحاجات مختلف شرائح المجتمع و مدي استعداد المتعاملين بمن فيهم شريحة كبار المواطنين للتحول الرقمي .. احياناً يكون التحول الرقمي بمثابة كابوس لبعض شرائح المجتمع .. ""بمنطق هذا هو الموجود و روح دبر عمرك""",Digital Transformation,Against,0,Negative,0,No,0,,A_Explicit,,"Target: Digital Transformation Text: غالباً لا يتم الالتفات لحاجات مختلف شرائح المجتمع و مدي استعداد المتعاملين بمن فيهم شريحة كبار المواطنين للتحول الرقمي .. احياناً يكون التحول الرقمي بمثابة كابوس لبعض شرائح المجتمع .. ""بمنطق هذا هو الموجود و روح دبر عمرك""",,,,,,,,,0,1,0.018478394,0.97998047,0.0016860962,5,0.97998047,0.1043341847400345,Against,None
1907, للأسف لي تجارب مشابهة مع الخدمات الاكترونية بدائرة الضريبة وادارة العمل .. والنتيجة ان التحول الالكتروني ظاهري فقط بالية استلام الطلب وكانت النتيجة ان المعاملات لم تنجز الا بعد الحضور شخصيا ..,Digital Transformation,للاسف لي تجارب مشابهة مع الخدمات الاكترونية بدائرة الضريبة وادارة العمل .. والنتيجة ان التحول الالكتروني ظاهري فقط بالية استلام الطلب وكانت النتيجة ان المعاملات لم تنجز الا بعد الحضور شخصيا ..,Digital Transformation,Against,0,Negative,0,No,0,,A_Explicit,,Target: Digital Transformation Text: للاسف لي تجارب مشابهة مع الخدمات الاكترونية بدائرة الضريبة وادارة العمل .. والنتيجة ان التحول الالكتروني ظاهري فقط بالية استلام الطلب وكانت النتيجة ان المعاملات لم تنجز الا بعد الحضور شخصيا ..,,,,,,,,,0,2,0.36499023,0.000600338,0.63427734,5,0.63427734,0.661088178493886,Against,Favor
1922,ياخذون ادوية الدنيا والدين بدون علم الموافقة الدوائيه او المنطمة الغذائيه عادي .. يغزون ابر فيلر وبوتكس مايدرون شنو مكوناتها عادي .. بس ياخذون تطعيم كورونا لاااا ومؤامرة وماعليه دراسات كافية وماوافقت عليه المنظمة الغذائية .. سبحان الله   #التطعيم #التطعيم_واجب_وطني,Covid Vaccine,ياخذون ادوية الدنيا والدين بدون علم الموافقة الدوائيه او المنطمة الغذائيه عادي .. يغزون ابر فيلر وبوتكس مايدرون شنو مكوناتها عادي .. بس ياخذون تطعيم كورونا لاا ومؤامرة وماعليه دراسات كافية وماوافقت عليه المنظمة الغذائية .. سبحان الله #التطعيم #التطعيم واجب وطني,Covid Vaccine,Favor,2,Positive,2,No,0,F_Explicit,,,Target: Covid Vaccine Text: ياخذون ادوية الدنيا والدين بدون علم الموافقة الدوائيه او المنطمة الغذائيه عادي .. يغزون ابر فيلر وبوتكس مايدرون شنو مكوناتها عادي .. بس ياخذون تطعيم كورونا لاا ومؤامرة وماعليه دراسات كافية وماوافقت عليه المنظمة الغذائية .. سبحان الله #التطعيم #التطعيم واجب وطني,,,,,,,,,2,0,1.0,0.0001487732,5.1021576e-05,5,1.0,0.001815410836089,Favor,Against
1944,لنفترض ان السعودية ماحطت القرارات المحفزة لأخذ اللقاح !  طيب اذا ماخذيته مراح تقدر تسافر لأغلب دول العالم او دول الخليج العربي لان الدول هذي تشترط تطعيم كورونا لدخولها يعني انت ماخذه كذا ولا كذا لانه قرار عالمي وليس سعودي فطعم وفكنا من هذرتك 🤐   #لا_للتطعيم_الاجباري #نعم_للتطعيم,Covid Vaccine,لنفترض ان السعودية ماحطت القرارات المحفزة لاخذ اللقاح ! طيب اذا ماخذيته مراح تقدر تسافر لاغلب دول العالم او دول الخليج العربي لان الدول هذي تشترط تطعيم كورونا لدخولها يعني انت ماخذه كذا ولا كذا لانه قرار عالمي وليس سعودي فطعم وفكنا من هذرتك 🤐 #لا للتطعيم الاجباري #نعم للتطعيم,Covid Vaccine,Favor,2,Neutral,1,No,0,F_Explicit,,,Target: Covid Vaccine Text: لنفترض ان السعودية ماحطت القرارات المحفزة لاخذ اللقاح ! طيب اذا ماخذيته مراح تقدر تسافر لاغلب دول العالم او دول الخليج العربي لان الدول هذي تشترط تطعيم كورونا لدخولها يعني انت ماخذه كذا ولا كذا لانه قرار عالمي وليس سعودي فطعم وفكنا من هذرتك 🤐 #لا للتطعيم الاجباري #نعم للتطعيم,,,,,,,,,2,0,0.99658203,7.516146e-05,0.003326416,5,0.99658203,0.0231059091065787,Favor,Against
1956,التطعيم اختياري عادي لك مطلق الحرية  لكن  ماكو سفر ماكو لعب بالنادي ما تدخل مجمع ما تطلب من مطعم ما تروح الجامعة ما تدش السينما ما تحضر مباريات ما تداوم ما تنجز أي معاملة حكومية ما تدخل بيتكم  بس عادي .. لك مطلق الحرية فيما تريد #تطعيم #كورونا #أوكسفورد #فايزر #لقاح #فايروس,Covid Vaccine,التطعيم اختياري عادي لك مطلق الحرية لكن ماكو سفر ماكو لعب بالنادي ما تدخل مجمع ما تطلب من مطعم ما تروح الجامعة ما تدش السينما ما تحضر مباريات ما تداوم ما تنجز اي معاملة حكومية ما تدخل بيتكم بس عادي .. لك مطلق الحرية فيما تريد #تطعيم #كورونا #اوكسفورد #فايزر #لقاح #فايروس,Covid Vaccine,Favor,2,Negative,0,No,0,,,,Target: Covid Vaccine Text: التطعيم اختياري عادي لك مطلق الحرية لكن ماكو سفر ماكو لعب بالنادي ما تدخل مجمع ما تطلب من مطعم ما تروح الجامعة ما تدش السينما ما تحضر مباريات ما تداوم ما تنجز اي معاملة حكومية ما تدخل بيتكم بس عادي .. لك مطلق الحرية فيما تريد #تطعيم #كورونا #اوكسفورد #فايزر #لقاح #فايروس,,,,,,,,,2,1,0.00039291382,0.9995117,2.0384789e-05,5,0.9995117,0.0037895500340265,Favor,None
1961,MENTION MENTION MENTION مشكلة عدم التطعيم هي ان يكون الشخص حاضن للفيروس وقد يتسبب ذالك مع الوقت بضهور سلالات للفيروس لا يمكن صنع لقاح لها في الوقت المناسب اسلم حل في رائي هو فرض تطعيم اجباري. فرض حجر علي من لم يطعم. من يمتنع عن التطعيم ولا يرغب في الحجر يحقن ب فيروس كورونا بدون عناية طبيه علي مسؤوليته,Covid Vaccine,مستخدم مستخدم مستخدم مشكلة عدم التطعيم هي ان يكون الشخص حاضن للفيروس وقد يتسبب ذالك مع الوقت بضهور سلالات للفيروس لا يمكن صنع لقاح لها في الوقت المناسب اسلم حل في رائي هو فرض تطعيم اجباري. فرض حجر علي من لم يطعم. من يمتنع عن التطعيم ولا يرغب في الحجر يحقن ب فيروس كورونا بدون عناية طبيه علي مسؤوليته,Covid Vaccine,Favor,2,Neutral,1,No,0,F_Explicit,,,Target: Covid Vaccine Text: مستخدم مستخدم مستخدم مشكلة عدم التطعيم هي ان يكون الشخص حاضن للفيروس وقد يتسبب ذالك مع الوقت بضهور سلالات للفيروس لا يمكن صنع لقاح لها في الوقت المناسب اسلم حل في رائي هو فرض تطعيم اجباري. فرض حجر علي من لم يطعم. من يمتنع عن التطعيم ولا يرغب في الحجر يحقن ب فيروس كورونا بدون عناية طبيه علي مسؤوليته,,,,,,,,,2,0,0.99902344,6.967783e-05,0.0011501312,5,0.99902344,0.0094269623915956,Favor,Against
1998,MENTION الي اخذ جرعة كورونا حول العالم ٣ مليار شخص  الكويتيين ٣ مليون ومو مقتنعين انه يحتاج تطعيم  هذا الشعب كيف تفهمه او تتفاهم معه,Covid Vaccine,مستخدم الي اخذ جرعة كورونا حول العالم ٣ مليار شخص الكويتيين ٣ مليون ومو مقتنعين انه يحتاج تطعيم هذا الشعب كيف تفهمه او تتفاهم معه,Covid Vaccine,Favor,2,Neutral,1,No,0,F_Implicit,,,Target: Covid Vaccine Text: مستخدم الي اخذ جرعة كورونا حول العالم ٣ مليار شخص الكويتيين ٣ مليون ومو مقتنعين انه يحتاج تطعيم هذا الشعب كيف تفهمه او تتفاهم معه,,,,,,,,,2,1,0.09686279,0.90283203,0.00033712387,5,0.90283203,0.3211039857814195,Favor,None
2012,غدا جلسة اصدار الحكم بقضية السيدة رضى الفران، والتي تواجه تهمة إطالة اللسان على منشور فيس بوك متعلق بصفقة القرن.  #تمكين_المرأة,Women empowerment,غدا جلسة اصدار الحكم بقضية السيدة رضي الفران، والتي تواجه تهمة اطالة اللسان علي منشور فيس بوك متعلق بصفقة القرن. #تمكين المراة,Women empowerment,Favor,2,Neutral,1,No,0,F_Explicit,,,Target: Women empowerment Text: غدا جلسة اصدار الحكم بقضية السيدة رضي الفران، والتي تواجه تهمة اطالة اللسان علي منشور فيس بوك متعلق بصفقة القرن. #تمكين المراة,,,,,,,,,2,1,9.3877316e-05,0.9995117,0.00015330315,5,0.9995117,0.0027052299514821,Favor,None
2079,#جرير اذا لم تواكب التحول في نمط المبيعات من التوسع في الفروع الي التوسع الالكتروني ولم تستوعب دخول #نون و #أمازون_السعودية الي السوق السعودي ستصبح مثل #نوكيا,Digital Transformation,#جرير اذا لم تواكب التحول في نمط المبيعات من التوسع في الفروع الي التوسع الالكتروني ولم تستوعب دخول #نون و #امازون السعودية الي السوق السعودي ستصبح مثل #نوكيا,Digital Transformation,Favor,2,Positive,2,No,0,F_Explicit,,,Target: Digital Transformation Text: #جرير اذا لم تواكب التحول في نمط المبيعات من التوسع في الفروع الي التوسع الالكتروني ولم تستوعب دخول #نون و #امازون السعودية الي السوق السعودي ستصبح مثل #نوكيا,,,,,,,,,2,1,0.15319824,0.8354492,0.011131287,5,0.8354492,0.4876736736532854,Favor,None
2094, التعليم التفليدي هو الافضل دايما اما التعليم الالكتروني هذا بتحصله سعادتك ناجح في اليابان وأمريكا ..والدول الاوربية اما نحن فلدينا مشاكل انا كموظفة تابعه للوزارة اجد صعوبة في اتمام عملى لان البوابة فيها مشاكل تعرقل سير العمل فكيف اذا تم التحول,Digital Transformation,التعليم التفليدي هو الافضل دايما اما التعليم الالكتروني هذا بتحصله سعادتك ناجح في اليابان وامريكا ..والدول الاوربية اما نحن فلدينا مشاكل انا كموظفة تابعه للوزارة اجد صعوبة في اتمام عملي لان البوابة فيها مشاكل تعرقل سير العمل فكيف اذا تم التحول,Digital Transformation,Against,0,Negative,0,No,0,,A_Explicit,,Target: Digital Transformation Text: التعليم التفليدي هو الافضل دايما اما التعليم الالكتروني هذا بتحصله سعادتك ناجح في اليابان وامريكا ..والدول الاوربية اما نحن فلدينا مشاكل انا كموظفة تابعه للوزارة اجد صعوبة في اتمام عملي لان البوابة فيها مشاكل تعرقل سير العمل فكيف اذا تم التحول,,,,,,,,,0,2,0.00020599365,2.8669834e-05,1.0,5,1.0,0.0020482819957919,Against,Favor
2148,في ظل التطور الرقمي الهائل وسهولة الاختراق الإلكتروني  كن حذرا على بياناتك وسجلاتك على  الإنترنت. #التواصل_الاجتماعي #التحول_الرقمي URL,Digital Transformation,في ظل التطور الرقمي الهائل وسهولة الاختراق الالكتروني كن حذرا علي بياناتك وسجلاتك علي الانترنت. #التواصل الاجتماعي #التحول الرقمي,Digital Transformation,,1,Negative,0,No,0,,,Not clear,Target: Digital Transformation Text: في ظل التطور الرقمي الهائل وسهولة الاختراق الالكتروني كن حذرا علي بياناتك وسجلاتك علي الانترنت. #التواصل الاجتماعي #التحول الرقمي,,,,,,,,,1,2,0.0068626404,0.0013132095,0.9916992,5,0.9916992,0.0511671287139545,None,Favor
2204,بيل غيتس يرفض تطعيم اللقاح لأطفاله ضد فايروس كورونا  في حين يريد من الآخرين فعل ذلك! URL,Covid Vaccine,بيل غيتس يرفض تطعيم اللقاح لاطفاله ضد فايروس كورونا في حين يريد من الاخرين فعل ذلك!,Covid Vaccine,Against,0,Neutral,1,No,0,,A_Implicit,,Target: Covid Vaccine Text: بيل غيتس يرفض تطعيم اللقاح لاطفاله ضد فايروس كورونا في حين يريد من الاخرين فعل ذلك!,,,,,,,,,0,1,0.45751953,0.54248047,9.608269e-05,5,0.54248047,0.6904224390868878,Against,None
2210,#كورونا لن ينتهي قبل تطعيم 70% من سكان العالم! #لقاح_كورونا  URL,Covid Vaccine,#كورونا لن ينتهي قبل تطعيم 70% من سكان العالم! #لقاح كورونا,Covid Vaccine,Favor,2,Neutral,1,No,0,F_Explicit,,,Target: Covid Vaccine Text: #كورونا لن ينتهي قبل تطعيم 70% من سكان العالم! #لقاح كورونا,,,,,,,,,2,1,9.953976e-05,1.0,8.529425e-05,5,1.0,0.0017164104921611,Favor,None
2244, اذا انت مطعم وماخذ جرعاتك و ماخذ جرعة التعزيز  و حسب كلام الدكاترة و الخبراء و غيرهم ما عليك خوف من كورونا و متحوراتها . ايش خوفك مني اذا ما خذيت تطعيم . ؟؟؟,Covid Vaccine,اذا انت مطعم وماخذ جرعاتك و ماخذ جرعة التعزيز و حسب كلام الدكاترة و الخبراء و غيرهم ما عليك خوف من كورونا و متحوراتها . ايش خوفك مني اذا ما خذيت تطعيم . ؟؟,Covid Vaccine,,1,Neutral,1,No,0,,,Not clear,Target: Covid Vaccine Text: اذا انت مطعم وماخذ جرعاتك و ماخذ جرعة التعزيز و حسب كلام الدكاترة و الخبراء و غيرهم ما عليك خوف من كورونا و متحوراتها . ايش خوفك مني اذا ما خذيت تطعيم . ؟؟,,,,,,,,,1,2,0.004673004,3.439188e-05,0.9951172,5,0.9951172,0.0302994493398038,None,Favor
2259,ومن هم تجار المخدرات الحقيقيين في هذا العالم   أم أنهم يعلمون وكالعادة يمارسون الدجل عبر الاعلام والذباب الالكتروني   كما سارعب بعض الأنظمة بامتداح جيوشها بزعم أنها منعت بلادها من التحول صوب النموذج الطالباني  (9),Digital Transformation,ومن هم تجار المخدرات الحقيقيين في هذا العالم ام انهم يعلمون وكالعادة يمارسون الدجل عبر الاعلام والذباب الالكتروني كما سارعب بعض الانظمة بامتداح جيوشها بزعم انها منعت بلادها من التحول صوب النموذج الطالباني (9),Digital Transformation,Favor,2,Positive,2,No,0,F_Explicit,,,Target: Digital Transformation Text: ومن هم تجار المخدرات الحقيقيين في هذا العالم ام انهم يعلمون وكالعادة يمارسون الدجل عبر الاعلام والذباب الالكتروني كما سارعب بعض الانظمة بامتداح جيوشها بزعم انها منعت بلادها من التحول صوب النموذج الطالباني (9),,,,,,,,,2,0,0.9746094,0.024612427,0.00054454803,5,0.9746094,0.1203349051168193,Favor,Against
2261,بعد التطعيم للحماية من كورونا  نحتاج تطعيم للحماية من سواقة بعض السيدات الفاضلات  وانا اول متبرع لتجربة التطعيم🌷🌷🌷,Covid Vaccine,بعد التطعيم للحماية من كورونا نحتاج تطعيم للحماية من سواقة بعض السيدات الفاضلات وانا اول متبرع لتجربة التطعيم🌷🌷,Covid Vaccine,,1,Neutral,1,Yes,1,,,Not clear,Target: Covid Vaccine Text: بعد التطعيم للحماية من كورونا نحتاج تطعيم للحماية من سواقة بعض السيدات الفاضلات وانا اول متبرع لتجربة التطعيم🌷🌷,,,,,,,,,1,2,1.847744e-05,0.0011386871,0.99902344,5,0.99902344,0.0088953516646896,None,Favor
2270,   اي رقمي ..!!  لا تركزون على الشكليات وامور قد لا تكون مهمة حاليا بالله عليك ايهم اولى المطالبة با #التحول_الرقمي  في التعليم او في حل مشكلة التكدس بالفصول الفصل الواحد يوجد فيه اكثر من 50 طالب وضم المدارس وحشرهم في م,Digital Transformation,اي رقمي ..!! لا تركزون علي الشكليات وامور قد لا تكون مهمة حاليا بالله عليك ايهم اولي المطالبة با #التحول الرقمي في التعليم او في حل مشكلة التكدس بالفصول الفصل الواحد يوجد فيه اكثر من 50 طالب وضم المدارس وحشرهم في م,Digital Transformation,Against,0,Negative,0,Yes,1,,A_Explicit,,Target: Digital Transformation Text: اي رقمي ..!! لا تركزون علي الشكليات وامور قد لا تكون مهمة حاليا بالله عليك ايهم اولي المطالبة با #التحول الرقمي في التعليم او في حل مشكلة التكدس بالفصول الفصل الواحد يوجد فيه اكثر من 50 طالب وضم المدارس وحشرهم في م,,,,,,,,,0,2,0.00029993057,0.0025520325,0.9970703,5,0.9970703,0.0205962708670527,Against,Favor
2321, تطعيم كورونا راح يحولكم الى زومبي : ,Covid Vaccine,تطعيم كورونا راح يحولكم الي زومبي :,Covid Vaccine,,1,Neutral,1,Yes,1,,,Not clear,Target: Covid Vaccine Text: تطعيم كورونا راح يحولكم الي زومبي :,,,,,,,,,1,0,0.9995117,0.00039887428,5.9187412e-05,5,0.9995117,0.0041862933302743,None,Against
2378,من بعد التحول الالكتروني اللي صار  -نوعا ما-توقعت نتحسن في تطوير المنظومة التعليم #  توقعت نقلل ورقيات ونركز استراتيحيات توقعت نقلل كميات ونركز جودة  توقعت نقلل تلقين ونزيد تجربة الطالب  اللي حصل زادت أحمال المعلمين  وكل يوم قرار يثقل كاهل المعلم. URL,Digital Transformation,من بعد التحول الالكتروني اللي صار -نوعا ما-توقعت نتحسن في تطوير المنظومة التعليم # توقعت نقلل ورقيات ونركز استراتيحيات توقعت نقلل كميات ونركز جودة توقعت نقلل تلقين ونزيد تجربة الطالب اللي حصل زادت احمال المعلمين وكل يوم قرار يثقل كاهل المعلم.,Digital Transformation,Favor,2,Positive,2,No,0,F_Explicit,,,Target: Digital Transformation Text: من بعد التحول الالكتروني اللي صار -نوعا ما-توقعت نتحسن في تطوير المنظومة التعليم # توقعت نقلل ورقيات ونركز استراتيحيات توقعت نقلل كميات ونركز جودة توقعت نقلل تلقين ونزيد تجربة الطالب اللي حصل زادت احمال المعلمين وكل يوم قرار يثقل كاهل المعلم.,,,,,,,,,2,0,1.0,4.720688e-05,0.00018846989,5,1.0,0.0020866519932777,Favor,Against
2406, تساقط الشعر  و تأخر الدورة من بعد تطعيم كورونا الكثيرات يشتكون 😩,Covid Vaccine,تساقط الشعر و تاخر الدورة من بعد تطعيم كورونا الكثيرات يشتكون 😩,Covid Vaccine,Against,0,Negative,0,No,0,,A_Implicit,,Target: Covid Vaccine Text: تساقط الشعر و تاخر الدورة من بعد تطعيم كورونا الكثيرات يشتكون 😩,,,,,,,,,0,1,0.2770996,0.71875,0.0038108826,5,0.71875,0.6142110317706464,Against,None
2475,MENTION MENTION مافيه تطعيم بالعالم يحمي ١٠٠٪ ولا يقوله مسلم  كل شي بأمر الله  لكن كورونا وكل التطعيمات تعطيك حمايه بنسبة كبيرة وتقلل نسبة المخاطر والاصابة هذا كفيل اننا نتجه للتطعيم  وتفعل بالأسباب انا طعمت بالانلفونزا وأصابني لكن خفيفة هنا العبرة هل احارب التطعيم؟ واقول كذب,Covid Vaccine,مستخدم مستخدم مافيه تطعيم بالعالم يحمي ١٠٠٪ ولا يقوله مسلم كل شي بامر الله لكن كورونا وكل التطعيمات تعطيك حمايه بنسبة كبيرة وتقلل نسبة المخاطر والاصابة هذا كفيل اننا نتجه للتطعيم وتفعل بالاسباب انا طعمت بالانلفونزا واصابني لكن خفيفة هنا العبرة هل احارب التطعيم؟ واقول كذب,Covid Vaccine,Favor,2,Neutral,1,No,0,F_Explicit,,,Target: Covid Vaccine Text: مستخدم مستخدم مافيه تطعيم بالعالم يحمي ١٠٠٪ ولا يقوله مسلم كل شي بامر الله لكن كورونا وكل التطعيمات تعطيك حمايه بنسبة كبيرة وتقلل نسبة المخاطر والاصابة هذا كفيل اننا نتجه للتطعيم وتفعل بالاسباب انا طعمت بالانلفونزا واصابني لكن خفيفة هنا العبرة هل احارب التطعيم؟ واقول كذب,,,,,,,,,2,0,0.99902344,0.00020766258,0.0009937286,5,0.99902344,0.0096076634672194,Favor,Against
2483, هذا العام ليس كالاعوام السابقة  فقد انقطع الطلبة عن التعليم المباشر لعام ونصف تقريبا  ونتج عن التحول للتعليم الإلكتروني فاقد أكثر من السابق خاصة طلبة المرحلة الأولى,Digital Transformation,هذا العام ليس كالاعوام السابقة فقد انقطع الطلبة عن التعليم المباشر لعام ونصف تقريبا ونتج عن التحول للتعليم الالكتروني فاقد اكثر من السابق خاصة طلبة المرحلة الاولي,Digital Transformation,Favor,2,Positive,2,No,0,F_Explicit,,,Target: Digital Transformation Text: هذا العام ليس كالاعوام السابقة فقد انقطع الطلبة عن التعليم المباشر لعام ونصف تقريبا ونتج عن التحول للتعليم الالكتروني فاقد اكثر من السابق خاصة طلبة المرحلة الاولي,,,,,,,,,2,1,0.0005092621,0.9995117,0.00011205673,5,0.9995117,0.005369009583962,Favor,None
2502,  وانا كثير من اصدقاءي واقاربي اصابهم مرض كورونا .. الي اخذوا التطعيم الله نجاهم وتجاوزوا المرض خلال اسبوعين .. والي ما اخذ التطعيم 90٪ توفاهم الله .. والله العظيم ان ما اقوله حق .. هذا شي انا شفته ما احد قالي .. الي يبي يغامر ولا ياخذ ت,Covid Vaccine,وانا كثير من اصدقاءي واقاربي اصابهم مرض كورونا .. الي اخذوا التطعيم الله نجاهم وتجاوزوا المرض خلال اسبوعين .. والي ما اخذ التطعيم 90٪ توفاهم الله .. والله العظيم ان ما اقوله حق .. هذا شي انا شفته ما احد قالي .. الي يبي يغامر ولا ياخذ ت,Covid Vaccine,Favor,2,Neutral,1,No,0,F_Explicit,,,Target: Covid Vaccine Text: وانا كثير من اصدقاءي واقاربي اصابهم مرض كورونا .. الي اخذوا التطعيم الله نجاهم وتجاوزوا المرض خلال اسبوعين .. والي ما اخذ التطعيم 90٪ توفاهم الله .. والله العظيم ان ما اقوله حق .. هذا شي انا شفته ما احد قالي .. الي يبي يغامر ولا ياخذ ت,,,,,,,,,2,0,0.9863281,0.0001180172,0.013450623,5,0.9863281,0.0726005394182787,Favor,Against
2507,#جيل_التسعينات الجيل اللي من عام 85 الي عام 2000 هذا جيل مظلوم انا احس ان هذا الجيل يعيش صراع ثقافي في داخل نفسه التحول السريع التقني والحراك الثقافي الاجتماعي سبب تضارب في المفاهيم عند بعض هذا الجيل,Digital Transformation,#جيل التسعينات الجيل اللي من عام 85 الي عام 200 هذا جيل مظلوم انا احس ان هذا الجيل يعيش صراع ثقافي في داخل نفسه التحول السريع التقني والحراك الثقافي الاجتماعي سبب تضارب في المفاهيم عند بعض هذا الجيل,Digital Transformation,,1,Neutral,1,Yes,1,,,Not clear,Target: Digital Transformation Text: #جيل التسعينات الجيل اللي من عام 85 الي عام 200 هذا جيل مظلوم انا احس ان هذا الجيل يعيش صراع ثقافي في داخل نفسه التحول السريع التقني والحراك الثقافي الاجتماعي سبب تضارب في المفاهيم عند بعض هذا الجيل,,,,,,,,,1,2,0.0005531311,0.0035114288,0.99609375,5,0.99609375,0.0278927025905473,None,Favor
2618,  لإنه يتحور ويرجع لك بنسخة جديدة القديمة خلاص تمنع جسمك منها  لقاح انفلونزا يتغير كل سنة لإن الفيروس نفسه يتغير.. عشان كذا لازم تطعيم سنوي,Covid Vaccine,لانه يتحور ويرجع لك بنسخة جديدة القديمة خلاص تمنع جسمك منها لقاح انفلونزا يتغير كل سنة لان الفيروس نفسه يتغير.. عشان كذا لازم تطعيم سنوي,Covid Vaccine,Favor,2,Neutral,1,No,0,,,,Target: Covid Vaccine Text: لانه يتحور ويرجع لك بنسخة جديدة القديمة خلاص تمنع جسمك منها لقاح انفلونزا يتغير كل سنة لان الفيروس نفسه يتغير.. عشان كذا لازم تطعيم سنوي,,,,,,,,,2,0,0.9980469,0.0017757416,0.0001270771,5,0.9980469,0.0143378894763064,Favor,Against
2666,دكتوري أخذ تطعيم كورونا .. وصار له أسبوع تعبان ومريض ما عطانا ولا محاضره .. كل يوم الصبح يدز لنا انه تعبان وحرارته مرتفعه وضغط الدم عنده نازل .. أنا حيييل متضايقه عليه .. يارب انك تشافيه وتعافيه يارب🙏🏻♥️,Covid Vaccine,دكتوري اخذ تطعيم كورونا .. وصار له اسبوع تعبان ومريض ما عطانا ولا محاضره .. كل يوم الصبح يدز لنا انه تعبان وحرارته مرتفعه وضغط الدم عنده نازل .. انا حييل متضايقه عليه .. يارب انك تشافيه وتعافيه يارب🙏🏻♥️,Covid Vaccine,Against,0,Neutral,1,No,0,,A_Implicit,,Target: Covid Vaccine Text: دكتوري اخذ تطعيم كورونا .. وصار له اسبوع تعبان ومريض ما عطانا ولا محاضره .. كل يوم الصبح يدز لنا انه تعبان وحرارته مرتفعه وضغط الدم عنده نازل .. انا حييل متضايقه عليه .. يارب انك تشافيه وتعافيه يارب🙏🏻♥️,,,,,,,,,0,2,0.00011044741,0.09460449,0.90527344,5,0.90527344,0.3141796500623212,Against,Favor
2803,والحل مع السلات المتروكه مع كل نشر بحساباتي يدخلوا الموقع ويطلبوا لين يوصلوا عن الدفع يكنسلوا ويرجعوا يطلبوا دفع عن الاستلام 😒 مع كل هذا التحول التقني للان في ناس عالقه بالدفع عند الاستلام يهوووه URL,Digital Transformation,والحل مع السلات المتروكه مع كل نشر بحساباتي يدخلوا الموقع ويطلبوا لين يوصلوا عن الدفع يكنسلوا ويرجعوا يطلبوا دفع عن الاستلام 😒 مع كل هذا التحول التقني للان في ناس عالقه بالدفع عند الاستلام يهووه,Digital Transformation,Against,0,Negative,0,No,0,,A_Explicit,,Target: Digital Transformation Text: والحل مع السلات المتروكه مع كل نشر بحساباتي يدخلوا الموقع ويطلبوا لين يوصلوا عن الدفع يكنسلوا ويرجعوا يطلبوا دفع عن الاستلام 😒 مع كل هذا التحول التقني للان في ناس عالقه بالدفع عند الاستلام يهووه,,,,,,,,,0,1,0.0034999847,0.9951172,0.0012025833,5,0.9951172,0.0327485697454089,Against,None
2836,بما ان بعض المعاملات ما زالت لا تتم الا بتوقيع شيخ المنطقة الذي في اغلب الاحيان لا يعرف عن اهل المنطقة شي في الوقت الحاضر.. يبقى شعار التحول الالكتروني تسويقي لا اكثر في معظم المؤسسات الخدمية.. هذا احد الامثلة فقط URL,Digital Transformation,بما ان بعض المعاملات ما زالت لا تتم الا بتوقيع شيخ المنطقة الذي في اغلب الاحيان لا يعرف عن اهل المنطقة شي في الوقت الحاضر.. يبقي شعار التحول الالكتروني تسويقي لا اكثر في معظم المؤسسات الخدمية.. هذا احد الامثلة فقط,Digital Transformation,,1,Negative,0,No,0,,,Not clear,Target: Digital Transformation Text: بما ان بعض المعاملات ما زالت لا تتم الا بتوقيع شيخ المنطقة الذي في اغلب الاحيان لا يعرف عن اهل المنطقة شي في الوقت الحاضر.. يبقي شعار التحول الالكتروني تسويقي لا اكثر في معظم المؤسسات الخدمية.. هذا احد الامثلة فقط,,,,,,,,,1,2,0.0009083748,0.0050621033,0.9941406,5,0.9941406,0.0389624665293144,None,Favor
2895, ولكن تطعيمات كورونا لا علاقه لها بتاريخ التطعيم... لأنها اختراع جديد لا يشبه اي تطعيم سابق و لك حريه البحث في مصداقيه هذا الكلام  ايضا علشان نحفظ الارواح,Covid Vaccine,ولكن تطعيمات كورونا لا علاقه لها بتاريخ التطعيم.. لانها اختراع جديد لا يشبه اي تطعيم سابق و لك حريه البحث في مصداقيه هذا الكلام ايضا علشان نحفظ الارواح,Covid Vaccine,Against,0,Negative,0,No,0,,A_Implicit,,Target: Covid Vaccine Text: ولكن تطعيمات كورونا لا علاقه لها بتاريخ التطعيم.. لانها اختراع جديد لا يشبه اي تطعيم سابق و لك حريه البحث في مصداقيه هذا الكلام ايضا علشان نحفظ الارواح,,,,,,,,,0,2,0.00030517578,0.45751953,0.5419922,5,0.5419922,0.6921933507223956,Against,Favor
2908,لي 17 سنه بقول لكم... يجب التحول إلى النظام الإلكتروني... وانتو رافضين... وكمان بتحاربوا فيا... يا متخلفين... جاء وقت الحساب.,Digital Transformation,لي 17 سنه بقول لكم.. يجب التحول الي النظام الالكتروني.. وانتو رافضين.. وكمان بتحاربوا فيا.. يا متخلفين.. جاء وقت الحساب.,Digital Transformation,Favor,2,Neutral,1,No,0,F_Implicit,,,Target: Digital Transformation Text: لي 17 سنه بقول لكم.. يجب التحول الي النظام الالكتروني.. وانتو رافضين.. وكمان بتحاربوا فيا.. يا متخلفين.. جاء وقت الحساب.,,,,,,,,,2,0,0.99072266,4.428625e-05,0.009117126,5,0.99072266,0.0525067512623908,Favor,Against
2931, نفس لبنان .. ما عندهم ادوية ماكو كهربا اسعار المواد الاولية نار .. بس تطعيم كورونا موجود و ابلاش 🤷‍♀️,Covid Vaccine,نفس لبنان .. ما عندهم ادوية ماكو كهربا اسعار المواد الاولية نار .. بس تطعيم كورونا موجود و ابلاش 🤷‍♀️,Covid Vaccine,Against,0,Neutral,1,No,0,,A_Implicit,,Target: Covid Vaccine Text: نفس لبنان .. ما عندهم ادوية ماكو كهربا اسعار المواد الاولية نار .. بس تطعيم كورونا موجود و ابلاش 🤷‍♀️,,,,,,,,,0,2,0.001414299,0.21875,0.77978516,5,0.77978516,0.5357025621138897,Against,Favor
2935,التحول الرقمي ده طلع سهل و سريع ... هات الحاجة اللي تحب تحولها رقمي و حط بجانب اسمها #Tech تبقي حولتها رقمي 😉  #معروفة #PharmaTech #Fintech #PropTech #Fashiontech   ولسه …,Digital Transformation,التحول الرقمي ده طلع سهل و سريع .. هات الحاجة اللي تحب تحولها رقمي و حط بجانب اسمها #Tech تبقي حولتها رقمي 😉 #معروفة #PharmaTech #Fintech #PropTech #Fashiontech ولسه …,Digital Transformation,Favor,2,Positive,2,No,0,F_Explicit,,,Target: Digital Transformation Text: التحول الرقمي ده طلع سهل و سريع .. هات الحاجة اللي تحب تحولها رقمي و حط بجانب اسمها #Tech تبقي حولتها رقمي 😉 #معروفة #PharmaTech #Fintech #PropTech #Fashiontech ولسه …,,,,,,,,,2,1,0.00039839745,0.99658203,0.0031814575,5,0.99658203,0.0248255050323432,Favor,None
2942, وحده امس اقولها بحجز لموعد تطعيم قالت ترى بعد سنتين بتتحولون زومبي او تموتون بعد شهرين لان كورونا جابوها في الافلام بعد وصارت 😂😂,Covid Vaccine,وحده امس اقولها بحجز لموعد تطعيم قالت تري بعد سنتين بتتحولون زومبي او تموتون بعد شهرين لان كورونا جابوها في الافلام بعد وصارت 😂😂,Covid Vaccine,,1,Positive,2,Yes,1,,,Not clear,Target: Covid Vaccine Text: وحده امس اقولها بحجز لموعد تطعيم قالت تري بعد سنتين بتتحولون زومبي او تموتون بعد شهرين لان كورونا جابوها في الافلام بعد وصارت 😂😂,,,,,,,,,1,0,0.99853516,0.00017178059,0.0010890961,5,0.99853516,0.0103832398475045,None,Against
2989,اللي ماقدرت تسويه الحكومة في ١٣ سنه سوته #كورونا في اسبوعين 😅 #التحول_الرقمي #العمل_عن_بعد #التعليم_الإلكتروني  #اللجنة_العليا  #خليك_في_البيت   #كوفيد19,Digital Transformation,اللي ماقدرت تسويه الحكومة في ١٣ سنه سوته #كورونا في اسبوعين 😅 #التحول الرقمي #العمل عن بعد #التعليم الالكتروني #اللجنة العليا #خليك في البيت #كوفيد19,Digital Transformation,Favor,2,Positive,2,No,0,F_Explicit,,,Target: Digital Transformation Text: اللي ماقدرت تسويه الحكومة في ١٣ سنه سوته #كورونا في اسبوعين 😅 #التحول الرقمي #العمل عن بعد #التعليم الالكتروني #اللجنة العليا #خليك في البيت #كوفيد19,,,,,,,,,2,1,0.0016431808,0.5263672,0.47192383,5,0.5263672,0.7027194391365954,Favor,None
2994,من المفارقات العجيبة والإنجازات الصادمة في عملية التحول الإلكتروني  لبلدية مسقط    * كان الترخيص البلدي للسيارات (للمعدات الثقيلة) يخلص في غضون 10 دقائق * بعد التحول الإلكتروني صار يخلص بعد 24 ساعة * في ظل الجائحة وتقليص عدد الموظفين صار بعد 7 أيام  😂 😂 😂 😂,Digital Transformation,من المفارقات العجيبة والانجازات الصادمة في عملية التحول الالكتروني لبلدية مسقط * كان الترخيص البلدي للسيارات (للمعدات الثقيلة) يخلص في غضون 10 دقائق * بعد التحول الالكتروني صار يخلص بعد 24 ساعة * في ظل الجائحة وتقليص عدد الموظفين صار بعد 7 ايام 😂 😂 😂 😂,Digital Transformation,Against,0,Negative,0,No,0,,A_Explicit,,Target: Digital Transformation Text: من المفارقات العجيبة والانجازات الصادمة في عملية التحول الالكتروني لبلدية مسقط * كان الترخيص البلدي للسيارات (للمعدات الثقيلة) يخلص في غضون 10 دقائق * بعد التحول الالكتروني صار يخلص بعد 24 ساعة * في ظل الجائحة وتقليص عدد الموظفين صار بعد 7 ايام 😂 😂 😂 😂,,,,,,,,,0,1,0.0014457703,0.9980469,0.00026583672,5,0.9980469,0.013593781743608,Against,None
3002, هل توجد ايه طريقه للتواصل مع عنصر بشري في الخدمات؟ معظم اجهزه اصدار بطاقه مدى لا تعمل.. التحويل من خلال التطبيق لا يعمل.. التواصل مع عنصر بشري شبه مستحيل! التحول التقني لا يعني ان نعاني من عدم وجود خدمات,Digital Transformation,هل توجد ايه طريقه للتواصل مع عنصر بشري في الخدمات؟ معظم اجهزه اصدار بطاقه مدي لا تعمل.. التحويل من خلال التطبيق لا يعمل.. التواصل مع عنصر بشري شبه مستحيل! التحول التقني لا يعني ان نعاني من عدم وجود خدمات,Digital Transformation,Against,0,Neutral,1,No,0,,A_Explicit,,Target: Digital Transformation Text: هل توجد ايه طريقه للتواصل مع عنصر بشري في الخدمات؟ معظم اجهزه اصدار بطاقه مدي لا تعمل.. التحويل من خلال التطبيق لا يعمل.. التواصل مع عنصر بشري شبه مستحيل! التحول التقني لا يعني ان نعاني من عدم وجود خدمات,,,,,,,,,0,1,0.0002772808,0.62890625,0.37109375,5,0.62890625,0.6618062906224775,Against,None
3005,  جم مره يوضحون الدكاتره وحفظناه صم 😁 هذا لقاح لفايروس خامل حاله حال أي تطعيم اخذناه .. وبمجرد يدخل بالجسم بعدها ينتهي ويختفي ويعطي مناعه للجسم مع الوقت .. مافي شي اسمه على المدى البعيد 😬لكن التجارب هدفها  لاختبار فاعليته لجمي,Covid Vaccine,جم مره يوضحون الدكاتره وحفظناه صم 😁 هذا لقاح لفايروس خامل حاله حال اي تطعيم اخذناه .. وبمجرد يدخل بالجسم بعدها ينتهي ويختفي ويعطي مناعه للجسم مع الوقت .. مافي شي اسمه علي المدي البعيد 😬لكن التجارب هدفها لاختبار فاعليته لجمي,Covid Vaccine,Favor,2,Neutral,1,No,0,F_Explicit,,,Target: Covid Vaccine Text: جم مره يوضحون الدكاتره وحفظناه صم 😁 هذا لقاح لفايروس خامل حاله حال اي تطعيم اخذناه .. وبمجرد يدخل بالجسم بعدها ينتهي ويختفي ويعطي مناعه للجسم مع الوقت .. مافي شي اسمه علي المدي البعيد 😬لكن التجارب هدفها لاختبار فاعليته لجمي,,,,,,,,,2,0,0.9995117,6.479025e-05,0.00018525124,5,0.9995117,0.0027050526202095,Favor,Against
3085,فيديو: الجلسة الثانية من مؤتمر تمكين المرأة: إعادة النظر في المادة 153 من قانون الجزاء  ,Women empowerment,فيديو: الجلسة الثانية من مؤتمر تمكين المراة: اعادة النظر في المادة 153 من قانون الجزاء,Women empowerment,,1,Neutral,1,No,0,,,Not clear,Target: Women empowerment Text: فيديو: الجلسة الثانية من مؤتمر تمكين المراة: اعادة النظر في المادة 153 من قانون الجزاء,,,,,,,,,1,2,0.00029492378,0.49780273,0.5019531,5,0.5019531,0.6956108346218148,None,Favor
3105,مع كل احترامي وتقديري لشخصك الخلوق اسمح لي يا بروفيسور ارد على ما قلته في إذاعة الكويت اليوم الساعة 8.10 ك عضو في لجنة تطعيم كورونا وقلت ان اللقاحات ليس لها اي مضاعفات وكل مايقال اشاعات كما فهمت اقول لو اقسمت أمامي على القرآن ان اللقاحات ليس لها اي مضاعفات فساسجل للتطعيم,Covid Vaccine,مع كل احترامي وتقديري لشخصك الخلوق اسمح لي يا بروفيسور ارد علي ما قلته في اذاعة الكويت اليوم الساعة 8.10 ك عضو في لجنة تطعيم كورونا وقلت ان اللقاحات ليس لها اي مضاعفات وكل مايقال اشاعات كما فهمت اقول لو اقسمت امامي علي القران ان اللقاحات ليس لها اي مضاعفات فساسجل للتطعيم,Covid Vaccine,Against,0,Negative,0,No,0,,A_Implicit,,Target: Covid Vaccine Text: مع كل احترامي وتقديري لشخصك الخلوق اسمح لي يا بروفيسور ارد علي ما قلته في اذاعة الكويت اليوم الساعة 8.10 ك عضو في لجنة تطعيم كورونا وقلت ان اللقاحات ليس لها اي مضاعفات وكل مايقال اشاعات كما فهمت اقول لو اقسمت امامي علي القران ان اللقاحات ليس لها اي مضاعفات فساسجل للتطعيم,,,,,,,,,0,2,0.012016296,0.0013370514,0.9868164,5,0.9868164,0.0750739180386527,Against,Favor
3163,تمكين المرأة ( حسب فهمي ) يعني إتاحة الفرصة لها للمنافسة بطريقة عادلة   ولا يعني بالضرورة تمهيد ورصف الطريق لها للوصول الى أهدافها…  فهمتي يا سندريلا,Women empowerment,تمكين المراة ( حسب فهمي ) يعني اتاحة الفرصة لها للمنافسة بطريقة عادلة ولا يعني بالضرورة تمهيد ورصف الطريق لها للوصول الي اهدافها… فهمتي يا سندريلا,Women empowerment,Favor,2,Positive,2,No,0,F_Explicit,,,Target: Women empowerment Text: تمكين المراة ( حسب فهمي ) يعني اتاحة الفرصة لها للمنافسة بطريقة عادلة ولا يعني بالضرورة تمهيد ورصف الطريق لها للوصول الي اهدافها… فهمتي يا سندريلا,,,,,,,,,2,1,0.14331055,0.43481445,0.421875,5,0.43481445,1.004642030468252,Favor,None
3165,بعض الدول تمكين المراه عندهم بركوب الابل ولبس براقع في مهرجان الابل,Women empowerment,بعض الدول تمكين المراه عندهم بركوب الابل ولبس براقع في مهرجان الابل,Women empowerment,Favor,2,Negative,0,No,0,F_Explicit,,,Target: Women empowerment Text: بعض الدول تمكين المراه عندهم بركوب الابل ولبس براقع في مهرجان الابل,,,,,,,,,2,0,0.99609375,0.00015056133,0.003774643,5,0.99609375,0.0262841518870105,Favor,Against
3185,لازالت المرأه محاربه في زمان تمكين المراه واشد ماحربوها فيه اولادها #ابناء_المواطنات_السعوديات,Women empowerment,لازالت المراه محاربه في زمان تمكين المراه واشد ماحربوها فيه اولادها #ابناء المواطنات السعوديات,Women empowerment,Favor,2,Neutral,1,No,0,F_Explicit,,,Target: Women empowerment Text: لازالت المراه محاربه في زمان تمكين المراه واشد ماحربوها فيه اولادها #ابناء المواطنات السعوديات,,,,,,,,,2,0,0.9995117,0.00014257431,0.0002090931,5,0.9995117,0.0035223581311456,Favor,Against
3186,وعندما تسلط العنصري قتلني لان ذنبي أنني أمرأه في زمن #تمكين_المرأة وقتل اولادي #ابناء_المواطنات_السعوديات بالتهجير والطرد وهم مواليد المملكه ولديهم شهادات جامعيه وانهم سعوديه متى ستنتهي عاصفة العنصريه ومتى سينتهي زمن فسادهم #رمضان_مبارك,Women empowerment,وعندما تسلط العنصري قتلني لان ذنبي انني امراه في زمن #تمكين المراة وقتل اولادي #ابناء المواطنات السعوديات بالتهجير والطرد وهم مواليد المملكه ولديهم شهادات جامعيه وانهم سعوديه متي ستنتهي عاصفة العنصريه ومتي سينتهي زمن فسادهم #رمضان مبارك,Women empowerment,Favor,2,Negative,0,No,0,F_Explicit,,,Target: Women empowerment Text: وعندما تسلط العنصري قتلني لان ذنبي انني امراه في زمن #تمكين المراة وقتل اولادي #ابناء المواطنات السعوديات بالتهجير والطرد وهم مواليد المملكه ولديهم شهادات جامعيه وانهم سعوديه متي ستنتهي عاصفة العنصريه ومتي سينتهي زمن فسادهم #رمضان مبارك,,,,,,,,,2,0,0.99902344,0.00058603287,0.0001655817,5,0.99902344,0.0067789804198561,Favor,Against
3267,خطوة تاريخية في مصر.. إطلاق استراتيجية النيابة العامة للتحول الرقمي   URL   #النائب_العام  #النيابة_العامة  #مصر  #التحول_الرقمي  #نون_أون_لاين #نون,Digital Transformation,خطوة تاريخية في مصر.. اطلاق استراتيجية النيابة العامة للتحول الرقمي #النائب العام #النيابة العامة #مصر #التحول الرقمي #نون اون لاين #نون,Digital Transformation,Favor,2,Positive,2,No,0,F_Explicit,,,Target: Digital Transformation Text: خطوة تاريخية في مصر.. اطلاق استراتيجية النيابة العامة للتحول الرقمي #النائب العام #النيابة العامة #مصر #التحول الرقمي #نون اون لاين #نون,,,,,,,,,2,1,6.645918e-05,0.54296875,0.45703125,5,0.54296875,0.6900892606696669,Favor,None
3306,  التحول الالكتروني لن يفيد إذا كانت عقول [ بعض] الموظفين متحجرة...!  نحتاج تحول للعقول أولاً.  #التحول_الالكتروني #التحول_المؤسسي #الحكومة_الإلكترونية,Digital Transformation,التحول الالكتروني لن يفيد اذا كانت عقول [ بعض] الموظفين متحجرة..! نحتاج تحول للعقول اولاً. #التحول الالكتروني #التحول المؤسسي #الحكومة الالكترونية,Digital Transformation,Against,0,Negative,0,No,0,,A_Explicit,,Target: Digital Transformation Text: التحول الالكتروني لن يفيد اذا كانت عقول [ بعض] الموظفين متحجرة..! نحتاج تحول للعقول اولاً. #التحول الالكتروني #التحول المؤسسي #الحكومة الالكترونية,,,,,,,,,0,2,3.3080578e-05,0.0006275177,0.9995117,5,0.9995117,0.0054566102033479,Against,Favor
3339,  في عز الصحوه كانت نسبة الطلاق كانت الاكثر ولا له دخل تمكين المرأة في نسبة الطلاق وبعدين ما هو الافضل لبنتي وبنتك ان تكون محتاجة لرجل وكما تعلم المحتاج مستعبد وراح تكون تحت رحمته والا تكون معتمده على نفسها وماهي في حاجة احد؟,Women empowerment,في عز الصحوه كانت نسبة الطلاق كانت الاكثر ولا له دخل تمكين المراة في نسبة الطلاق وبعدين ما هو الافضل لبنتي وبنتك ان تكون محتاجة لرجل وكما تعلم المحتاج مستعبد وراح تكون تحت رحمته والا تكون معتمده علي نفسها وماهي في حاجة احد؟,Women empowerment,Favor,2,Negative,0,No,0,F_Explicit,,,Target: Women empowerment Text: في عز الصحوه كانت نسبة الطلاق كانت الاكثر ولا له دخل تمكين المراة في نسبة الطلاق وبعدين ما هو الافضل لبنتي وبنتك ان تكون محتاجة لرجل وكما تعلم المحتاج مستعبد وراح تكون تحت رحمته والا تكون معتمده علي نفسها وماهي في حاجة احد؟,,,,,,,,,2,0,0.99902344,4.416704e-05,0.0007457733,5,0.99902344,0.0067893492289118,Favor,Against
3346,زين بعيداً عن الحظر... تطعيم كورونا مو يمكن داخله شريحه الكترونيه يبون يغرسونها فينا عشان بعدين يتحكمون فينا عن بعد ونصير مثل الروبوتات 🤖,Covid Vaccine,زين بعيداً عن الحظر.. تطعيم كورونا مو يمكن داخله شريحه الكترونيه يبون يغرسونها فينا عشان بعدين يتحكمون فينا عن بعد ونصير مثل الروبوتات 🤖,Covid Vaccine,,1,Negative,0,No,0,,,Not clear,Target: Covid Vaccine Text: زين بعيداً عن الحظر.. تطعيم كورونا مو يمكن داخله شريحه الكترونيه يبون يغرسونها فينا عشان بعدين يتحكمون فينا عن بعد ونصير مثل الروبوتات 🤖,,,,,,,,,1,0,0.99560547,0.0043754578,0.00019407272,5,0.99560547,0.0298100204892609,None,Against
3463,التحول الالكتروني والتكنولوجيا 📈📈👌,Digital Transformation,التحول الالكتروني والتكنولوجيا 📈📈👌,Digital Transformation,,1,Neutral,1,No,0,,,Not clear,Target: Digital Transformation Text: التحول الالكتروني والتكنولوجيا 📈📈👌,,,,,,,,,1,2,0.00011909008,0.00059747696,0.9995117,5,0.9995117,0.0059991835965852,None,Favor
3498,MENTION يادكتور  المانيا من الدول الغنيه ولم يتم تطعيم سوى٦٠٪من الشعب بسبب شكوك المواطن الالمانى في اللقاح واضرار اللقاح والجرعتين مئات العلماء حول العالم من جنسيات مختلفه لهم فيدوهات منتشره بيشككون بجدوى اللقاح  علماء متخصيين يشككون في فاعليه #لقاحات_كورونا فما بالك بالعوام ماذا يقولون؟,Covid Vaccine,مستخدم يادكتور المانيا من الدول الغنيه ولم يتم تطعيم سوي٦٠٪من الشعب بسبب شكوك المواطن الالماني في اللقاح واضرار اللقاح والجرعتين مئات العلماء حول العالم من جنسيات مختلفه لهم فيدوهات منتشره بيشككون بجدوي اللقاح علماء متخصيين يشككون في فاعليه #لقاحات كورونا فما بالك بالعوام ماذا يقولون؟,Covid Vaccine,,1,Neutral,1,No,0,,,Not clear,Target: Covid Vaccine Text: مستخدم يادكتور المانيا من الدول الغنيه ولم يتم تطعيم سوي٦٠٪من الشعب بسبب شكوك المواطن الالماني في اللقاح واضرار اللقاح والجرعتين مئات العلماء حول العالم من جنسيات مختلفه لهم فيدوهات منتشره بيشككون بجدوي اللقاح علماء متخصيين يشككون في فاعليه #لقاحات كورونا فما بالك بالعوام ماذا يقولون؟,,,,,,,,,1,0,0.99560547,0.004299164,0.00012046099,5,0.99560547,0.0288995056237989,None,Against
3573,أخيراً موعد تطعيم كورونا 💙😍 ,Covid Vaccine,اخيراً موعد تطعيم كورونا 💙😍,Covid Vaccine,Favor,2,Positive,2,No,0,F_Explicit,,,Target: Covid Vaccine Text: اخيراً موعد تطعيم كورونا 💙😍,,,,,,,,,2,1,3.8027763e-05,0.99853516,0.0012130737,5,0.99853516,0.009996084627712,Favor,None
3613,هيئة البيئة تعقد اجتماعا للجنة إدارة وتنفيذ التحول الإلكتروني الحكومي URL,Digital Transformation,هيئة البيئة تعقد اجتماعا للجنة ادارة وتنفيذ التحول الالكتروني الحكومي,Digital Transformation,Favor,2,Positive,2,No,0,F_Explicit,,,Target: Digital Transformation Text: هيئة البيئة تعقد اجتماعا للجنة ادارة وتنفيذ التحول الالكتروني الحكومي,,,,,,,,,2,1,6.747246e-05,0.9995117,0.00029587746,5,0.9995117,0.0035403437514584,Favor,None
3631," ماهو شرط يعرف الأسئلة بالضبط.. بس محاور النقاش اكيد بتكون عنده.. ""الرؤية المشاريع تمكين المرأة الضرائب الاقتصاد العلاقات الخارجية ""هذي كلنا متوقعينها..  مقصدي لاتتوقعي سؤال شاطح وأسلوب المديفر المعتاد 😂",Women empowerment,"ماهو شرط يعرف الاسئلة بالضبط.. بس محاور النقاش اكيد بتكون عنده.. ""الرؤية المشاريع تمكين المراة الضرائب الاقتصاد العلاقات الخارجية ""هذي كلنا متوقعينها.. مقصدي لاتتوقعي سؤال شاطح واسلوب المديفر المعتاد 😂",Women empowerment,Favor,2,Neutral,1,No,0,F_Explicit,,,"Target: Women empowerment Text: ماهو شرط يعرف الاسئلة بالضبط.. بس محاور النقاش اكيد بتكون عنده.. ""الرؤية المشاريع تمكين المراة الضرائب الاقتصاد العلاقات الخارجية ""هذي كلنا متوقعينها.. مقصدي لاتتوقعي سؤال شاطح واسلوب المديفر المعتاد 😂",,,,,,,,,2,1,0.00015199184,0.9995117,0.00014066696,5,0.9995117,0.0030720364527266,Favor,None
3668,اوك في عالم مثالي الكفاءة مقدمة على كل شي لكن هذا معناه ان مافيه دعم تمكين المرأة رغم وجود رجال اكفأ زي ما هو صاير الحين عندنا ومافيه اجبار عالتنوع العرقي زي مايصير برا وغالباً لو اعتمدنا عالكفاءة=راح يستفرد كل جنس+عرقية معينة بنوع وظايف محدد يعني مافي شي اسمه وظفو مهندسات غصب,Women empowerment,اوك في عالم مثالي الكفاءة مقدمة علي كل شي لكن هذا معناه ان مافيه دعم تمكين المراة رغم وجود رجال اكفا زي ما هو صاير الحين عندنا ومافيه اجبار عالتنوع العرقي زي مايصير برا وغالباً لو اعتمدنا عالكفاءة=راح يستفرد كل جنس+عرقية معينة بنوع وظايف محدد يعني مافي شي اسمه وظفو مهندسات غصب,Women empowerment,,1,Negative,0,No,0,,,Not clear,Target: Women empowerment Text: اوك في عالم مثالي الكفاءة مقدمة علي كل شي لكن هذا معناه ان مافيه دعم تمكين المراة رغم وجود رجال اكفا زي ما هو صاير الحين عندنا ومافيه اجبار عالتنوع العرقي زي مايصير برا وغالباً لو اعتمدنا عالكفاءة=راح يستفرد كل جنس+عرقية معينة بنوع وظايف محدد يعني مافي شي اسمه وظفو مهندسات غصب,,,,,,,,,1,0,0.99902344,0.00011789799,0.00072717667,5,0.99902344,0.0072973784259593,None,Against
3713, ولو مؤامره ليش جالسين يتنافسو ف تطعيم شعوبهم،،يعطو لقاح للدول الفقيره عشان يقل السكان😄,Covid Vaccine,ولو مؤامره ليش جالسين يتنافسو ف تطعيم شعوبهم،،يعطو لقاح للدول الفقيره عشان يقل السكان😄,Covid Vaccine,Favor,2,Neutral,1,Yes,1,F_Implicit,,,Target: Covid Vaccine Text: ولو مؤامره ليش جالسين يتنافسو ف تطعيم شعوبهم،،يعطو لقاح للدول الفقيره عشان يقل السكان😄,,,,,,,,,2,0,0.9995117,0.0004878044,0.0001333952,5,0.9995117,0.0053981579733777,Favor,Against
3734,أتخيل بعد سنة وبعد أن يتم تطعيم 💉 ٩٠٪ من سكان العالم بلقاحات كورونا 🦠 تظهر أعراض مميتة 😳😳ويبقى ١٠٪ من البشر معظمهم بالدول الفقيرة بسبب عدم قدرتهم على دفع 💵 😁وتعود البشرية للعصر الحجري بدون انترنت وهمبورغر 🍔 وبيبسي كولا 🤓,Covid Vaccine,اتخيل بعد سنة وبعد ان يتم تطعيم 💉 ٩٠٪ من سكان العالم بلقاحات كورونا 🦠 تظهر اعراض مميتة 😳😳ويبقي ١٠٪ من البشر معظمهم بالدول الفقيرة بسبب عدم قدرتهم علي دفع 💵 😁وتعود البشرية للعصر الحجري بدون انترنت وهمبورغر 🍔 وبيبسي كولا 🤓,Covid Vaccine,,1,Neutral,1,Yes,1,,,Not clear,Target: Covid Vaccine Text: اتخيل بعد سنة وبعد ان يتم تطعيم 💉 ٩٠٪ من سكان العالم بلقاحات كورونا 🦠 تظهر اعراض مميتة 😳😳ويبقي ١٠٪ من البشر معظمهم بالدول الفقيرة بسبب عدم قدرتهم علي دفع 💵 😁وتعود البشرية للعصر الحجري بدون انترنت وهمبورغر 🍔 وبيبسي كولا 🤓,,,,,,,,,1,0,0.9970703,0.0030384064,0.00011694431,5,0.9970703,0.0215960821509325,None,Against
3759,اعتقد السبب الأبرز لغياب المرأة عن لعب دور فعال في المجتمع هو تحكم رجال عائلتها فيها بمعنى، أنها قد تُمنع أن تُكمل تعليمها الأكاديمي خوفًا عليها من اختلاطها مع الرجال الغرباء أو خوفًا عليها من التحرش أو أن تصاب بأذى وما إلى ذلك #يوم_المراه_العالمي #تمكين_المرأة #اسألي_المتحدثة,Women empowerment,اعتقد السبب الابرز لغياب المراة عن لعب دور فعال في المجتمع هو تحكم رجال عائلتها فيها بمعني، انها قد تُمنع ان تُكمل تعليمها الاكاديمي خوفًا عليها من اختلاطها مع الرجال الغرباء او خوفًا عليها من التحرش او ان تصاب باذي وما الي ذلك #يوم المراه العالمي #تمكين المراة #اسالي المتحدثة,Women empowerment,Favor,2,Neutral,1,No,0,F_Implicit,,,Target: Women empowerment Text: اعتقد السبب الابرز لغياب المراة عن لعب دور فعال في المجتمع هو تحكم رجال عائلتها فيها بمعني، انها قد تُمنع ان تُكمل تعليمها الاكاديمي خوفًا عليها من اختلاطها مع الرجال الغرباء او خوفًا عليها من التحرش او ان تصاب باذي وما الي ذلك #يوم المراه العالمي #تمكين المراة #اسالي المتحدثة,,,,,,,,,2,1,0.00844574,0.9394531,0.052124023,5,0.9394531,0.2529776356132188,Favor,None
3775,    لاشك أن دولة الإمارات نموذج إداري ناجح وملهم على مستوى المنطقة  لكن كثر الحديث في بلداننا الفترة الأخيرة عن تمكين المرأة وأتمنى أن يكون التمكين للأجدر وليس للمرأة لمجرد إنها مرأة,Women empowerment,لاشك ان دولة الامارات نموذج اداري ناجح وملهم علي مستوي المنطقة لكن كثر الحديث في بلداننا الفترة الاخيرة عن تمكين المراة واتمني ان يكون التمكين للاجدر وليس للمراة لمجرد انها مراة,Women empowerment,,1,Positive,2,No,0,,,Not clear,Target: Women empowerment Text: لاشك ان دولة الامارات نموذج اداري ناجح وملهم علي مستوي المنطقة لكن كثر الحديث في بلداننا الفترة الاخيرة عن تمكين المراة واتمني ان يكون التمكين للاجدر وليس للمراة لمجرد انها مراة,,,,,,,,,1,2,1.8179417e-05,0.00019204617,1.0,5,1.0,0.0018419202065161,None,Favor
3788,الإفتاء تقرر عن المرأة ما هو أفضل لها والحكومة تتباهى في المحافل الدولية عن جهود الكويت المستمرة في تمكين المرأة!    تناقضات URL,Women empowerment,الافتاء تقرر عن المراة ما هو افضل لها والحكومة تتباهي في المحافل الدولية عن جهود الكويت المستمرة في تمكين المراة! تناقضات,Women empowerment,,1,Negative,0,No,0,,,Not clear,Target: Women empowerment Text: الافتاء تقرر عن المراة ما هو افضل لها والحكومة تتباهي في المحافل الدولية عن جهود الكويت المستمرة في تمكين المراة! تناقضات,,,,,,,,,1,0,0.9995117,8.529425e-05,0.0003888607,5,0.9995117,0.0043407837483126,None,Against
3835,وينك يا عم تمكين المرأه  لا جهات حكوميه تحميها من المتوحش ذا ولا قوانين  ولا حتى شرطه  #معنفه_شروره_حي_الفيصليه,Women empowerment,وينك يا عم تمكين المراه لا جهات حكوميه تحميها من المتوحش ذا ولا قوانين ولا حتي شرطه #معنفه شروره حي الفيصليه,Women empowerment,Favor,2,Negative,0,No,0,F_Explicit,,,Target: Women empowerment Text: وينك يا عم تمكين المراه لا جهات حكوميه تحميها من المتوحش ذا ولا قوانين ولا حتي شرطه #معنفه شروره حي الفيصليه,,,,,,,,,2,1,0.15844727,0.69921875,0.14233398,5,0.69921875,0.8195786635113176,Favor,None
3855,مع #تمكين_المرأة  في الوظايف ، وصلنا لمرحلة في التوظيف ان حظوظ المرأة اكثر من الرجل في القطاعين العام والخاص وفي هذي الحالة  اتوقع حدوث نكس في المفاهيم بحيث تقوم المرأة بخطبة من تراه مناسب كزوج لها وتدفع له المهر وتصرف على الحفل.  وهو يسوي حفل الخطوبة ويجيب الكوشة 😉 #بس_اقول,Women empowerment,مع #تمكين المراة في الوظايف ، وصلنا لمرحلة في التوظيف ان حظوظ المراة اكثر من الرجل في القطاعين العام والخاص وفي هذي الحالة اتوقع حدوث نكس في المفاهيم بحيث تقوم المراة بخطبة من تراه مناسب كزوج لها وتدفع له المهر وتصرف علي الحفل. وهو يسوي حفل الخطوبة ويجيب الكوشة 😉 #بس اقول,Women empowerment,Favor,2,Negative,0,Yes,1,F_Explicit,,,Target: Women empowerment Text: مع #تمكين المراة في الوظايف ، وصلنا لمرحلة في التوظيف ان حظوظ المراة اكثر من الرجل في القطاعين العام والخاص وفي هذي الحالة اتوقع حدوث نكس في المفاهيم بحيث تقوم المراة بخطبة من تراه مناسب كزوج لها وتدفع له المهر وتصرف علي الحفل. وهو يسوي حفل الخطوبة ويجيب الكوشة 😉 #بس اقول,,,,,,,,,2,0,1.0,8.124113e-05,6.41346e-05,5,1.0,0.0013843253816383,Favor,Against
3870,MENTION يادكتور محمد العبداللطيف طال عمرك  الله هولاء المتاجرين عارفين صح الفرق بين الحق والباطل وبين الحلال والحرام وبين تمكين المرأة وتفوقها ونجاحها لخدمة دينها ووطنها وبين المتاجرة فيها لأجل مصلحة مادية قذرة ؟ المرأة المسلمة عندما يتم وضعها سلعة تفقد هويتها ؟,Women empowerment,مستخدم يادكتور محمد العبداللطيف طال عمرك الله هولاء المتاجرين عارفين صح الفرق بين الحق والباطل وبين الحلال والحرام وبين تمكين المراة وتفوقها ونجاحها لخدمة دينها ووطنها وبين المتاجرة فيها لاجل مصلحة مادية قذرة ؟ المراة المسلمة عندما يتم وضعها سلعة تفقد هويتها ؟,Women empowerment,Favor,2,Negative,0,No,0,F_Explicit,,,Target: Women empowerment Text: مستخدم يادكتور محمد العبداللطيف طال عمرك الله هولاء المتاجرين عارفين صح الفرق بين الحق والباطل وبين الحلال والحرام وبين تمكين المراة وتفوقها ونجاحها لخدمة دينها ووطنها وبين المتاجرة فيها لاجل مصلحة مادية قذرة ؟ المراة المسلمة عندما يتم وضعها سلعة تفقد هويتها ؟,,,,,,,,,2,0,0.9995117,0.00036668777,0.000341177,5,0.9995117,0.0061127008788495,Favor,Against
3880,MENTION خلاص سكروا كل شيء وحطوا حجر .. فقط اسمحوا للي عنده موعد تطعيم ضد كورونا يطلع يطعم ويرجع ... والله مانبي نرجع للحالات الكثيره زي اول 🥺💔,Covid Vaccine,مستخدم خلاص سكروا كل شيء وحطوا حجر .. فقط اسمحوا للي عنده موعد تطعيم ضد كورونا يطلع يطعم ويرجع .. والله مانبي نرجع للحالات الكثيره زي اول 🥺💔,Covid Vaccine,Favor,2,Neutral,1,No,0,F_Explicit,,,Target: Covid Vaccine Text: مستخدم خلاص سكروا كل شيء وحطوا حجر .. فقط اسمحوا للي عنده موعد تطعيم ضد كورونا يطلع يطعم ويرجع .. والله مانبي نرجع للحالات الكثيره زي اول 🥺💔,,,,,,,,,2,0,0.9140625,0.06137085,0.024337769,5,0.9140625,0.3438417931328061,Favor,Against
3937, اصلا في وظائف راح تنتهي مع التحوّل الالكتروني   ولا يعني ذلك الاستغناء عن هذه الموارد البشرية  بل تحويلهم لوظائف أخرى  البلد تتوسّع والحاجات تتزايد في كل القطاعات,Digital Transformation,اصلا في وظائف راح تنتهي مع التحوّل الالكتروني ولا يعني ذلك الاستغناء عن هذه الموارد البشرية بل تحويلهم لوظائف اخري البلد تتوسّع والحاجات تتزايد في كل القطاعات,Digital Transformation,Favor,2,Positive,2,No,0,F_Explicit,,,Target: Digital Transformation Text: اصلا في وظائف راح تنتهي مع التحوّل الالكتروني ولا يعني ذلك الاستغناء عن هذه الموارد البشرية بل تحويلهم لوظائف اخري البلد تتوسّع والحاجات تتزايد في كل القطاعات,,,,,,,,,2,0,0.99609375,0.0015602112,0.0021915436,5,0.99609375,0.0274013011056752,Favor,Against
3938, يذكر بأن الكليات التقنية العالمية تتبع التدريب التقني. وهي كليات حكومية تم إيقافها وتعليق مستقبل ( الطالبات ) اكثر من سنة ((حتى الان)).  #تمكين_المرأة !,Women empowerment,يذكر بان الكليات التقنية العالمية تتبع التدريب التقني. وهي كليات حكومية تم ايقافها وتعليق مستقبل ( الطالبات ) اكثر من سنة ((حتي الان)). #تمكين المراة !,Women empowerment,Favor,2,Positive,2,No,0,F_Explicit,,,Target: Women empowerment Text: يذكر بان الكليات التقنية العالمية تتبع التدريب التقني. وهي كليات حكومية تم ايقافها وتعليق مستقبل ( الطالبات ) اكثر من سنة ((حتي الان)). #تمكين المراة !,,,,,,,,,2,0,0.99902344,6.6280365e-05,0.00068187714,5,0.99902344,0.0065851423985903,Favor,Against
3942,   هذي تجارتها مالها دخل في تمكين المرأة  عندها فلوس وسوت سوبر ماركت هي وبناتها . يعني لازم تنحبس بيتها والحرمه محتشمه .حسبي الله عالحساد,Women empowerment,هذي تجارتها مالها دخل في تمكين المراة عندها فلوس وسوت سوبر ماركت هي وبناتها . يعني لازم تنحبس بيتها والحرمه محتشمه .حسبي الله عالحساد,Women empowerment,Favor,2,Negative,0,No,0,F_Explicit,,,Target: Women empowerment Text: هذي تجارتها مالها دخل في تمكين المراة عندها فلوس وسوت سوبر ماركت هي وبناتها . يعني لازم تنحبس بيتها والحرمه محتشمه .حسبي الله عالحساد,,,,,,,,,2,0,1.0,9.1671944e-05,0.00012683868,5,1.0,0.0019903730728723,Favor,Against
3982, هناك الكثير من التعابير تصاغ لتعزيز تمكين المرأة بغض النظر عن التفاصيل,Women empowerment,هناك الكثير من التعابير تصاغ لتعزيز تمكين المراة بغض النظر عن التفاصيل,Women empowerment,,1,Neutral,1,No,0,,,Not clear,Target: Women empowerment Text: هناك الكثير من التعابير تصاغ لتعزيز تمكين المراة بغض النظر عن التفاصيل,,,,,,,,,1,2,2.4735928e-05,5.0723553e-05,1.0,5,1.0,0.0007639915757216,None,Favor
4015,الازدحام الذي نراه عند بعض فروع شركات الاتصالات رغم الجائحة وتحول العديد من خدمات القطاعات إلى الخدمات السحابية استغرب منه بشدة  فكيف بشركة اتصالات المفترض انها تسبق الجميع في التحول التقني لا تزال تقبع في نفس الآلية التقليدية في انجاز الاعمال  إما الخلل في التسويق أو في الخدمات,Digital Transformation,الازدحام الذي نراه عند بعض فروع شركات الاتصالات رغم الجائحة وتحول العديد من خدمات القطاعات الي الخدمات السحابية استغرب منه بشدة فكيف بشركة اتصالات المفترض انها تسبق الجميع في التحول التقني لا تزال تقبع في نفس الالية التقليدية في انجاز الاعمال اما الخلل في التسويق او في الخدمات,Digital Transformation,,1,Negative,0,No,0,,,Not clear,Target: Digital Transformation Text: الازدحام الذي نراه عند بعض فروع شركات الاتصالات رغم الجائحة وتحول العديد من خدمات القطاعات الي الخدمات السحابية استغرب منه بشدة فكيف بشركة اتصالات المفترض انها تسبق الجميع في التحول التقني لا تزال تقبع في نفس الالية التقليدية في انجاز الاعمال اما الخلل في التسويق او في الخدمات,,,,,,,,,1,2,0.009689331,0.0038394928,0.9863281,5,0.9863281,0.0798616737865724,None,Favor
4027, ١/ فيروس كورونا يتحور لذلك لقاحات تقل فاعليتها و دليل ذلك نسبة حالات حرجة على رغم من تطعيم نسبة كبيرة مثل في السعودية او  الكويت.   ٢/ لقاحات تحتاج الى سنوات من تجارب. لقاح فايزر تم ترخيص له تحت بند طارئ مع ذلك تم تطعيم ملايين و لم يتم ترخي,Covid Vaccine,١/ فيروس كورونا يتحور لذلك لقاحات تقل فاعليتها و دليل ذلك نسبة حالات حرجة علي رغم من تطعيم نسبة كبيرة مثل في السعودية او الكويت. ٢/ لقاحات تحتاج الي سنوات من تجارب. لقاح فايزر تم ترخيص له تحت بند طارئ مع ذلك تم تطعيم ملايين و لم يتم ترخي,Covid Vaccine,,1,Neutral,1,No,0,,,Not clear,Target: Covid Vaccine Text: ١/ فيروس كورونا يتحور لذلك لقاحات تقل فاعليتها و دليل ذلك نسبة حالات حرجة علي رغم من تطعيم نسبة كبيرة مثل في السعودية او الكويت. ٢/ لقاحات تحتاج الي سنوات من تجارب. لقاح فايزر تم ترخيص له تحت بند طارئ مع ذلك تم تطعيم ملايين و لم يتم ترخي,,,,,,,,,1,0,0.9995117,0.00019526482,0.00011909008,5,0.9995117,0.0032320215764319,None,Against
4080,منذ انتشار التعامل الإلكتروني في مجال #الصحة. والكثير من الاحتمالات تم طرحها حول مستقبل الطبيب. وما إن كان #التحول_الرقمي قد يؤثر على مستقبله أو يقلل من ربحيته. إلا أن المخاطر التي يتعرض لها المريض حالت دون هذا الأمر بل وأضافت إلى استفادة #الأطباء على جميع المستويات ومنها المادية URL,Digital Transformation,منذ انتشار التعامل الالكتروني في مجال #الصحة. والكثير من الاحتمالات تم طرحها حول مستقبل الطبيب. وما ان كان #التحول الرقمي قد يؤثر علي مستقبله او يقلل من ربحيته. الا ان المخاطر التي يتعرض لها المريض حالت دون هذا الامر بل واضافت الي استفادة #الاطباء علي جميع المستويات ومنها المادية,Digital Transformation,Against,0,Positive,2,No,0,,A_Explicit,,Target: Digital Transformation Text: منذ انتشار التعامل الالكتروني في مجال #الصحة. والكثير من الاحتمالات تم طرحها حول مستقبل الطبيب. وما ان كان #التحول الرقمي قد يؤثر علي مستقبله او يقلل من ربحيته. الا ان المخاطر التي يتعرض لها المريض حالت دون هذا الامر بل واضافت الي استفادة #الاطباء علي جميع المستويات ومنها المادية,,,,,,,,,0,2,0.011245728,0.033203125,0.9555664,5,0.9555664,0.2069600146365109,Against,Favor
951,عاجل | د. مناف القحطاني يؤكد استيفاء تطعيم (فالنيفا) الفرنسي المضاد لفيروس كورونا,Covid Vaccine,عاجل | د. مناف القحطاني يؤكد استيفاء تطعيم (فالنيفا) الفرنسي المضاد لفيروس كورونا,Covid Vaccine,,1,Neutral,1,No,0,,,Not clear,Target: Covid Vaccine Text: عاجل | د. مناف القحطاني يؤكد استيفاء تطعيم (فالنيفا) الفرنسي المضاد لفيروس كورونا,,عاجل | د. مناف القحطاني يؤكد استيفاء تطعيم (فالنيفا) الفرنسي المضاد لفيروس كورونا,Covid Vaccine,0.7711,1.0,1.0,2022-04-17 13:25:22+00:00,17/04/2022,1,2,0.00047397614,0.0013513565,0.9980469,5,0.9980469,0.0145071069396678,None,Favor
3610,    هذا انتم يابتوع تمكين المراة ترمي اتهامات ونتحاش,Women empowerment,هذا انتم يابتوع تمكين المراة ترمي اتهامات ونتحاش,Women empowerment,Against,0,Negative,0,No,0,,A_Explicit,,Target: Women empowerment Text: هذا انتم يابتوع تمكين المراة ترمي اتهامات ونتحاش,,    هذا انتم يابتوع تمكين المراة ترمي اتهامات ونتحاش,Women empowerment,0.7462,0.5384,1.0,2021-04-25 11:56:43+00:00,25/04/2021,0,2,0.40478516,0.0006723404,0.59472656,5,0.59472656,0.6800502609595654,Against,Favor
