ID,text_original,target_original,text_clean,target_clean,stance,stance_id,sentiment,sentiment_id,sarcasm,sarcasm_id,favor_reason,against_reason,none_reason,model_input,target_id,text,target,stance:confidence,sarcasm:confidence,sentiment:confidence,datetime,Date,true_label,pred_label,p_against,p_none,p_favor,fold
2,الوضع صار بالسعوديه يفشل لا عاد فيه شركات صاحيه ولا مشاهير صاحين.  الوضع الحالي اقبح صور تسليع المرأه تحت مسمى تمكين المرأه!  #مقاطعة_شاهي_خدير,Women empowerment,الوضع صار بالسعوديه يفشل لا عاد فيه شركات صاحيه ولا مشاهير صاحين.  الوضع الحالي اقبح صور تسليع المرأه تحت مسمى تمكين المرأه!  #مقاطعة_شاهي_خدير,Women empowerment,Against,0,Negative,0,No,0,,A_Explicit,,Target: Women empowerment Text: الوضع صار بالسعوديه يفشل لا عاد فيه شركات صاحيه ولا مشاهير صاحين.  الوضع الحالي اقبح صور تسليع المرأه تحت مسمى تمكين المرأه!  #مقاطعة_شاهي_خدير,,الوضع صار بالسعوديه يفشل لا عاد فيه شركات صاحيه ولا مشاهير صاحين.  الوضع الحالي اقبح صور تسليع المرأه تحت مسمى تمكين المرأه!  #مقاطعة_شاهي_خدير,Women empowerment,1.0,1.0,1.0,2022-01-26 21:46:08+00:00,26/01/2022,0,0,0.99902344,0.00042700768,0.000729084,2
2,الوضع صار بالسعوديه يفشل لا عاد فيه شركات صاحيه ولا مشاهير صاحين.  الوضع الحالي اقبح صور تسليع المرأه تحت مسمى تمكين المرأه!  #مقاطعة_شاهي_خدير,Women empowerment,الوضع صار بالسعوديه يفشل لا عاد فيه شركات صاحيه ولا مشاهير صاحين. الوضع الحالي اقبح صور تسليع المراه تحت مسمي تمكين المراه! #مقاطعة شاهي خدير,Women empowerment,Against,0,Negative,0,No,0,,A_Explicit,,Target: Women empowerment Text: الوضع صار بالسعوديه يفشل لا عاد فيه شركات صاحيه ولا مشاهير صاحين. الوضع الحالي اقبح صور تسليع المراه تحت مسمي تمكين المراه! #مقاطعة شاهي خدير,,,,,,,,,0,0,0.9975586,0.0012054443,0.0012073517,4
64,"من أسباب ""تمكين"" المرأة المزعوم: ١-أن تستفيد الدولة الرأسمالية من الضرائب والأجور التي ستدفعها المرأة بجانب الرجل  أي ستتضاعف الضرائب والعائدات لخزينة الدولة من المواطن ٢-إلغاء الأسرة وترسية قيم الفردية والأنانية وأبوية النظام (النظام هو الأب والأسرة) بلغوا من تتشدق بـ ""أنا حرة""",Women empowerment,"من أسباب ""تمكين"" المرأة المزعوم: ١-أن تستفيد الدولة الرأسمالية من الضرائب والأجور التي ستدفعها المرأة بجانب الرجل  أي ستتضاعف الضرائب والعائدات لخزينة الدولة من المواطن ٢-إلغاء الأسرة وترسية قيم الفردية والأنانية وأبوية النظام (النظام هو الأب والأسرة) بلغوا من تتشدق بـ ""أنا حرة""",Women empowerment,Against,0,Negative,0,Yes,1,,A_Explicit,,"Target: Women empowerment Text: من أسباب ""تمكين"" المرأة المزعوم: ١-أن تستفيد الدولة الرأسمالية من الضرائب والأجور التي ستدفعها المرأة بجانب الرجل  أي ستتضاعف الضرائب والعائدات لخزينة الدولة من المواطن ٢-إلغاء الأسرة وترسية قيم الفردية والأنانية وأبوية النظام (النظام هو الأب والأسرة) بلغوا من تتشدق بـ ""أنا حرة""",,"من أسباب ""تمكين"" المرأة المزعوم: ١-أن تستفيد الدولة الرأسمالية من الضرائب والأجور التي ستدفعها المرأة بجانب الرجل  أي ستتضاعف الضرائب والعائدات لخزينة الدولة من المواطن ٢-إلغاء الأسرة وترسية قيم الفردية والأنانية وأبوية النظام (النظام هو الأب والأسرة) بلغوا من تتشدق بـ ""أنا حرة""",Women empowerment,1.0,0.8316,0.8361,2022-01-10 05:52:54+00:00,10/01/2022,0,0,1.0,8.666515e-05,0.00011301041,5
64,"من أسباب ""تمكين"" المرأة المزعوم: ١-أن تستفيد الدولة الرأسمالية من الضرائب والأجور التي ستدفعها المرأة بجانب الرجل  أي ستتضاعف الضرائب والعائدات لخزينة الدولة من المواطن ٢-إلغاء الأسرة وترسية قيم الفردية والأنانية وأبوية النظام (النظام هو الأب والأسرة) بلغوا من تتشدق بـ ""أنا حرة""",Women empowerment,"من اسباب ""تمكين"" المراة المزعوم: ١-ان تستفيد الدولة الراسمالية من الضرائب والاجور التي ستدفعها المراة بجانب الرجل اي ستتضاعف الضرائب والعائدات لخزينة الدولة من المواطن ٢-الغاء الاسرة وترسية قيم الفردية والانانية وابوية النظام (النظام هو الاب والاسرة) بلغوا من تتشدق ب ""انا حرة""",Women empowerment,Against,0,Negative,0,Yes,1,,A_Explicit,,"Target: Women empowerment Text: من اسباب ""تمكين"" المراة المزعوم: ١-ان تستفيد الدولة الراسمالية من الضرائب والاجور التي ستدفعها المراة بجانب الرجل اي ستتضاعف الضرائب والعائدات لخزينة الدولة من المواطن ٢-الغاء الاسرة وترسية قيم الفردية والانانية وابوية النظام (النظام هو الاب والاسرة) بلغوا من تتشدق ب ""انا حرة""",,,,,,,,,0,0,0.98291016,0.00017380714,0.016860962,1
65,✴️تمكين المرأة اليوم: ١-تمكين الوصول إلى واستغلال وامتهان وتسليع جسدها ٢-تمكين الوصول إلى مالها (الدولة) ٣-تمكين استغلال جهدها الجسدي والعقلي (استعباد) ٤-تمكين عزلها عن تكوين وإدارة وتربية أسرة ٥-تمكين الانفراد بها فكرياً ٦-تمكين تمردها وضلالها ٧-تمكين الشياطين والدجال منها,Women empowerment,✴️تمكين المرأة اليوم: ١-تمكين الوصول إلى واستغلال وامتهان وتسليع جسدها ٢-تمكين الوصول إلى مالها (الدولة) ٣-تمكين استغلال جهدها الجسدي والعقلي (استعباد) ٤-تمكين عزلها عن تكوين وإدارة وتربية أسرة ٥-تمكين الانفراد بها فكرياً ٦-تمكين تمردها وضلالها ٧-تمكين الشياطين والدجال منها,Women empowerment,Against,0,Negative,0,No,0,,A_Explicit,,Target: Women empowerment Text: ✴️تمكين المرأة اليوم: ١-تمكين الوصول إلى واستغلال وامتهان وتسليع جسدها ٢-تمكين الوصول إلى مالها (الدولة) ٣-تمكين استغلال جهدها الجسدي والعقلي (استعباد) ٤-تمكين عزلها عن تكوين وإدارة وتربية أسرة ٥-تمكين الانفراد بها فكرياً ٦-تمكين تمردها وضلالها ٧-تمكين الشياطين والدجال منها,,✴️تمكين المرأة اليوم: ١-تمكين الوصول إلى واستغلال وامتهان وتسليع جسدها ٢-تمكين الوصول إلى مالها (الدولة) ٣-تمكين استغلال جهدها الجسدي والعقلي (استعباد) ٤-تمكين عزلها عن تكوين وإدارة وتربية أسرة ٥-تمكين الانفراد بها فكرياً ٦-تمكين تمردها وضلالها ٧-تمكين الشياطين والدجال منها,Women empowerment,1.0,1.0,0.7727,2022-01-16 20:04:16+00:00,16/01/2022,0,0,0.99853516,0.00040555,0.0011415482,1
65,✴️تمكين المرأة اليوم: ١-تمكين الوصول إلى واستغلال وامتهان وتسليع جسدها ٢-تمكين الوصول إلى مالها (الدولة) ٣-تمكين استغلال جهدها الجسدي والعقلي (استعباد) ٤-تمكين عزلها عن تكوين وإدارة وتربية أسرة ٥-تمكين الانفراد بها فكرياً ٦-تمكين تمردها وضلالها ٧-تمكين الشياطين والدجال منها,Women empowerment,✴️تمكين المراة اليوم: ١-تمكين الوصول الي واستغلال وامتهان وتسليع جسدها ٢-تمكين الوصول الي مالها (الدولة) ٣-تمكين استغلال جهدها الجسدي والعقلي (استعباد) ٤-تمكين عزلها عن تكوين وادارة وتربية اسرة ٥-تمكين الانفراد بها فكرياً ٦-تمكين تمردها وضلالها ٧-تمكين الشياطين والدجال منها,Women empowerment,Against,0,Negative,0,No,0,,A_Explicit,,Target: Women empowerment Text: ✴️تمكين المراة اليوم: ١-تمكين الوصول الي واستغلال وامتهان وتسليع جسدها ٢-تمكين الوصول الي مالها (الدولة) ٣-تمكين استغلال جهدها الجسدي والعقلي (استعباد) ٤-تمكين عزلها عن تكوين وادارة وتربية اسرة ٥-تمكين الانفراد بها فكرياً ٦-تمكين تمردها وضلالها ٧-تمكين الشياطين والدجال منها,,,,,,,,,0,0,0.99365234,0.0028743744,0.0036315918,3
116, تمكين المرأه  واخر شي جامعيه كاشير ؟ لو ما انتي محتاجه اجلسي ببيتك اعز لك واكرم  ايش الشيء الي بتجنينه من الكاشير لا هو مجال دراستك ولا فيه تطوير لك,Women empowerment,تمكين المراه واخر شي جامعيه كاشير ؟ لو ما انتي محتاجه اجلسي ببيتك اعز لك واكرم ايش الشيء الي بتجنينه من الكاشير لا هو مجال دراستك ولا فيه تطوير لك,Women empowerment,Against,0,Negative,0,No,0,,A_Explicit,,Target: Women empowerment Text: تمكين المراه واخر شي جامعيه كاشير ؟ لو ما انتي محتاجه اجلسي ببيتك اعز لك واكرم ايش الشيء الي بتجنينه من الكاشير لا هو مجال دراستك ولا فيه تطوير لك,,,,,,,,,0,0,0.97558594,0.0146865845,0.0096588135,3
116, تمكين المرأه  واخر شي جامعيه كاشير ؟ لو ما انتي محتاجه اجلسي ببيتك اعز لك واكرم  ايش الشيء الي بتجنينه من الكاشير لا هو مجال دراستك ولا فيه تطوير لك,Women empowerment,تمكين المرأه  واخر شي جامعيه كاشير ؟ لو ما انتي محتاجه اجلسي ببيتك اعز لك واكرم  ايش الشيء الي بتجنينه من الكاشير لا هو مجال دراستك ولا فيه تطوير لك,Women empowerment,Against,0,Negative,0,No,0,,A_Explicit,,Target: Women empowerment Text: تمكين المرأه  واخر شي جامعيه كاشير ؟ لو ما انتي محتاجه اجلسي ببيتك اعز لك واكرم  ايش الشيء الي بتجنينه من الكاشير لا هو مجال دراستك ولا فيه تطوير لك,, تمكين المرأه  واخر شي جامعيه كاشير ؟ لو ما انتي محتاجه اجلسي ببيتك اعز لك واكرم  ايش الشيء الي بتجنينه من الكاشير لا هو مجال دراستك ولا فيه تطوير لك,Women empowerment,1.0,0.7758,0.8807,2022-04-17 00:33:59+00:00,17/04/2022,0,0,0.9946289,0.0008068085,0.004348755,4
120, يارجال اي لقاحات مظروبه تطعمنى وجاتنا كورونا وش الفايده.والله تطعيم الافلونزا بالمستوصف افضل من اللقاح,Covid Vaccine,يارجال اي لقاحات مظروبه تطعمني وجاتنا كورونا وش الفايده.والله تطعيم الافلونزا بالمستوصف افضل من اللقاح,Covid Vaccine,Against,0,Negative,0,No,0,,A_Explicit,,Target: Covid Vaccine Text: يارجال اي لقاحات مظروبه تطعمني وجاتنا كورونا وش الفايده.والله تطعيم الافلونزا بالمستوصف افضل من اللقاح,,,,,,,,,0,0,0.98339844,0.003873825,0.01260376,3
120, يارجال اي لقاحات مظروبه تطعمنى وجاتنا كورونا وش الفايده.والله تطعيم الافلونزا بالمستوصف افضل من اللقاح,Covid Vaccine,يارجال اي لقاحات مظروبه تطعمنى وجاتنا كورونا وش الفايده.والله تطعيم الافلونزا بالمستوصف افضل من اللقاح,Covid Vaccine,Against,0,Negative,0,No,0,,A_Explicit,,Target: Covid Vaccine Text: يارجال اي لقاحات مظروبه تطعمنى وجاتنا كورونا وش الفايده.والله تطعيم الافلونزا بالمستوصف افضل من اللقاح,, يارجال اي لقاحات مظروبه تطعمنى وجاتنا كورونا وش الفايده.والله تطعيم الافلونزا بالمستوصف افضل من اللقاح,Covid Vaccine,0.8149,0.5807,0.8734,2021-04-17 13:49:13+00:00,17/04/2021,0,0,0.98583984,0.0036392212,0.010635376,3
122,  معنى كده التحول إلى التعامل الإلكتروني,Digital Transformation,معني كده التحول الي التعامل الالكتروني,Digital Transformation,None,1,Neutral,1,No,0,,,Not clear,Target: Digital Transformation Text: معني كده التحول الي التعامل الالكتروني,,,,,,,,,1,1,6.812811e-05,1.0,3.1769276e-05,5
122,  معنى كده التحول إلى التعامل الإلكتروني,Digital Transformation,معنى كده التحول إلى التعامل الإلكتروني,Digital Transformation,None,1,Neutral,1,No,0,,,Not clear,Target: Digital Transformation Text: معنى كده التحول إلى التعامل الإلكتروني,,  معنى كده التحول إلى التعامل الإلكتروني,Digital Transformation,0.7385,1.0,1.0,2020-05-19 09:24:46+00:00,19/05/2020,1,1,0.0009946823,0.9980469,0.0008635521,1
123,لا توجد اي وفيات للاطفال من كورونا  ليش يتم تطعيمهم  اذا نحن الكبار طحنا شهر تعب وحرارة وهذا من اعراض اللقاح الطبيعي فـ كيف بأجسامهم الصغيرة  اشوف انه من الاجرام تطعيم الاطفال خصوصاً ان مناعتهم قويه و كورونا صار ضعيف العالم باكمله اغلقوا سالفة كورونا واللقاحات الا نحن ليش يا ترى؟ URL,Covid Vaccine,لا توجد اي وفيات للاطفال من كورونا ليش يتم تطعيمهم اذا نحن الكبار طحنا شهر تعب وحرارة وهذا من اعراض اللقاح الطبيعي ف كيف باجسامهم الصغيرة اشوف انه من الاجرام تطعيم الاطفال خصوصاً ان مناعتهم قويه و كورونا صار ضعيف العالم باكمله اغلقوا سالفة كورونا واللقاحات الا نحن ليش يا تري؟,Covid Vaccine,Against,0,Negative,0,No,0,,A_Explicit,,Target: Covid Vaccine Text: لا توجد اي وفيات للاطفال من كورونا ليش يتم تطعيمهم اذا نحن الكبار طحنا شهر تعب وحرارة وهذا من اعراض اللقاح الطبيعي ف كيف باجسامهم الصغيرة اشوف انه من الاجرام تطعيم الاطفال خصوصاً ان مناعتهم قويه و كورونا صار ضعيف العالم باكمله اغلقوا سالفة كورونا واللقاحات الا نحن ليش يا تري؟,,,,,,,,,0,0,0.9995117,0.00025057793,0.00027537346,2
123,لا توجد اي وفيات للاطفال من كورونا  ليش يتم تطعيمهم  اذا نحن الكبار طحنا شهر تعب وحرارة وهذا من اعراض اللقاح الطبيعي فـ كيف بأجسامهم الصغيرة  اشوف انه من الاجرام تطعيم الاطفال خصوصاً ان مناعتهم قويه و كورونا صار ضعيف العالم باكمله اغلقوا سالفة كورونا واللقاحات الا نحن ليش يا ترى؟ URL,Covid Vaccine,لا توجد اي وفيات للاطفال من كورونا  ليش يتم تطعيمهم  اذا نحن الكبار طحنا شهر تعب وحرارة وهذا من اعراض اللقاح الطبيعي فـ كيف بأجسامهم الصغيرة  اشوف انه من الاجرام تطعيم الاطفال خصوصاً ان مناعتهم قويه و كورونا صار ضعيف العالم باكمله اغلقوا سالفة كورونا واللقاحات الا نحن ليش يا ترى؟ URL,Covid Vaccine,Against,0,Negative,0,No,0,,A_Explicit,,Target: Covid Vaccine Text: لا توجد اي وفيات للاطفال من كورونا  ليش يتم تطعيمهم  اذا نحن الكبار طحنا شهر تعب وحرارة وهذا من اعراض اللقاح الطبيعي فـ كيف بأجسامهم الصغيرة  اشوف انه من الاجرام تطعيم الاطفال خصوصاً ان مناعتهم قويه و كورونا صار ضعيف العالم باكمله اغلقوا سالفة كورونا واللقاحات الا نحن ليش يا ترى؟ URL,,لا توجد اي وفيات للاطفال من كورونا  ليش يتم تطعيمهم  اذا نحن الكبار طحنا شهر تعب وحرارة وهذا من اعراض اللقاح الطبيعي فـ كيف بأجسامهم الصغيرة  اشوف انه من الاجرام تطعيم الاطفال خصوصاً ان مناعتهم قويه و كورونا صار ضعيف العالم باكمله اغلقوا سالفة كورونا واللقاحات الا نحن ليش يا ترى؟ URL,Covid Vaccine,1.0,1.0,0.8408,2022-03-30 09:11:16+00:00,30/03/2022,0,0,0.99560547,0.0032749176,0.0012187958,3
127,  واضح للأسف الجهل في حسابك وتغريداتك   الله يكون بعونك بس . وبلادنا اللي تدعي لها بالبايو هي اللي قررت تطعيم الشعب بلقاح كورونا ولقاح عنق الرحم .,Covid Vaccine,واضح للاسف الجهل في حسابك وتغريداتك الله يكون بعونك بس . وبلادنا اللي تدعي لها بالبايو هي اللي قررت تطعيم الشعب بلقاح كورونا ولقاح عنق الرحم .,Covid Vaccine,None,1,Negative,0,No,0,,,Not clear,Target: Covid Vaccine Text: واضح للاسف الجهل في حسابك وتغريداتك الله يكون بعونك بس . وبلادنا اللي تدعي لها بالبايو هي اللي قررت تطعيم الشعب بلقاح كورونا ولقاح عنق الرحم .,,,,,,,,,1,1,0.0068206787,0.9926758,0.0006980896,4
127,  واضح للأسف الجهل في حسابك وتغريداتك   الله يكون بعونك بس . وبلادنا اللي تدعي لها بالبايو هي اللي قررت تطعيم الشعب بلقاح كورونا ولقاح عنق الرحم .,Covid Vaccine,واضح للأسف الجهل في حسابك وتغريداتك   الله يكون بعونك بس . وبلادنا اللي تدعي لها بالبايو هي اللي قررت تطعيم الشعب بلقاح كورونا ولقاح عنق الرحم .,Covid Vaccine,None,1,Negative,0,No,0,,,Not clear,Target: Covid Vaccine Text: واضح للأسف الجهل في حسابك وتغريداتك   الله يكون بعونك بس . وبلادنا اللي تدعي لها بالبايو هي اللي قررت تطعيم الشعب بلقاح كورونا ولقاح عنق الرحم .,,  واضح للأسف الجهل في حسابك وتغريداتك   الله يكون بعونك بس . وبلادنا اللي تدعي لها بالبايو هي اللي قررت تطعيم الشعب بلقاح كورونا ولقاح عنق الرحم .,Covid Vaccine,0.5704,1.0,0.8281,2022-03-28 20:59:41+00:00,28/03/2022,1,1,0.09259033,0.85791016,0.049682617,3
136, تمكين المرأة في الحياة العامة وخروجها من منزلها فهذا يعني انتكاسة للمجتمع .. تمكين المرأة لتصبح قائدة ويتحول الرجل المسئول عن القوامة وقيادة المجتمع الى حبيس المنزل، من سيربي اجيال المستقبل وكيف تستقيم الحياة اذا كانت المرأة تعمل والرجل عاطل..ا,Women empowerment,تمكين المرأة في الحياة العامة وخروجها من منزلها فهذا يعني انتكاسة للمجتمع .. تمكين المرأة لتصبح قائدة ويتحول الرجل المسئول عن القوامة وقيادة المجتمع الى حبيس المنزل، من سيربي اجيال المستقبل وكيف تستقيم الحياة اذا كانت المرأة تعمل والرجل عاطل..ا,Women empowerment,Against,0,Negative,0,No,0,,A_Explicit,,Target: Women empowerment Text: تمكين المرأة في الحياة العامة وخروجها من منزلها فهذا يعني انتكاسة للمجتمع .. تمكين المرأة لتصبح قائدة ويتحول الرجل المسئول عن القوامة وقيادة المجتمع الى حبيس المنزل، من سيربي اجيال المستقبل وكيف تستقيم الحياة اذا كانت المرأة تعمل والرجل عاطل..ا,, تمكين المرأة في الحياة العامة وخروجها من منزلها فهذا يعني انتكاسة للمجتمع .. تمكين المرأة لتصبح قائدة ويتحول الرجل المسئول عن القوامة وقيادة المجتمع الى حبيس المنزل، من سيربي اجيال المستقبل وكيف تستقيم الحياة اذا كانت المرأة تعمل والرجل عاطل..ا,Women empowerment,0.8543,1.0,1.0,2021-03-04 20:08:54+00:00,04/03/2021,0,0,1.0,5.6803226e-05,5.8293343e-05,5
136, تمكين المرأة في الحياة العامة وخروجها من منزلها فهذا يعني انتكاسة للمجتمع .. تمكين المرأة لتصبح قائدة ويتحول الرجل المسئول عن القوامة وقيادة المجتمع الى حبيس المنزل، من سيربي اجيال المستقبل وكيف تستقيم الحياة اذا كانت المرأة تعمل والرجل عاطل..ا,Women empowerment,تمكين المراة في الحياة العامة وخروجها من منزلها فهذا يعني انتكاسة للمجتمع .. تمكين المراة لتصبح قائدة ويتحول الرجل المسئول عن القوامة وقيادة المجتمع الي حبيس المنزل، من سيربي اجيال المستقبل وكيف تستقيم الحياة اذا كانت المراة تعمل والرجل عاطل..ا,Women empowerment,Against,0,Negative,0,No,0,,A_Explicit,,Target: Women empowerment Text: تمكين المراة في الحياة العامة وخروجها من منزلها فهذا يعني انتكاسة للمجتمع .. تمكين المراة لتصبح قائدة ويتحول الرجل المسئول عن القوامة وقيادة المجتمع الي حبيس المنزل، من سيربي اجيال المستقبل وكيف تستقيم الحياة اذا كانت المراة تعمل والرجل عاطل..ا,,,,,,,,,0,0,0.9970703,0.00018906593,0.0028038025,2
151,#تمكين المرأة هو ناتج عن #الجهل  والاستغلال والمتاجرة بالمرأة  وهن يصدقوا العوبيطيات,Women empowerment,#تمكين المرأة هو ناتج عن #الجهل  والاستغلال والمتاجرة بالمرأة  وهن يصدقوا العوبيطيات,Women empowerment,Against,0,Negative,0,No,0,,A_Explicit,,Target: Women empowerment Text: #تمكين المرأة هو ناتج عن #الجهل  والاستغلال والمتاجرة بالمرأة  وهن يصدقوا العوبيطيات,,#تمكين المرأة هو ناتج عن #الجهل  والاستغلال والمتاجرة بالمرأة  وهن يصدقوا العوبيطيات,Women empowerment,1.0,1.0,1.0,2022-04-22 03:42:22+00:00,22/04/2022,0,0,0.99658203,0.00016617775,0.0033798218,1
151,#تمكين المرأة هو ناتج عن #الجهل  والاستغلال والمتاجرة بالمرأة  وهن يصدقوا العوبيطيات,Women empowerment,#تمكين المراة هو ناتج عن #الجهل والاستغلال والمتاجرة بالمراة وهن يصدقوا العوبيطيات,Women empowerment,Against,0,Negative,0,No,0,,A_Explicit,,Target: Women empowerment Text: #تمكين المراة هو ناتج عن #الجهل والاستغلال والمتاجرة بالمراة وهن يصدقوا العوبيطيات,,,,,,,,,0,0,0.99560547,0.00015413761,0.00434494,1
152,#تمكين_المرأة   يَٰٓأَيُّهَا ٱلنَّبِىُّ قُل لِّأَزْوَٰجِكَ إِن كُنتُنَّ تُرِدْنَ ٱلْحَيَوٰةَ ٱلدُّنْيَا وَزِينَتَهَا فَتَعَالَيْنَ أُمَتِّعْكُنَّ وَأُسَرِّحْكُنَّ سَرَاحًا جَمِيلًا,Women empowerment,#تمكين المراة يَٰٓاَيُّهَا ٱلنَّبِيُّ قُل لِّاَزْوَٰجِكَ اِن كُنتُنَّ تُرِدْنَ ٱلْحَيَوٰةَ ٱلدُّنْيَا وَزِينَتَهَا فَتَعَالَيْنَ اُمَتِّعْكُنَّ وَاُسَرِّحْكُنَّ سَرَاحًا جَمِيلًا,Women empowerment,Against,0,Negative,0,No,0,,A_Explicit,,Target: Women empowerment Text: #تمكين المراة يَٰٓاَيُّهَا ٱلنَّبِيُّ قُل لِّاَزْوَٰجِكَ اِن كُنتُنَّ تُرِدْنَ ٱلْحَيَوٰةَ ٱلدُّنْيَا وَزِينَتَهَا فَتَعَالَيْنَ اُمَتِّعْكُنَّ وَاُسَرِّحْكُنَّ سَرَاحًا جَمِيلًا,,,,,,,,,0,0,0.92285156,0.05316162,0.023834229,3
152,#تمكين_المرأة   يَٰٓأَيُّهَا ٱلنَّبِىُّ قُل لِّأَزْوَٰجِكَ إِن كُنتُنَّ تُرِدْنَ ٱلْحَيَوٰةَ ٱلدُّنْيَا وَزِينَتَهَا فَتَعَالَيْنَ أُمَتِّعْكُنَّ وَأُسَرِّحْكُنَّ سَرَاحًا جَمِيلًا,Women empowerment,#تمكين_المرأة   يَٰٓأَيُّهَا ٱلنَّبِىُّ قُل لِّأَزْوَٰجِكَ إِن كُنتُنَّ تُرِدْنَ ٱلْحَيَوٰةَ ٱلدُّنْيَا وَزِينَتَهَا فَتَعَالَيْنَ أُمَتِّعْكُنَّ وَأُسَرِّحْكُنَّ سَرَاحًا جَمِيلًا,Women empowerment,Against,0,Negative,0,No,0,,A_Explicit,,Target: Women empowerment Text: #تمكين_المرأة   يَٰٓأَيُّهَا ٱلنَّبِىُّ قُل لِّأَزْوَٰجِكَ إِن كُنتُنَّ تُرِدْنَ ٱلْحَيَوٰةَ ٱلدُّنْيَا وَزِينَتَهَا فَتَعَالَيْنَ أُمَتِّعْكُنَّ وَأُسَرِّحْكُنَّ سَرَاحًا جَمِيلًا,,#تمكين_المرأة   يَٰٓأَيُّهَا ٱلنَّبِىُّ قُل لِّأَزْوَٰجِكَ إِن كُنتُنَّ تُرِدْنَ ٱلْحَيَوٰةَ ٱلدُّنْيَا وَزِينَتَهَا فَتَعَالَيْنَ أُمَتِّعْكُنَّ وَأُسَرِّحْكُنَّ سَرَاحًا جَمِيلًا,Women empowerment,0.4126,1.0,0.4076,2022-05-04 17:48:36+00:00,04/05/2022,0,0,0.9980469,0.0006766319,0.0011396408,4
158, #تمكين_المرأة يوحي بأن الرجل كان مغتصب حقوقها ..!! 🙄  جعلتوا التفرقة العنصرية تصل إلى داخل بيوتنا بين الرجل والمرأة ..!!  🙄,Women empowerment,#تمكين_المرأة يوحي بأن الرجل كان مغتصب حقوقها ..!! 🙄  جعلتوا التفرقة العنصرية تصل إلى داخل بيوتنا بين الرجل والمرأة ..!!  🙄,Women empowerment,Against,0,Negative,0,No,0,,A_Explicit,,Target: Women empowerment Text: #تمكين_المرأة يوحي بأن الرجل كان مغتصب حقوقها ..!! 🙄  جعلتوا التفرقة العنصرية تصل إلى داخل بيوتنا بين الرجل والمرأة ..!!  🙄,, #تمكين_المرأة يوحي بأن الرجل كان مغتصب حقوقها ..!! 🙄  جعلتوا التفرقة العنصرية تصل إلى داخل بيوتنا بين الرجل والمرأة ..!!  🙄,Women empowerment,0.9168,0.9029,0.8155,2020-12-14 17:07:09+00:00,14/12/2020,0,0,0.99902344,0.0001951456,0.0006890297,2
158, #تمكين_المرأة يوحي بأن الرجل كان مغتصب حقوقها ..!! 🙄  جعلتوا التفرقة العنصرية تصل إلى داخل بيوتنا بين الرجل والمرأة ..!!  🙄,Women empowerment,#تمكين المراة يوحي بان الرجل كان مغتصب حقوقها ..!! 🙄 جعلتوا التفرقة العنصرية تصل الي داخل بيوتنا بين الرجل والمراة ..!! 🙄,Women empowerment,Against,0,Negative,0,No,0,,A_Explicit,,Target: Women empowerment Text: #تمكين المراة يوحي بان الرجل كان مغتصب حقوقها ..!! 🙄 جعلتوا التفرقة العنصرية تصل الي داخل بيوتنا بين الرجل والمراة ..!! 🙄,,,,,,,,,0,0,0.9980469,0.00022876263,0.0015716553,2
190,كيف تقر أعينكم في النوم والعباد من حولكم يدعون عليكم؟ ضيقتم علينا بغير حق  كورونا عبارة عن انفلونزا فلماذا الإجبار على التطعيم؟ لماذا تطعيم أولادنا بدون موافقتنا؟ لماذا حرماننا من وظائفنا؟؟ والله لن يترككم الله. #الغاء_القيود_مطلب_سعودي,Covid Vaccine,كيف تقر أعينكم في النوم والعباد من حولكم يدعون عليكم؟ ضيقتم علينا بغير حق  كورونا عبارة عن انفلونزا فلماذا الإجبار على التطعيم؟ لماذا تطعيم أولادنا بدون موافقتنا؟ لماذا حرماننا من وظائفنا؟؟ والله لن يترككم الله. #الغاء_القيود_مطلب_سعودي,Covid Vaccine,Against,0,Negative,0,No,0,,A_Explicit,,Target: Covid Vaccine Text: كيف تقر أعينكم في النوم والعباد من حولكم يدعون عليكم؟ ضيقتم علينا بغير حق  كورونا عبارة عن انفلونزا فلماذا الإجبار على التطعيم؟ لماذا تطعيم أولادنا بدون موافقتنا؟ لماذا حرماننا من وظائفنا؟؟ والله لن يترككم الله. #الغاء_القيود_مطلب_سعودي,,كيف تقر أعينكم في النوم والعباد من حولكم يدعون عليكم؟ ضيقتم علينا بغير حق  كورونا عبارة عن انفلونزا فلماذا الإجبار على التطعيم؟ لماذا تطعيم أولادنا بدون موافقتنا؟ لماذا حرماننا من وظائفنا؟؟ والله لن يترككم الله. #الغاء_القيود_مطلب_سعودي,Covid Vaccine,1.0,1.0,1.0,2022-04-06 21:18:02+00:00,06/04/2022,0,0,1.0,0.00020182133,3.093481e-05,5
190,كيف تقر أعينكم في النوم والعباد من حولكم يدعون عليكم؟ ضيقتم علينا بغير حق  كورونا عبارة عن انفلونزا فلماذا الإجبار على التطعيم؟ لماذا تطعيم أولادنا بدون موافقتنا؟ لماذا حرماننا من وظائفنا؟؟ والله لن يترككم الله. #الغاء_القيود_مطلب_سعودي,Covid Vaccine,كيف تقر اعينكم في النوم والعباد من حولكم يدعون عليكم؟ ضيقتم علينا بغير حق كورونا عبارة عن انفلونزا فلماذا الاجبار علي التطعيم؟ لماذا تطعيم اولادنا بدون موافقتنا؟ لماذا حرماننا من وظائفنا؟؟ والله لن يترككم الله. #الغاء القيود مطلب سعودي,Covid Vaccine,Against,0,Negative,0,No,0,,A_Explicit,,Target: Covid Vaccine Text: كيف تقر اعينكم في النوم والعباد من حولكم يدعون عليكم؟ ضيقتم علينا بغير حق كورونا عبارة عن انفلونزا فلماذا الاجبار علي التطعيم؟ لماذا تطعيم اولادنا بدون موافقتنا؟ لماذا حرماننا من وظائفنا؟؟ والله لن يترككم الله. #الغاء القيود مطلب سعودي,,,,,,,,,0,0,0.99121094,0.004650116,0.003929138,3
203,انحش #تطعيم_كورونا,Covid Vaccine,انحش #تطعيم_كورونا,Covid Vaccine,Against,0,Neutral,1,No,0,,A_Explicit,,Target: Covid Vaccine Text: انحش #تطعيم_كورونا,,انحش #تطعيم_كورونا,Covid Vaccine,0.5781,1.0,1.0,2020-12-24 13:08:32+00:00,24/12/2020,0,0,0.99560547,0.0023231506,0.002243042,1
203,انحش #تطعيم_كورونا,Covid Vaccine,انحش #تطعيم كورونا,Covid Vaccine,Against,0,Neutral,1,No,0,,A_Explicit,,Target: Covid Vaccine Text: انحش #تطعيم كورونا,,,,,,,,,0,0,0.9863281,0.01360321,0.00028562546,5
226,"  يا رجال، الله سبحانه وتعالى قال ""وَقَرْنَ فِيْ بُيُوْتِكُنَّ"" وهذولا صاروا يتبعون خطوات الغرب، ومما أراه أمامي في عملي أن ""تمكين المرأة"" كذب رأسمالي هدفه القضاء على ما تبقى من الأسرة الطبيعية وتحميل المرأة ما لا تطيق وفتح أبواب الفسا",Women empowerment,"يا رجال، الله سبحانه وتعالي قال ""وَقَرْنَ فِيْ بُيُوْتِكُنَّ"" وهذولا صاروا يتبعون خطوات الغرب، ومما اراه امامي في عملي ان ""تمكين المراة"" كذب راسمالي هدفه القضاء علي ما تبقي من الاسرة الطبيعية وتحميل المراة ما لا تطيق وفتح ابواب الفسا",Women empowerment,Against,0,Negative,0,No,0,,A_Explicit,,"Target: Women empowerment Text: يا رجال، الله سبحانه وتعالي قال ""وَقَرْنَ فِيْ بُيُوْتِكُنَّ"" وهذولا صاروا يتبعون خطوات الغرب، ومما اراه امامي في عملي ان ""تمكين المراة"" كذب راسمالي هدفه القضاء علي ما تبقي من الاسرة الطبيعية وتحميل المراة ما لا تطيق وفتح ابواب الفسا",,,,,,,,,0,0,0.99853516,0.00022184849,0.0010261536,2
226,"  يا رجال، الله سبحانه وتعالى قال ""وَقَرْنَ فِيْ بُيُوْتِكُنَّ"" وهذولا صاروا يتبعون خطوات الغرب، ومما أراه أمامي في عملي أن ""تمكين المرأة"" كذب رأسمالي هدفه القضاء على ما تبقى من الأسرة الطبيعية وتحميل المرأة ما لا تطيق وفتح أبواب الفسا",Women empowerment,"يا رجال، الله سبحانه وتعالى قال ""وَقَرْنَ فِيْ بُيُوْتِكُنَّ"" وهذولا صاروا يتبعون خطوات الغرب، ومما أراه أمامي في عملي أن ""تمكين المرأة"" كذب رأسمالي هدفه القضاء على ما تبقى من الأسرة الطبيعية وتحميل المرأة ما لا تطيق وفتح أبواب الفسا",Women empowerment,Against,0,Negative,0,No,0,,A_Explicit,,"Target: Women empowerment Text: يا رجال، الله سبحانه وتعالى قال ""وَقَرْنَ فِيْ بُيُوْتِكُنَّ"" وهذولا صاروا يتبعون خطوات الغرب، ومما أراه أمامي في عملي أن ""تمكين المرأة"" كذب رأسمالي هدفه القضاء على ما تبقى من الأسرة الطبيعية وتحميل المرأة ما لا تطيق وفتح أبواب الفسا",,"  يا رجال، الله سبحانه وتعالى قال ""وَقَرْنَ فِيْ بُيُوْتِكُنَّ"" وهذولا صاروا يتبعون خطوات الغرب، ومما أراه أمامي في عملي أن ""تمكين المرأة"" كذب رأسمالي هدفه القضاء على ما تبقى من الأسرة الطبيعية وتحميل المرأة ما لا تطيق وفتح أبواب الفسا",Women empowerment,1.0,1.0,1.0,2021-01-25 12:03:36+00:00,25/01/2021,0,0,0.99902344,0.00078201294,0.00035524368,1
229, ما كان فيه استراتيجية بس سوو كم مركز زي امن المعلومات والامن الإلكتروني وعشان التحول الرقمي بدأ العمل على الامن السيبراني من 4-5 سنين لا اكثر,Digital Transformation,ما كان فيه استراتيجية بس سوو كم مركز زي امن المعلومات والامن الالكتروني وعشان التحول الرقمي بدا العمل علي الامن السيبراني من 4-5 سنين لا اكثر,Digital Transformation,None,1,Neutral,1,No,0,,,Not clear,Target: Digital Transformation Text: ما كان فيه استراتيجية بس سوو كم مركز زي امن المعلومات والامن الالكتروني وعشان التحول الرقمي بدا العمل علي الامن السيبراني من 4-5 سنين لا اكثر,,,,,,,,,1,1,0.15930176,0.7338867,0.10681152,3
229, ما كان فيه استراتيجية بس سوو كم مركز زي امن المعلومات والامن الإلكتروني وعشان التحول الرقمي بدأ العمل على الامن السيبراني من 4-5 سنين لا اكثر,Digital Transformation,ما كان فيه استراتيجية بس سوو كم مركز زي امن المعلومات والامن الإلكتروني وعشان التحول الرقمي بدأ العمل على الامن السيبراني من 4-5 سنين لا اكثر,Digital Transformation,None,1,Neutral,1,No,0,,,Not clear,Target: Digital Transformation Text: ما كان فيه استراتيجية بس سوو كم مركز زي امن المعلومات والامن الإلكتروني وعشان التحول الرقمي بدأ العمل على الامن السيبراني من 4-5 سنين لا اكثر,, ما كان فيه استراتيجية بس سوو كم مركز زي امن المعلومات والامن الإلكتروني وعشان التحول الرقمي بدأ العمل على الامن السيبراني من 4-5 سنين لا اكثر,Digital Transformation,0.6249,1.0,1.0,2022-01-13 23:32:17+00:00,13/01/2022,1,1,0.0016956329,0.9970703,0.0011672974,2
248,عزيزي ابوجرعتين لما يوصلك مسج الجرعة التنشيطية لا تتأخر والا سوف يتم حرمانك من (الإمتيازات) الممنوحة لك من وزارة الصحة  ملاحظة : الإمتيازات هي حقوقك الطبيعية والتي كنت تمارسها في العام 2019 وماقبل مثل الدخول للمجمعات والصالونات والاندية والسفر  #حاااحااا #لا_للتطعيم_الاجباري URL,Covid Vaccine,عزيزي ابوجرعتين لما يوصلك مسج الجرعة التنشيطية لا تتاخر والا سوف يتم حرمانك من (الامتيازات) الممنوحة لك من وزارة الصحة ملاحظة : الامتيازات هي حقوقك الطبيعية والتي كنت تمارسها في العام 2019 وماقبل مثل الدخول للمجمعات والصالونات والاندية والسفر #حااحاا #لا للتطعيم الاجباري,Covid Vaccine,Against,0,Neutral,1,No,0,,A_Implicit,,Target: Covid Vaccine Text: عزيزي ابوجرعتين لما يوصلك مسج الجرعة التنشيطية لا تتاخر والا سوف يتم حرمانك من (الامتيازات) الممنوحة لك من وزارة الصحة ملاحظة : الامتيازات هي حقوقك الطبيعية والتي كنت تمارسها في العام 2019 وماقبل مثل الدخول للمجمعات والصالونات والاندية والسفر #حااحاا #لا للتطعيم الاجباري,,,,,,,,,0,0,0.9970703,8.0406666e-05,0.0027065277,5
248,عزيزي ابوجرعتين لما يوصلك مسج الجرعة التنشيطية لا تتأخر والا سوف يتم حرمانك من (الإمتيازات) الممنوحة لك من وزارة الصحة  ملاحظة : الإمتيازات هي حقوقك الطبيعية والتي كنت تمارسها في العام 2019 وماقبل مثل الدخول للمجمعات والصالونات والاندية والسفر  #حاااحااا #لا_للتطعيم_الاجباري URL,Covid Vaccine,عزيزي ابوجرعتين لما يوصلك مسج الجرعة التنشيطية لا تتأخر والا سوف يتم حرمانك من (الإمتيازات) الممنوحة لك من وزارة الصحة  ملاحظة : الإمتيازات هي حقوقك الطبيعية والتي كنت تمارسها في العام 2019 وماقبل مثل الدخول للمجمعات والصالونات والاندية والسفر  #حاااحااا #لا_للتطعيم_الاجباري URL,Covid Vaccine,Against,0,Neutral,1,No,0,,A_Implicit,,Target: Covid Vaccine Text: عزيزي ابوجرعتين لما يوصلك مسج الجرعة التنشيطية لا تتأخر والا سوف يتم حرمانك من (الإمتيازات) الممنوحة لك من وزارة الصحة  ملاحظة : الإمتيازات هي حقوقك الطبيعية والتي كنت تمارسها في العام 2019 وماقبل مثل الدخول للمجمعات والصالونات والاندية والسفر  #حاااحااا #لا_للتطعيم_الاجباري URL,,عزيزي ابوجرعتين لما يوصلك مسج الجرعة التنشيطية لا تتأخر والا سوف يتم حرمانك من (الإمتيازات) الممنوحة لك من وزارة الصحة  ملاحظة : الإمتيازات هي حقوقك الطبيعية والتي كنت تمارسها في العام 2019 وماقبل مثل الدخول للمجمعات والصالونات والاندية والسفر  #حاااحااا #لا_للتطعيم_الاجباري URL,Covid Vaccine,0.5954,0.6311,0.6311,2021-09-27 01:12:49+00:00,27/09/2021,0,0,0.9995117,0.00015234947,0.00041484833,2
254,بما ان اللي ياخذ تطعيم فايزر يصير مثليي الجنس واللي ياخذ لقاح اكسفورد يصير زومبي   هل معناه اللي ياخذ التطعيمين مع بعض يصير زومبي ترف !؟   #نرفض_اللقاح_الإجباري ,Covid Vaccine,بما ان اللي ياخذ تطعيم فايزر يصير مثليي الجنس واللي ياخذ لقاح اكسفورد يصير زومبي   هل معناه اللي ياخذ التطعيمين مع بعض يصير زومبي ترف !؟   #نرفض_اللقاح_الإجباري,Covid Vaccine,Against,0,Neutral,1,Yes,1,,A_Explicit,,Target: Covid Vaccine Text: بما ان اللي ياخذ تطعيم فايزر يصير مثليي الجنس واللي ياخذ لقاح اكسفورد يصير زومبي   هل معناه اللي ياخذ التطعيمين مع بعض يصير زومبي ترف !؟   #نرفض_اللقاح_الإجباري,,بما ان اللي ياخذ تطعيم فايزر يصير مثليي الجنس واللي ياخذ لقاح اكسفورد يصير زومبي   هل معناه اللي ياخذ التطعيمين مع بعض يصير زومبي ترف !؟   #نرفض_اللقاح_الإجباري ,Covid Vaccine,1.0,0.6729,0.7196,2021-05-04 12:23:10+00:00,04/05/2021,0,0,0.99658203,0.003194809,3.415346e-05,5
254,بما ان اللي ياخذ تطعيم فايزر يصير مثليي الجنس واللي ياخذ لقاح اكسفورد يصير زومبي   هل معناه اللي ياخذ التطعيمين مع بعض يصير زومبي ترف !؟   #نرفض_اللقاح_الإجباري ,Covid Vaccine,بما ان اللي ياخذ تطعيم فايزر يصير مثليي الجنس واللي ياخذ لقاح اكسفورد يصير زومبي هل معناه اللي ياخذ التطعيمين مع بعض يصير زومبي ترف !؟ #نرفض اللقاح الاجباري,Covid Vaccine,Against,0,Neutral,1,Yes,1,,A_Explicit,,Target: Covid Vaccine Text: بما ان اللي ياخذ تطعيم فايزر يصير مثليي الجنس واللي ياخذ لقاح اكسفورد يصير زومبي هل معناه اللي ياخذ التطعيمين مع بعض يصير زومبي ترف !؟ #نرفض اللقاح الاجباري,,,,,,,,,0,0,0.98046875,0.019470215,6.276369e-05,5
265,مع التوجه للدفع الالكتروني تم ازالة اكثر من 2000 صراف الي للبنوك واغلاق 60 فرع بمعدل ازالة صراف كل 8 ساعات وبعد 5 سنوات سيتم إغلاق الكثير من فروع البنوك بسبب التحول الرقمي.,Digital Transformation,مع التوجه للدفع الالكتروني تم ازالة اكثر من 200 صراف الي للبنوك واغلاق 60 فرع بمعدل ازالة صراف كل 8 ساعات وبعد 5 سنوات سيتم اغلاق الكثير من فروع البنوك بسبب التحول الرقمي.,Digital Transformation,Against,0,Neutral,1,No,0,,A_Implicit,,Target: Digital Transformation Text: مع التوجه للدفع الالكتروني تم ازالة اكثر من 200 صراف الي للبنوك واغلاق 60 فرع بمعدل ازالة صراف كل 8 ساعات وبعد 5 سنوات سيتم اغلاق الكثير من فروع البنوك بسبب التحول الرقمي.,,,,,,,,,0,0,0.9995117,0.000259161,7.379055e-05,5
265,مع التوجه للدفع الالكتروني تم ازالة اكثر من 2000 صراف الي للبنوك واغلاق 60 فرع بمعدل ازالة صراف كل 8 ساعات وبعد 5 سنوات سيتم إغلاق الكثير من فروع البنوك بسبب التحول الرقمي.,Digital Transformation,مع التوجه للدفع الالكتروني تم ازالة اكثر من 2000 صراف الي للبنوك واغلاق 60 فرع بمعدل ازالة صراف كل 8 ساعات وبعد 5 سنوات سيتم إغلاق الكثير من فروع البنوك بسبب التحول الرقمي.,Digital Transformation,Against,0,Neutral,1,No,0,,A_Implicit,,Target: Digital Transformation Text: مع التوجه للدفع الالكتروني تم ازالة اكثر من 2000 صراف الي للبنوك واغلاق 60 فرع بمعدل ازالة صراف كل 8 ساعات وبعد 5 سنوات سيتم إغلاق الكثير من فروع البنوك بسبب التحول الرقمي.,,مع التوجه للدفع الالكتروني تم ازالة اكثر من 2000 صراف الي للبنوك واغلاق 60 فرع بمعدل ازالة صراف كل 8 ساعات وبعد 5 سنوات سيتم إغلاق الكثير من فروع البنوك بسبب التحول الرقمي.,Digital Transformation,0.3981,1.0,0.599,2022-02-10 09:44:30+00:00,10/02/2022,0,0,0.98583984,0.012809753,0.0013055801,4
268,  ضد تمكين المرأه وضد اي شيء متعلق بالمرأه 😅,Women empowerment,ضد تمكين المراه وضد اي شيء متعلق بالمراه 😅,Women empowerment,Against,0,Negative,0,No,0,,A_Explicit,,Target: Women empowerment Text: ضد تمكين المراه وضد اي شيء متعلق بالمراه 😅,,,,,,,,,0,0,0.9975586,0.00048041344,0.0017538071,4
268,  ضد تمكين المرأه وضد اي شيء متعلق بالمرأه 😅,Women empowerment,ضد تمكين المرأه وضد اي شيء متعلق بالمرأه 😅,Women empowerment,Against,0,Negative,0,No,0,,A_Explicit,,Target: Women empowerment Text: ضد تمكين المرأه وضد اي شيء متعلق بالمرأه 😅,,  ضد تمكين المرأه وضد اي شيء متعلق بالمرأه 😅,Women empowerment,1.0,0.5673,1.0,2022-05-10 05:50:44+00:00,10/05/2022,0,0,1.0,5.507469e-05,5.340576e-05,5
270,  تزوجوا قبلنا اقل من 20 وناضجين وفاهمين ان الحياة فيها صعوبات وعواصف لكن هذا جيل معرض للتسطيح من تلفزيون وسائل تواصل والنتيجة على ماقال ازمة فكر كل بلشان بالمسؤوليه يبي الهروب في اتفه سبب والنتيجه الطلاق وضياع الاسرة زد عليها موضوع تمكين ,Women empowerment,تزوجوا قبلنا اقل من 20 وناضجين وفاهمين ان الحياة فيها صعوبات وعواصف لكن هذا جيل معرض للتسطيح من تلفزيون وسائل تواصل والنتيجة على ماقال ازمة فكر كل بلشان بالمسؤوليه يبي الهروب في اتفه سبب والنتيجه الطلاق وضياع الاسرة زد عليها موضوع تمكين,Women empowerment,Against,0,Negative,0,No,0,,A_Explicit,,Target: Women empowerment Text: تزوجوا قبلنا اقل من 20 وناضجين وفاهمين ان الحياة فيها صعوبات وعواصف لكن هذا جيل معرض للتسطيح من تلفزيون وسائل تواصل والنتيجة على ماقال ازمة فكر كل بلشان بالمسؤوليه يبي الهروب في اتفه سبب والنتيجه الطلاق وضياع الاسرة زد عليها موضوع تمكين,,  تزوجوا قبلنا اقل من 20 وناضجين وفاهمين ان الحياة فيها صعوبات وعواصف لكن هذا جيل معرض للتسطيح من تلفزيون وسائل تواصل والنتيجة على ماقال ازمة فكر كل بلشان بالمسؤوليه يبي الهروب في اتفه سبب والنتيجه الطلاق وضياع الاسرة زد عليها موضوع تمكين ,Women empowerment,1.0,1.0,0.7948,2022-04-28 16:18:21+00:00,28/04/2022,0,0,1.0,6.2048435e-05,4.172325e-05,5
270,  تزوجوا قبلنا اقل من 20 وناضجين وفاهمين ان الحياة فيها صعوبات وعواصف لكن هذا جيل معرض للتسطيح من تلفزيون وسائل تواصل والنتيجة على ماقال ازمة فكر كل بلشان بالمسؤوليه يبي الهروب في اتفه سبب والنتيجه الطلاق وضياع الاسرة زد عليها موضوع تمكين ,Women empowerment,تزوجوا قبلنا اقل من 20 وناضجين وفاهمين ان الحياة فيها صعوبات وعواصف لكن هذا جيل معرض للتسطيح من تلفزيون وسائل تواصل والنتيجة علي ماقال ازمة فكر كل بلشان بالمسؤوليه يبي الهروب في اتفه سبب والنتيجه الطلاق وضياع الاسرة زد عليها موضوع تمكين,Women empowerment,Against,0,Negative,0,No,0,,A_Explicit,,Target: Women empowerment Text: تزوجوا قبلنا اقل من 20 وناضجين وفاهمين ان الحياة فيها صعوبات وعواصف لكن هذا جيل معرض للتسطيح من تلفزيون وسائل تواصل والنتيجة علي ماقال ازمة فكر كل بلشان بالمسؤوليه يبي الهروب في اتفه سبب والنتيجه الطلاق وضياع الاسرة زد عليها موضوع تمكين,,,,,,,,,0,0,0.9995117,0.00036239624,0.00030827522,2
273,    ضيف مميز 🤍اسأل سليمان عن تمكين المرأة لعبته هالمواضيع..,Women empowerment,ضيف مميز 🤍اسأل سليمان عن تمكين المرأة لعبته هالمواضيع..,Women empowerment,None,1,Positive,2,No,0,,,Not clear,Target: Women empowerment Text: ضيف مميز 🤍اسأل سليمان عن تمكين المرأة لعبته هالمواضيع..,,    ضيف مميز 🤍اسأل سليمان عن تمكين المرأة لعبته هالمواضيع..,Women empowerment,0.7739,1.0,0.6081,2022-04-22 16:23:42+00:00,22/04/2022,1,1,0.0036315918,0.9824219,0.013870239,2
273,    ضيف مميز 🤍اسأل سليمان عن تمكين المرأة لعبته هالمواضيع..,Women empowerment,ضيف مميز 🤍اسال سليمان عن تمكين المراة لعبته هالمواضيع..,Women empowerment,None,1,Positive,2,No,0,,,Not clear,Target: Women empowerment Text: ضيف مميز 🤍اسال سليمان عن تمكين المراة لعبته هالمواضيع..,,,,,,,,,1,1,0.0018367767,0.9892578,0.008766174,1
312, يمكن أحسن وزير في الأفكار  لكن على مستوى التنفيذ يعتبر أفشل وزير تعليم في تاريخ وزارات التعليم على مستوى الكورة الأرضية!!! التحول الرقمي والتعليم الإلكتروني ميتعملش بفتحة الصدر كده خالص ✋🏼 وفيه تجارب لدول كتير  مش بقول كلام من عندي,Digital Transformation,يمكن أحسن وزير في الأفكار  لكن على مستوى التنفيذ يعتبر أفشل وزير تعليم في تاريخ وزارات التعليم على مستوى الكورة الأرضية!!! التحول الرقمي والتعليم الإلكتروني ميتعملش بفتحة الصدر كده خالص ✋🏼 وفيه تجارب لدول كتير  مش بقول كلام من عندي,Digital Transformation,Against,0,Negative,0,No,0,,A_Explicit,,Target: Digital Transformation Text: يمكن أحسن وزير في الأفكار  لكن على مستوى التنفيذ يعتبر أفشل وزير تعليم في تاريخ وزارات التعليم على مستوى الكورة الأرضية!!! التحول الرقمي والتعليم الإلكتروني ميتعملش بفتحة الصدر كده خالص ✋🏼 وفيه تجارب لدول كتير  مش بقول كلام من عندي,, يمكن أحسن وزير في الأفكار  لكن على مستوى التنفيذ يعتبر أفشل وزير تعليم في تاريخ وزارات التعليم على مستوى الكورة الأرضية!!! التحول الرقمي والتعليم الإلكتروني ميتعملش بفتحة الصدر كده خالص ✋🏼 وفيه تجارب لدول كتير  مش بقول كلام من عندي,Digital Transformation,1.0,1.0,0.7737,2020-04-02 14:54:38+00:00,02/04/2020,0,0,0.9980469,0.0012903214,0.00045681,4
312, يمكن أحسن وزير في الأفكار  لكن على مستوى التنفيذ يعتبر أفشل وزير تعليم في تاريخ وزارات التعليم على مستوى الكورة الأرضية!!! التحول الرقمي والتعليم الإلكتروني ميتعملش بفتحة الصدر كده خالص ✋🏼 وفيه تجارب لدول كتير  مش بقول كلام من عندي,Digital Transformation,يمكن احسن وزير في الافكار لكن علي مستوي التنفيذ يعتبر افشل وزير تعليم في تاريخ وزارات التعليم علي مستوي الكورة الارضية!! التحول الرقمي والتعليم الالكتروني ميتعملش بفتحة الصدر كده خالص ✋🏼 وفيه تجارب لدول كتير مش بقول كلام من عندي,Digital Transformation,Against,0,Negative,0,No,0,,A_Explicit,,Target: Digital Transformation Text: يمكن احسن وزير في الافكار لكن علي مستوي التنفيذ يعتبر افشل وزير تعليم في تاريخ وزارات التعليم علي مستوي الكورة الارضية!! التحول الرقمي والتعليم الالكتروني ميتعملش بفتحة الصدر كده خالص ✋🏼 وفيه تجارب لدول كتير مش بقول كلام من عندي,,,,,,,,,0,0,1.0,3.761053e-05,6.425381e-05,5
318, لعل من أسباب عدم التحول الى التصويت الالكتروني أن نظام الانتخابات صادر وفق تنظيمات وتشريعات وتم اول تعديل عليها ١٨٠٤  كما أخذ تطويرها عقودا من الزمن آخرها ١٩٦٠  وادلى ربع الناخبين ٢٠١٦ باصواتهم عبر البريد وزاد هذا العام بسبب كورونا   ولاشك ,Digital Transformation,لعل من اسباب عدم التحول الي التصويت الالكتروني ان نظام الانتخابات صادر وفق تنظيمات وتشريعات وتم اول تعديل عليها ١٨٠٤ كما اخذ تطويرها عقودا من الزمن اخرها ١٩٦٠ وادلي ربع الناخبين ٢٠١٦ باصواتهم عبر البريد وزاد هذا العام بسبب كورونا ولاشك,Digital Transformation,None,1,Neutral,1,No,0,,,Not clear,Target: Digital Transformation Text: لعل من اسباب عدم التحول الي التصويت الالكتروني ان نظام الانتخابات صادر وفق تنظيمات وتشريعات وتم اول تعديل عليها ١٨٠٤ كما اخذ تطويرها عقودا من الزمن اخرها ١٩٦٠ وادلي ربع الناخبين ٢٠١٦ باصواتهم عبر البريد وزاد هذا العام بسبب كورونا ولاشك,,,,,,,,,1,1,0.00015330315,1.0,2.9623508e-05,5
318, لعل من أسباب عدم التحول الى التصويت الالكتروني أن نظام الانتخابات صادر وفق تنظيمات وتشريعات وتم اول تعديل عليها ١٨٠٤  كما أخذ تطويرها عقودا من الزمن آخرها ١٩٦٠  وادلى ربع الناخبين ٢٠١٦ باصواتهم عبر البريد وزاد هذا العام بسبب كورونا   ولاشك ,Digital Transformation,لعل من أسباب عدم التحول الى التصويت الالكتروني أن نظام الانتخابات صادر وفق تنظيمات وتشريعات وتم اول تعديل عليها ١٨٠٤  كما أخذ تطويرها عقودا من الزمن آخرها ١٩٦٠  وادلى ربع الناخبين ٢٠١٦ باصواتهم عبر البريد وزاد هذا العام بسبب كورونا   ولاشك,Digital Transformation,None,1,Neutral,1,No,0,,,Not clear,Target: Digital Transformation Text: لعل من أسباب عدم التحول الى التصويت الالكتروني أن نظام الانتخابات صادر وفق تنظيمات وتشريعات وتم اول تعديل عليها ١٨٠٤  كما أخذ تطويرها عقودا من الزمن آخرها ١٩٦٠  وادلى ربع الناخبين ٢٠١٦ باصواتهم عبر البريد وزاد هذا العام بسبب كورونا   ولاشك,, لعل من أسباب عدم التحول الى التصويت الالكتروني أن نظام الانتخابات صادر وفق تنظيمات وتشريعات وتم اول تعديل عليها ١٨٠٤  كما أخذ تطويرها عقودا من الزمن آخرها ١٩٦٠  وادلى ربع الناخبين ٢٠١٦ باصواتهم عبر البريد وزاد هذا العام بسبب كورونا   ولاشك ,Digital Transformation,0.7779,1.0,0.582,2020-11-10 14:02:28+00:00,10/11/2020,1,1,0.005001068,0.9921875,0.003030777,1
326,MENTION MENTION التطعيمات الي يطعمونها وهم صغار ماقروها الا بعد بحوث وبعدين الامراض الي يطعمونهم عنها امراض خطيره والتطعيم يحميهم بعد الله ولايصابون اما تطعيم كورونا لايحمي من الاصابه وكورونا اطفالنا جاهم واعراض خفيفه وش له التطعيم تقولون كلام مو فاهمينه,Covid Vaccine,مستخدم مستخدم التطعيمات الي يطعمونها وهم صغار ماقروها الا بعد بحوث وبعدين الامراض الي يطعمونهم عنها امراض خطيره والتطعيم يحميهم بعد الله ولايصابون اما تطعيم كورونا لايحمي من الاصابه وكورونا اطفالنا جاهم واعراض خفيفه وش له التطعيم تقولون كلام مو فاهمينه,Covid Vaccine,Against,0,Neutral,1,No,0,,A_Implicit,,Target: Covid Vaccine Text: مستخدم مستخدم التطعيمات الي يطعمونها وهم صغار ماقروها الا بعد بحوث وبعدين الامراض الي يطعمونهم عنها امراض خطيره والتطعيم يحميهم بعد الله ولايصابون اما تطعيم كورونا لايحمي من الاصابه وكورونا اطفالنا جاهم واعراض خفيفه وش له التطعيم تقولون كلام مو فاهمينه,,,,,,,,,0,0,0.9946289,0.0021591187,0.0031814575,4
326,MENTION MENTION التطعيمات الي يطعمونها وهم صغار ماقروها الا بعد بحوث وبعدين الامراض الي يطعمونهم عنها امراض خطيره والتطعيم يحميهم بعد الله ولايصابون اما تطعيم كورونا لايحمي من الاصابه وكورونا اطفالنا جاهم واعراض خفيفه وش له التطعيم تقولون كلام مو فاهمينه,Covid Vaccine,MENTION MENTION التطعيمات الي يطعمونها وهم صغار ماقروها الا بعد بحوث وبعدين الامراض الي يطعمونهم عنها امراض خطيره والتطعيم يحميهم بعد الله ولايصابون اما تطعيم كورونا لايحمي من الاصابه وكورونا اطفالنا جاهم واعراض خفيفه وش له التطعيم تقولون كلام مو فاهمينه,Covid Vaccine,Against,0,Neutral,1,No,0,,A_Implicit,,Target: Covid Vaccine Text: MENTION MENTION التطعيمات الي يطعمونها وهم صغار ماقروها الا بعد بحوث وبعدين الامراض الي يطعمونهم عنها امراض خطيره والتطعيم يحميهم بعد الله ولايصابون اما تطعيم كورونا لايحمي من الاصابه وكورونا اطفالنا جاهم واعراض خفيفه وش له التطعيم تقولون كلام مو فاهمينه,,MENTION MENTION التطعيمات الي يطعمونها وهم صغار ماقروها الا بعد بحوث وبعدين الامراض الي يطعمونهم عنها امراض خطيره والتطعيم يحميهم بعد الله ولايصابون اما تطعيم كورونا لايحمي من الاصابه وكورونا اطفالنا جاهم واعراض خفيفه وش له التطعيم تقولون كلام مو فاهمينه,Covid Vaccine,1.0,1.0,1.0,2021-11-03 17:43:47+00:00,03/11/2021,0,0,0.98535156,0.005695343,0.009178162,4
465,#موتمر_تمكين_المراه_2022   هل تتفقون معي ان المراة بدت تاخذ الوظائف على الرجال ؟   يعني كم شاب عاطل بسبب امراة كم بيت ممكن يفتح لو توظف هذا الشاب ؟,Women empowerment,#موتمر_تمكين_المراه_2022   هل تتفقون معي ان المراة بدت تاخذ الوظائف على الرجال ؟   يعني كم شاب عاطل بسبب امراة كم بيت ممكن يفتح لو توظف هذا الشاب ؟,Women empowerment,Against,0,Negative,0,No,0,,A_Explicit,,Target: Women empowerment Text: #موتمر_تمكين_المراه_2022   هل تتفقون معي ان المراة بدت تاخذ الوظائف على الرجال ؟   يعني كم شاب عاطل بسبب امراة كم بيت ممكن يفتح لو توظف هذا الشاب ؟,,#موتمر_تمكين_المراه_2022   هل تتفقون معي ان المراة بدت تاخذ الوظائف على الرجال ؟   يعني كم شاب عاطل بسبب امراة كم بيت ممكن يفتح لو توظف هذا الشاب ؟,Women empowerment,1.0,0.7903,0.8028,2022-03-24 18:23:49+00:00,24/03/2022,0,0,0.99365234,0.003566742,0.0027580261,3
465,#موتمر_تمكين_المراه_2022   هل تتفقون معي ان المراة بدت تاخذ الوظائف على الرجال ؟   يعني كم شاب عاطل بسبب امراة كم بيت ممكن يفتح لو توظف هذا الشاب ؟,Women empowerment,#موتمر تمكين المراه 2022 هل تتفقون معي ان المراة بدت تاخذ الوظائف علي الرجال ؟ يعني كم شاب عاطل بسبب امراة كم بيت ممكن يفتح لو توظف هذا الشاب ؟,Women empowerment,Against,0,Negative,0,No,0,,A_Explicit,,Target: Women empowerment Text: #موتمر تمكين المراه 2022 هل تتفقون معي ان المراة بدت تاخذ الوظائف علي الرجال ؟ يعني كم شاب عاطل بسبب امراة كم بيت ممكن يفتح لو توظف هذا الشاب ؟,,,,,,,,,0,0,0.92333984,0.0020275116,0.074523926,1
466, هذه الجريدة تحديداً لا تنفع الا سفرة اكل للعزاب او تلف فيها الاغراض القابلة للكسر اثناء النقل وبسبب التحول الالكتروني خسرت حتى الفوائد المذكورة سابقاً,Digital Transformation,هذه الجريدة تحديداً لا تنفع الا سفرة اكل للعزاب او تلف فيها الاغراض القابلة للكسر اثناء النقل وبسبب التحول الالكتروني خسرت حتي الفوائد المذكورة سابقاً,Digital Transformation,Against,0,Negative,0,No,0,,A_Explicit,,Target: Digital Transformation Text: هذه الجريدة تحديداً لا تنفع الا سفرة اكل للعزاب او تلف فيها الاغراض القابلة للكسر اثناء النقل وبسبب التحول الالكتروني خسرت حتي الفوائد المذكورة سابقاً,,,,,,,,,0,0,0.9975586,0.0016794205,0.0008559227,4
466, هذه الجريدة تحديداً لا تنفع الا سفرة اكل للعزاب او تلف فيها الاغراض القابلة للكسر اثناء النقل وبسبب التحول الالكتروني خسرت حتى الفوائد المذكورة سابقاً,Digital Transformation,هذه الجريدة تحديداً لا تنفع الا سفرة اكل للعزاب او تلف فيها الاغراض القابلة للكسر اثناء النقل وبسبب التحول الالكتروني خسرت حتى الفوائد المذكورة سابقاً,Digital Transformation,Against,0,Negative,0,No,0,,A_Explicit,,Target: Digital Transformation Text: هذه الجريدة تحديداً لا تنفع الا سفرة اكل للعزاب او تلف فيها الاغراض القابلة للكسر اثناء النقل وبسبب التحول الالكتروني خسرت حتى الفوائد المذكورة سابقاً,, هذه الجريدة تحديداً لا تنفع الا سفرة اكل للعزاب او تلف فيها الاغراض القابلة للكسر اثناء النقل وبسبب التحول الالكتروني خسرت حتى الفوائد المذكورة سابقاً,Digital Transformation,0.7665,0.7753,0.7894,2020-07-25 01:00:53+00:00,25/07/2020,0,0,0.9970703,0.0019550323,0.000770092,4
479,#من_حقنا_نرفض رغم تطعيم 60% من سكانها..ارتفاع حالات فيروس كورونا في جزر سيشل - CNN Arabic URL,Covid Vaccine,#من_حقنا_نرفض رغم تطعيم 60% من سكانها..ارتفاع حالات فيروس كورونا في جزر سيشل - CNN Arabic URL,Covid Vaccine,Against,0,Neutral,1,No,0,,A_Explicit,,Target: Covid Vaccine Text: #من_حقنا_نرفض رغم تطعيم 60% من سكانها..ارتفاع حالات فيروس كورونا في جزر سيشل - CNN Arabic URL,,#من_حقنا_نرفض رغم تطعيم 60% من سكانها..ارتفاع حالات فيروس كورونا في جزر سيشل - CNN Arabic URL,Covid Vaccine,1.0,1.0,0.6981,2021-05-18 23:00:36+00:00,18/05/2021,0,0,0.98779297,0.009994507,0.0021743774,3
479,#من_حقنا_نرفض رغم تطعيم 60% من سكانها..ارتفاع حالات فيروس كورونا في جزر سيشل - CNN Arabic URL,Covid Vaccine,#من حقنا نرفض رغم تطعيم 60% من سكانها..ارتفاع حالات فيروس كورونا في جزر سيشل - CNN Arabic,Covid Vaccine,Against,0,Neutral,1,No,0,,A_Explicit,,Target: Covid Vaccine Text: #من حقنا نرفض رغم تطعيم 60% من سكانها..ارتفاع حالات فيروس كورونا في جزر سيشل - CNN Arabic,,,,,,,,,0,0,0.99658203,0.0028800964,0.0006146431,4
494,اي ابن وسخة عايز يبيع حاجة يحكها ف الفري سبيتش و تمكين المرأة و حقوق الآقليات..بقت آلية لاي ابن وسخة خلاص URL,Women empowerment,اي ابن وسخة عايز يبيع حاجة يحكها ف الفري سبيتش و تمكين المراة و حقوق الاقليات..بقت الية لاي ابن وسخة خلاص,Women empowerment,Against,0,Negative,0,No,0,,A_Explicit,,Target: Women empowerment Text: اي ابن وسخة عايز يبيع حاجة يحكها ف الفري سبيتش و تمكين المراة و حقوق الاقليات..بقت الية لاي ابن وسخة خلاص,,,,,,,,,0,0,0.9975586,0.0006327629,0.0017166138,4
494,اي ابن وسخة عايز يبيع حاجة يحكها ف الفري سبيتش و تمكين المرأة و حقوق الآقليات..بقت آلية لاي ابن وسخة خلاص URL,Women empowerment,اي ابن وسخة عايز يبيع حاجة يحكها ف الفري سبيتش و تمكين المرأة و حقوق الآقليات..بقت آلية لاي ابن وسخة خلاص URL,Women empowerment,Against,0,Negative,0,No,0,,A_Explicit,,Target: Women empowerment Text: اي ابن وسخة عايز يبيع حاجة يحكها ف الفري سبيتش و تمكين المرأة و حقوق الآقليات..بقت آلية لاي ابن وسخة خلاص URL,,اي ابن وسخة عايز يبيع حاجة يحكها ف الفري سبيتش و تمكين المرأة و حقوق الآقليات..بقت آلية لاي ابن وسخة خلاص URL,Women empowerment,0.5714,1.0,1.0,2022-04-25 23:23:58+00:00,25/04/2022,0,0,1.0,0.00012075901,3.838539e-05,5
498,قبل شهر  كانت هذه المواضيع مجرد رفاهية ولا قيمة لها  والآن أصبحت حاجة ملحة !  ( #التعليم_عن_بعد   #العمل_عن_بعد   #التسويق_الإلكتروني   #الإجتماعات_المرئية   #الواقع_المعزز   #التحول_الرقمي ) و هذا كله بسبب #فيروس_كورونا,Digital Transformation,قبل شهر  كانت هذه المواضيع مجرد رفاهية ولا قيمة لها  والآن أصبحت حاجة ملحة !  ( #التعليم_عن_بعد   #العمل_عن_بعد   #التسويق_الإلكتروني   #الإجتماعات_المرئية   #الواقع_المعزز   #التحول_الرقمي ) و هذا كله بسبب #فيروس_كورونا,Digital Transformation,Against,0,Positive,2,No,0,,A_Explicit,,Target: Digital Transformation Text: قبل شهر  كانت هذه المواضيع مجرد رفاهية ولا قيمة لها  والآن أصبحت حاجة ملحة !  ( #التعليم_عن_بعد   #العمل_عن_بعد   #التسويق_الإلكتروني   #الإجتماعات_المرئية   #الواقع_المعزز   #التحول_الرقمي ) و هذا كله بسبب #فيروس_كورونا,,قبل شهر  كانت هذه المواضيع مجرد رفاهية ولا قيمة لها  والآن أصبحت حاجة ملحة !  ( #التعليم_عن_بعد   #العمل_عن_بعد   #التسويق_الإلكتروني   #الإجتماعات_المرئية   #الواقع_المعزز   #التحول_الرقمي ) و هذا كله بسبب #فيروس_كورونا,Digital Transformation,0.4193,1.0,1.0,2020-03-25 16:08:24+00:00,25/03/2020,0,0,0.99902344,0.00070238113,0.00037670135,2
498,قبل شهر  كانت هذه المواضيع مجرد رفاهية ولا قيمة لها  والآن أصبحت حاجة ملحة !  ( #التعليم_عن_بعد   #العمل_عن_بعد   #التسويق_الإلكتروني   #الإجتماعات_المرئية   #الواقع_المعزز   #التحول_الرقمي ) و هذا كله بسبب #فيروس_كورونا,Digital Transformation,قبل شهر كانت هذه المواضيع مجرد رفاهية ولا قيمة لها والان اصبحت حاجة ملحة ! ( #التعليم عن بعد #العمل عن بعد #التسويق الالكتروني #الاجتماعات المرئية #الواقع المعزز #التحول الرقمي ) و هذا كله بسبب #فيروس كورونا,Digital Transformation,Against,0,Positive,2,No,0,,A_Explicit,,Target: Digital Transformation Text: قبل شهر كانت هذه المواضيع مجرد رفاهية ولا قيمة لها والان اصبحت حاجة ملحة ! ( #التعليم عن بعد #العمل عن بعد #التسويق الالكتروني #الاجتماعات المرئية #الواقع المعزز #التحول الرقمي ) و هذا كله بسبب #فيروس كورونا,,,,,,,,,0,0,0.45214844,0.16052246,0.38720703,3
502, التحول الالكتروني لوكان فيه حاجة ماسة مثل التحول الرقمي اللي حصل بالمحاكم والجوازات كانت ضرورة كانت تحولو والتاجر صدقني احرص منا على تجارته لو عارف انها تكسبه فلوس كان سواها,Digital Transformation,التحول الالكتروني لوكان فيه حاجة ماسة مثل التحول الرقمي اللي حصل بالمحاكم والجوازات كانت ضرورة كانت تحولو والتاجر صدقني احرص منا علي تجارته لو عارف انها تكسبه فلوس كان سواها,Digital Transformation,None,1,Negative,0,No,0,,,Not clear,Target: Digital Transformation Text: التحول الالكتروني لوكان فيه حاجة ماسة مثل التحول الرقمي اللي حصل بالمحاكم والجوازات كانت ضرورة كانت تحولو والتاجر صدقني احرص منا علي تجارته لو عارف انها تكسبه فلوس كان سواها,,,,,,,,,1,1,0.00014972687,1.0,2.6345253e-05,5
502, التحول الالكتروني لوكان فيه حاجة ماسة مثل التحول الرقمي اللي حصل بالمحاكم والجوازات كانت ضرورة كانت تحولو والتاجر صدقني احرص منا على تجارته لو عارف انها تكسبه فلوس كان سواها,Digital Transformation,التحول الالكتروني لوكان فيه حاجة ماسة مثل التحول الرقمي اللي حصل بالمحاكم والجوازات كانت ضرورة كانت تحولو والتاجر صدقني احرص منا على تجارته لو عارف انها تكسبه فلوس كان سواها,Digital Transformation,None,1,Negative,0,No,0,,,Not clear,Target: Digital Transformation Text: التحول الالكتروني لوكان فيه حاجة ماسة مثل التحول الرقمي اللي حصل بالمحاكم والجوازات كانت ضرورة كانت تحولو والتاجر صدقني احرص منا على تجارته لو عارف انها تكسبه فلوس كان سواها,, التحول الالكتروني لوكان فيه حاجة ماسة مثل التحول الرقمي اللي حصل بالمحاكم والجوازات كانت ضرورة كانت تحولو والتاجر صدقني احرص منا على تجارته لو عارف انها تكسبه فلوس كان سواها,Digital Transformation,0.4022,1.0,0.483,2020-03-23 16:57:31+00:00,23/03/2020,1,1,0.0033168793,0.99609375,0.00041270256,1
541,    مع تمكين المرأة من الوظائف يجب ان يعيد المجتمع ترتيب اوراقه فتتكفل المرأة بفتح البيت والمهر وتكاليف الزواج اما الرجل الذي اخذت المرأة مكانه في سوق العمل فيجلس في البيت 😁. وبالمرة نغير شرع الله ونخلي العص,Women empowerment,مع تمكين المراة من الوظائف يجب ان يعيد المجتمع ترتيب اوراقه فتتكفل المراة بفتح البيت والمهر وتكاليف الزواج اما الرجل الذي اخذت المراة مكانه في سوق العمل فيجلس في البيت 😁. وبالمرة نغير شرع الله ونخلي العص,Women empowerment,Against,0,Negative,0,No,0,,A_Explicit,,Target: Women empowerment Text: مع تمكين المراة من الوظائف يجب ان يعيد المجتمع ترتيب اوراقه فتتكفل المراة بفتح البيت والمهر وتكاليف الزواج اما الرجل الذي اخذت المراة مكانه في سوق العمل فيجلس في البيت 😁. وبالمرة نغير شرع الله ونخلي العص,,,,,,,,,0,0,0.9980469,0.00039982796,0.001619339,1
541,    مع تمكين المرأة من الوظائف يجب ان يعيد المجتمع ترتيب اوراقه فتتكفل المرأة بفتح البيت والمهر وتكاليف الزواج اما الرجل الذي اخذت المرأة مكانه في سوق العمل فيجلس في البيت 😁. وبالمرة نغير شرع الله ونخلي العص,Women empowerment,مع تمكين المرأة من الوظائف يجب ان يعيد المجتمع ترتيب اوراقه فتتكفل المرأة بفتح البيت والمهر وتكاليف الزواج اما الرجل الذي اخذت المرأة مكانه في سوق العمل فيجلس في البيت 😁. وبالمرة نغير شرع الله ونخلي العص,Women empowerment,Against,0,Negative,0,No,0,,A_Explicit,,Target: Women empowerment Text: مع تمكين المرأة من الوظائف يجب ان يعيد المجتمع ترتيب اوراقه فتتكفل المرأة بفتح البيت والمهر وتكاليف الزواج اما الرجل الذي اخذت المرأة مكانه في سوق العمل فيجلس في البيت 😁. وبالمرة نغير شرع الله ونخلي العص,,    مع تمكين المرأة من الوظائف يجب ان يعيد المجتمع ترتيب اوراقه فتتكفل المرأة بفتح البيت والمهر وتكاليف الزواج اما الرجل الذي اخذت المرأة مكانه في سوق العمل فيجلس في البيت 😁. وبالمرة نغير شرع الله ونخلي العص,Women empowerment,0.7625,0.5728,0.7861,2022-05-07 22:41:09+00:00,07/05/2022,0,0,1.0,0.00015449524,2.2292137e-05,5
546,بس أهم شيء تمكين المرأة علشان يرضى علينا الغرب و نصير مثله للهاوية 🤷🏼‍♂️ ,Women empowerment,بس أهم شيء تمكين المرأة علشان يرضى علينا الغرب و نصير مثله للهاوية 🤷🏼‍♂️,Women empowerment,Against,0,Negative,0,No,0,,A_Explicit,,Target: Women empowerment Text: بس أهم شيء تمكين المرأة علشان يرضى علينا الغرب و نصير مثله للهاوية 🤷🏼‍♂️,,بس أهم شيء تمكين المرأة علشان يرضى علينا الغرب و نصير مثله للهاوية 🤷🏼‍♂️ ,Women empowerment,1.0,0.6623,0.8231,2021-03-23 21:35:28+00:00,23/03/2021,0,0,0.9975586,0.0008430481,0.0013923645,4
546,بس أهم شيء تمكين المرأة علشان يرضى علينا الغرب و نصير مثله للهاوية 🤷🏼‍♂️ ,Women empowerment,بس اهم شيء تمكين المراة علشان يرضي علينا الغرب و نصير مثله للهاوية 🤷🏼‍♂️,Women empowerment,Against,0,Negative,0,No,0,,A_Explicit,,Target: Women empowerment Text: بس اهم شيء تمكين المراة علشان يرضي علينا الغرب و نصير مثله للهاوية 🤷🏼‍♂️,,,,,,,,,0,0,0.9970703,0.00036597252,0.0025253296,1
558,لابد من رفض مقترح التربية التحول للتعليم الإلكتروني وجعل هذا رأي عام  موقع الفيس مهم للتعبير عن رأي الشعب  مستقبل أبنائنا في خطر ونرفض التعليم الإلكتروني.,Digital Transformation,لابد من رفض مقترح التربية التحول للتعليم الإلكتروني وجعل هذا رأي عام  موقع الفيس مهم للتعبير عن رأي الشعب  مستقبل أبنائنا في خطر ونرفض التعليم الإلكتروني.,Digital Transformation,Against,0,Negative,0,No,0,,A_Explicit,,Target: Digital Transformation Text: لابد من رفض مقترح التربية التحول للتعليم الإلكتروني وجعل هذا رأي عام  موقع الفيس مهم للتعبير عن رأي الشعب  مستقبل أبنائنا في خطر ونرفض التعليم الإلكتروني.,,لابد من رفض مقترح التربية التحول للتعليم الإلكتروني وجعل هذا رأي عام  موقع الفيس مهم للتعبير عن رأي الشعب  مستقبل أبنائنا في خطر ونرفض التعليم الإلكتروني.,Digital Transformation,1.0,1.0,1.0,2021-11-30 17:05:34+00:00,30/11/2021,0,0,0.99902344,0.0009012222,0.00026464462,2
558,لابد من رفض مقترح التربية التحول للتعليم الإلكتروني وجعل هذا رأي عام  موقع الفيس مهم للتعبير عن رأي الشعب  مستقبل أبنائنا في خطر ونرفض التعليم الإلكتروني.,Digital Transformation,لابد من رفض مقترح التربية التحول للتعليم الالكتروني وجعل هذا راي عام موقع الفيس مهم للتعبير عن راي الشعب مستقبل ابنائنا في خطر ونرفض التعليم الالكتروني.,Digital Transformation,Against,0,Negative,0,No,0,,A_Explicit,,Target: Digital Transformation Text: لابد من رفض مقترح التربية التحول للتعليم الالكتروني وجعل هذا راي عام موقع الفيس مهم للتعبير عن راي الشعب مستقبل ابنائنا في خطر ونرفض التعليم الالكتروني.,,,,,,,,,0,0,0.9819336,0.01096344,0.0071868896,3
582,#العمل_عن_بعد #الحكومة_الالكترونية ما مدى نجاحنا في التحول الالكتروني ؟! ما مدى رضانا عن مستوى العمل عن بعد؟! ما هي المؤسسة الأكثر فاعلية في الأداء؟! ما هي المؤسسة الأسوأ في الأداء؟! التجربة خير برهان..  استقراء الآراء ينير الأخطاء ويصوبها.. ربما علينا ذكر تجاربنا الشخصية!,Digital Transformation,#العمل عن بعد #الحكومة الالكترونية ما مدي نجاحنا في التحول الالكتروني ؟! ما مدي رضانا عن مستوي العمل عن بعد؟! ما هي المؤسسة الاكثر فاعلية في الاداء؟! ما هي المؤسسة الاسوا في الاداء؟! التجربة خير برهان.. استقراء الاراء ينير الاخطاء ويصوبها.. ربما علينا ذكر تجاربنا الشخصية!,Digital Transformation,None,1,Neutral,1,No,0,,,Not clear,Target: Digital Transformation Text: #العمل عن بعد #الحكومة الالكترونية ما مدي نجاحنا في التحول الالكتروني ؟! ما مدي رضانا عن مستوي العمل عن بعد؟! ما هي المؤسسة الاكثر فاعلية في الاداء؟! ما هي المؤسسة الاسوا في الاداء؟! التجربة خير برهان.. استقراء الاراء ينير الاخطاء ويصوبها.. ربما علينا ذكر تجاربنا الشخصية!,,,,,,,,,1,1,0.00020706654,0.98828125,0.011657715,5
582,#العمل_عن_بعد #الحكومة_الالكترونية ما مدى نجاحنا في التحول الالكتروني ؟! ما مدى رضانا عن مستوى العمل عن بعد؟! ما هي المؤسسة الأكثر فاعلية في الأداء؟! ما هي المؤسسة الأسوأ في الأداء؟! التجربة خير برهان..  استقراء الآراء ينير الأخطاء ويصوبها.. ربما علينا ذكر تجاربنا الشخصية!,Digital Transformation,#العمل_عن_بعد #الحكومة_الالكترونية ما مدى نجاحنا في التحول الالكتروني ؟! ما مدى رضانا عن مستوى العمل عن بعد؟! ما هي المؤسسة الأكثر فاعلية في الأداء؟! ما هي المؤسسة الأسوأ في الأداء؟! التجربة خير برهان..  استقراء الآراء ينير الأخطاء ويصوبها.. ربما علينا ذكر تجاربنا الشخصية!,Digital Transformation,None,1,Neutral,1,No,0,,,Not clear,Target: Digital Transformation Text: #العمل_عن_بعد #الحكومة_الالكترونية ما مدى نجاحنا في التحول الالكتروني ؟! ما مدى رضانا عن مستوى العمل عن بعد؟! ما هي المؤسسة الأكثر فاعلية في الأداء؟! ما هي المؤسسة الأسوأ في الأداء؟! التجربة خير برهان..  استقراء الآراء ينير الأخطاء ويصوبها.. ربما علينا ذكر تجاربنا الشخصية!,,#العمل_عن_بعد #الحكومة_الالكترونية ما مدى نجاحنا في التحول الالكتروني ؟! ما مدى رضانا عن مستوى العمل عن بعد؟! ما هي المؤسسة الأكثر فاعلية في الأداء؟! ما هي المؤسسة الأسوأ في الأداء؟! التجربة خير برهان..  استقراء الآراء ينير الأخطاء ويصوبها.. ربما علينا ذكر تجاربنا الشخصية!,Digital Transformation,0.7072,1.0,1.0,2020-06-14 07:34:45+00:00,14/06/2020,1,1,0.0008735657,0.99853516,0.0008254051,5
601,   سويت  تطعيم  ٣ جرعات   وقالو   بعد  شهرين  معك   كورونا,Covid Vaccine,سويت  تطعيم  ٣ جرعات   وقالو   بعد  شهرين  معك   كورونا,Covid Vaccine,Against,0,Neutral,1,No,0,,A_Explicit,,Target: Covid Vaccine Text: سويت  تطعيم  ٣ جرعات   وقالو   بعد  شهرين  معك   كورونا,,   سويت  تطعيم  ٣ جرعات   وقالو   بعد  شهرين  معك   كورونا,Covid Vaccine,0.4283,1.0,0.6159,2022-04-26 12:25:36+00:00,26/04/2022,0,0,0.9980469,0.0019044876,0.00016093254,2
601,   سويت  تطعيم  ٣ جرعات   وقالو   بعد  شهرين  معك   كورونا,Covid Vaccine,سويت تطعيم ٣ جرعات وقالو بعد شهرين معك كورونا,Covid Vaccine,Against,0,Neutral,1,No,0,,A_Explicit,,Target: Covid Vaccine Text: سويت تطعيم ٣ جرعات وقالو بعد شهرين معك كورونا,,,,,,,,,0,0,0.98535156,0.0132369995,0.0014953613,3
611,  عن أي تطعيم تتكلمي هل المقصود تطعيم الأطفال الاعتيادي او تطعيم لقاح كورونا,Covid Vaccine,عن أي تطعيم تتكلمي هل المقصود تطعيم الأطفال الاعتيادي او تطعيم لقاح كورونا,Covid Vaccine,None,1,Neutral,1,No,0,,,Not clear,Target: Covid Vaccine Text: عن أي تطعيم تتكلمي هل المقصود تطعيم الأطفال الاعتيادي او تطعيم لقاح كورونا,,  عن أي تطعيم تتكلمي هل المقصود تطعيم الأطفال الاعتيادي او تطعيم لقاح كورونا,Covid Vaccine,0.7641,1.0,1.0,2022-04-05 14:39:31+00:00,05/04/2022,1,1,0.21972656,0.7729492,0.00724411,3
611,  عن أي تطعيم تتكلمي هل المقصود تطعيم الأطفال الاعتيادي او تطعيم لقاح كورونا,Covid Vaccine,عن اي تطعيم تتكلمي هل المقصود تطعيم الاطفال الاعتيادي او تطعيم لقاح كورونا,Covid Vaccine,None,1,Neutral,1,No,0,,,Not clear,Target: Covid Vaccine Text: عن اي تطعيم تتكلمي هل المقصود تطعيم الاطفال الاعتيادي او تطعيم لقاح كورونا,,,,,,,,,1,1,4.5597553e-05,1.0,7.2836876e-05,5
623,#وزارة العدل الأمريكية تُحاكم مراكز طبية و مستشفيات وةرؤساء تنفيذيون و ٢١ طبيب و مِمارس صحي   بسبب استغلال جائحة كورونا و خداع المرضى و عمل فحوصات غير ضرورية و إستغلال كبار السن و تقديم علاجات وهمية وةسرقة ١٤٩ مليون دولار   و تقديم شهادات تطعيم مُزورة لإسرائيليّين .؟؟؟ URL,Covid Vaccine,#وزارة العدل الأمريكية تُحاكم مراكز طبية و مستشفيات وةرؤساء تنفيذيون و ٢١ طبيب و مِمارس صحي   بسبب استغلال جائحة كورونا و خداع المرضى و عمل فحوصات غير ضرورية و إستغلال كبار السن و تقديم علاجات وهمية وةسرقة ١٤٩ مليون دولار   و تقديم شهادات تطعيم مُزورة لإسرائيليّين .؟؟؟ URL,Covid Vaccine,None,1,Neutral,1,No,0,,,Not clear,Target: Covid Vaccine Text: #وزارة العدل الأمريكية تُحاكم مراكز طبية و مستشفيات وةرؤساء تنفيذيون و ٢١ طبيب و مِمارس صحي   بسبب استغلال جائحة كورونا و خداع المرضى و عمل فحوصات غير ضرورية و إستغلال كبار السن و تقديم علاجات وهمية وةسرقة ١٤٩ مليون دولار   و تقديم شهادات تطعيم مُزورة لإسرائيليّين .؟؟؟ URL,,#وزارة العدل الأمريكية تُحاكم مراكز طبية و مستشفيات وةرؤساء تنفيذيون و ٢١ طبيب و مِمارس صحي   بسبب استغلال جائحة كورونا و خداع المرضى و عمل فحوصات غير ضرورية و إستغلال كبار السن و تقديم علاجات وهمية وةسرقة ١٤٩ مليون دولار   و تقديم شهادات تطعيم مُزورة لإسرائيليّين .؟؟؟ URL,Covid Vaccine,0.4154,1.0,1.0,2022-05-13 09:18:35+00:00,13/05/2022,1,1,0.002691269,0.9941406,0.003145218,4
623,#وزارة العدل الأمريكية تُحاكم مراكز طبية و مستشفيات وةرؤساء تنفيذيون و ٢١ طبيب و مِمارس صحي   بسبب استغلال جائحة كورونا و خداع المرضى و عمل فحوصات غير ضرورية و إستغلال كبار السن و تقديم علاجات وهمية وةسرقة ١٤٩ مليون دولار   و تقديم شهادات تطعيم مُزورة لإسرائيليّين .؟؟؟ URL,Covid Vaccine,#وزارة العدل الامريكية تُحاكم مراكز طبية و مستشفيات وةرؤساء تنفيذيون و ٢١ طبيب و مِمارس صحي بسبب استغلال جائحة كورونا و خداع المرضي و عمل فحوصات غير ضرورية و استغلال كبار السن و تقديم علاجات وهمية وةسرقة ١٤٩ مليون دولار و تقديم شهادات تطعيم مُزورة لاسرائيليّين .؟؟,Covid Vaccine,None,1,Neutral,1,No,0,,,Not clear,Target: Covid Vaccine Text: #وزارة العدل الامريكية تُحاكم مراكز طبية و مستشفيات وةرؤساء تنفيذيون و ٢١ طبيب و مِمارس صحي بسبب استغلال جائحة كورونا و خداع المرضي و عمل فحوصات غير ضرورية و استغلال كبار السن و تقديم علاجات وهمية وةسرقة ١٤٩ مليون دولار و تقديم شهادات تطعيم مُزورة لاسرائيليّين .؟؟,,,,,,,,,1,1,0.0001193285,0.9995117,0.00019407272,5
625,فجأة نتحول لـ #التعليم_عن_بعد و يطبل لهذا التحول #مشاهير الفلس و أدوات التظليل وكأن البيوت كلها عندها الإمكانيات والقدرة على #التعليم_الإلكتروني  و  #منظومة_التعليم_الموحدة ولكن الواقع بعض الناس لايملكون أجهزة لأبنائهم ولا إنترنت  ,Digital Transformation,فجاة نتحول ل #التعليم عن بعد و يطبل لهذا التحول #مشاهير الفلس و ادوات التظليل وكان البيوت كلها عندها الامكانيات والقدرة علي #التعليم الالكتروني و #منظومة التعليم الموحدة ولكن الواقع بعض الناس لايملكون اجهزة لابنائهم ولا انترنت,Digital Transformation,Against,0,Negative,0,No,0,,A_Explicit,,Target: Digital Transformation Text: فجاة نتحول ل #التعليم عن بعد و يطبل لهذا التحول #مشاهير الفلس و ادوات التظليل وكان البيوت كلها عندها الامكانيات والقدرة علي #التعليم الالكتروني و #منظومة التعليم الموحدة ولكن الواقع بعض الناس لايملكون اجهزة لابنائهم ولا انترنت,,,,,,,,,0,0,1.0,5.5849552e-05,9.012222e-05,5
625,فجأة نتحول لـ #التعليم_عن_بعد و يطبل لهذا التحول #مشاهير الفلس و أدوات التظليل وكأن البيوت كلها عندها الإمكانيات والقدرة على #التعليم_الإلكتروني  و  #منظومة_التعليم_الموحدة ولكن الواقع بعض الناس لايملكون أجهزة لأبنائهم ولا إنترنت  ,Digital Transformation,فجأة نتحول لـ #التعليم_عن_بعد و يطبل لهذا التحول #مشاهير الفلس و أدوات التظليل وكأن البيوت كلها عندها الإمكانيات والقدرة على #التعليم_الإلكتروني  و  #منظومة_التعليم_الموحدة ولكن الواقع بعض الناس لايملكون أجهزة لأبنائهم ولا إنترنت,Digital Transformation,Against,0,Negative,0,No,0,,A_Explicit,,Target: Digital Transformation Text: فجأة نتحول لـ #التعليم_عن_بعد و يطبل لهذا التحول #مشاهير الفلس و أدوات التظليل وكأن البيوت كلها عندها الإمكانيات والقدرة على #التعليم_الإلكتروني  و  #منظومة_التعليم_الموحدة ولكن الواقع بعض الناس لايملكون أجهزة لأبنائهم ولا إنترنت,,فجأة نتحول لـ #التعليم_عن_بعد و يطبل لهذا التحول #مشاهير الفلس و أدوات التظليل وكأن البيوت كلها عندها الإمكانيات والقدرة على #التعليم_الإلكتروني  و  #منظومة_التعليم_الموحدة ولكن الواقع بعض الناس لايملكون أجهزة لأبنائهم ولا إنترنت  ,Digital Transformation,0.6156,1.0,0.6211,2020-03-12 05:36:59+00:00,12/03/2020,0,0,0.9980469,0.0011529922,0.00069379807,2
640,وحدة تمكين المرأة في بلدية الطفيلة الكبرى تنظم لقاء حواري لعضوات مجالس البلدية والمحافظة URL  #الأردن #جريدة_الدستور_الاردنية #مصلحتك_في_اللقاح URL,Women empowerment,وحدة تمكين المراة في بلدية الطفيلة الكبري تنظم لقاء حواري لعضوات مجالس البلدية والمحافظة #الاردن #جريدة الدستور الاردنية #مصلحتك في اللقاح,Women empowerment,None,1,Neutral,1,No,0,,,Not clear,Target: Women empowerment Text: وحدة تمكين المراة في بلدية الطفيلة الكبري تنظم لقاء حواري لعضوات مجالس البلدية والمحافظة #الاردن #جريدة الدستور الاردنية #مصلحتك في اللقاح,,,,,,,,,1,1,8.7440014e-05,0.99902344,0.00072956085,5
640,وحدة تمكين المرأة في بلدية الطفيلة الكبرى تنظم لقاء حواري لعضوات مجالس البلدية والمحافظة URL  #الأردن #جريدة_الدستور_الاردنية #مصلحتك_في_اللقاح URL,Women empowerment,وحدة تمكين المرأة في بلدية الطفيلة الكبرى تنظم لقاء حواري لعضوات مجالس البلدية والمحافظة URL  #الأردن #جريدة_الدستور_الاردنية #مصلحتك_في_اللقاح URL,Women empowerment,None,1,Neutral,1,No,0,,,Not clear,Target: Women empowerment Text: وحدة تمكين المرأة في بلدية الطفيلة الكبرى تنظم لقاء حواري لعضوات مجالس البلدية والمحافظة URL  #الأردن #جريدة_الدستور_الاردنية #مصلحتك_في_اللقاح URL,,وحدة تمكين المرأة في بلدية الطفيلة الكبرى تنظم لقاء حواري لعضوات مجالس البلدية والمحافظة URL  #الأردن #جريدة_الدستور_الاردنية #مصلحتك_في_اللقاح URL,Women empowerment,0.735,1.0,1.0,2022-04-03 13:53:03+00:00,03/04/2022,1,1,0.032104492,0.9501953,0.017913818,3
655,#سوق_المواشي تمكين المرأة من دخول بيع وشراء في سوق الاغنام. #وزارة_البيئة 👇أغنام كيوت URL,Women empowerment,#سوق_المواشي تمكين المرأة من دخول بيع وشراء في سوق الاغنام. #وزارة_البيئة 👇أغنام كيوت URL,Women empowerment,Against,0,Neutral,1,No,0,,A_Explicit,,Target: Women empowerment Text: #سوق_المواشي تمكين المرأة من دخول بيع وشراء في سوق الاغنام. #وزارة_البيئة 👇أغنام كيوت URL,,#سوق_المواشي تمكين المرأة من دخول بيع وشراء في سوق الاغنام. #وزارة_البيئة 👇أغنام كيوت URL,Women empowerment,0.7414,1.0,1.0,2022-05-09 02:18:09+00:00,09/05/2022,0,0,0.9814453,0.0149383545,0.003829956,3
655,#سوق_المواشي تمكين المرأة من دخول بيع وشراء في سوق الاغنام. #وزارة_البيئة 👇أغنام كيوت URL,Women empowerment,#سوق المواشي تمكين المراة من دخول بيع وشراء في سوق الاغنام. #وزارة البيئة 👇اغنام كيوت,Women empowerment,Against,0,Neutral,1,No,0,,A_Explicit,,Target: Women empowerment Text: #سوق المواشي تمكين المراة من دخول بيع وشراء في سوق الاغنام. #وزارة البيئة 👇اغنام كيوت,,,,,,,,,0,0,0.97998047,0.0024909973,0.017425537,4
705,  يا حبك للفلسفة  التحول اللي جالس يصير هو تحول الاقتصاد من إقتصاد معرفي إلى اقتصاد رقمي  التعليم ما له دخل الله يصلحك التعليم الإلكتروني لطلاب المدارس فاشل وبسلامتك,Digital Transformation,يا حبك للفلسفة التحول اللي جالس يصير هو تحول الاقتصاد من اقتصاد معرفي الي اقتصاد رقمي التعليم ما له دخل الله يصلحك التعليم الالكتروني لطلاب المدارس فاشل وبسلامتك,Digital Transformation,Against,0,Negative,0,No,0,,A_Explicit,,Target: Digital Transformation Text: يا حبك للفلسفة التحول اللي جالس يصير هو تحول الاقتصاد من اقتصاد معرفي الي اقتصاد رقمي التعليم ما له دخل الله يصلحك التعليم الالكتروني لطلاب المدارس فاشل وبسلامتك,,,,,,,,,0,0,0.9980469,0.00121212,0.0008993149,4
705,  يا حبك للفلسفة  التحول اللي جالس يصير هو تحول الاقتصاد من إقتصاد معرفي إلى اقتصاد رقمي  التعليم ما له دخل الله يصلحك التعليم الإلكتروني لطلاب المدارس فاشل وبسلامتك,Digital Transformation,يا حبك للفلسفة  التحول اللي جالس يصير هو تحول الاقتصاد من إقتصاد معرفي إلى اقتصاد رقمي  التعليم ما له دخل الله يصلحك التعليم الإلكتروني لطلاب المدارس فاشل وبسلامتك,Digital Transformation,Against,0,Negative,0,No,0,,A_Explicit,,Target: Digital Transformation Text: يا حبك للفلسفة  التحول اللي جالس يصير هو تحول الاقتصاد من إقتصاد معرفي إلى اقتصاد رقمي  التعليم ما له دخل الله يصلحك التعليم الإلكتروني لطلاب المدارس فاشل وبسلامتك,,  يا حبك للفلسفة  التحول اللي جالس يصير هو تحول الاقتصاد من إقتصاد معرفي إلى اقتصاد رقمي  التعليم ما له دخل الله يصلحك التعليم الإلكتروني لطلاب المدارس فاشل وبسلامتك,Digital Transformation,1.0,1.0,1.0,2021-11-03 09:15:19+00:00,03/11/2021,0,0,0.9975586,0.0020980835,0.00055933,1
706,للاسف استغل تمكين الدولة للمرأة من بعض ضعيفات النفوس والباحثات عن الشهره والمال واصبحن يشوهن صورة المرأة السعودية التي كانت على طول الازمان مثال للشرف فوجب ايقافهم عن هذا العبث #رهف_القحطاني_ومروج_بالمالديف,Women empowerment,للاسف استغل تمكين الدولة للمراة من بعض ضعيفات النفوس والباحثات عن الشهره والمال واصبحن يشوهن صورة المراة السعودية التي كانت علي طول الازمان مثال للشرف فوجب ايقافهم عن هذا العبث #رهف القحطاني ومروج بالمالديف,Women empowerment,Against,0,Negative,0,No,0,,A_Explicit,,Target: Women empowerment Text: للاسف استغل تمكين الدولة للمراة من بعض ضعيفات النفوس والباحثات عن الشهره والمال واصبحن يشوهن صورة المراة السعودية التي كانت علي طول الازمان مثال للشرف فوجب ايقافهم عن هذا العبث #رهف القحطاني ومروج بالمالديف,,,,,,,,,0,0,0.99609375,0.00035572052,0.0034751892,2
706,للاسف استغل تمكين الدولة للمرأة من بعض ضعيفات النفوس والباحثات عن الشهره والمال واصبحن يشوهن صورة المرأة السعودية التي كانت على طول الازمان مثال للشرف فوجب ايقافهم عن هذا العبث #رهف_القحطاني_ومروج_بالمالديف,Women empowerment,للاسف استغل تمكين الدولة للمرأة من بعض ضعيفات النفوس والباحثات عن الشهره والمال واصبحن يشوهن صورة المرأة السعودية التي كانت على طول الازمان مثال للشرف فوجب ايقافهم عن هذا العبث #رهف_القحطاني_ومروج_بالمالديف,Women empowerment,Against,0,Negative,0,No,0,,A_Explicit,,Target: Women empowerment Text: للاسف استغل تمكين الدولة للمرأة من بعض ضعيفات النفوس والباحثات عن الشهره والمال واصبحن يشوهن صورة المرأة السعودية التي كانت على طول الازمان مثال للشرف فوجب ايقافهم عن هذا العبث #رهف_القحطاني_ومروج_بالمالديف,,للاسف استغل تمكين الدولة للمرأة من بعض ضعيفات النفوس والباحثات عن الشهره والمال واصبحن يشوهن صورة المرأة السعودية التي كانت على طول الازمان مثال للشرف فوجب ايقافهم عن هذا العبث #رهف_القحطاني_ومروج_بالمالديف,Women empowerment,0.7567,1.0,1.0,2022-05-16 15:48:45+00:00,16/05/2022,0,0,0.9975586,0.00079488754,0.0016183853,4
710,انا ممكن اخد لقاح او تطعيم لأي حاجه في الدنيا إلا لكورونا ,Covid Vaccine,انا ممكن اخد لقاح او تطعيم لأي حاجه في الدنيا إلا لكورونا,Covid Vaccine,Against,0,Negative,0,No,0,,A_Explicit,,Target: Covid Vaccine Text: انا ممكن اخد لقاح او تطعيم لأي حاجه في الدنيا إلا لكورونا,,انا ممكن اخد لقاح او تطعيم لأي حاجه في الدنيا إلا لكورونا ,Covid Vaccine,1.0,1.0,0.5894,2021-04-23 16:13:05+00:00,23/04/2021,0,0,0.9921875,0.005012512,0.0028743744,3
710,انا ممكن اخد لقاح او تطعيم لأي حاجه في الدنيا إلا لكورونا ,Covid Vaccine,انا ممكن اخد لقاح او تطعيم لاي حاجه في الدنيا الا لكورونا,Covid Vaccine,Against,0,Negative,0,No,0,,A_Explicit,,Target: Covid Vaccine Text: انا ممكن اخد لقاح او تطعيم لاي حاجه في الدنيا الا لكورونا,,,,,,,,,0,0,0.9995117,0.00032758713,0.00020861626,2
732,    مشكلة اللقاح الصيني ما يقلل من نسبة العدوى بعكس باقي اللقاحات، وهني المشكلة انك ممكن تعدي شخص مب ماخذ تطعيم وتعرضه للخطر. او ممكن تسافر دولة وتعدي شخص هناك وتعرضه للخطر. لهالسبب في دول ترفض دخول اي شخص ماخذ ل,Covid Vaccine,مشكلة اللقاح الصيني ما يقلل من نسبة العدوى بعكس باقي اللقاحات، وهني المشكلة انك ممكن تعدي شخص مب ماخذ تطعيم وتعرضه للخطر. او ممكن تسافر دولة وتعدي شخص هناك وتعرضه للخطر. لهالسبب في دول ترفض دخول اي شخص ماخذ ل,Covid Vaccine,None,1,Negative,0,No,0,,,Not clear,Target: Covid Vaccine Text: مشكلة اللقاح الصيني ما يقلل من نسبة العدوى بعكس باقي اللقاحات، وهني المشكلة انك ممكن تعدي شخص مب ماخذ تطعيم وتعرضه للخطر. او ممكن تسافر دولة وتعدي شخص هناك وتعرضه للخطر. لهالسبب في دول ترفض دخول اي شخص ماخذ ل,,    مشكلة اللقاح الصيني ما يقلل من نسبة العدوى بعكس باقي اللقاحات، وهني المشكلة انك ممكن تعدي شخص مب ماخذ تطعيم وتعرضه للخطر. او ممكن تسافر دولة وتعدي شخص هناك وتعرضه للخطر. لهالسبب في دول ترفض دخول اي شخص ماخذ ل,Covid Vaccine,1.0,1.0,1.0,2021-04-22 19:20:03+00:00,22/04/2021,1,1,0.048095703,0.9355469,0.016204834,3
732,    مشكلة اللقاح الصيني ما يقلل من نسبة العدوى بعكس باقي اللقاحات، وهني المشكلة انك ممكن تعدي شخص مب ماخذ تطعيم وتعرضه للخطر. او ممكن تسافر دولة وتعدي شخص هناك وتعرضه للخطر. لهالسبب في دول ترفض دخول اي شخص ماخذ ل,Covid Vaccine,مشكلة اللقاح الصيني ما يقلل من نسبة العدوي بعكس باقي اللقاحات، وهني المشكلة انك ممكن تعدي شخص مب ماخذ تطعيم وتعرضه للخطر. او ممكن تسافر دولة وتعدي شخص هناك وتعرضه للخطر. لهالسبب في دول ترفض دخول اي شخص ماخذ ل,Covid Vaccine,None,1,Negative,0,No,0,,,Not clear,Target: Covid Vaccine Text: مشكلة اللقاح الصيني ما يقلل من نسبة العدوي بعكس باقي اللقاحات، وهني المشكلة انك ممكن تعدي شخص مب ماخذ تطعيم وتعرضه للخطر. او ممكن تسافر دولة وتعدي شخص هناك وتعرضه للخطر. لهالسبب في دول ترفض دخول اي شخص ماخذ ل,,,,,,,,,1,1,0.0032291412,0.99609375,0.0006403923,4
796,التحول للسجل الطبي الإلكتروني   ترف أم ضرورة؟ تعرف على رحلة المريض في هذا السيناريو الافتراضي✅ URL,Digital Transformation,التحول للسجل الطبي الالكتروني ترف ام ضرورة؟ تعرف علي رحلة المريض في هذا السيناريو الافتراضي✅,Digital Transformation,None,1,Neutral,1,No,0,,,Not clear,Target: Digital Transformation Text: التحول للسجل الطبي الالكتروني ترف ام ضرورة؟ تعرف علي رحلة المريض في هذا السيناريو الافتراضي✅,,,,,,,,,1,1,0.037109375,0.87597656,0.08673096,3
796,التحول للسجل الطبي الإلكتروني   ترف أم ضرورة؟ تعرف على رحلة المريض في هذا السيناريو الافتراضي✅ URL,Digital Transformation,التحول للسجل الطبي الإلكتروني   ترف أم ضرورة؟ تعرف على رحلة المريض في هذا السيناريو الافتراضي✅ URL,Digital Transformation,None,1,Neutral,1,No,0,,,Not clear,Target: Digital Transformation Text: التحول للسجل الطبي الإلكتروني   ترف أم ضرورة؟ تعرف على رحلة المريض في هذا السيناريو الافتراضي✅ URL,,التحول للسجل الطبي الإلكتروني   ترف أم ضرورة؟ تعرف على رحلة المريض في هذا السيناريو الافتراضي✅ URL,Digital Transformation,0.5859,1.0,1.0,2020-03-25 16:46:54+00:00,25/03/2020,1,1,0.0524292,0.89208984,0.05545044,3
831,جامعة الشرق الأوسط تنظم ملتقى تمكين المرأة الاقتصادي URL URL,Women empowerment,جامعة الشرق الأوسط تنظم ملتقى تمكين المرأة الاقتصادي URL URL,Women empowerment,None,1,Neutral,1,No,0,,,Not clear,Target: Women empowerment Text: جامعة الشرق الأوسط تنظم ملتقى تمكين المرأة الاقتصادي URL URL,,جامعة الشرق الأوسط تنظم ملتقى تمكين المرأة الاقتصادي URL URL,Women empowerment,1.0,1.0,1.0,2022-04-03 06:51:58+00:00,03/04/2022,1,2,0.0546875,0.44677734,0.49853516,3
831,جامعة الشرق الأوسط تنظم ملتقى تمكين المرأة الاقتصادي URL URL,Women empowerment,جامعة الشرق الاوسط تنظم ملتقي تمكين المراة الاقتصادي,Women empowerment,None,1,Neutral,1,No,0,,,Not clear,Target: Women empowerment Text: جامعة الشرق الاوسط تنظم ملتقي تمكين المراة الاقتصادي,,,,,,,,,1,2,0.025161743,0.14953613,0.8251953,3
850, تطعيم إجباري عشان وشو بالضبط؟ كبرتوا كورونا أكبر من حجمها الفعلي. الجائحة خلصت في أغلب الدول وأنتم للحين عايشين وسطها وكأن كورونا ساكنة بيننا. الله يفكنا من شركم...,Covid Vaccine,تطعيم اجباري عشان وشو بالضبط؟ كبرتوا كورونا اكبر من حجمها الفعلي. الجائحة خلصت في اغلب الدول وانتم للحين عايشين وسطها وكان كورونا ساكنة بيننا. الله يفكنا من شركم..,Covid Vaccine,Against,0,Negative,0,No,0,,A_Explicit,,Target: Covid Vaccine Text: تطعيم اجباري عشان وشو بالضبط؟ كبرتوا كورونا اكبر من حجمها الفعلي. الجائحة خلصت في اغلب الدول وانتم للحين عايشين وسطها وكان كورونا ساكنة بيننا. الله يفكنا من شركم..,,,,,,,,,0,0,0.99902344,0.00056552887,0.00048279762,1
850, تطعيم إجباري عشان وشو بالضبط؟ كبرتوا كورونا أكبر من حجمها الفعلي. الجائحة خلصت في أغلب الدول وأنتم للحين عايشين وسطها وكأن كورونا ساكنة بيننا. الله يفكنا من شركم...,Covid Vaccine,تطعيم إجباري عشان وشو بالضبط؟ كبرتوا كورونا أكبر من حجمها الفعلي. الجائحة خلصت في أغلب الدول وأنتم للحين عايشين وسطها وكأن كورونا ساكنة بيننا. الله يفكنا من شركم...,Covid Vaccine,Against,0,Negative,0,No,0,,A_Explicit,,Target: Covid Vaccine Text: تطعيم إجباري عشان وشو بالضبط؟ كبرتوا كورونا أكبر من حجمها الفعلي. الجائحة خلصت في أغلب الدول وأنتم للحين عايشين وسطها وكأن كورونا ساكنة بيننا. الله يفكنا من شركم...,, تطعيم إجباري عشان وشو بالضبط؟ كبرتوا كورونا أكبر من حجمها الفعلي. الجائحة خلصت في أغلب الدول وأنتم للحين عايشين وسطها وكأن كورونا ساكنة بيننا. الله يفكنا من شركم...,Covid Vaccine,1.0,1.0,1.0,2022-04-04 22:44:34+00:00,04/04/2022,0,0,0.9951172,0.0020694733,0.0030326843,3
854,كل مكان في الكويت حاليا مايطلبون لا تطعيم ولا كمامات الا المدارس للحين يلزمون المعلمين والطلاب بلبس الكمامات!!  خلاص ربي لك الحمد الناس نست كورونا ترى.  #كوفيد_19,Covid Vaccine,كل مكان في الكويت حاليا مايطلبون لا تطعيم ولا كمامات الا المدارس للحين يلزمون المعلمين والطلاب بلبس الكمامات!!  خلاص ربي لك الحمد الناس نست كورونا ترى.  #كوفيد_19,Covid Vaccine,None,1,Positive,2,No,0,,,Not clear,Target: Covid Vaccine Text: كل مكان في الكويت حاليا مايطلبون لا تطعيم ولا كمامات الا المدارس للحين يلزمون المعلمين والطلاب بلبس الكمامات!!  خلاص ربي لك الحمد الناس نست كورونا ترى.  #كوفيد_19,,كل مكان في الكويت حاليا مايطلبون لا تطعيم ولا كمامات الا المدارس للحين يلزمون المعلمين والطلاب بلبس الكمامات!!  خلاص ربي لك الحمد الناس نست كورونا ترى.  #كوفيد_19,Covid Vaccine,1.0,1.0,0.5119,2022-05-05 09:54:09+00:00,05/05/2022,1,1,0.0005030632,0.99902344,0.0005197525,1
854,كل مكان في الكويت حاليا مايطلبون لا تطعيم ولا كمامات الا المدارس للحين يلزمون المعلمين والطلاب بلبس الكمامات!!  خلاص ربي لك الحمد الناس نست كورونا ترى.  #كوفيد_19,Covid Vaccine,كل مكان في الكويت حاليا مايطلبون لا تطعيم ولا كمامات الا المدارس للحين يلزمون المعلمين والطلاب بلبس الكمامات!! خلاص ربي لك الحمد الناس نست كورونا تري. #كوفيد 19,Covid Vaccine,None,1,Positive,2,No,0,,,Not clear,Target: Covid Vaccine Text: كل مكان في الكويت حاليا مايطلبون لا تطعيم ولا كمامات الا المدارس للحين يلزمون المعلمين والطلاب بلبس الكمامات!! خلاص ربي لك الحمد الناس نست كورونا تري. #كوفيد 19,,,,,,,,,1,1,0.0018367767,0.99609375,0.0018987656,4
959,كيف يمكن الحصول على شهادة تطعيم كورونا لغرض السفر دون الخضوع للقاح ؟,Covid Vaccine,كيف يمكن الحصول على شهادة تطعيم كورونا لغرض السفر دون الخضوع للقاح ؟,Covid Vaccine,Against,0,Neutral,1,No,0,,A_Implicit,,Target: Covid Vaccine Text: كيف يمكن الحصول على شهادة تطعيم كورونا لغرض السفر دون الخضوع للقاح ؟,,كيف يمكن الحصول على شهادة تطعيم كورونا لغرض السفر دون الخضوع للقاح ؟,Covid Vaccine,0.7489,1.0,0.7145,2021-11-30 21:28:37+00:00,30/11/2021,0,0,0.9995117,0.00026726723,0.00041556358,2
959,كيف يمكن الحصول على شهادة تطعيم كورونا لغرض السفر دون الخضوع للقاح ؟,Covid Vaccine,كيف يمكن الحصول علي شهادة تطعيم كورونا لغرض السفر دون الخضوع للقاح ؟,Covid Vaccine,Against,0,Neutral,1,No,0,,A_Implicit,,Target: Covid Vaccine Text: كيف يمكن الحصول علي شهادة تطعيم كورونا لغرض السفر دون الخضوع للقاح ؟,,,,,,,,,0,0,0.9970703,0.0020523071,0.00067186356,1
966,يسعدني سماع رأيكم في تدوينتي عبر موقع و مدونة #ماوراء_القانون عن الحراك التقني و التحول الرقمي بالمهن القانونية بالمملكة URL,Digital Transformation,يسعدني سماع رأيكم في تدوينتي عبر موقع و مدونة #ماوراء_القانون عن الحراك التقني و التحول الرقمي بالمهن القانونية بالمملكة URL,Digital Transformation,None,1,Negative,0,No,0,,,Not clear,Target: Digital Transformation Text: يسعدني سماع رأيكم في تدوينتي عبر موقع و مدونة #ماوراء_القانون عن الحراك التقني و التحول الرقمي بالمهن القانونية بالمملكة URL,,يسعدني سماع رأيكم في تدوينتي عبر موقع و مدونة #ماوراء_القانون عن الحراك التقني و التحول الرقمي بالمهن القانونية بالمملكة URL,Digital Transformation,0.5957,1.0,0.7546,2020-04-24 22:46:42+00:00,24/04/2020,1,1,0.011779785,0.95458984,0.03366089,3
966,يسعدني سماع رأيكم في تدوينتي عبر موقع و مدونة #ماوراء_القانون عن الحراك التقني و التحول الرقمي بالمهن القانونية بالمملكة URL,Digital Transformation,يسعدني سماع رايكم في تدوينتي عبر موقع و مدونة #ماوراء القانون عن الحراك التقني و التحول الرقمي بالمهن القانونية بالمملكة,Digital Transformation,None,1,Negative,0,No,0,,,Not clear,Target: Digital Transformation Text: يسعدني سماع رايكم في تدوينتي عبر موقع و مدونة #ماوراء القانون عن الحراك التقني و التحول الرقمي بالمهن القانونية بالمملكة,,,,,,,,,1,1,0.0003888607,0.99121094,0.008346558,1
972, هنا نتذكر مقولة تمكين المرأة ! ماهي المعايير التي قامت عليها هذه المقوله ؟,Women empowerment,هنا نتذكر مقولة تمكين المرأة ! ماهي المعايير التي قامت عليها هذه المقوله ؟,Women empowerment,None,1,Neutral,1,No,0,,,Not clear,Target: Women empowerment Text: هنا نتذكر مقولة تمكين المرأة ! ماهي المعايير التي قامت عليها هذه المقوله ؟,, هنا نتذكر مقولة تمكين المرأة ! ماهي المعايير التي قامت عليها هذه المقوله ؟,Women empowerment,1.0,1.0,1.0,2022-05-07 09:35:12+00:00,07/05/2022,1,1,0.0018758774,0.99658203,0.0013942719,4
972, هنا نتذكر مقولة تمكين المرأة ! ماهي المعايير التي قامت عليها هذه المقوله ؟,Women empowerment,هنا نتذكر مقولة تمكين المراة ! ماهي المعايير التي قامت عليها هذه المقوله ؟,Women empowerment,None,1,Neutral,1,No,0,,,Not clear,Target: Women empowerment Text: هنا نتذكر مقولة تمكين المراة ! ماهي المعايير التي قامت عليها هذه المقوله ؟,,,,,,,,,1,1,0.0016012192,0.9975586,0.0006084442,2
978,وأظهر الاستبيان أن 22% من الذكور الذين استهدفهم الاستبيان  لا يسمحون لذويهم من النساء بالمشاركة في العمل السياسي والاجتماعي مستقبلًا  و73% يتقبلون ذلك  بينما يمانع 12% منهم تمكين المرأة الريفية سياسيًا واجتماعيًا  و82% ليس لديهم أي مانع.,Women empowerment,واظهر الاستبيان ان 22% من الذكور الذين استهدفهم الاستبيان لا يسمحون لذويهم من النساء بالمشاركة في العمل السياسي والاجتماعي مستقبلًا و73% يتقبلون ذلك بينما يمانع 12% منهم تمكين المراة الريفية سياسيًا واجتماعيًا و82% ليس لديهم اي مانع.,Women empowerment,None,1,Neutral,1,No,0,,,Not clear,Target: Women empowerment Text: واظهر الاستبيان ان 22% من الذكور الذين استهدفهم الاستبيان لا يسمحون لذويهم من النساء بالمشاركة في العمل السياسي والاجتماعي مستقبلًا و73% يتقبلون ذلك بينما يمانع 12% منهم تمكين المراة الريفية سياسيًا واجتماعيًا و82% ليس لديهم اي مانع.,,,,,,,,,1,1,0.0030498505,0.9692383,0.027709961,1
978,وأظهر الاستبيان أن 22% من الذكور الذين استهدفهم الاستبيان  لا يسمحون لذويهم من النساء بالمشاركة في العمل السياسي والاجتماعي مستقبلًا  و73% يتقبلون ذلك  بينما يمانع 12% منهم تمكين المرأة الريفية سياسيًا واجتماعيًا  و82% ليس لديهم أي مانع.,Women empowerment,وأظهر الاستبيان أن 22% من الذكور الذين استهدفهم الاستبيان  لا يسمحون لذويهم من النساء بالمشاركة في العمل السياسي والاجتماعي مستقبلًا  و73% يتقبلون ذلك  بينما يمانع 12% منهم تمكين المرأة الريفية سياسيًا واجتماعيًا  و82% ليس لديهم أي مانع.,Women empowerment,None,1,Neutral,1,No,0,,,Not clear,Target: Women empowerment Text: وأظهر الاستبيان أن 22% من الذكور الذين استهدفهم الاستبيان  لا يسمحون لذويهم من النساء بالمشاركة في العمل السياسي والاجتماعي مستقبلًا  و73% يتقبلون ذلك  بينما يمانع 12% منهم تمكين المرأة الريفية سياسيًا واجتماعيًا  و82% ليس لديهم أي مانع.,,وأظهر الاستبيان أن 22% من الذكور الذين استهدفهم الاستبيان  لا يسمحون لذويهم من النساء بالمشاركة في العمل السياسي والاجتماعي مستقبلًا  و73% يتقبلون ذلك  بينما يمانع 12% منهم تمكين المرأة الريفية سياسيًا واجتماعيًا  و82% ليس لديهم أي مانع.,Women empowerment,0.6155,1.0,1.0,2022-05-14 13:57:29+00:00,14/05/2022,1,1,0.0027694702,0.99560547,0.0015640259,4
1019, التحول من التعامل الورقي الى الإلكتروني هو تمهيد لفرض ضريبة الدخل مستقبلًا طبعاً مع استمرار نسبة ضريبة القيمة المضافة 😊,Digital Transformation,التحول من التعامل الورقي الي الالكتروني هو تمهيد لفرض ضريبة الدخل مستقبلًا طبعاً مع استمرار نسبة ضريبة القيمة المضافة 😊,Digital Transformation,Against,0,Negative,0,No,0,,A_Explicit,,Target: Digital Transformation Text: التحول من التعامل الورقي الي الالكتروني هو تمهيد لفرض ضريبة الدخل مستقبلًا طبعاً مع استمرار نسبة ضريبة القيمة المضافة 😊,,,,,,,,,0,0,0.9980469,0.00072717667,0.0012292862,4
1019, التحول من التعامل الورقي الى الإلكتروني هو تمهيد لفرض ضريبة الدخل مستقبلًا طبعاً مع استمرار نسبة ضريبة القيمة المضافة 😊,Digital Transformation,التحول من التعامل الورقي الى الإلكتروني هو تمهيد لفرض ضريبة الدخل مستقبلًا طبعاً مع استمرار نسبة ضريبة القيمة المضافة 😊,Digital Transformation,Against,0,Negative,0,No,0,,A_Explicit,,Target: Digital Transformation Text: التحول من التعامل الورقي الى الإلكتروني هو تمهيد لفرض ضريبة الدخل مستقبلًا طبعاً مع استمرار نسبة ضريبة القيمة المضافة 😊,, التحول من التعامل الورقي الى الإلكتروني هو تمهيد لفرض ضريبة الدخل مستقبلًا طبعاً مع استمرار نسبة ضريبة القيمة المضافة 😊,Digital Transformation,0.7722,1.0,0.7001,2020-02-22 13:51:08+00:00,22/02/2020,0,0,0.99853516,0.00074005127,0.00092458725,1
1044, كل ما يحدث مقدمات لتقليص عدد  البشريه بفايروس كورونا او عن طريق لقاح مزور يحمل الفايروس و نهب ثروات الناس عن طريق بيع كل ما يتعلق بكورونا من ضمنها اللقاح الاصلي . علمًا ان اي فرد مستقبلًا لا يتمكن الحركه الا بواسطه جواز سفر ( اثبات تطعيم ) .,Covid Vaccine,كل ما يحدث مقدمات لتقليص عدد  البشريه بفايروس كورونا او عن طريق لقاح مزور يحمل الفايروس و نهب ثروات الناس عن طريق بيع كل ما يتعلق بكورونا من ضمنها اللقاح الاصلي . علمًا ان اي فرد مستقبلًا لا يتمكن الحركه الا بواسطه جواز سفر ( اثبات تطعيم ) .,Covid Vaccine,Against,0,Negative,0,No,0,,A_Explicit,,Target: Covid Vaccine Text: كل ما يحدث مقدمات لتقليص عدد  البشريه بفايروس كورونا او عن طريق لقاح مزور يحمل الفايروس و نهب ثروات الناس عن طريق بيع كل ما يتعلق بكورونا من ضمنها اللقاح الاصلي . علمًا ان اي فرد مستقبلًا لا يتمكن الحركه الا بواسطه جواز سفر ( اثبات تطعيم ) .,, كل ما يحدث مقدمات لتقليص عدد  البشريه بفايروس كورونا او عن طريق لقاح مزور يحمل الفايروس و نهب ثروات الناس عن طريق بيع كل ما يتعلق بكورونا من ضمنها اللقاح الاصلي . علمًا ان اي فرد مستقبلًا لا يتمكن الحركه الا بواسطه جواز سفر ( اثبات تطعيم ) .,Covid Vaccine,0.7533,1.0,0.6366,2021-02-26 04:04:15+00:00,26/02/2021,0,0,0.99658203,0.00024843216,0.0031261444,1
1044, كل ما يحدث مقدمات لتقليص عدد  البشريه بفايروس كورونا او عن طريق لقاح مزور يحمل الفايروس و نهب ثروات الناس عن طريق بيع كل ما يتعلق بكورونا من ضمنها اللقاح الاصلي . علمًا ان اي فرد مستقبلًا لا يتمكن الحركه الا بواسطه جواز سفر ( اثبات تطعيم ) .,Covid Vaccine,كل ما يحدث مقدمات لتقليص عدد البشريه بفايروس كورونا او عن طريق لقاح مزور يحمل الفايروس و نهب ثروات الناس عن طريق بيع كل ما يتعلق بكورونا من ضمنها اللقاح الاصلي . علمًا ان اي فرد مستقبلًا لا يتمكن الحركه الا بواسطه جواز سفر ( اثبات تطعيم ) .,Covid Vaccine,Against,0,Negative,0,No,0,,A_Explicit,,Target: Covid Vaccine Text: كل ما يحدث مقدمات لتقليص عدد البشريه بفايروس كورونا او عن طريق لقاح مزور يحمل الفايروس و نهب ثروات الناس عن طريق بيع كل ما يتعلق بكورونا من ضمنها اللقاح الاصلي . علمًا ان اي فرد مستقبلًا لا يتمكن الحركه الا بواسطه جواز سفر ( اثبات تطعيم ) .,,,,,,,,,0,0,0.9975586,0.0006303787,0.0015926361,4
1114,  و هل تمكين المرأة في نظرك تطور و إنجاز!!!🙄 خلاص رجعت ترقص و تعربد و تسهر فألف مبروك عليكم هذا التمكين  !,Women empowerment,و هل تمكين المراة في نظرك تطور و انجاز!!🙄 خلاص رجعت ترقص و تعربد و تسهر فالف مبروك عليكم هذا التمكين !,Women empowerment,Against,0,Negative,0,No,0,,A_Explicit,,Target: Women empowerment Text: و هل تمكين المراة في نظرك تطور و انجاز!!🙄 خلاص رجعت ترقص و تعربد و تسهر فالف مبروك عليكم هذا التمكين !,,,,,,,,,0,0,0.99609375,0.0004093647,0.0034046173,1
1114,  و هل تمكين المرأة في نظرك تطور و إنجاز!!!🙄 خلاص رجعت ترقص و تعربد و تسهر فألف مبروك عليكم هذا التمكين  !,Women empowerment,و هل تمكين المرأة في نظرك تطور و إنجاز!!!🙄 خلاص رجعت ترقص و تعربد و تسهر فألف مبروك عليكم هذا التمكين  !,Women empowerment,Against,0,Negative,0,No,0,,A_Explicit,,Target: Women empowerment Text: و هل تمكين المرأة في نظرك تطور و إنجاز!!!🙄 خلاص رجعت ترقص و تعربد و تسهر فألف مبروك عليكم هذا التمكين  !,,  و هل تمكين المرأة في نظرك تطور و إنجاز!!!🙄 خلاص رجعت ترقص و تعربد و تسهر فألف مبروك عليكم هذا التمكين  !,Women empowerment,0.7368,0.7463,1.0,2022-05-12 07:32:55+00:00,12/05/2022,0,0,1.0,8.416176e-05,3.7908554e-05,5
1134,احبابى وحبايبى عايز اقولكم تجربتى  الأخيره حتى الآن مع اوميكرون ويمكن كوفيد الله اعلم وعايزكم تقروا كويس  الكلام ده عشان تستفيدوا . اولا انا ما  اطعمتش ولا تطعيم واخدت كورونا اربع مرات من قبل وهذه الخامسه . طيب نعمل  ايه اذا جت . اولا واهمهم عدم الخوف نهائيا لانها بقت ضعيفه,Covid Vaccine,احبابي وحبايبي عايز اقولكم تجربتي الاخيره حتي الان مع اوميكرون ويمكن كوفيد الله اعلم وعايزكم تقروا كويس الكلام ده عشان تستفيدوا . اولا انا ما اطعمتش ولا تطعيم واخدت كورونا اربع مرات من قبل وهذه الخامسه . طيب نعمل ايه اذا جت . اولا واهمهم عدم الخوف نهائيا لانها بقت ضعيفه,Covid Vaccine,None,1,Neutral,1,No,0,,,Not clear,Target: Covid Vaccine Text: احبابي وحبايبي عايز اقولكم تجربتي الاخيره حتي الان مع اوميكرون ويمكن كوفيد الله اعلم وعايزكم تقروا كويس الكلام ده عشان تستفيدوا . اولا انا ما اطعمتش ولا تطعيم واخدت كورونا اربع مرات من قبل وهذه الخامسه . طيب نعمل ايه اذا جت . اولا واهمهم عدم الخوف نهائيا لانها بقت ضعيفه,,,,,,,,,1,0,0.95947266,0.027908325,0.012557983,3
1134,احبابى وحبايبى عايز اقولكم تجربتى  الأخيره حتى الآن مع اوميكرون ويمكن كوفيد الله اعلم وعايزكم تقروا كويس  الكلام ده عشان تستفيدوا . اولا انا ما  اطعمتش ولا تطعيم واخدت كورونا اربع مرات من قبل وهذه الخامسه . طيب نعمل  ايه اذا جت . اولا واهمهم عدم الخوف نهائيا لانها بقت ضعيفه,Covid Vaccine,احبابى وحبايبى عايز اقولكم تجربتى  الأخيره حتى الآن مع اوميكرون ويمكن كوفيد الله اعلم وعايزكم تقروا كويس  الكلام ده عشان تستفيدوا . اولا انا ما  اطعمتش ولا تطعيم واخدت كورونا اربع مرات من قبل وهذه الخامسه . طيب نعمل  ايه اذا جت . اولا واهمهم عدم الخوف نهائيا لانها بقت ضعيفه,Covid Vaccine,None,1,Neutral,1,No,0,,,Not clear,Target: Covid Vaccine Text: احبابى وحبايبى عايز اقولكم تجربتى  الأخيره حتى الآن مع اوميكرون ويمكن كوفيد الله اعلم وعايزكم تقروا كويس  الكلام ده عشان تستفيدوا . اولا انا ما  اطعمتش ولا تطعيم واخدت كورونا اربع مرات من قبل وهذه الخامسه . طيب نعمل  ايه اذا جت . اولا واهمهم عدم الخوف نهائيا لانها بقت ضعيفه,,احبابى وحبايبى عايز اقولكم تجربتى  الأخيره حتى الآن مع اوميكرون ويمكن كوفيد الله اعلم وعايزكم تقروا كويس  الكلام ده عشان تستفيدوا . اولا انا ما  اطعمتش ولا تطعيم واخدت كورونا اربع مرات من قبل وهذه الخامسه . طيب نعمل  ايه اذا جت . اولا واهمهم عدم الخوف نهائيا لانها بقت ضعيفه,Covid Vaccine,0.7222,1.0,0.4831,2022-05-12 09:52:35+00:00,12/05/2022,1,0,0.96728516,0.029327393,0.0035095215,3
1135, عطرينا بسكوتش.. تبين بنات الناس صايعه مثلش عشان تكون هناك تمكين لحقوق المرأه,Women empowerment,عطرينا بسكوتش.. تبين بنات الناس صايعه مثلش عشان تكون هناك تمكين لحقوق المراه,Women empowerment,Against,0,Negative,0,No,0,,A_Explicit,,Target: Women empowerment Text: عطرينا بسكوتش.. تبين بنات الناس صايعه مثلش عشان تكون هناك تمكين لحقوق المراه,,,,,,,,,0,0,0.9975586,0.0001193285,0.002313614,2
1135, عطرينا بسكوتش.. تبين بنات الناس صايعه مثلش عشان تكون هناك تمكين لحقوق المرأه,Women empowerment,عطرينا بسكوتش.. تبين بنات الناس صايعه مثلش عشان تكون هناك تمكين لحقوق المرأه,Women empowerment,Against,0,Negative,0,No,0,,A_Explicit,,Target: Women empowerment Text: عطرينا بسكوتش.. تبين بنات الناس صايعه مثلش عشان تكون هناك تمكين لحقوق المرأه,, عطرينا بسكوتش.. تبين بنات الناس صايعه مثلش عشان تكون هناك تمكين لحقوق المرأه,Women empowerment,0.6363,1.0,0.6328,2022-04-09 15:58:00+00:00,09/04/2022,0,0,1.0,5.51939e-05,4.2378902e-05,5
1142,احلى حاجة في هذي المرحلة..تطعيم كورونا  إنه راح يقضي على رواعي الفلير والبوتكس   راح يختفي الغش التجاري,Covid Vaccine,احلي حاجة في هذي المرحلة..تطعيم كورونا انه راح يقضي علي رواعي الفلير والبوتكس راح يختفي الغش التجاري,Covid Vaccine,None,1,Neutral,1,Yes,1,,,Not clear,Target: Covid Vaccine Text: احلي حاجة في هذي المرحلة..تطعيم كورونا انه راح يقضي علي رواعي الفلير والبوتكس راح يختفي الغش التجاري,,,,,,,,,1,1,4.0471554e-05,1.0,0.00013685226,5
1142,احلى حاجة في هذي المرحلة..تطعيم كورونا  إنه راح يقضي على رواعي الفلير والبوتكس   راح يختفي الغش التجاري,Covid Vaccine,احلى حاجة في هذي المرحلة..تطعيم كورونا  إنه راح يقضي على رواعي الفلير والبوتكس   راح يختفي الغش التجاري,Covid Vaccine,None,1,Neutral,1,Yes,1,,,Not clear,Target: Covid Vaccine Text: احلى حاجة في هذي المرحلة..تطعيم كورونا  إنه راح يقضي على رواعي الفلير والبوتكس   راح يختفي الغش التجاري,,احلى حاجة في هذي المرحلة..تطعيم كورونا  إنه راح يقضي على رواعي الفلير والبوتكس   راح يختفي الغش التجاري,Covid Vaccine,0.5778,0.718,0.7764,2020-12-23 14:36:13+00:00,23/12/2020,1,1,0.117248535,0.87939453,0.003522873,3
1149,تمكين المرأة، و حقوق المرأة مصطلحات يستخدمها النظام ولا يخدمها. المرأة قضية كقضية الدين والفن والعلماء، وكمصطلح الإرهاب، والفساد وغيرها كثير من المصطلحات والقضايا التي يستخدمها النظام لتلميع ذاته وتشتيت المجتمع. الحقائق هي الغائب الوحيد أمام الجميع؛ النساء والرجال مع هذا النظام.,Women empowerment,تمكين المراة، و حقوق المراة مصطلحات يستخدمها النظام ولا يخدمها. المراة قضية كقضية الدين والفن والعلماء، وكمصطلح الارهاب، والفساد وغيرها كثير من المصطلحات والقضايا التي يستخدمها النظام لتلميع ذاته وتشتيت المجتمع. الحقائق هي الغائب الوحيد امام الجميع؛ النساء والرجال مع هذا النظام.,Women empowerment,Against,0,Positive,2,No,0,,A_Explicit,,Target: Women empowerment Text: تمكين المراة، و حقوق المراة مصطلحات يستخدمها النظام ولا يخدمها. المراة قضية كقضية الدين والفن والعلماء، وكمصطلح الارهاب، والفساد وغيرها كثير من المصطلحات والقضايا التي يستخدمها النظام لتلميع ذاته وتشتيت المجتمع. الحقائق هي الغائب الوحيد امام الجميع؛ النساء والرجال مع هذا النظام.,,,,,,,,,0,0,0.99560547,0.000374794,0.0039901733,4
1149,تمكين المرأة، و حقوق المرأة مصطلحات يستخدمها النظام ولا يخدمها. المرأة قضية كقضية الدين والفن والعلماء، وكمصطلح الإرهاب، والفساد وغيرها كثير من المصطلحات والقضايا التي يستخدمها النظام لتلميع ذاته وتشتيت المجتمع. الحقائق هي الغائب الوحيد أمام الجميع؛ النساء والرجال مع هذا النظام.,Women empowerment,تمكين المرأة، و حقوق المرأة مصطلحات يستخدمها النظام ولا يخدمها. المرأة قضية كقضية الدين والفن والعلماء، وكمصطلح الإرهاب، والفساد وغيرها كثير من المصطلحات والقضايا التي يستخدمها النظام لتلميع ذاته وتشتيت المجتمع. الحقائق هي الغائب الوحيد أمام الجميع؛ النساء والرجال مع هذا النظام.,Women empowerment,Against,0,Positive,2,No,0,,A_Explicit,,Target: Women empowerment Text: تمكين المرأة، و حقوق المرأة مصطلحات يستخدمها النظام ولا يخدمها. المرأة قضية كقضية الدين والفن والعلماء، وكمصطلح الإرهاب، والفساد وغيرها كثير من المصطلحات والقضايا التي يستخدمها النظام لتلميع ذاته وتشتيت المجتمع. الحقائق هي الغائب الوحيد أمام الجميع؛ النساء والرجال مع هذا النظام.,,تمكين المرأة، و حقوق المرأة مصطلحات يستخدمها النظام ولا يخدمها. المرأة قضية كقضية الدين والفن والعلماء، وكمصطلح الإرهاب، والفساد وغيرها كثير من المصطلحات والقضايا التي يستخدمها النظام لتلميع ذاته وتشتيت المجتمع. الحقائق هي الغائب الوحيد أمام الجميع؛ النساء والرجال مع هذا النظام.,Women empowerment,0.7647,1.0,0.4033,2021-02-23 05:18:41+00:00,23/02/2021,0,0,0.9975586,0.00037121773,0.0019464493,4
1164, تعبنا واحنا نقول أخلقوا فرص وظيفية تتناسب مع طبيعة المرأة   كله من ورا مصطلح 'تمكين المرأة' الذي لم يتم توظيفه بالطريقة الصحيحة 👎🏼,Women empowerment,تعبنا واحنا نقول اخلقوا فرص وظيفية تتناسب مع طبيعة المراة كله من ورا مصطلح 'تمكين المراة' الذي لم يتم توظيفه بالطريقة الصحيحة 👎🏼,Women empowerment,Against,0,Negative,0,No,0,,A_Explicit,,Target: Women empowerment Text: تعبنا واحنا نقول اخلقوا فرص وظيفية تتناسب مع طبيعة المراة كله من ورا مصطلح 'تمكين المراة' الذي لم يتم توظيفه بالطريقة الصحيحة 👎🏼,,,,,,,,,0,0,0.9946289,0.000120818615,0.005214691,2
1164, تعبنا واحنا نقول أخلقوا فرص وظيفية تتناسب مع طبيعة المرأة   كله من ورا مصطلح 'تمكين المرأة' الذي لم يتم توظيفه بالطريقة الصحيحة 👎🏼,Women empowerment,تعبنا واحنا نقول أخلقوا فرص وظيفية تتناسب مع طبيعة المرأة   كله من ورا مصطلح 'تمكين المرأة' الذي لم يتم توظيفه بالطريقة الصحيحة 👎🏼,Women empowerment,Against,0,Negative,0,No,0,,A_Explicit,,Target: Women empowerment Text: تعبنا واحنا نقول أخلقوا فرص وظيفية تتناسب مع طبيعة المرأة   كله من ورا مصطلح 'تمكين المرأة' الذي لم يتم توظيفه بالطريقة الصحيحة 👎🏼,, تعبنا واحنا نقول أخلقوا فرص وظيفية تتناسب مع طبيعة المرأة   كله من ورا مصطلح 'تمكين المرأة' الذي لم يتم توظيفه بالطريقة الصحيحة 👎🏼,Women empowerment,0.6228,1.0,1.0,2022-05-07 15:23:08+00:00,07/05/2022,0,0,0.99853516,0.00040388107,0.0012874603,4
1167,أعرف وحدة ضد تطعيم كورونا لدرجة موقفه بناتها عن المدرسة متخيلين ؟؟؟؟  لأن الي مايطعم مايدخل المدرسة لهذا السبب هم واقفين عن الدراسة,Covid Vaccine,اعرف وحدة ضد تطعيم كورونا لدرجة موقفه بناتها عن المدرسة متخيلين ؟؟ لان الي مايطعم مايدخل المدرسة لهذا السبب هم واقفين عن الدراسة,Covid Vaccine,None,1,Negative,0,No,0,,,Not clear,Target: Covid Vaccine Text: اعرف وحدة ضد تطعيم كورونا لدرجة موقفه بناتها عن المدرسة متخيلين ؟؟ لان الي مايطعم مايدخل المدرسة لهذا السبب هم واقفين عن الدراسة,,,,,,,,,1,1,0.00046658516,0.9980469,0.0014753342,4
1167,أعرف وحدة ضد تطعيم كورونا لدرجة موقفه بناتها عن المدرسة متخيلين ؟؟؟؟  لأن الي مايطعم مايدخل المدرسة لهذا السبب هم واقفين عن الدراسة,Covid Vaccine,أعرف وحدة ضد تطعيم كورونا لدرجة موقفه بناتها عن المدرسة متخيلين ؟؟؟؟  لأن الي مايطعم مايدخل المدرسة لهذا السبب هم واقفين عن الدراسة,Covid Vaccine,None,1,Negative,0,No,0,,,Not clear,Target: Covid Vaccine Text: أعرف وحدة ضد تطعيم كورونا لدرجة موقفه بناتها عن المدرسة متخيلين ؟؟؟؟  لأن الي مايطعم مايدخل المدرسة لهذا السبب هم واقفين عن الدراسة,,أعرف وحدة ضد تطعيم كورونا لدرجة موقفه بناتها عن المدرسة متخيلين ؟؟؟؟  لأن الي مايطعم مايدخل المدرسة لهذا السبب هم واقفين عن الدراسة,Covid Vaccine,0.4174,1.0,0.5745,2022-04-28 17:40:17+00:00,28/04/2022,1,1,0.0015048981,0.9975586,0.0007162094,1
1206,🔴مـن الخـ📬ـاص🇸🇦       لقاح فايزر في اي مركز تطعيم بالمدينه حالياً بتاريخ 2022/4/2! وفقك الله  #المدينة_المنورة,Covid Vaccine,🔴من الخ📬اص🇸🇦 لقاح فايزر في اي مركز تطعيم بالمدينه حالياً بتاريخ 2022/4/2! وفقك الله #المدينة المنورة,Covid Vaccine,None,1,Neutral,1,No,0,,,Not clear,Target: Covid Vaccine Text: 🔴من الخ📬اص🇸🇦 لقاح فايزر في اي مركز تطعيم بالمدينه حالياً بتاريخ 2022/4/2! وفقك الله #المدينة المنورة,,,,,,,,,1,1,0.00063991547,0.99365234,0.0057373047,1
1206,🔴مـن الخـ📬ـاص🇸🇦       لقاح فايزر في اي مركز تطعيم بالمدينه حالياً بتاريخ 2022/4/2! وفقك الله  #المدينة_المنورة,Covid Vaccine,🔴مـن الخـ📬ـاص🇸🇦       لقاح فايزر في اي مركز تطعيم بالمدينه حالياً بتاريخ 2022/4/2! وفقك الله  #المدينة_المنورة,Covid Vaccine,None,1,Neutral,1,No,0,,,Not clear,Target: Covid Vaccine Text: 🔴مـن الخـ📬ـاص🇸🇦       لقاح فايزر في اي مركز تطعيم بالمدينه حالياً بتاريخ 2022/4/2! وفقك الله  #المدينة_المنورة,,🔴مـن الخـ📬ـاص🇸🇦       لقاح فايزر في اي مركز تطعيم بالمدينه حالياً بتاريخ 2022/4/2! وفقك الله  #المدينة_المنورة,Covid Vaccine,0.7214,1.0,0.7501,2022-04-02 01:32:04+00:00,02/04/2022,1,1,0.0026226044,0.9951172,0.0021266937,4
1210,"📌من الخاص📩  ✨السلام عليكم "".. ممكن مساعدة بخصوص دخول البحرين. ابني اقل من ١٢ سنه عنده هوية وطنية ولم يأخذ اي تطعيم (كورونا) هل يقدر يدخل بالهوية + التأمين ؟  #من_سأل_ما_ضاع #اسأل_البحرين",Covid Vaccine,"📌من الخاص📩 ✨السلام عليكم "".. ممكن مساعدة بخصوص دخول البحرين. ابني اقل من ١٢ سنه عنده هوية وطنية ولم ياخذ اي تطعيم (كورونا) هل يقدر يدخل بالهوية + التامين ؟ #من سال ما ضاع #اسال البحرين",Covid Vaccine,None,1,Neutral,1,No,0,,,Not clear,"Target: Covid Vaccine Text: 📌من الخاص📩 ✨السلام عليكم "".. ممكن مساعدة بخصوص دخول البحرين. ابني اقل من ١٢ سنه عنده هوية وطنية ولم ياخذ اي تطعيم (كورونا) هل يقدر يدخل بالهوية + التامين ؟ #من سال ما ضاع #اسال البحرين",,,,,,,,,1,1,0.034729004,0.93847656,0.026672363,3
1210,"📌من الخاص📩  ✨السلام عليكم "".. ممكن مساعدة بخصوص دخول البحرين. ابني اقل من ١٢ سنه عنده هوية وطنية ولم يأخذ اي تطعيم (كورونا) هل يقدر يدخل بالهوية + التأمين ؟  #من_سأل_ما_ضاع #اسأل_البحرين",Covid Vaccine,"📌من الخاص📩  ✨السلام عليكم "".. ممكن مساعدة بخصوص دخول البحرين. ابني اقل من ١٢ سنه عنده هوية وطنية ولم يأخذ اي تطعيم (كورونا) هل يقدر يدخل بالهوية + التأمين ؟  #من_سأل_ما_ضاع #اسأل_البحرين",Covid Vaccine,None,1,Neutral,1,No,0,,,Not clear,"Target: Covid Vaccine Text: 📌من الخاص📩  ✨السلام عليكم "".. ممكن مساعدة بخصوص دخول البحرين. ابني اقل من ١٢ سنه عنده هوية وطنية ولم يأخذ اي تطعيم (كورونا) هل يقدر يدخل بالهوية + التأمين ؟  #من_سأل_ما_ضاع #اسأل_البحرين",,"📌من الخاص📩  ✨السلام عليكم "".. ممكن مساعدة بخصوص دخول البحرين. ابني اقل من ١٢ سنه عنده هوية وطنية ولم يأخذ اي تطعيم (كورونا) هل يقدر يدخل بالهوية + التأمين ؟  #من_سأل_ما_ضاع #اسأل_البحرين",Covid Vaccine,0.7592,1.0,1.0,2022-05-04 13:06:32+00:00,04/05/2022,1,1,0.0011081696,0.9980469,0.000834465,2
1227,على الرغم من التحول الوطني الكامل للتعاملات الالكترونية  اي ان المراسلات اصبحت تتم عن طريق البريد الالكتروني  إلا انني الاحظ ان الهاتف المكتبي المباشر واجهزة الفاكس  مازالت تستخدم في الادارات المختلفة. إلغاء الهاتف والفاكس  سيوفر مبالغ سنويلة طائلة على خزينة الدولة.,Digital Transformation,على الرغم من التحول الوطني الكامل للتعاملات الالكترونية  اي ان المراسلات اصبحت تتم عن طريق البريد الالكتروني  إلا انني الاحظ ان الهاتف المكتبي المباشر واجهزة الفاكس  مازالت تستخدم في الادارات المختلفة. إلغاء الهاتف والفاكس  سيوفر مبالغ سنويلة طائلة على خزينة الدولة.,Digital Transformation,None,1,Neutral,1,No,0,,,Not clear,Target: Digital Transformation Text: على الرغم من التحول الوطني الكامل للتعاملات الالكترونية  اي ان المراسلات اصبحت تتم عن طريق البريد الالكتروني  إلا انني الاحظ ان الهاتف المكتبي المباشر واجهزة الفاكس  مازالت تستخدم في الادارات المختلفة. إلغاء الهاتف والفاكس  سيوفر مبالغ سنويلة طائلة على خزينة الدولة.,,على الرغم من التحول الوطني الكامل للتعاملات الالكترونية  اي ان المراسلات اصبحت تتم عن طريق البريد الالكتروني  إلا انني الاحظ ان الهاتف المكتبي المباشر واجهزة الفاكس  مازالت تستخدم في الادارات المختلفة. إلغاء الهاتف والفاكس  سيوفر مبالغ سنويلة طائلة على خزينة الدولة.,Digital Transformation,1.0,1.0,0.7546,2020-09-14 09:13:33+00:00,14/09/2020,1,2,0.0014419556,0.00043153763,0.9980469,1
1227,على الرغم من التحول الوطني الكامل للتعاملات الالكترونية  اي ان المراسلات اصبحت تتم عن طريق البريد الالكتروني  إلا انني الاحظ ان الهاتف المكتبي المباشر واجهزة الفاكس  مازالت تستخدم في الادارات المختلفة. إلغاء الهاتف والفاكس  سيوفر مبالغ سنويلة طائلة على خزينة الدولة.,Digital Transformation,علي الرغم من التحول الوطني الكامل للتعاملات الالكترونية اي ان المراسلات اصبحت تتم عن طريق البريد الالكتروني الا انني الاحظ ان الهاتف المكتبي المباشر واجهزة الفاكس مازالت تستخدم في الادارات المختلفة. الغاء الهاتف والفاكس سيوفر مبالغ سنويلة طائلة علي خزينة الدولة.,Digital Transformation,None,1,Neutral,1,No,0,,,Not clear,Target: Digital Transformation Text: علي الرغم من التحول الوطني الكامل للتعاملات الالكترونية اي ان المراسلات اصبحت تتم عن طريق البريد الالكتروني الا انني الاحظ ان الهاتف المكتبي المباشر واجهزة الفاكس مازالت تستخدم في الادارات المختلفة. الغاء الهاتف والفاكس سيوفر مبالغ سنويلة طائلة علي خزينة الدولة.,,,,,,,,,1,2,0.0009069443,0.0004310608,0.99853516,1
1228, لماذا يسرعون في هذه الجرعات وحدة ورى الاخرى  ؟  والجسم يقدر يتحمل هذه الجرعات ؟   والاطفال المساكين من لما يولد الى سن السابعة   كم جرعة  حياخذه وجسمه الصغير سيستحمل هذه الكمية من التطعيمات   تطعيم الكزاز   الجدري   الشلل  الالتهاب الجذري ....,Covid Vaccine,لماذا يسرعون في هذه الجرعات وحدة ورى الاخرى  ؟  والجسم يقدر يتحمل هذه الجرعات ؟   والاطفال المساكين من لما يولد الى سن السابعة   كم جرعة  حياخذه وجسمه الصغير سيستحمل هذه الكمية من التطعيمات   تطعيم الكزاز   الجدري   الشلل  الالتهاب الجذري ....,Covid Vaccine,Against,0,Neutral,1,No,0,,A_Implicit,,Target: Covid Vaccine Text: لماذا يسرعون في هذه الجرعات وحدة ورى الاخرى  ؟  والجسم يقدر يتحمل هذه الجرعات ؟   والاطفال المساكين من لما يولد الى سن السابعة   كم جرعة  حياخذه وجسمه الصغير سيستحمل هذه الكمية من التطعيمات   تطعيم الكزاز   الجدري   الشلل  الالتهاب الجذري ....,, لماذا يسرعون في هذه الجرعات وحدة ورى الاخرى  ؟  والجسم يقدر يتحمل هذه الجرعات ؟   والاطفال المساكين من لما يولد الى سن السابعة   كم جرعة  حياخذه وجسمه الصغير سيستحمل هذه الكمية من التطعيمات   تطعيم الكزاز   الجدري   الشلل  الالتهاب الجذري ....,Covid Vaccine,0.6005,1.0,1.0,2021-12-12 05:07:57+00:00,12/12/2021,0,0,0.99121094,0.005569458,0.0031433105,3
1228, لماذا يسرعون في هذه الجرعات وحدة ورى الاخرى  ؟  والجسم يقدر يتحمل هذه الجرعات ؟   والاطفال المساكين من لما يولد الى سن السابعة   كم جرعة  حياخذه وجسمه الصغير سيستحمل هذه الكمية من التطعيمات   تطعيم الكزاز   الجدري   الشلل  الالتهاب الجذري ....,Covid Vaccine,لماذا يسرعون في هذه الجرعات وحدة وري الاخري ؟ والجسم يقدر يتحمل هذه الجرعات ؟ والاطفال المساكين من لما يولد الي سن السابعة كم جرعة حياخذه وجسمه الصغير سيستحمل هذه الكمية من التطعيمات تطعيم الكزاز الجدري الشلل الالتهاب الجذري ..,Covid Vaccine,Against,0,Neutral,1,No,0,,A_Implicit,,Target: Covid Vaccine Text: لماذا يسرعون في هذه الجرعات وحدة وري الاخري ؟ والجسم يقدر يتحمل هذه الجرعات ؟ والاطفال المساكين من لما يولد الي سن السابعة كم جرعة حياخذه وجسمه الصغير سيستحمل هذه الكمية من التطعيمات تطعيم الكزاز الجدري الشلل الالتهاب الجذري ..,,,,,,,,,0,0,0.99658203,0.0011110306,0.0024089813,2
1253, التوجه الي التحول الالكتروني راح يؤثر على الوظايف في القطاع الحكومي و الخاص,Digital Transformation,التوجه الي التحول الالكتروني راح يؤثر علي الوظايف في القطاع الحكومي و الخاص,Digital Transformation,Against,0,Negative,0,No,0,,A_Explicit,,Target: Digital Transformation Text: التوجه الي التحول الالكتروني راح يؤثر علي الوظايف في القطاع الحكومي و الخاص,,,,,,,,,0,0,0.98779297,0.009246826,0.0030879974,3
1253, التوجه الي التحول الالكتروني راح يؤثر على الوظايف في القطاع الحكومي و الخاص,Digital Transformation,التوجه الي التحول الالكتروني راح يؤثر على الوظايف في القطاع الحكومي و الخاص,Digital Transformation,Against,0,Negative,0,No,0,,A_Explicit,,Target: Digital Transformation Text: التوجه الي التحول الالكتروني راح يؤثر على الوظايف في القطاع الحكومي و الخاص,, التوجه الي التحول الالكتروني راح يؤثر على الوظايف في القطاع الحكومي و الخاص,Digital Transformation,0.4112,1.0,0.7258,2020-07-04 17:33:58+00:00,04/07/2020,0,0,0.9980469,0.00066947937,0.0015182495,4
1276, ملاحظة ______ مثل ماتم تسهيل أعطانا انا وابنائي كروت تطعيم كورونا ارجو تسهيل وضع معاملتنا والاسراع بإنهاء معاناه استمرت اكثر من ٣٥ سنه تقريبا معاناه نتوارثها الآباء ونورثها للأبناء؟؟ الابناء لا يستطيعون التسجيل في الجامعه ولا وظيفة تقبل توظي,Covid Vaccine,ملاحظة ______ مثل ماتم تسهيل أعطانا انا وابنائي كروت تطعيم كورونا ارجو تسهيل وضع معاملتنا والاسراع بإنهاء معاناه استمرت اكثر من ٣٥ سنه تقريبا معاناه نتوارثها الآباء ونورثها للأبناء؟؟ الابناء لا يستطيعون التسجيل في الجامعه ولا وظيفة تقبل توظي,Covid Vaccine,None,1,Negative,0,No,0,,,Not clear,Target: Covid Vaccine Text: ملاحظة ______ مثل ماتم تسهيل أعطانا انا وابنائي كروت تطعيم كورونا ارجو تسهيل وضع معاملتنا والاسراع بإنهاء معاناه استمرت اكثر من ٣٥ سنه تقريبا معاناه نتوارثها الآباء ونورثها للأبناء؟؟ الابناء لا يستطيعون التسجيل في الجامعه ولا وظيفة تقبل توظي,, ملاحظة ______ مثل ماتم تسهيل أعطانا انا وابنائي كروت تطعيم كورونا ارجو تسهيل وضع معاملتنا والاسراع بإنهاء معاناه استمرت اكثر من ٣٥ سنه تقريبا معاناه نتوارثها الآباء ونورثها للأبناء؟؟ الابناء لا يستطيعون التسجيل في الجامعه ولا وظيفة تقبل توظي,Covid Vaccine,0.6385,1.0,0.6348,2022-05-09 18:36:19+00:00,09/05/2022,1,1,0.16918945,0.8222656,0.008598328,3
1276, ملاحظة ______ مثل ماتم تسهيل أعطانا انا وابنائي كروت تطعيم كورونا ارجو تسهيل وضع معاملتنا والاسراع بإنهاء معاناه استمرت اكثر من ٣٥ سنه تقريبا معاناه نتوارثها الآباء ونورثها للأبناء؟؟ الابناء لا يستطيعون التسجيل في الجامعه ولا وظيفة تقبل توظي,Covid Vaccine,ملاحظة مثل ماتم تسهيل اعطانا انا وابنائي كروت تطعيم كورونا ارجو تسهيل وضع معاملتنا والاسراع بانهاء معاناه استمرت اكثر من ٣٥ سنه تقريبا معاناه نتوارثها الاباء ونورثها للابناء؟؟ الابناء لا يستطيعون التسجيل في الجامعه ولا وظيفة تقبل توظي,Covid Vaccine,None,1,Negative,0,No,0,,,Not clear,Target: Covid Vaccine Text: ملاحظة مثل ماتم تسهيل اعطانا انا وابنائي كروت تطعيم كورونا ارجو تسهيل وضع معاملتنا والاسراع بانهاء معاناه استمرت اكثر من ٣٥ سنه تقريبا معاناه نتوارثها الاباء ونورثها للابناء؟؟ الابناء لا يستطيعون التسجيل في الجامعه ولا وظيفة تقبل توظي,,,,,,,,,1,1,0.008049011,0.98339844,0.008399963,1
1283,في موضوع تمكين المرأة هل ترونها فعلا تمكنّت؟  #تمكين_المرأة #حديث_النفس URL,Women empowerment,في موضوع تمكين المراة هل ترونها فعلا تمكنّت؟ #تمكين المراة #حديث النفس,Women empowerment,None,1,Neutral,1,No,0,,,Not clear,Target: Women empowerment Text: في موضوع تمكين المراة هل ترونها فعلا تمكنّت؟ #تمكين المراة #حديث النفس,,,,,,,,,1,1,0.00019717216,0.9995117,0.00027823448,5
1283,في موضوع تمكين المرأة هل ترونها فعلا تمكنّت؟  #تمكين_المرأة #حديث_النفس URL,Women empowerment,في موضوع تمكين المرأة هل ترونها فعلا تمكنّت؟  #تمكين_المرأة #حديث_النفس URL,Women empowerment,None,1,Neutral,1,No,0,,,Not clear,Target: Women empowerment Text: في موضوع تمكين المرأة هل ترونها فعلا تمكنّت؟  #تمكين_المرأة #حديث_النفس URL,,في موضوع تمكين المرأة هل ترونها فعلا تمكنّت؟  #تمكين_المرأة #حديث_النفس URL,Women empowerment,0.5948,1.0,1.0,2022-05-01 07:31:57+00:00,01/05/2022,1,1,0.0007777214,0.99902344,4.810095e-05,5
1308,  كل العالم امس كللللللللله طلع مظاهرات ضد كذبة كورونا كاملة - كمام - اغلاق - تطعيم .. ,Covid Vaccine,كل العالم امس كلله طلع مظاهرات ضد كذبة كورونا كاملة - كمام - اغلاق - تطعيم ..,Covid Vaccine,Against,0,Neutral,1,No,0,,A_Implicit,,Target: Covid Vaccine Text: كل العالم امس كلله طلع مظاهرات ضد كذبة كورونا كاملة - كمام - اغلاق - تطعيم ..,,,,,,,,,0,0,1.0,8.684397e-05,5.8293343e-05,5
1308,  كل العالم امس كللللللللله طلع مظاهرات ضد كذبة كورونا كاملة - كمام - اغلاق - تطعيم .. ,Covid Vaccine,كل العالم امس كللللللللله طلع مظاهرات ضد كذبة كورونا كاملة - كمام - اغلاق - تطعيم ..,Covid Vaccine,Against,0,Neutral,1,No,0,,A_Implicit,,Target: Covid Vaccine Text: كل العالم امس كللللللللله طلع مظاهرات ضد كذبة كورونا كاملة - كمام - اغلاق - تطعيم ..,,  كل العالم امس كللللللللله طلع مظاهرات ضد كذبة كورونا كاملة - كمام - اغلاق - تطعيم .. ,Covid Vaccine,0.7352,1.0,1.0,2021-03-21 19:50:40+00:00,21/03/2021,0,0,0.97021484,0.015457153,0.014183044,3
1358," يا استاذ انت تعلم ما تستقبله دولنا من تعليمات غربية لتنفيذ اتفاقيات تمكين المرأة والتي بالفعل طبقت في دولنا المنبطحة وأصبحت الوظائف و الرواتب معدة للمرأة سلفا وإن لم يجدوها فيعطونها الرجل ""الكيوت المستغرب""   فالمرأة الموظفة صارت هي الغالب ",Women empowerment,"يا استاذ انت تعلم ما تستقبله دولنا من تعليمات غربية لتنفيذ اتفاقيات تمكين المراة والتي بالفعل طبقت في دولنا المنبطحة واصبحت الوظائف و الرواتب معدة للمراة سلفا وان لم يجدوها فيعطونها الرجل ""الكيوت المستغرب"" فالمراة الموظفة صارت هي الغالب",Women empowerment,Against,0,Negative,0,No,0,,A_Explicit,,"Target: Women empowerment Text: يا استاذ انت تعلم ما تستقبله دولنا من تعليمات غربية لتنفيذ اتفاقيات تمكين المراة والتي بالفعل طبقت في دولنا المنبطحة واصبحت الوظائف و الرواتب معدة للمراة سلفا وان لم يجدوها فيعطونها الرجل ""الكيوت المستغرب"" فالمراة الموظفة صارت هي الغالب",,,,,,,,,0,0,0.99560547,0.00015342236,0.004459381,1
1358," يا استاذ انت تعلم ما تستقبله دولنا من تعليمات غربية لتنفيذ اتفاقيات تمكين المرأة والتي بالفعل طبقت في دولنا المنبطحة وأصبحت الوظائف و الرواتب معدة للمرأة سلفا وإن لم يجدوها فيعطونها الرجل ""الكيوت المستغرب""   فالمرأة الموظفة صارت هي الغالب ",Women empowerment,"يا استاذ انت تعلم ما تستقبله دولنا من تعليمات غربية لتنفيذ اتفاقيات تمكين المرأة والتي بالفعل طبقت في دولنا المنبطحة وأصبحت الوظائف و الرواتب معدة للمرأة سلفا وإن لم يجدوها فيعطونها الرجل ""الكيوت المستغرب""   فالمرأة الموظفة صارت هي الغالب",Women empowerment,Against,0,Negative,0,No,0,,A_Explicit,,"Target: Women empowerment Text: يا استاذ انت تعلم ما تستقبله دولنا من تعليمات غربية لتنفيذ اتفاقيات تمكين المرأة والتي بالفعل طبقت في دولنا المنبطحة وأصبحت الوظائف و الرواتب معدة للمرأة سلفا وإن لم يجدوها فيعطونها الرجل ""الكيوت المستغرب""   فالمرأة الموظفة صارت هي الغالب",," يا استاذ انت تعلم ما تستقبله دولنا من تعليمات غربية لتنفيذ اتفاقيات تمكين المرأة والتي بالفعل طبقت في دولنا المنبطحة وأصبحت الوظائف و الرواتب معدة للمرأة سلفا وإن لم يجدوها فيعطونها الرجل ""الكيوت المستغرب""   فالمرأة الموظفة صارت هي الغالب ",Women empowerment,1.0,1.0,1.0,2022-05-10 15:48:13+00:00,10/05/2022,0,0,0.98828125,0.0045204163,0.0069999695,3
1374, تطعيم كورونا بدون حضور  جرعه اولى  جرعه ثانيه جرعه ثالثه جرعه الرابعه,Covid Vaccine,تطعيم كورونا بدون حضور جرعه اولي جرعه ثانيه جرعه ثالثه جرعه الرابعه,Covid Vaccine,None,1,Neutral,1,No,0,,,Not clear,Target: Covid Vaccine Text: تطعيم كورونا بدون حضور جرعه اولي جرعه ثانيه جرعه ثالثه جرعه الرابعه,,,,,,,,,1,1,0.0012054443,0.9975586,0.0013027191,1
1374, تطعيم كورونا بدون حضور  جرعه اولى  جرعه ثانيه جرعه ثالثه جرعه الرابعه,Covid Vaccine,تطعيم كورونا بدون حضور  جرعه اولى  جرعه ثانيه جرعه ثالثه جرعه الرابعه,Covid Vaccine,None,1,Neutral,1,No,0,,,Not clear,Target: Covid Vaccine Text: تطعيم كورونا بدون حضور  جرعه اولى  جرعه ثانيه جرعه ثالثه جرعه الرابعه,, تطعيم كورونا بدون حضور  جرعه اولى  جرعه ثانيه جرعه ثالثه جرعه الرابعه,Covid Vaccine,1.0,1.0,1.0,2022-05-08 19:40:44+00:00,08/05/2022,1,1,0.00013792515,1.0,4.2140484e-05,5
1397,MENTION دام اني ميت ميت خلني اموت من كورونا ولا اموت من تطعيم فاشل,Covid Vaccine,MENTION دام اني ميت ميت خلني اموت من كورونا ولا اموت من تطعيم فاشل,Covid Vaccine,Against,0,Negative,0,No,0,,A_Explicit,,Target: Covid Vaccine Text: MENTION دام اني ميت ميت خلني اموت من كورونا ولا اموت من تطعيم فاشل,,MENTION دام اني ميت ميت خلني اموت من كورونا ولا اموت من تطعيم فاشل,Covid Vaccine,1.0,0.6566,0.6418,2021-08-08 20:25:56+00:00,08/08/2021,0,0,0.99902344,0.00028777122,0.00063848495,2
1397,MENTION دام اني ميت ميت خلني اموت من كورونا ولا اموت من تطعيم فاشل,Covid Vaccine,مستخدم دام اني ميت ميت خلني اموت من كورونا ولا اموت من تطعيم فاشل,Covid Vaccine,Against,0,Negative,0,No,0,,A_Explicit,,Target: Covid Vaccine Text: مستخدم دام اني ميت ميت خلني اموت من كورونا ولا اموت من تطعيم فاشل,,,,,,,,,0,0,0.9975586,0.00069475174,0.0015687943,1
1442, عصر تمكين المرأة...  يعقبهُ ضياع جيل بلا هوية ولا انتماء ليكون لقمة سائغة وصيد سهل لليهود والنصارى والمجوس وصدق الناصح الأمين  صلى الله عليه وسلم:(ويل للعرب من شرٍ قد اقترب),Women empowerment,عصر تمكين المراة.. يعقبهُ ضياع جيل بلا هوية ولا انتماء ليكون لقمة سائغة وصيد سهل لليهود والنصاري والمجوس وصدق الناصح الامين صلي الله عليه وسلم:(ويل للعرب من شرٍ قد اقترب),Women empowerment,Against,0,Negative,0,No,0,,A_Implicit,,Target: Women empowerment Text: عصر تمكين المراة.. يعقبهُ ضياع جيل بلا هوية ولا انتماء ليكون لقمة سائغة وصيد سهل لليهود والنصاري والمجوس وصدق الناصح الامين صلي الله عليه وسلم:(ويل للعرب من شرٍ قد اقترب),,,,,,,,,0,0,0.99609375,0.00021493435,0.0037136078,2
1442, عصر تمكين المرأة...  يعقبهُ ضياع جيل بلا هوية ولا انتماء ليكون لقمة سائغة وصيد سهل لليهود والنصارى والمجوس وصدق الناصح الأمين  صلى الله عليه وسلم:(ويل للعرب من شرٍ قد اقترب),Women empowerment,عصر تمكين المرأة...  يعقبهُ ضياع جيل بلا هوية ولا انتماء ليكون لقمة سائغة وصيد سهل لليهود والنصارى والمجوس وصدق الناصح الأمين  صلى الله عليه وسلم:(ويل للعرب من شرٍ قد اقترب),Women empowerment,Against,0,Negative,0,No,0,,A_Implicit,,Target: Women empowerment Text: عصر تمكين المرأة...  يعقبهُ ضياع جيل بلا هوية ولا انتماء ليكون لقمة سائغة وصيد سهل لليهود والنصارى والمجوس وصدق الناصح الأمين  صلى الله عليه وسلم:(ويل للعرب من شرٍ قد اقترب),, عصر تمكين المرأة...  يعقبهُ ضياع جيل بلا هوية ولا انتماء ليكون لقمة سائغة وصيد سهل لليهود والنصارى والمجوس وصدق الناصح الأمين  صلى الله عليه وسلم:(ويل للعرب من شرٍ قد اقترب),Women empowerment,1.0,1.0,1.0,2020-12-22 04:19:23+00:00,22/12/2020,0,0,0.99658203,0.00024032593,0.0031414032,2
1444,MENTION MENTION  الوفاة بيد الله وحده   والله  م عاد نصدق مين من سوي تطعيم جاء كورونا   وأنا لن أخذ اللقاح إجباري  حتى لو فصلت من العمل,Covid Vaccine,مستخدم مستخدم الوفاة بيد الله وحده والله م عاد نصدق مين من سوي تطعيم جاء كورونا وانا لن اخذ اللقاح اجباري حتي لو فصلت من العمل,Covid Vaccine,Against,0,Negative,0,No,0,,A_Explicit,,Target: Covid Vaccine Text: مستخدم مستخدم الوفاة بيد الله وحده والله م عاد نصدق مين من سوي تطعيم جاء كورونا وانا لن اخذ اللقاح اجباري حتي لو فصلت من العمل,,,,,,,,,0,0,0.9980469,0.000790596,0.0010480881,4
1444,MENTION MENTION  الوفاة بيد الله وحده   والله  م عاد نصدق مين من سوي تطعيم جاء كورونا   وأنا لن أخذ اللقاح إجباري  حتى لو فصلت من العمل,Covid Vaccine,MENTION MENTION  الوفاة بيد الله وحده   والله  م عاد نصدق مين من سوي تطعيم جاء كورونا   وأنا لن أخذ اللقاح إجباري  حتى لو فصلت من العمل,Covid Vaccine,Against,0,Negative,0,No,0,,A_Explicit,,Target: Covid Vaccine Text: MENTION MENTION  الوفاة بيد الله وحده   والله  م عاد نصدق مين من سوي تطعيم جاء كورونا   وأنا لن أخذ اللقاح إجباري  حتى لو فصلت من العمل,,MENTION MENTION  الوفاة بيد الله وحده   والله  م عاد نصدق مين من سوي تطعيم جاء كورونا   وأنا لن أخذ اللقاح إجباري  حتى لو فصلت من العمل,Covid Vaccine,0.7447,1.0,1.0,2021-05-11 18:57:35+00:00,11/05/2021,0,0,0.9926758,0.004562378,0.0028514862,3
1449,العودة للمدارس واطالتها  ورجوعها الحضوري بنهار رمضان  مالهدف من ذلك إلا تطعيم اطفالكم  لقاح كورونا والورم الحليمي  اني اعرف النفوس الردية واهلها  اللهم اني اعوذ بك من علم لا ينفع  وقلب لا يخشع,Covid Vaccine,العودة للمدارس واطالتها  ورجوعها الحضوري بنهار رمضان  مالهدف من ذلك إلا تطعيم اطفالكم  لقاح كورونا والورم الحليمي  اني اعرف النفوس الردية واهلها  اللهم اني اعوذ بك من علم لا ينفع  وقلب لا يخشع,Covid Vaccine,None,1,Negative,0,No,0,,,Not clear,Target: Covid Vaccine Text: العودة للمدارس واطالتها  ورجوعها الحضوري بنهار رمضان  مالهدف من ذلك إلا تطعيم اطفالكم  لقاح كورونا والورم الحليمي  اني اعرف النفوس الردية واهلها  اللهم اني اعوذ بك من علم لا ينفع  وقلب لا يخشع,,العودة للمدارس واطالتها  ورجوعها الحضوري بنهار رمضان  مالهدف من ذلك إلا تطعيم اطفالكم  لقاح كورونا والورم الحليمي  اني اعرف النفوس الردية واهلها  اللهم اني اعوذ بك من علم لا ينفع  وقلب لا يخشع,Covid Vaccine,0.7592,1.0,0.7844,2022-04-04 18:16:50+00:00,04/04/2022,1,1,0.0011987686,0.9975586,0.001039505,4
1449,العودة للمدارس واطالتها  ورجوعها الحضوري بنهار رمضان  مالهدف من ذلك إلا تطعيم اطفالكم  لقاح كورونا والورم الحليمي  اني اعرف النفوس الردية واهلها  اللهم اني اعوذ بك من علم لا ينفع  وقلب لا يخشع,Covid Vaccine,العودة للمدارس واطالتها ورجوعها الحضوري بنهار رمضان مالهدف من ذلك الا تطعيم اطفالكم لقاح كورونا والورم الحليمي اني اعرف النفوس الردية واهلها اللهم اني اعوذ بك من علم لا ينفع وقلب لا يخشع,Covid Vaccine,None,1,Negative,0,No,0,,,Not clear,Target: Covid Vaccine Text: العودة للمدارس واطالتها ورجوعها الحضوري بنهار رمضان مالهدف من ذلك الا تطعيم اطفالكم لقاح كورونا والورم الحليمي اني اعرف النفوس الردية واهلها اللهم اني اعوذ بك من علم لا ينفع وقلب لا يخشع,,,,,,,,,1,1,0.0055389404,0.9916992,0.0027103424,1
1487,احس تطعيم كورونا عبارة عن موية بس و يطقونك فيه والجسم يحس وقتها انه راح يصير قوي عنده مناعة وماراح تجينا كورونا والاعراض حقته الحرارة تجي لأننا كنا متوقعينها وخايفين منها تطعيم كورونا كذبة وهذا اللي اعتقده🤚🏻,Covid Vaccine,احس تطعيم كورونا عبارة عن موية بس و يطقونك فيه والجسم يحس وقتها انه راح يصير قوي عنده مناعة وماراح تجينا كورونا والاعراض حقته الحرارة تجي لاننا كنا متوقعينها وخايفين منها تطعيم كورونا كذبة وهذا اللي اعتقده🤚🏻,Covid Vaccine,Against,0,Neutral,1,No,0,,A_Explicit,,Target: Covid Vaccine Text: احس تطعيم كورونا عبارة عن موية بس و يطقونك فيه والجسم يحس وقتها انه راح يصير قوي عنده مناعة وماراح تجينا كورونا والاعراض حقته الحرارة تجي لاننا كنا متوقعينها وخايفين منها تطعيم كورونا كذبة وهذا اللي اعتقده🤚🏻,,,,,,,,,0,0,1.0,5.441904e-05,8.547306e-05,5
1487,احس تطعيم كورونا عبارة عن موية بس و يطقونك فيه والجسم يحس وقتها انه راح يصير قوي عنده مناعة وماراح تجينا كورونا والاعراض حقته الحرارة تجي لأننا كنا متوقعينها وخايفين منها تطعيم كورونا كذبة وهذا اللي اعتقده🤚🏻,Covid Vaccine,احس تطعيم كورونا عبارة عن موية بس و يطقونك فيه والجسم يحس وقتها انه راح يصير قوي عنده مناعة وماراح تجينا كورونا والاعراض حقته الحرارة تجي لأننا كنا متوقعينها وخايفين منها تطعيم كورونا كذبة وهذا اللي اعتقده🤚🏻,Covid Vaccine,Against,0,Neutral,1,No,0,,A_Explicit,,Target: Covid Vaccine Text: احس تطعيم كورونا عبارة عن موية بس و يطقونك فيه والجسم يحس وقتها انه راح يصير قوي عنده مناعة وماراح تجينا كورونا والاعراض حقته الحرارة تجي لأننا كنا متوقعينها وخايفين منها تطعيم كورونا كذبة وهذا اللي اعتقده🤚🏻,,احس تطعيم كورونا عبارة عن موية بس و يطقونك فيه والجسم يحس وقتها انه راح يصير قوي عنده مناعة وماراح تجينا كورونا والاعراض حقته الحرارة تجي لأننا كنا متوقعينها وخايفين منها تطعيم كورونا كذبة وهذا اللي اعتقده🤚🏻,Covid Vaccine,1.0,1.0,1.0,2021-04-21 18:12:53+00:00,21/04/2021,0,0,0.99072266,0.005760193,0.0033874512,3
1489, حسبنا الله ونعم الوكيل وما خفي كان أعظم الانظمه الجديده في تمكين المراة للعمل تحتاج مراجعه الخصوصية مطلب والاختلاط مهلكه اللهم من اراد ببنات المسلمين وخاصه بناتنا سوءًا اللهم فكفنا شره ولا حول لنا ولا قوة الا بالله,Women empowerment,حسبنا الله ونعم الوكيل وما خفي كان اعظم الانظمه الجديده في تمكين المراة للعمل تحتاج مراجعه الخصوصية مطلب والاختلاط مهلكه اللهم من اراد ببنات المسلمين وخاصه بناتنا سوءًا اللهم فكفنا شره ولا حول لنا ولا قوة الا بالله,Women empowerment,Against,0,Negative,0,No,0,,A_Implicit,,Target: Women empowerment Text: حسبنا الله ونعم الوكيل وما خفي كان اعظم الانظمه الجديده في تمكين المراة للعمل تحتاج مراجعه الخصوصية مطلب والاختلاط مهلكه اللهم من اراد ببنات المسلمين وخاصه بناتنا سوءًا اللهم فكفنا شره ولا حول لنا ولا قوة الا بالله,,,,,,,,,0,0,0.9970703,0.0020427704,0.000749588,4
1489, حسبنا الله ونعم الوكيل وما خفي كان أعظم الانظمه الجديده في تمكين المراة للعمل تحتاج مراجعه الخصوصية مطلب والاختلاط مهلكه اللهم من اراد ببنات المسلمين وخاصه بناتنا سوءًا اللهم فكفنا شره ولا حول لنا ولا قوة الا بالله,Women empowerment,حسبنا الله ونعم الوكيل وما خفي كان أعظم الانظمه الجديده في تمكين المراة للعمل تحتاج مراجعه الخصوصية مطلب والاختلاط مهلكه اللهم من اراد ببنات المسلمين وخاصه بناتنا سوءًا اللهم فكفنا شره ولا حول لنا ولا قوة الا بالله,Women empowerment,Against,0,Negative,0,No,0,,A_Implicit,,Target: Women empowerment Text: حسبنا الله ونعم الوكيل وما خفي كان أعظم الانظمه الجديده في تمكين المراة للعمل تحتاج مراجعه الخصوصية مطلب والاختلاط مهلكه اللهم من اراد ببنات المسلمين وخاصه بناتنا سوءًا اللهم فكفنا شره ولا حول لنا ولا قوة الا بالله,, حسبنا الله ونعم الوكيل وما خفي كان أعظم الانظمه الجديده في تمكين المراة للعمل تحتاج مراجعه الخصوصية مطلب والاختلاط مهلكه اللهم من اراد ببنات المسلمين وخاصه بناتنا سوءًا اللهم فكفنا شره ولا حول لنا ولا قوة الا بالله,Women empowerment,1.0,1.0,1.0,2021-04-21 09:48:16+00:00,21/04/2021,0,0,0.99853516,0.000992775,0.00038409233,1
1499,"الغالبية يصفون حالة التسمم بأنها كورونا. أي واحد يتسمم ويمرض يقولوا أصيب بكورونا ! أي واحد يتلقى ""اللقاح"" ويتعب يقولوا هذا تأثير فايروس كورونا !! من وين يجيهم كورونا وهم يحقنون منتج فايزر وهو علاج جيني وليس تطعيم. لماذا لا يفهمون بأن هذه المنتجات سامة وأن السموم تمرض أجسامهم؟",Covid Vaccine,"الغالبية يصفون حالة التسمم بانها كورونا. اي واحد يتسمم ويمرض يقولوا اصيب بكورونا ! اي واحد يتلقي ""اللقاح"" ويتعب يقولوا هذا تاثير فايروس كورونا !! من وين يجيهم كورونا وهم يحقنون منتج فايزر وهو علاج جيني وليس تطعيم. لماذا لا يفهمون بان هذه المنتجات سامة وان السموم تمرض اجسامهم؟",Covid Vaccine,Against,0,Negative,0,No,0,,A_Implicit,,"Target: Covid Vaccine Text: الغالبية يصفون حالة التسمم بانها كورونا. اي واحد يتسمم ويمرض يقولوا اصيب بكورونا ! اي واحد يتلقي ""اللقاح"" ويتعب يقولوا هذا تاثير فايروس كورونا !! من وين يجيهم كورونا وهم يحقنون منتج فايزر وهو علاج جيني وليس تطعيم. لماذا لا يفهمون بان هذه المنتجات سامة وان السموم تمرض اجسامهم؟",,,,,,,,,0,0,0.9902344,0.0062561035,0.0033874512,3
1499,"الغالبية يصفون حالة التسمم بأنها كورونا. أي واحد يتسمم ويمرض يقولوا أصيب بكورونا ! أي واحد يتلقى ""اللقاح"" ويتعب يقولوا هذا تأثير فايروس كورونا !! من وين يجيهم كورونا وهم يحقنون منتج فايزر وهو علاج جيني وليس تطعيم. لماذا لا يفهمون بأن هذه المنتجات سامة وأن السموم تمرض أجسامهم؟",Covid Vaccine,"الغالبية يصفون حالة التسمم بأنها كورونا. أي واحد يتسمم ويمرض يقولوا أصيب بكورونا ! أي واحد يتلقى ""اللقاح"" ويتعب يقولوا هذا تأثير فايروس كورونا !! من وين يجيهم كورونا وهم يحقنون منتج فايزر وهو علاج جيني وليس تطعيم. لماذا لا يفهمون بأن هذه المنتجات سامة وأن السموم تمرض أجسامهم؟",Covid Vaccine,Against,0,Negative,0,No,0,,A_Implicit,,"Target: Covid Vaccine Text: الغالبية يصفون حالة التسمم بأنها كورونا. أي واحد يتسمم ويمرض يقولوا أصيب بكورونا ! أي واحد يتلقى ""اللقاح"" ويتعب يقولوا هذا تأثير فايروس كورونا !! من وين يجيهم كورونا وهم يحقنون منتج فايزر وهو علاج جيني وليس تطعيم. لماذا لا يفهمون بأن هذه المنتجات سامة وأن السموم تمرض أجسامهم؟",,"الغالبية يصفون حالة التسمم بأنها كورونا. أي واحد يتسمم ويمرض يقولوا أصيب بكورونا ! أي واحد يتلقى ""اللقاح"" ويتعب يقولوا هذا تأثير فايروس كورونا !! من وين يجيهم كورونا وهم يحقنون منتج فايزر وهو علاج جيني وليس تطعيم. لماذا لا يفهمون بأن هذه المنتجات سامة وأن السموم تمرض أجسامهم؟",Covid Vaccine,1.0,0.6111,1.0,2021-04-25 16:08:10+00:00,25/04/2021,0,0,1.0,7.855892e-05,3.707409e-05,5
1511,الان أنا بأحد المطاعم بالدمام وفيه بنت سعوديه تشتغل مع العمال الاجانب بالداخل؟ هل هذا يليق بالمرأة السعودية؟  قال ايش قال #تمكين_المرأة حسبي الله ونعم الوكيل,Women empowerment,الان انا باحد المطاعم بالدمام وفيه بنت سعوديه تشتغل مع العمال الاجانب بالداخل؟ هل هذا يليق بالمراة السعودية؟ قال ايش قال #تمكين المراة حسبي الله ونعم الوكيل,Women empowerment,Against,0,Negative,0,No,0,,A_Explicit,,Target: Women empowerment Text: الان انا باحد المطاعم بالدمام وفيه بنت سعوديه تشتغل مع العمال الاجانب بالداخل؟ هل هذا يليق بالمراة السعودية؟ قال ايش قال #تمكين المراة حسبي الله ونعم الوكيل,,,,,,,,,0,0,0.9746094,0.021987915,0.0034675598,3
1511,الان أنا بأحد المطاعم بالدمام وفيه بنت سعوديه تشتغل مع العمال الاجانب بالداخل؟ هل هذا يليق بالمرأة السعودية؟  قال ايش قال #تمكين_المرأة حسبي الله ونعم الوكيل,Women empowerment,الان أنا بأحد المطاعم بالدمام وفيه بنت سعوديه تشتغل مع العمال الاجانب بالداخل؟ هل هذا يليق بالمرأة السعودية؟  قال ايش قال #تمكين_المرأة حسبي الله ونعم الوكيل,Women empowerment,Against,0,Negative,0,No,0,,A_Explicit,,Target: Women empowerment Text: الان أنا بأحد المطاعم بالدمام وفيه بنت سعوديه تشتغل مع العمال الاجانب بالداخل؟ هل هذا يليق بالمرأة السعودية؟  قال ايش قال #تمكين_المرأة حسبي الله ونعم الوكيل,,الان أنا بأحد المطاعم بالدمام وفيه بنت سعوديه تشتغل مع العمال الاجانب بالداخل؟ هل هذا يليق بالمرأة السعودية؟  قال ايش قال #تمكين_المرأة حسبي الله ونعم الوكيل,Women empowerment,0.7618,1.0,0.7725,2022-04-06 22:31:32+00:00,06/04/2022,0,0,0.9760742,0.022064209,0.0018053055,3
1523,"#المرأة_العربية #المساواة #الجندر #تمكين #تعليم #المساواة_الجندرية ""مبادئ عمان.. للآليات الوطنية للمساواة بين الجنسين وتمكين #النساء و #الفتيات""  URL URL",Women empowerment,"#المرأة_العربية #المساواة #الجندر #تمكين #تعليم #المساواة_الجندرية ""مبادئ عمان.. للآليات الوطنية للمساواة بين الجنسين وتمكين #النساء و #الفتيات""  URL URL",Women empowerment,None,1,Neutral,1,No,0,,,Not clear,"Target: Women empowerment Text: #المرأة_العربية #المساواة #الجندر #تمكين #تعليم #المساواة_الجندرية ""مبادئ عمان.. للآليات الوطنية للمساواة بين الجنسين وتمكين #النساء و #الفتيات""  URL URL",,"#المرأة_العربية #المساواة #الجندر #تمكين #تعليم #المساواة_الجندرية ""مبادئ عمان.. للآليات الوطنية للمساواة بين الجنسين وتمكين #النساء و #الفتيات""  URL URL",Women empowerment,0.6223,1.0,1.0,2022-04-14 10:13:38+00:00,14/04/2022,1,1,0.0001809597,1.0,3.0636787e-05,5
1523,"#المرأة_العربية #المساواة #الجندر #تمكين #تعليم #المساواة_الجندرية ""مبادئ عمان.. للآليات الوطنية للمساواة بين الجنسين وتمكين #النساء و #الفتيات""  URL URL",Women empowerment,"#المراة العربية #المساواة #الجندر #تمكين #تعليم #المساواة الجندرية ""مبادئ عمان.. للاليات الوطنية للمساواة بين الجنسين وتمكين #النساء و #الفتيات""",Women empowerment,None,1,Neutral,1,No,0,,,Not clear,"Target: Women empowerment Text: #المراة العربية #المساواة #الجندر #تمكين #تعليم #المساواة الجندرية ""مبادئ عمان.. للاليات الوطنية للمساواة بين الجنسين وتمكين #النساء و #الفتيات""",,,,,,,,,1,1,0.0018157959,0.98583984,0.012527466,1
1528, أدوات اُعطيت للرجل لأسباب معينة و مُنعت عن المرأة بغير وجه حق فأكتسب الرجل سُلطة  و عندما تم توزيع الادوات بالتساوي وتم تمكين الطرف الآخر عجزنا عن التنازل عن سلطتنا بلا اي مبرر حقيقي .,Women empowerment,ادوات اُعطيت للرجل لاسباب معينة و مُنعت عن المراة بغير وجه حق فاكتسب الرجل سُلطة و عندما تم توزيع الادوات بالتساوي وتم تمكين الطرف الاخر عجزنا عن التنازل عن سلطتنا بلا اي مبرر حقيقي .,Women empowerment,None,1,Neutral,1,No,0,,,Not clear,Target: Women empowerment Text: ادوات اُعطيت للرجل لاسباب معينة و مُنعت عن المراة بغير وجه حق فاكتسب الرجل سُلطة و عندما تم توزيع الادوات بالتساوي وتم تمكين الطرف الاخر عجزنا عن التنازل عن سلطتنا بلا اي مبرر حقيقي .,,,,,,,,,1,1,0.0015058517,0.99560547,0.0026817322,4
1528, أدوات اُعطيت للرجل لأسباب معينة و مُنعت عن المرأة بغير وجه حق فأكتسب الرجل سُلطة  و عندما تم توزيع الادوات بالتساوي وتم تمكين الطرف الآخر عجزنا عن التنازل عن سلطتنا بلا اي مبرر حقيقي .,Women empowerment,أدوات اُعطيت للرجل لأسباب معينة و مُنعت عن المرأة بغير وجه حق فأكتسب الرجل سُلطة  و عندما تم توزيع الادوات بالتساوي وتم تمكين الطرف الآخر عجزنا عن التنازل عن سلطتنا بلا اي مبرر حقيقي .,Women empowerment,None,1,Neutral,1,No,0,,,Not clear,Target: Women empowerment Text: أدوات اُعطيت للرجل لأسباب معينة و مُنعت عن المرأة بغير وجه حق فأكتسب الرجل سُلطة  و عندما تم توزيع الادوات بالتساوي وتم تمكين الطرف الآخر عجزنا عن التنازل عن سلطتنا بلا اي مبرر حقيقي .,, أدوات اُعطيت للرجل لأسباب معينة و مُنعت عن المرأة بغير وجه حق فأكتسب الرجل سُلطة  و عندما تم توزيع الادوات بالتساوي وتم تمكين الطرف الآخر عجزنا عن التنازل عن سلطتنا بلا اي مبرر حقيقي .,Women empowerment,0.4129,1.0,1.0,2022-04-25 08:35:05+00:00,25/04/2022,1,1,0.0015850067,0.9980469,0.00017821789,2
1533," كلام عاطفي وسطحي  سأتحدث عن جزئية عمل المراة  بالفعل يتم تشغيل العديد من النساء خاصة في المصانع والشركات تحت غطاء ""تمكين المراة"" ليس حبا فيهن ولكن كيد عاملة بديلة للرجل  برواتب زهيدة وساعات عمل طويلة لان المراة في الغالب لن تضغط مديرها او تزعجه با",Women empowerment,"كلام عاطفي وسطحي  سأتحدث عن جزئية عمل المراة  بالفعل يتم تشغيل العديد من النساء خاصة في المصانع والشركات تحت غطاء ""تمكين المراة"" ليس حبا فيهن ولكن كيد عاملة بديلة للرجل  برواتب زهيدة وساعات عمل طويلة لان المراة في الغالب لن تضغط مديرها او تزعجه با",Women empowerment,Against,0,Negative,0,No,0,,A_Explicit,,"Target: Women empowerment Text: كلام عاطفي وسطحي  سأتحدث عن جزئية عمل المراة  بالفعل يتم تشغيل العديد من النساء خاصة في المصانع والشركات تحت غطاء ""تمكين المراة"" ليس حبا فيهن ولكن كيد عاملة بديلة للرجل  برواتب زهيدة وساعات عمل طويلة لان المراة في الغالب لن تضغط مديرها او تزعجه با",," كلام عاطفي وسطحي  سأتحدث عن جزئية عمل المراة  بالفعل يتم تشغيل العديد من النساء خاصة في المصانع والشركات تحت غطاء ""تمكين المراة"" ليس حبا فيهن ولكن كيد عاملة بديلة للرجل  برواتب زهيدة وساعات عمل طويلة لان المراة في الغالب لن تضغط مديرها او تزعجه با",Women empowerment,1.0,1.0,1.0,2022-05-03 15:25:29+00:00,03/05/2022,0,0,0.99609375,2.4616718e-05,0.003643036,5
1533," كلام عاطفي وسطحي  سأتحدث عن جزئية عمل المراة  بالفعل يتم تشغيل العديد من النساء خاصة في المصانع والشركات تحت غطاء ""تمكين المراة"" ليس حبا فيهن ولكن كيد عاملة بديلة للرجل  برواتب زهيدة وساعات عمل طويلة لان المراة في الغالب لن تضغط مديرها او تزعجه با",Women empowerment,"كلام عاطفي وسطحي ساتحدث عن جزئية عمل المراة بالفعل يتم تشغيل العديد من النساء خاصة في المصانع والشركات تحت غطاء ""تمكين المراة"" ليس حبا فيهن ولكن كيد عاملة بديلة للرجل برواتب زهيدة وساعات عمل طويلة لان المراة في الغالب لن تضغط مديرها او تزعجه با",Women empowerment,Against,0,Negative,0,No,0,,A_Explicit,,"Target: Women empowerment Text: كلام عاطفي وسطحي ساتحدث عن جزئية عمل المراة بالفعل يتم تشغيل العديد من النساء خاصة في المصانع والشركات تحت غطاء ""تمكين المراة"" ليس حبا فيهن ولكن كيد عاملة بديلة للرجل برواتب زهيدة وساعات عمل طويلة لان المراة في الغالب لن تضغط مديرها او تزعجه با",,,,,,,,,0,0,0.9946289,2.6881695e-05,0.0055236816,5
1534,تسريبات من بناطيل الاخوان بالصوت والصورة بس مفيش تآمر ولا حاجة على الاخوان كانت كلها سوء ادارة طبعا اهم سابولك الادارة يا جهبز من ٩ سنين عملت ايه بقا يا خwل يا بتاع تمكين المرأة. خليت الناس تشحت.الجهل سايد.بتبيع املاك البلد كانها ملكك.جباية في كل حتة. شغل كله سرقة ونصب فاشل.حرامي,Women empowerment,تسريبات من بناطيل الاخوان بالصوت والصورة بس مفيش تآمر ولا حاجة على الاخوان كانت كلها سوء ادارة طبعا اهم سابولك الادارة يا جهبز من ٩ سنين عملت ايه بقا يا خwل يا بتاع تمكين المرأة. خليت الناس تشحت.الجهل سايد.بتبيع املاك البلد كانها ملكك.جباية في كل حتة. شغل كله سرقة ونصب فاشل.حرامي,Women empowerment,Against,0,Negative,0,No,0,,A_Explicit,,Target: Women empowerment Text: تسريبات من بناطيل الاخوان بالصوت والصورة بس مفيش تآمر ولا حاجة على الاخوان كانت كلها سوء ادارة طبعا اهم سابولك الادارة يا جهبز من ٩ سنين عملت ايه بقا يا خwل يا بتاع تمكين المرأة. خليت الناس تشحت.الجهل سايد.بتبيع املاك البلد كانها ملكك.جباية في كل حتة. شغل كله سرقة ونصب فاشل.حرامي,,تسريبات من بناطيل الاخوان بالصوت والصورة بس مفيش تآمر ولا حاجة على الاخوان كانت كلها سوء ادارة طبعا اهم سابولك الادارة يا جهبز من ٩ سنين عملت ايه بقا يا خwل يا بتاع تمكين المرأة. خليت الناس تشحت.الجهل سايد.بتبيع املاك البلد كانها ملكك.جباية في كل حتة. شغل كله سرقة ونصب فاشل.حرامي,Women empowerment,0.7621,0.77,1.0,2022-04-06 00:42:27+00:00,06/04/2022,0,0,0.99853516,0.00024271011,0.0010156631,2
1534,تسريبات من بناطيل الاخوان بالصوت والصورة بس مفيش تآمر ولا حاجة على الاخوان كانت كلها سوء ادارة طبعا اهم سابولك الادارة يا جهبز من ٩ سنين عملت ايه بقا يا خwل يا بتاع تمكين المرأة. خليت الناس تشحت.الجهل سايد.بتبيع املاك البلد كانها ملكك.جباية في كل حتة. شغل كله سرقة ونصب فاشل.حرامي,Women empowerment,تسريبات من بناطيل الاخوان بالصوت والصورة بس مفيش تامر ولا حاجة علي الاخوان كانت كلها سوء ادارة طبعا اهم سابولك الادارة يا جهبز من ٩ سنين عملت ايه بقا يا خwل يا بتاع تمكين المراة. خليت الناس تشحت.الجهل سايد.بتبيع املاك البلد كانها ملكك.جباية في كل حتة. شغل كله سرقة ونصب فاشل.حرامي,Women empowerment,Against,0,Negative,0,No,0,,A_Explicit,,Target: Women empowerment Text: تسريبات من بناطيل الاخوان بالصوت والصورة بس مفيش تامر ولا حاجة علي الاخوان كانت كلها سوء ادارة طبعا اهم سابولك الادارة يا جهبز من ٩ سنين عملت ايه بقا يا خwل يا بتاع تمكين المراة. خليت الناس تشحت.الجهل سايد.بتبيع املاك البلد كانها ملكك.جباية في كل حتة. شغل كله سرقة ونصب فاشل.حرامي,,,,,,,,,0,0,0.99560547,0.000890255,0.0033416748,4
1542,فلسفة التحول الرقمي    التحول الرقمي يدمج ما هو مادي بما هو رقمي ويحوله لواقع جديد. ما يحدث الآن هو تغيير الطريقة التي نعمل بها  وحتى طريقة تفكيرنا.  التحول الرقمي هو نهاية طغيان الاعمال والأسواق التقليدية عبر ارتفاع الاندماج بين النموذج التقليدي والنموذج الرقمي.,Digital Transformation,فلسفة التحول الرقمي    التحول الرقمي يدمج ما هو مادي بما هو رقمي ويحوله لواقع جديد. ما يحدث الآن هو تغيير الطريقة التي نعمل بها  وحتى طريقة تفكيرنا.  التحول الرقمي هو نهاية طغيان الاعمال والأسواق التقليدية عبر ارتفاع الاندماج بين النموذج التقليدي والنموذج الرقمي.,Digital Transformation,Against,0,Negative,0,No,0,,A_Explicit,,Target: Digital Transformation Text: فلسفة التحول الرقمي    التحول الرقمي يدمج ما هو مادي بما هو رقمي ويحوله لواقع جديد. ما يحدث الآن هو تغيير الطريقة التي نعمل بها  وحتى طريقة تفكيرنا.  التحول الرقمي هو نهاية طغيان الاعمال والأسواق التقليدية عبر ارتفاع الاندماج بين النموذج التقليدي والنموذج الرقمي.,,فلسفة التحول الرقمي    التحول الرقمي يدمج ما هو مادي بما هو رقمي ويحوله لواقع جديد. ما يحدث الآن هو تغيير الطريقة التي نعمل بها  وحتى طريقة تفكيرنا.  التحول الرقمي هو نهاية طغيان الاعمال والأسواق التقليدية عبر ارتفاع الاندماج بين النموذج التقليدي والنموذج الرقمي.,Digital Transformation,0.3985,1.0,1.0,2018-06-06 16:12:50+00:00,06/06/2018,0,1,0.028747559,0.54296875,0.42822266,3
1542,فلسفة التحول الرقمي    التحول الرقمي يدمج ما هو مادي بما هو رقمي ويحوله لواقع جديد. ما يحدث الآن هو تغيير الطريقة التي نعمل بها  وحتى طريقة تفكيرنا.  التحول الرقمي هو نهاية طغيان الاعمال والأسواق التقليدية عبر ارتفاع الاندماج بين النموذج التقليدي والنموذج الرقمي.,Digital Transformation,فلسفة التحول الرقمي التحول الرقمي يدمج ما هو مادي بما هو رقمي ويحوله لواقع جديد. ما يحدث الان هو تغيير الطريقة التي نعمل بها وحتي طريقة تفكيرنا. التحول الرقمي هو نهاية طغيان الاعمال والاسواق التقليدية عبر ارتفاع الاندماج بين النموذج التقليدي والنموذج الرقمي.,Digital Transformation,Against,0,Negative,0,No,0,,A_Explicit,,Target: Digital Transformation Text: فلسفة التحول الرقمي التحول الرقمي يدمج ما هو مادي بما هو رقمي ويحوله لواقع جديد. ما يحدث الان هو تغيير الطريقة التي نعمل بها وحتي طريقة تفكيرنا. التحول الرقمي هو نهاية طغيان الاعمال والاسواق التقليدية عبر ارتفاع الاندماج بين النموذج التقليدي والنموذج الرقمي.,,,,,,,,,0,2,0.02293396,0.2841797,0.6928711,3
1549,   الفرص موجوده ومتاحة للجميع بس اغلبها تروح للنساء تمكين المرأة وتركين الرجل لا حول ولا قوة الا بالله العلي العظيم,Women empowerment,الفرص موجوده ومتاحة للجميع بس اغلبها تروح للنساء تمكين المراة وتركين الرجل لا حول ولا قوة الا بالله العلي العظيم,Women empowerment,Against,0,Negative,0,No,0,,A_Explicit,,Target: Women empowerment Text: الفرص موجوده ومتاحة للجميع بس اغلبها تروح للنساء تمكين المراة وتركين الرجل لا حول ولا قوة الا بالله العلي العظيم,,,,,,,,,0,0,0.98583984,0.0001502037,0.01424408,2
1549,   الفرص موجوده ومتاحة للجميع بس اغلبها تروح للنساء تمكين المرأة وتركين الرجل لا حول ولا قوة الا بالله العلي العظيم,Women empowerment,الفرص موجوده ومتاحة للجميع بس اغلبها تروح للنساء تمكين المرأة وتركين الرجل لا حول ولا قوة الا بالله العلي العظيم,Women empowerment,Against,0,Negative,0,No,0,,A_Explicit,,Target: Women empowerment Text: الفرص موجوده ومتاحة للجميع بس اغلبها تروح للنساء تمكين المرأة وتركين الرجل لا حول ولا قوة الا بالله العلي العظيم,,   الفرص موجوده ومتاحة للجميع بس اغلبها تروح للنساء تمكين المرأة وتركين الرجل لا حول ولا قوة الا بالله العلي العظيم,Women empowerment,1.0,1.0,1.0,2022-04-15 03:41:59+00:00,15/04/2022,0,0,0.99853516,0.00047135353,0.0010328293,4
1569, لذلك عمل المرأه يضر الأسره أولاً والمجتمع بأكمله ولا يوجد تمكين للمرأه إلا باضطهاد امرأه أخرى (خدامه),Women empowerment,لذلك عمل المرأه يضر الأسره أولاً والمجتمع بأكمله ولا يوجد تمكين للمرأه إلا باضطهاد امرأه أخرى (خدامه),Women empowerment,Against,0,Negative,0,No,0,,A_Explicit,,Target: Women empowerment Text: لذلك عمل المرأه يضر الأسره أولاً والمجتمع بأكمله ولا يوجد تمكين للمرأه إلا باضطهاد امرأه أخرى (خدامه),, لذلك عمل المرأه يضر الأسره أولاً والمجتمع بأكمله ولا يوجد تمكين للمرأه إلا باضطهاد امرأه أخرى (خدامه),Women empowerment,0.7593,1.0,1.0,2021-03-03 11:46:58+00:00,03/03/2021,0,0,0.99072266,0.0015068054,0.007663727,3
1569, لذلك عمل المرأه يضر الأسره أولاً والمجتمع بأكمله ولا يوجد تمكين للمرأه إلا باضطهاد امرأه أخرى (خدامه),Women empowerment,لذلك عمل المراه يضر الاسره اولاً والمجتمع باكمله ولا يوجد تمكين للمراه الا باضطهاد امراه اخري (خدامه),Women empowerment,Against,0,Negative,0,No,0,,A_Explicit,,Target: Women empowerment Text: لذلك عمل المراه يضر الاسره اولاً والمجتمع باكمله ولا يوجد تمكين للمراه الا باضطهاد امراه اخري (خدامه),,,,,,,,,0,0,0.9926758,0.00023984909,0.0071792603,4
1577,هذا ماوصلن إليه النساء بفضل تمكين المرأة!  كثير من العاملات رفضن نمط العيش تحت ظِلّ رجل يكفي المرأة المهانة  وآثرن العمل على القرار لإعتقادهن أن الناصحون لهن عن فعل ذلك حسدة وذكوريين..  نسأل الله السلامة من البلاهة وإسترحْاص قيمة العِرض! URL,Women empowerment,هذا ماوصلن إليه النساء بفضل تمكين المرأة!  كثير من العاملات رفضن نمط العيش تحت ظِلّ رجل يكفي المرأة المهانة  وآثرن العمل على القرار لإعتقادهن أن الناصحون لهن عن فعل ذلك حسدة وذكوريين..  نسأل الله السلامة من البلاهة وإسترحْاص قيمة العِرض! URL,Women empowerment,Against,0,Negative,0,No,0,,A_Explicit,,Target: Women empowerment Text: هذا ماوصلن إليه النساء بفضل تمكين المرأة!  كثير من العاملات رفضن نمط العيش تحت ظِلّ رجل يكفي المرأة المهانة  وآثرن العمل على القرار لإعتقادهن أن الناصحون لهن عن فعل ذلك حسدة وذكوريين..  نسأل الله السلامة من البلاهة وإسترحْاص قيمة العِرض! URL,,هذا ماوصلن إليه النساء بفضل تمكين المرأة!  كثير من العاملات رفضن نمط العيش تحت ظِلّ رجل يكفي المرأة المهانة  وآثرن العمل على القرار لإعتقادهن أن الناصحون لهن عن فعل ذلك حسدة وذكوريين..  نسأل الله السلامة من البلاهة وإسترحْاص قيمة العِرض! URL,Women empowerment,0.605,1.0,0.7373,2022-04-16 05:02:37+00:00,16/04/2022,0,0,0.9975586,0.00055933,0.0016479492,2
1577,هذا ماوصلن إليه النساء بفضل تمكين المرأة!  كثير من العاملات رفضن نمط العيش تحت ظِلّ رجل يكفي المرأة المهانة  وآثرن العمل على القرار لإعتقادهن أن الناصحون لهن عن فعل ذلك حسدة وذكوريين..  نسأل الله السلامة من البلاهة وإسترحْاص قيمة العِرض! URL,Women empowerment,هذا ماوصلن اليه النساء بفضل تمكين المراة! كثير من العاملات رفضن نمط العيش تحت ظِلّ رجل يكفي المراة المهانة واثرن العمل علي القرار لاعتقادهن ان الناصحون لهن عن فعل ذلك حسدة وذكوريين.. نسال الله السلامة من البلاهة واسترحْاص قيمة العِرض!,Women empowerment,Against,0,Negative,0,No,0,,A_Explicit,,Target: Women empowerment Text: هذا ماوصلن اليه النساء بفضل تمكين المراة! كثير من العاملات رفضن نمط العيش تحت ظِلّ رجل يكفي المراة المهانة واثرن العمل علي القرار لاعتقادهن ان الناصحون لهن عن فعل ذلك حسدة وذكوريين.. نسال الله السلامة من البلاهة واسترحْاص قيمة العِرض!,,,,,,,,,0,0,0.9995117,3.3438206e-05,0.0006246567,5
1680,وحتى الأعراض الجانبية مقارنة مثلا بحاجات زي حبوب منع الحمل أو التدخين أو حتى اللحوم المصنعة فهي نسبتها تعتبر قليلة لكن من حق الناس تفكر فيها وتوزن الريسك اللي فيه، إنما تقول تطعيم من المرض بيجيب المرض نفسه 😂 ده بتوع ال 5G بيجيب كورونا عندهم منطق عنك,Covid Vaccine,وحتي الاعراض الجانبية مقارنة مثلا بحاجات زي حبوب منع الحمل او التدخين او حتي اللحوم المصنعة فهي نسبتها تعتبر قليلة لكن من حق الناس تفكر فيها وتوزن الريسك اللي فيه، انما تقول تطعيم من المرض بيجيب المرض نفسه 😂 ده بتوع ال 5G بيجيب كورونا عندهم منطق عنك,Covid Vaccine,None,1,Negative,0,Yes,1,,,Not Related,Target: Covid Vaccine Text: وحتي الاعراض الجانبية مقارنة مثلا بحاجات زي حبوب منع الحمل او التدخين او حتي اللحوم المصنعة فهي نسبتها تعتبر قليلة لكن من حق الناس تفكر فيها وتوزن الريسك اللي فيه، انما تقول تطعيم من المرض بيجيب المرض نفسه 😂 ده بتوع ال 5G بيجيب كورونا عندهم منطق عنك,,,,,,,,,1,1,6.2048435e-05,1.0,0.00013160706,5
1680,وحتى الأعراض الجانبية مقارنة مثلا بحاجات زي حبوب منع الحمل أو التدخين أو حتى اللحوم المصنعة فهي نسبتها تعتبر قليلة لكن من حق الناس تفكر فيها وتوزن الريسك اللي فيه، إنما تقول تطعيم من المرض بيجيب المرض نفسه 😂 ده بتوع ال 5G بيجيب كورونا عندهم منطق عنك,Covid Vaccine,وحتى الأعراض الجانبية مقارنة مثلا بحاجات زي حبوب منع الحمل أو التدخين أو حتى اللحوم المصنعة فهي نسبتها تعتبر قليلة لكن من حق الناس تفكر فيها وتوزن الريسك اللي فيه، إنما تقول تطعيم من المرض بيجيب المرض نفسه 😂 ده بتوع ال 5G بيجيب كورونا عندهم منطق عنك,Covid Vaccine,None,1,Negative,0,Yes,1,,,Not Related,Target: Covid Vaccine Text: وحتى الأعراض الجانبية مقارنة مثلا بحاجات زي حبوب منع الحمل أو التدخين أو حتى اللحوم المصنعة فهي نسبتها تعتبر قليلة لكن من حق الناس تفكر فيها وتوزن الريسك اللي فيه، إنما تقول تطعيم من المرض بيجيب المرض نفسه 😂 ده بتوع ال 5G بيجيب كورونا عندهم منطق عنك,,وحتى الأعراض الجانبية مقارنة مثلا بحاجات زي حبوب منع الحمل أو التدخين أو حتى اللحوم المصنعة فهي نسبتها تعتبر قليلة لكن من حق الناس تفكر فيها وتوزن الريسك اللي فيه، إنما تقول تطعيم من المرض بيجيب المرض نفسه 😂 ده بتوع ال 5G بيجيب كورونا عندهم منطق عنك,Covid Vaccine,1.0,1.0,0.6548,2021-04-24 23:39:39+00:00,24/04/2021,1,1,0.0018749237,0.9970703,0.0008678436,1
1701,  هذا ما يريدونه الغرب الانجاس للبلاد انحلال و استهتار بإسم تمكين المرآة و دورها في المجتمع حتي يسهل عليهم ضرب عقيدتنا و عادتنا و تقليدنا,Women empowerment,هذا ما يريدونه الغرب الانجاس للبلاد انحلال و استهتار بإسم تمكين المرآة و دورها في المجتمع حتي يسهل عليهم ضرب عقيدتنا و عادتنا و تقليدنا,Women empowerment,Against,0,Negative,0,No,0,,A_Explicit,,Target: Women empowerment Text: هذا ما يريدونه الغرب الانجاس للبلاد انحلال و استهتار بإسم تمكين المرآة و دورها في المجتمع حتي يسهل عليهم ضرب عقيدتنا و عادتنا و تقليدنا,,  هذا ما يريدونه الغرب الانجاس للبلاد انحلال و استهتار بإسم تمكين المرآة و دورها في المجتمع حتي يسهل عليهم ضرب عقيدتنا و عادتنا و تقليدنا,Women empowerment,1.0,1.0,1.0,2021-03-17 15:56:21+00:00,17/03/2021,0,0,1.0,0.000114798546,5.7518482e-05,5
1701,  هذا ما يريدونه الغرب الانجاس للبلاد انحلال و استهتار بإسم تمكين المرآة و دورها في المجتمع حتي يسهل عليهم ضرب عقيدتنا و عادتنا و تقليدنا,Women empowerment,هذا ما يريدونه الغرب الانجاس للبلاد انحلال و استهتار باسم تمكين المراة و دورها في المجتمع حتي يسهل عليهم ضرب عقيدتنا و عادتنا و تقليدنا,Women empowerment,Against,0,Negative,0,No,0,,A_Explicit,,Target: Women empowerment Text: هذا ما يريدونه الغرب الانجاس للبلاد انحلال و استهتار باسم تمكين المراة و دورها في المجتمع حتي يسهل عليهم ضرب عقيدتنا و عادتنا و تقليدنا,,,,,,,,,0,0,1.0,8.648634e-05,7.456541e-05,5
1716, التحول التقني مثل موج البحر .. اذا لم تستعد للجديد من التقنية .. ستتلاعب بك امواج التقنيات .. والنتيجة تخبط إداري وانتاجية سيئة,Digital Transformation,التحول التقني مثل موج البحر .. اذا لم تستعد للجديد من التقنية .. ستتلاعب بك امواج التقنيات .. والنتيجة تخبط اداري وانتاجية سيئة,Digital Transformation,Against,0,Negative,0,No,0,,A_Explicit,,Target: Digital Transformation Text: التحول التقني مثل موج البحر .. اذا لم تستعد للجديد من التقنية .. ستتلاعب بك امواج التقنيات .. والنتيجة تخبط اداري وانتاجية سيئة,,,,,,,,,0,0,0.9975586,0.0016088486,0.0010719299,4
1716, التحول التقني مثل موج البحر .. اذا لم تستعد للجديد من التقنية .. ستتلاعب بك امواج التقنيات .. والنتيجة تخبط إداري وانتاجية سيئة,Digital Transformation,التحول التقني مثل موج البحر .. اذا لم تستعد للجديد من التقنية .. ستتلاعب بك امواج التقنيات .. والنتيجة تخبط إداري وانتاجية سيئة,Digital Transformation,Against,0,Negative,0,No,0,,A_Explicit,,Target: Digital Transformation Text: التحول التقني مثل موج البحر .. اذا لم تستعد للجديد من التقنية .. ستتلاعب بك امواج التقنيات .. والنتيجة تخبط إداري وانتاجية سيئة,, التحول التقني مثل موج البحر .. اذا لم تستعد للجديد من التقنية .. ستتلاعب بك امواج التقنيات .. والنتيجة تخبط إداري وانتاجية سيئة,Digital Transformation,1.0,1.0,1.0,2020-10-02 08:14:26+00:00,02/10/2020,0,0,0.98291016,0.015625,0.0016450882,3
1717,  فعلاً والله التحول الإلكتروني حلو ومريح ولكن ماذا سيحدث إذا فقدنا كل البيانات؟,Digital Transformation,فعلاً والله التحول الالكتروني حلو ومريح ولكن ماذا سيحدث اذا فقدنا كل البيانات؟,Digital Transformation,Against,0,Negative,0,No,0,,A_Explicit,,Target: Digital Transformation Text: فعلاً والله التحول الالكتروني حلو ومريح ولكن ماذا سيحدث اذا فقدنا كل البيانات؟,,,,,,,,,0,0,0.99902344,0.00054073334,0.0002861023,2
1717,  فعلاً والله التحول الإلكتروني حلو ومريح ولكن ماذا سيحدث إذا فقدنا كل البيانات؟,Digital Transformation,فعلاً والله التحول الإلكتروني حلو ومريح ولكن ماذا سيحدث إذا فقدنا كل البيانات؟,Digital Transformation,Against,0,Negative,0,No,0,,A_Explicit,,Target: Digital Transformation Text: فعلاً والله التحول الإلكتروني حلو ومريح ولكن ماذا سيحدث إذا فقدنا كل البيانات؟,,  فعلاً والله التحول الإلكتروني حلو ومريح ولكن ماذا سيحدث إذا فقدنا كل البيانات؟,Digital Transformation,0.4132,1.0,0.7721,2022-03-18 18:11:43+00:00,18/03/2022,0,0,1.0,0.00015354156,1.9013882e-05,5
1718, اسوأ خدمه الكترونيه و منظومه لا تحترم الطلاب المغتربين.. لسه عايشين في زمن الملفات و بيضيعوا جهد الطلاب بسفر و مشاوير.. ان مكنتوش قد التحول الإلكتروني رجعوها للعصر القديم.. بصراحه نظام تطفيش مش تعليم..,Digital Transformation,اسوا خدمه الكترونيه و منظومه لا تحترم الطلاب المغتربين.. لسه عايشين في زمن الملفات و بيضيعوا جهد الطلاب بسفر و مشاوير.. ان مكنتوش قد التحول الالكتروني رجعوها للعصر القديم.. بصراحه نظام تطفيش مش تعليم..,Digital Transformation,Against,0,Neutral,1,No,0,,A_Explicit,,Target: Digital Transformation Text: اسوا خدمه الكترونيه و منظومه لا تحترم الطلاب المغتربين.. لسه عايشين في زمن الملفات و بيضيعوا جهد الطلاب بسفر و مشاوير.. ان مكنتوش قد التحول الالكتروني رجعوها للعصر القديم.. بصراحه نظام تطفيش مش تعليم..,,,,,,,,,0,0,0.9980469,0.00037550926,0.0017795563,4
1718, اسوأ خدمه الكترونيه و منظومه لا تحترم الطلاب المغتربين.. لسه عايشين في زمن الملفات و بيضيعوا جهد الطلاب بسفر و مشاوير.. ان مكنتوش قد التحول الإلكتروني رجعوها للعصر القديم.. بصراحه نظام تطفيش مش تعليم..,Digital Transformation,اسوأ خدمه الكترونيه و منظومه لا تحترم الطلاب المغتربين.. لسه عايشين في زمن الملفات و بيضيعوا جهد الطلاب بسفر و مشاوير.. ان مكنتوش قد التحول الإلكتروني رجعوها للعصر القديم.. بصراحه نظام تطفيش مش تعليم..,Digital Transformation,Against,0,Neutral,1,No,0,,A_Explicit,,Target: Digital Transformation Text: اسوأ خدمه الكترونيه و منظومه لا تحترم الطلاب المغتربين.. لسه عايشين في زمن الملفات و بيضيعوا جهد الطلاب بسفر و مشاوير.. ان مكنتوش قد التحول الإلكتروني رجعوها للعصر القديم.. بصراحه نظام تطفيش مش تعليم..,, اسوأ خدمه الكترونيه و منظومه لا تحترم الطلاب المغتربين.. لسه عايشين في زمن الملفات و بيضيعوا جهد الطلاب بسفر و مشاوير.. ان مكنتوش قد التحول الإلكتروني رجعوها للعصر القديم.. بصراحه نظام تطفيش مش تعليم..,Digital Transformation,0.5969,0.5839,0.5874,2021-12-05 10:59:55+00:00,05/12/2021,0,0,0.9897461,0.0030536652,0.00712204,3
1727,MENTION ارجو  تكونون واضحين عن اسباب الوفاة . هل  بسبب اثار جانبية من التطعيم ؟ مو معقولة كلها من كورونا . قبل تطعيم ماكانت النسبة جذي الحين فرق   اعتقد السبب واضح   واتقوا الله!!,Covid Vaccine,MENTION ارجو  تكونون واضحين عن اسباب الوفاة . هل  بسبب اثار جانبية من التطعيم ؟ مو معقولة كلها من كورونا . قبل تطعيم ماكانت النسبة جذي الحين فرق   اعتقد السبب واضح   واتقوا الله!!,Covid Vaccine,Against,0,Negative,0,No,0,,A_Explicit,,Target: Covid Vaccine Text: MENTION ارجو  تكونون واضحين عن اسباب الوفاة . هل  بسبب اثار جانبية من التطعيم ؟ مو معقولة كلها من كورونا . قبل تطعيم ماكانت النسبة جذي الحين فرق   اعتقد السبب واضح   واتقوا الله!!,,MENTION ارجو  تكونون واضحين عن اسباب الوفاة . هل  بسبب اثار جانبية من التطعيم ؟ مو معقولة كلها من كورونا . قبل تطعيم ماكانت النسبة جذي الحين فرق   اعتقد السبب واضح   واتقوا الله!!,Covid Vaccine,1.0,1.0,0.6827,2021-07-07 01:41:03+00:00,07/07/2021,0,0,0.9863281,0.010879517,0.0029087067,3
1727,MENTION ارجو  تكونون واضحين عن اسباب الوفاة . هل  بسبب اثار جانبية من التطعيم ؟ مو معقولة كلها من كورونا . قبل تطعيم ماكانت النسبة جذي الحين فرق   اعتقد السبب واضح   واتقوا الله!!,Covid Vaccine,مستخدم ارجو تكونون واضحين عن اسباب الوفاة . هل بسبب اثار جانبية من التطعيم ؟ مو معقولة كلها من كورونا . قبل تطعيم ماكانت النسبة جذي الحين فرق اعتقد السبب واضح واتقوا الله!!,Covid Vaccine,Against,0,Negative,0,No,0,,A_Explicit,,Target: Covid Vaccine Text: مستخدم ارجو تكونون واضحين عن اسباب الوفاة . هل بسبب اثار جانبية من التطعيم ؟ مو معقولة كلها من كورونا . قبل تطعيم ماكانت النسبة جذي الحين فرق اعتقد السبب واضح واتقوا الله!!,,,,,,,,,0,0,0.99853516,0.00096178055,0.000620842,4
1747,MENTION يعني اللي حاشته كورونا وتشافى منها صار محصن..  ليش تمنعونه من ممارسة حياته بشكل طبيعي؟  بهدف اعطاءه تطعيم جرعات لم يتم حصرها !  ولم يتم معرفه اثاره البعيده !!,Covid Vaccine,مستخدم يعني اللي حاشته كورونا وتشافي منها صار محصن.. ليش تمنعونه من ممارسة حياته بشكل طبيعي؟ بهدف اعطاءه تطعيم جرعات لم يتم حصرها ! ولم يتم معرفه اثاره البعيده !!,Covid Vaccine,Against,0,Neutral,1,No,0,,A_Explicit,,Target: Covid Vaccine Text: مستخدم يعني اللي حاشته كورونا وتشافي منها صار محصن.. ليش تمنعونه من ممارسة حياته بشكل طبيعي؟ بهدف اعطاءه تطعيم جرعات لم يتم حصرها ! ولم يتم معرفه اثاره البعيده !!,,,,,,,,,0,0,0.99853516,0.00056123734,0.0007972717,4
1747,MENTION يعني اللي حاشته كورونا وتشافى منها صار محصن..  ليش تمنعونه من ممارسة حياته بشكل طبيعي؟  بهدف اعطاءه تطعيم جرعات لم يتم حصرها !  ولم يتم معرفه اثاره البعيده !!,Covid Vaccine,MENTION يعني اللي حاشته كورونا وتشافى منها صار محصن..  ليش تمنعونه من ممارسة حياته بشكل طبيعي؟  بهدف اعطاءه تطعيم جرعات لم يتم حصرها !  ولم يتم معرفه اثاره البعيده !!,Covid Vaccine,Against,0,Neutral,1,No,0,,A_Explicit,,Target: Covid Vaccine Text: MENTION يعني اللي حاشته كورونا وتشافى منها صار محصن..  ليش تمنعونه من ممارسة حياته بشكل طبيعي؟  بهدف اعطاءه تطعيم جرعات لم يتم حصرها !  ولم يتم معرفه اثاره البعيده !!,,MENTION يعني اللي حاشته كورونا وتشافى منها صار محصن..  ليش تمنعونه من ممارسة حياته بشكل طبيعي؟  بهدف اعطاءه تطعيم جرعات لم يتم حصرها !  ولم يتم معرفه اثاره البعيده !!,Covid Vaccine,0.7489,1.0,0.6838,2021-09-07 05:27:06+00:00,07/09/2021,0,0,0.9902344,0.0031528473,0.00642395,3
1756,  الا لقاح كورونا   كورونا نفسها  صارت منسيه حتى اخذو الناس اللقاح  ورجعت ارتفعت بشكل كبير خاصه بالرياض  لان أكثر من اخذو اللقاح من سكان الرياض     وعن اللقاحات الا اخذتوها  انا لا أخذت تطعيم في صغري ولا باخذها في كبري,Covid Vaccine,الا لقاح كورونا   كورونا نفسها  صارت منسيه حتى اخذو الناس اللقاح  ورجعت ارتفعت بشكل كبير خاصه بالرياض  لان أكثر من اخذو اللقاح من سكان الرياض     وعن اللقاحات الا اخذتوها  انا لا أخذت تطعيم في صغري ولا باخذها في كبري,Covid Vaccine,Against,0,Negative,0,No,0,,A_Explicit,,Target: Covid Vaccine Text: الا لقاح كورونا   كورونا نفسها  صارت منسيه حتى اخذو الناس اللقاح  ورجعت ارتفعت بشكل كبير خاصه بالرياض  لان أكثر من اخذو اللقاح من سكان الرياض     وعن اللقاحات الا اخذتوها  انا لا أخذت تطعيم في صغري ولا باخذها في كبري,,  الا لقاح كورونا   كورونا نفسها  صارت منسيه حتى اخذو الناس اللقاح  ورجعت ارتفعت بشكل كبير خاصه بالرياض  لان أكثر من اخذو اللقاح من سكان الرياض     وعن اللقاحات الا اخذتوها  انا لا أخذت تطعيم في صغري ولا باخذها في كبري,Covid Vaccine,1.0,1.0,0.3536,2021-02-03 13:22:24+00:00,03/02/2021,0,0,0.99560547,0.004016876,0.0002975464,4
1756,  الا لقاح كورونا   كورونا نفسها  صارت منسيه حتى اخذو الناس اللقاح  ورجعت ارتفعت بشكل كبير خاصه بالرياض  لان أكثر من اخذو اللقاح من سكان الرياض     وعن اللقاحات الا اخذتوها  انا لا أخذت تطعيم في صغري ولا باخذها في كبري,Covid Vaccine,الا لقاح كورونا كورونا نفسها صارت منسيه حتي اخذو الناس اللقاح ورجعت ارتفعت بشكل كبير خاصه بالرياض لان اكثر من اخذو اللقاح من سكان الرياض وعن اللقاحات الا اخذتوها انا لا اخذت تطعيم في صغري ولا باخذها في كبري,Covid Vaccine,Against,0,Negative,0,No,0,,A_Explicit,,Target: Covid Vaccine Text: الا لقاح كورونا كورونا نفسها صارت منسيه حتي اخذو الناس اللقاح ورجعت ارتفعت بشكل كبير خاصه بالرياض لان اكثر من اخذو اللقاح من سكان الرياض وعن اللقاحات الا اخذتوها انا لا اخذت تطعيم في صغري ولا باخذها في كبري,,,,,,,,,0,0,0.99902344,0.0006875992,0.00013887882,2
1759,MENTION صح عليك المرأة المُمكنه المستقبلة الموظفة وش يخليها تصبر على العنف والضرب والتعدد والخيانة والولاية ووو ؟؟  مافيه سبب عشان كذا مو عاجبك تمكين المرأة لأنه يسحب منك امتيازتك ويرجعك لحجمك الحقيقي   وصدقني يا مازن راح تبكي اكثر واكثر بالمستقبل 😂😂,Women empowerment,مستخدم صح عليك المراة المُمكنه المستقبلة الموظفة وش يخليها تصبر علي العنف والضرب والتعدد والخيانة والولاية وو ؟؟ مافيه سبب عشان كذا مو عاجبك تمكين المراة لانه يسحب منك امتيازتك ويرجعك لحجمك الحقيقي وصدقني يا مازن راح تبكي اكثر واكثر بالمستقبل 😂😂,Women empowerment,Against,0,Negative,0,No,0,,A_Explicit,,Target: Women empowerment Text: مستخدم صح عليك المراة المُمكنه المستقبلة الموظفة وش يخليها تصبر علي العنف والضرب والتعدد والخيانة والولاية وو ؟؟ مافيه سبب عشان كذا مو عاجبك تمكين المراة لانه يسحب منك امتيازتك ويرجعك لحجمك الحقيقي وصدقني يا مازن راح تبكي اكثر واكثر بالمستقبل 😂😂,,,,,,,,,0,2,0.008712769,0.0004210472,0.99072266,1
1759,MENTION صح عليك المرأة المُمكنه المستقبلة الموظفة وش يخليها تصبر على العنف والضرب والتعدد والخيانة والولاية ووو ؟؟  مافيه سبب عشان كذا مو عاجبك تمكين المرأة لأنه يسحب منك امتيازتك ويرجعك لحجمك الحقيقي   وصدقني يا مازن راح تبكي اكثر واكثر بالمستقبل 😂😂,Women empowerment,MENTION صح عليك المرأة المُمكنه المستقبلة الموظفة وش يخليها تصبر على العنف والضرب والتعدد والخيانة والولاية ووو ؟؟  مافيه سبب عشان كذا مو عاجبك تمكين المرأة لأنه يسحب منك امتيازتك ويرجعك لحجمك الحقيقي   وصدقني يا مازن راح تبكي اكثر واكثر بالمستقبل 😂😂,Women empowerment,Against,0,Negative,0,No,0,,A_Explicit,,Target: Women empowerment Text: MENTION صح عليك المرأة المُمكنه المستقبلة الموظفة وش يخليها تصبر على العنف والضرب والتعدد والخيانة والولاية ووو ؟؟  مافيه سبب عشان كذا مو عاجبك تمكين المرأة لأنه يسحب منك امتيازتك ويرجعك لحجمك الحقيقي   وصدقني يا مازن راح تبكي اكثر واكثر بالمستقبل 😂😂,,MENTION صح عليك المرأة المُمكنه المستقبلة الموظفة وش يخليها تصبر على العنف والضرب والتعدد والخيانة والولاية ووو ؟؟  مافيه سبب عشان كذا مو عاجبك تمكين المرأة لأنه يسحب منك امتيازتك ويرجعك لحجمك الحقيقي   وصدقني يا مازن راح تبكي اكثر واكثر بالمستقبل 😂😂,Women empowerment,0.597,0.5653,0.5968,2022-02-10 03:03:20+00:00,10/02/2022,0,2,0.073913574,0.0005912781,0.92529297,1
1773,MENTION طيب انا ماابي اخذه ليش الاجبار ذا .  اما تطعيم او لاتجي عملك ؟؟ هذا مو منطق . انا راضي اموت بكورونا لكن ماموت من الخوف من كورونا اللي يدفعني ل اخذ اللقاح  بعدين خلاص اللي اخذ بالتوفيق لك مو لازم كلنا نسوي مثلك,Covid Vaccine,MENTION طيب انا ماابي اخذه ليش الاجبار ذا .  اما تطعيم او لاتجي عملك ؟؟ هذا مو منطق . انا راضي اموت بكورونا لكن ماموت من الخوف من كورونا اللي يدفعني ل اخذ اللقاح  بعدين خلاص اللي اخذ بالتوفيق لك مو لازم كلنا نسوي مثلك,Covid Vaccine,Against,0,Neutral,1,No,0,,A_Explicit,,Target: Covid Vaccine Text: MENTION طيب انا ماابي اخذه ليش الاجبار ذا .  اما تطعيم او لاتجي عملك ؟؟ هذا مو منطق . انا راضي اموت بكورونا لكن ماموت من الخوف من كورونا اللي يدفعني ل اخذ اللقاح  بعدين خلاص اللي اخذ بالتوفيق لك مو لازم كلنا نسوي مثلك,,MENTION طيب انا ماابي اخذه ليش الاجبار ذا .  اما تطعيم او لاتجي عملك ؟؟ هذا مو منطق . انا راضي اموت بكورونا لكن ماموت من الخوف من كورونا اللي يدفعني ل اخذ اللقاح  بعدين خلاص اللي اخذ بالتوفيق لك مو لازم كلنا نسوي مثلك,Covid Vaccine,1.0,1.0,0.6981,2021-08-05 18:45:13+00:00,05/08/2021,0,0,0.99365234,0.0013055801,0.0052833557,4
1773,MENTION طيب انا ماابي اخذه ليش الاجبار ذا .  اما تطعيم او لاتجي عملك ؟؟ هذا مو منطق . انا راضي اموت بكورونا لكن ماموت من الخوف من كورونا اللي يدفعني ل اخذ اللقاح  بعدين خلاص اللي اخذ بالتوفيق لك مو لازم كلنا نسوي مثلك,Covid Vaccine,مستخدم طيب انا ماابي اخذه ليش الاجبار ذا . اما تطعيم او لاتجي عملك ؟؟ هذا مو منطق . انا راضي اموت بكورونا لكن ماموت من الخوف من كورونا اللي يدفعني ل اخذ اللقاح بعدين خلاص اللي اخذ بالتوفيق لك مو لازم كلنا نسوي مثلك,Covid Vaccine,Against,0,Neutral,1,No,0,,A_Explicit,,Target: Covid Vaccine Text: مستخدم طيب انا ماابي اخذه ليش الاجبار ذا . اما تطعيم او لاتجي عملك ؟؟ هذا مو منطق . انا راضي اموت بكورونا لكن ماموت من الخوف من كورونا اللي يدفعني ل اخذ اللقاح بعدين خلاص اللي اخذ بالتوفيق لك مو لازم كلنا نسوي مثلك,,,,,,,,,0,0,0.9951172,0.00096559525,0.004047394,4
1796,الدول كل الدول تستغل الكورونا بأشكال خطيرة سنشعر بها ونرى اثارها بعد انتهاء الوباء  زيادة السيطرة على الناس  زيادة التحكم والرقابة التحول الإلكتروني  وغيره الكثير  #أسعار_النفط #خليك_بالبيت #فايورس_كورونا #دول_الخليج #Covid_19,Digital Transformation,الدول كل الدول تستغل الكورونا باشكال خطيرة سنشعر بها ونري اثارها بعد انتهاء الوباء زيادة السيطرة علي الناس زيادة التحكم والرقابة التحول الالكتروني وغيره الكثير #اسعار النفط #خليك بالبيت #فايورس كورونا #دول الخليج #Covid 19,Digital Transformation,Against,0,Negative,0,No,0,,A_Explicit,,Target: Digital Transformation Text: الدول كل الدول تستغل الكورونا باشكال خطيرة سنشعر بها ونري اثارها بعد انتهاء الوباء زيادة السيطرة علي الناس زيادة التحكم والرقابة التحول الالكتروني وغيره الكثير #اسعار النفط #خليك بالبيت #فايورس كورونا #دول الخليج #Covid 19,,,,,,,,,0,0,0.9980469,0.0011281967,0.0005879402,4
1796,الدول كل الدول تستغل الكورونا بأشكال خطيرة سنشعر بها ونرى اثارها بعد انتهاء الوباء  زيادة السيطرة على الناس  زيادة التحكم والرقابة التحول الإلكتروني  وغيره الكثير  #أسعار_النفط #خليك_بالبيت #فايورس_كورونا #دول_الخليج #Covid_19,Digital Transformation,الدول كل الدول تستغل الكورونا بأشكال خطيرة سنشعر بها ونرى اثارها بعد انتهاء الوباء  زيادة السيطرة على الناس  زيادة التحكم والرقابة التحول الإلكتروني  وغيره الكثير  #أسعار_النفط #خليك_بالبيت #فايورس_كورونا #دول_الخليج #Covid_19,Digital Transformation,Against,0,Negative,0,No,0,,A_Explicit,,Target: Digital Transformation Text: الدول كل الدول تستغل الكورونا بأشكال خطيرة سنشعر بها ونرى اثارها بعد انتهاء الوباء  زيادة السيطرة على الناس  زيادة التحكم والرقابة التحول الإلكتروني  وغيره الكثير  #أسعار_النفط #خليك_بالبيت #فايورس_كورونا #دول_الخليج #Covid_19,,الدول كل الدول تستغل الكورونا بأشكال خطيرة سنشعر بها ونرى اثارها بعد انتهاء الوباء  زيادة السيطرة على الناس  زيادة التحكم والرقابة التحول الإلكتروني  وغيره الكثير  #أسعار_النفط #خليك_بالبيت #فايورس_كورونا #دول_الخليج #Covid_19,Digital Transformation,0.7411,1.0,1.0,2020-04-20 22:53:10+00:00,20/04/2020,0,0,0.99902344,0.00082588196,0.00038933754,1
1803, التحول الالكتروني بطئ جدًا من يوم كنت طالب مدرسة الابتدائية اسمع حكومة الكترونية إلين اليوم عدنا شياب وبعدنا على الاستخدام الورقي والتحول ببطء شديد .. لك أن تتصور المصاريف الهائلة اللامبررة بسبب الورق ؟,Digital Transformation,التحول الالكتروني بطئ جدًا من يوم كنت طالب مدرسة الابتدائية اسمع حكومة الكترونية الين اليوم عدنا شياب وبعدنا علي الاستخدام الورقي والتحول ببطء شديد .. لك ان تتصور المصاريف الهائلة اللامبررة بسبب الورق ؟,Digital Transformation,Against,0,Negative,0,No,0,,A_Explicit,,Target: Digital Transformation Text: التحول الالكتروني بطئ جدًا من يوم كنت طالب مدرسة الابتدائية اسمع حكومة الكترونية الين اليوم عدنا شياب وبعدنا علي الاستخدام الورقي والتحول ببطء شديد .. لك ان تتصور المصاريف الهائلة اللامبررة بسبب الورق ؟,,,,,,,,,0,0,0.99316406,0.0015287399,0.005207062,2
1803, التحول الالكتروني بطئ جدًا من يوم كنت طالب مدرسة الابتدائية اسمع حكومة الكترونية إلين اليوم عدنا شياب وبعدنا على الاستخدام الورقي والتحول ببطء شديد .. لك أن تتصور المصاريف الهائلة اللامبررة بسبب الورق ؟,Digital Transformation,التحول الالكتروني بطئ جدًا من يوم كنت طالب مدرسة الابتدائية اسمع حكومة الكترونية إلين اليوم عدنا شياب وبعدنا على الاستخدام الورقي والتحول ببطء شديد .. لك أن تتصور المصاريف الهائلة اللامبررة بسبب الورق ؟,Digital Transformation,Against,0,Negative,0,No,0,,A_Explicit,,Target: Digital Transformation Text: التحول الالكتروني بطئ جدًا من يوم كنت طالب مدرسة الابتدائية اسمع حكومة الكترونية إلين اليوم عدنا شياب وبعدنا على الاستخدام الورقي والتحول ببطء شديد .. لك أن تتصور المصاريف الهائلة اللامبررة بسبب الورق ؟,, التحول الالكتروني بطئ جدًا من يوم كنت طالب مدرسة الابتدائية اسمع حكومة الكترونية إلين اليوم عدنا شياب وبعدنا على الاستخدام الورقي والتحول ببطء شديد .. لك أن تتصور المصاريف الهائلة اللامبررة بسبب الورق ؟,Digital Transformation,1.0,1.0,0.4252,2021-01-01 16:14:10+00:00,01/01/2021,0,0,0.9213867,0.0715332,0.0069122314,3
1811, للاسف هذا مقصدهم من تمكين المرأة الا وهو افسادها لا اكثر ولا اقل وان يقل حياؤها,Women empowerment,للاسف هذا مقصدهم من تمكين المراة الا وهو افسادها لا اكثر ولا اقل وان يقل حياؤها,Women empowerment,Against,0,Negative,0,No,0,,A_Explicit,,Target: Women empowerment Text: للاسف هذا مقصدهم من تمكين المراة الا وهو افسادها لا اكثر ولا اقل وان يقل حياؤها,,,,,,,,,0,0,0.9980469,0.00057411194,0.0013189316,4
1811, للاسف هذا مقصدهم من تمكين المرأة الا وهو افسادها لا اكثر ولا اقل وان يقل حياؤها,Women empowerment,للاسف هذا مقصدهم من تمكين المرأة الا وهو افسادها لا اكثر ولا اقل وان يقل حياؤها,Women empowerment,Against,0,Negative,0,No,0,,A_Explicit,,Target: Women empowerment Text: للاسف هذا مقصدهم من تمكين المرأة الا وهو افسادها لا اكثر ولا اقل وان يقل حياؤها,, للاسف هذا مقصدهم من تمكين المرأة الا وهو افسادها لا اكثر ولا اقل وان يقل حياؤها,Women empowerment,1.0,0.8275,1.0,2020-11-14 11:04:02+00:00,14/11/2020,0,0,1.0,9.739399e-05,3.3199787e-05,5
1818,السؤال الكبير ؛ لماذا ارتفعت إصابات ووفيات كورونا في العالم رغم تطعيم أكثر من مليار شخص ؟ #كورونا #كوفيد_19,Covid Vaccine,السؤال الكبير ؛ لماذا ارتفعت اصابات ووفيات كورونا في العالم رغم تطعيم اكثر من مليار شخص ؟ #كورونا #كوفيد 19,Covid Vaccine,None,1,Neutral,1,No,0,,,Not clear,Target: Covid Vaccine Text: السؤال الكبير ؛ لماذا ارتفعت اصابات ووفيات كورونا في العالم رغم تطعيم اكثر من مليار شخص ؟ #كورونا #كوفيد 19,,,,,,,,,1,1,0.0017051697,0.9941406,0.004085541,1
1818,السؤال الكبير ؛ لماذا ارتفعت إصابات ووفيات كورونا في العالم رغم تطعيم أكثر من مليار شخص ؟ #كورونا #كوفيد_19,Covid Vaccine,السؤال الكبير ؛ لماذا ارتفعت إصابات ووفيات كورونا في العالم رغم تطعيم أكثر من مليار شخص ؟ #كورونا #كوفيد_19,Covid Vaccine,None,1,Neutral,1,No,0,,,Not clear,Target: Covid Vaccine Text: السؤال الكبير ؛ لماذا ارتفعت إصابات ووفيات كورونا في العالم رغم تطعيم أكثر من مليار شخص ؟ #كورونا #كوفيد_19,,السؤال الكبير ؛ لماذا ارتفعت إصابات ووفيات كورونا في العالم رغم تطعيم أكثر من مليار شخص ؟ #كورونا #كوفيد_19,Covid Vaccine,1.0,1.0,1.0,2021-04-25 12:05:19+00:00,25/04/2021,1,1,0.0020885468,0.99560547,0.0025081635,2
1873,MENTION و على فكرة الشركه نفسها والعلماء إللي اخترعوا اللقاح يرفضون فكرة تطعيم كل البشريه فقط من تشكل كورونا عليه خطر فقط أما الأصحاء لا حاجة لهم بأخذ اللقاح بالعكس ممكن تصيبهم الاعراض الجانبيه للقاح و تضرهم..  فكيف بقرار تساوم وتجبر جميع الناس باللقاح اللي بحاجته والسليم‼️ تضييع مال عام,Covid Vaccine,مستخدم و علي فكرة الشركه نفسها والعلماء اللي اخترعوا اللقاح يرفضون فكرة تطعيم كل البشريه فقط من تشكل كورونا عليه خطر فقط اما الاصحاء لا حاجة لهم باخذ اللقاح بالعكس ممكن تصيبهم الاعراض الجانبيه للقاح و تضرهم.. فكيف بقرار تساوم وتجبر جميع الناس باللقاح اللي بحاجته والسليم‼️ تضييع مال عام,Covid Vaccine,Against,0,Neutral,1,No,0,,A_Explicit,,Target: Covid Vaccine Text: مستخدم و علي فكرة الشركه نفسها والعلماء اللي اخترعوا اللقاح يرفضون فكرة تطعيم كل البشريه فقط من تشكل كورونا عليه خطر فقط اما الاصحاء لا حاجة لهم باخذ اللقاح بالعكس ممكن تصيبهم الاعراض الجانبيه للقاح و تضرهم.. فكيف بقرار تساوم وتجبر جميع الناس باللقاح اللي بحاجته والسليم‼️ تضييع مال عام,,,,,,,,,0,0,1.0,8.171797e-05,4.1663647e-05,5
1873,MENTION و على فكرة الشركه نفسها والعلماء إللي اخترعوا اللقاح يرفضون فكرة تطعيم كل البشريه فقط من تشكل كورونا عليه خطر فقط أما الأصحاء لا حاجة لهم بأخذ اللقاح بالعكس ممكن تصيبهم الاعراض الجانبيه للقاح و تضرهم..  فكيف بقرار تساوم وتجبر جميع الناس باللقاح اللي بحاجته والسليم‼️ تضييع مال عام,Covid Vaccine,MENTION و على فكرة الشركه نفسها والعلماء إللي اخترعوا اللقاح يرفضون فكرة تطعيم كل البشريه فقط من تشكل كورونا عليه خطر فقط أما الأصحاء لا حاجة لهم بأخذ اللقاح بالعكس ممكن تصيبهم الاعراض الجانبيه للقاح و تضرهم..  فكيف بقرار تساوم وتجبر جميع الناس باللقاح اللي بحاجته والسليم‼️ تضييع مال عام,Covid Vaccine,Against,0,Neutral,1,No,0,,A_Explicit,,Target: Covid Vaccine Text: MENTION و على فكرة الشركه نفسها والعلماء إللي اخترعوا اللقاح يرفضون فكرة تطعيم كل البشريه فقط من تشكل كورونا عليه خطر فقط أما الأصحاء لا حاجة لهم بأخذ اللقاح بالعكس ممكن تصيبهم الاعراض الجانبيه للقاح و تضرهم..  فكيف بقرار تساوم وتجبر جميع الناس باللقاح اللي بحاجته والسليم‼️ تضييع مال عام,,MENTION و على فكرة الشركه نفسها والعلماء إللي اخترعوا اللقاح يرفضون فكرة تطعيم كل البشريه فقط من تشكل كورونا عليه خطر فقط أما الأصحاء لا حاجة لهم بأخذ اللقاح بالعكس ممكن تصيبهم الاعراض الجانبيه للقاح و تضرهم..  فكيف بقرار تساوم وتجبر جميع الناس باللقاح اللي بحاجته والسليم‼️ تضييع مال عام,Covid Vaccine,1.0,1.0,0.7232,2021-05-27 09:48:26+00:00,27/05/2021,0,0,0.9975586,0.001531601,0.0006866455,4
1890, كلها من اولها لاخرها لعبة شركات ادويه متوحشه هدفها استغلال رعب البشر والطمع. لا أستطيع أن افهم بيع لقاح أقصى مناعته 95% بينما نسبة التعافي في الشخص الطبيعي من كورونا تصل 98%. لذلك أنا مع تطعيم فقط الأشخاص الذين مناعتهم ضعيفه.,Covid Vaccine,كلها من اولها لاخرها لعبة شركات ادويه متوحشه هدفها استغلال رعب البشر والطمع. لا أستطيع أن افهم بيع لقاح أقصى مناعته 95% بينما نسبة التعافي في الشخص الطبيعي من كورونا تصل 98%. لذلك أنا مع تطعيم فقط الأشخاص الذين مناعتهم ضعيفه.,Covid Vaccine,Against,0,Negative,0,No,0,,A_Implicit,,Target: Covid Vaccine Text: كلها من اولها لاخرها لعبة شركات ادويه متوحشه هدفها استغلال رعب البشر والطمع. لا أستطيع أن افهم بيع لقاح أقصى مناعته 95% بينما نسبة التعافي في الشخص الطبيعي من كورونا تصل 98%. لذلك أنا مع تطعيم فقط الأشخاص الذين مناعتهم ضعيفه.,, كلها من اولها لاخرها لعبة شركات ادويه متوحشه هدفها استغلال رعب البشر والطمع. لا أستطيع أن افهم بيع لقاح أقصى مناعته 95% بينما نسبة التعافي في الشخص الطبيعي من كورونا تصل 98%. لذلك أنا مع تطعيم فقط الأشخاص الذين مناعتهم ضعيفه.,Covid Vaccine,0.7422,1.0,0.6208,2021-02-25 13:40:11+00:00,25/02/2021,0,0,0.99853516,0.0008149147,0.00048184395,4
1890, كلها من اولها لاخرها لعبة شركات ادويه متوحشه هدفها استغلال رعب البشر والطمع. لا أستطيع أن افهم بيع لقاح أقصى مناعته 95% بينما نسبة التعافي في الشخص الطبيعي من كورونا تصل 98%. لذلك أنا مع تطعيم فقط الأشخاص الذين مناعتهم ضعيفه.,Covid Vaccine,كلها من اولها لاخرها لعبة شركات ادويه متوحشه هدفها استغلال رعب البشر والطمع. لا استطيع ان افهم بيع لقاح اقصي مناعته 95% بينما نسبة التعافي في الشخص الطبيعي من كورونا تصل 98%. لذلك انا مع تطعيم فقط الاشخاص الذين مناعتهم ضعيفه.,Covid Vaccine,Against,0,Negative,0,No,0,,A_Implicit,,Target: Covid Vaccine Text: كلها من اولها لاخرها لعبة شركات ادويه متوحشه هدفها استغلال رعب البشر والطمع. لا استطيع ان افهم بيع لقاح اقصي مناعته 95% بينما نسبة التعافي في الشخص الطبيعي من كورونا تصل 98%. لذلك انا مع تطعيم فقط الاشخاص الذين مناعتهم ضعيفه.,,,,,,,,,0,0,0.99853516,0.000120162964,0.0012044907,2
1930,معليش شوي بس تشغل مخها الله يصلحها الحكومات قاعدة تدفع مليارات عشان توصلهم اللقاحات بأسرع وقت عشان تقضي عليهم مثلا  بدول كثير العالم يبون تطعيم و مو قادرين تبعات كورونا كثيرة اهمها تبعات اقتصادية وهذول يجيبون افكار مدري كيف تعبت 😅 ,Covid Vaccine,معليش شوي بس تشغل مخها الله يصلحها الحكومات قاعدة تدفع مليارات عشان توصلهم اللقاحات باسرع وقت عشان تقضي عليهم مثلا بدول كثير العالم يبون تطعيم و مو قادرين تبعات كورونا كثيرة اهمها تبعات اقتصادية وهذول يجيبون افكار مدري كيف تعبت 😅,Covid Vaccine,Against,0,Neutral,1,No,0,,A_Implicit,,Target: Covid Vaccine Text: معليش شوي بس تشغل مخها الله يصلحها الحكومات قاعدة تدفع مليارات عشان توصلهم اللقاحات باسرع وقت عشان تقضي عليهم مثلا بدول كثير العالم يبون تطعيم و مو قادرين تبعات كورونا كثيرة اهمها تبعات اقتصادية وهذول يجيبون افكار مدري كيف تعبت 😅,,,,,,,,,0,2,0.050811768,0.0030288696,0.94628906,2
1930,معليش شوي بس تشغل مخها الله يصلحها الحكومات قاعدة تدفع مليارات عشان توصلهم اللقاحات بأسرع وقت عشان تقضي عليهم مثلا  بدول كثير العالم يبون تطعيم و مو قادرين تبعات كورونا كثيرة اهمها تبعات اقتصادية وهذول يجيبون افكار مدري كيف تعبت 😅 ,Covid Vaccine,معليش شوي بس تشغل مخها الله يصلحها الحكومات قاعدة تدفع مليارات عشان توصلهم اللقاحات بأسرع وقت عشان تقضي عليهم مثلا  بدول كثير العالم يبون تطعيم و مو قادرين تبعات كورونا كثيرة اهمها تبعات اقتصادية وهذول يجيبون افكار مدري كيف تعبت 😅,Covid Vaccine,Against,0,Neutral,1,No,0,,A_Implicit,,Target: Covid Vaccine Text: معليش شوي بس تشغل مخها الله يصلحها الحكومات قاعدة تدفع مليارات عشان توصلهم اللقاحات بأسرع وقت عشان تقضي عليهم مثلا  بدول كثير العالم يبون تطعيم و مو قادرين تبعات كورونا كثيرة اهمها تبعات اقتصادية وهذول يجيبون افكار مدري كيف تعبت 😅,,معليش شوي بس تشغل مخها الله يصلحها الحكومات قاعدة تدفع مليارات عشان توصلهم اللقاحات بأسرع وقت عشان تقضي عليهم مثلا  بدول كثير العالم يبون تطعيم و مو قادرين تبعات كورونا كثيرة اهمها تبعات اقتصادية وهذول يجيبون افكار مدري كيف تعبت 😅 ,Covid Vaccine,0.4183,0.6128,0.693,2021-06-20 20:54:59+00:00,20/06/2021,0,2,0.09185791,0.017929077,0.8901367,2
1950,سؤال طبي 🏥 💉  الحين اذا انا ماخذ تطعيم فايزر  💉 اقدر اخطب وحدة ماخذه لقاح اكسفورد او صيني  او مش من مستواي,Covid Vaccine,سؤال طبي 🏥 💉  الحين اذا انا ماخذ تطعيم فايزر  💉 اقدر اخطب وحدة ماخذه لقاح اكسفورد او صيني  او مش من مستواي,Covid Vaccine,None,1,Neutral,1,Yes,1,,,Not clear,Target: Covid Vaccine Text: سؤال طبي 🏥 💉  الحين اذا انا ماخذ تطعيم فايزر  💉 اقدر اخطب وحدة ماخذه لقاح اكسفورد او صيني  او مش من مستواي,,سؤال طبي 🏥 💉  الحين اذا انا ماخذ تطعيم فايزر  💉 اقدر اخطب وحدة ماخذه لقاح اكسفورد او صيني  او مش من مستواي,Covid Vaccine,1.0,1.0,1.0,2021-04-22 18:06:48+00:00,22/04/2021,1,1,0.002538681,0.99658203,0.0007247925,2
1950,سؤال طبي 🏥 💉  الحين اذا انا ماخذ تطعيم فايزر  💉 اقدر اخطب وحدة ماخذه لقاح اكسفورد او صيني  او مش من مستواي,Covid Vaccine,سؤال طبي 🏥 💉 الحين اذا انا ماخذ تطعيم فايزر 💉 اقدر اخطب وحدة ماخذه لقاح اكسفورد او صيني او مش من مستواي,Covid Vaccine,None,1,Neutral,1,Yes,1,,,Not clear,Target: Covid Vaccine Text: سؤال طبي 🏥 💉 الحين اذا انا ماخذ تطعيم فايزر 💉 اقدر اخطب وحدة ماخذه لقاح اكسفورد او صيني او مش من مستواي,,,,,,,,,1,1,0.03894043,0.9482422,0.012825012,3
1957,❌ ما نلعب رياضة إلا بتطعيم ❌ ما نسافر إلا بتطعيم ❌ ما ندخل السينما إلا بتطعيم . بس ندخل المول عادي ✔️ ونسكن بالفنادق ✔️ وناكل بالمطاعم ✔️ ونركب التكاسي والباصات ✔️ ونروح الجمعيات ✔️ ونخلص معاملاتنا بالوزارات ✔️  #الكويت #كورونا #تطعيم #دمج_لقاحين #عشوائية #قرارات_غريبة #تطعيم,Covid Vaccine,❌ ما نلعب رياضة الا بتطعيم ❌ ما نسافر الا بتطعيم ❌ ما ندخل السينما الا بتطعيم . بس ندخل المول عادي ✔️ ونسكن بالفنادق ✔️ وناكل بالمطاعم ✔️ ونركب التكاسي والباصات ✔️ ونروح الجمعيات ✔️ ونخلص معاملاتنا بالوزارات ✔️ #الكويت #كورونا #تطعيم #دمج لقاحين #عشوائية #قرارات غريبة #تطعيم,Covid Vaccine,None,1,Neutral,1,No,0,,,Not clear,Target: Covid Vaccine Text: ❌ ما نلعب رياضة الا بتطعيم ❌ ما نسافر الا بتطعيم ❌ ما ندخل السينما الا بتطعيم . بس ندخل المول عادي ✔️ ونسكن بالفنادق ✔️ وناكل بالمطاعم ✔️ ونركب التكاسي والباصات ✔️ ونروح الجمعيات ✔️ ونخلص معاملاتنا بالوزارات ✔️ #الكويت #كورونا #تطعيم #دمج لقاحين #عشوائية #قرارات غريبة #تطعيم,,,,,,,,,1,1,0.00014615059,1.0,3.2544136e-05,5
1957,❌ ما نلعب رياضة إلا بتطعيم ❌ ما نسافر إلا بتطعيم ❌ ما ندخل السينما إلا بتطعيم . بس ندخل المول عادي ✔️ ونسكن بالفنادق ✔️ وناكل بالمطاعم ✔️ ونركب التكاسي والباصات ✔️ ونروح الجمعيات ✔️ ونخلص معاملاتنا بالوزارات ✔️  #الكويت #كورونا #تطعيم #دمج_لقاحين #عشوائية #قرارات_غريبة #تطعيم,Covid Vaccine,❌ ما نلعب رياضة إلا بتطعيم ❌ ما نسافر إلا بتطعيم ❌ ما ندخل السينما إلا بتطعيم . بس ندخل المول عادي ✔️ ونسكن بالفنادق ✔️ وناكل بالمطاعم ✔️ ونركب التكاسي والباصات ✔️ ونروح الجمعيات ✔️ ونخلص معاملاتنا بالوزارات ✔️  #الكويت #كورونا #تطعيم #دمج_لقاحين #عشوائية #قرارات_غريبة #تطعيم,Covid Vaccine,None,1,Neutral,1,No,0,,,Not clear,Target: Covid Vaccine Text: ❌ ما نلعب رياضة إلا بتطعيم ❌ ما نسافر إلا بتطعيم ❌ ما ندخل السينما إلا بتطعيم . بس ندخل المول عادي ✔️ ونسكن بالفنادق ✔️ وناكل بالمطاعم ✔️ ونركب التكاسي والباصات ✔️ ونروح الجمعيات ✔️ ونخلص معاملاتنا بالوزارات ✔️  #الكويت #كورونا #تطعيم #دمج_لقاحين #عشوائية #قرارات_غريبة #تطعيم,,❌ ما نلعب رياضة إلا بتطعيم ❌ ما نسافر إلا بتطعيم ❌ ما ندخل السينما إلا بتطعيم . بس ندخل المول عادي ✔️ ونسكن بالفنادق ✔️ وناكل بالمطاعم ✔️ ونركب التكاسي والباصات ✔️ ونروح الجمعيات ✔️ ونخلص معاملاتنا بالوزارات ✔️  #الكويت #كورونا #تطعيم #دمج_لقاحين #عشوائية #قرارات_غريبة #تطعيم,Covid Vaccine,0.7282,1.0,0.6192,2021-05-05 09:35:51+00:00,05/05/2021,1,1,0.004611969,0.9951172,0.0004606247,2
1996,قالوا ان التطعيم بجرعة واحده يمنع وباء #كورونا وبعدها قالوا جرعتين وتصبح محصن وبعدها  لكبار السن جرعة ثالثة واخير قالوا لتصبح محصن جرعة ثالثة لا تاخذ تطعيم لانه حرام والهروب من المرض باللجوء الي الله سبحانه وتعالى ثم الصلوات في وقتها والدعاء والاذكار والتباعد وكمام وعزل المصابين,Covid Vaccine,قالوا ان التطعيم بجرعة واحده يمنع وباء #كورونا وبعدها قالوا جرعتين وتصبح محصن وبعدها لكبار السن جرعة ثالثة واخير قالوا لتصبح محصن جرعة ثالثة لا تاخذ تطعيم لانه حرام والهروب من المرض باللجوء الي الله سبحانه وتعالي ثم الصلوات في وقتها والدعاء والاذكار والتباعد وكمام وعزل المصابين,Covid Vaccine,Against,0,Neutral,1,No,0,,A_Explicit,,Target: Covid Vaccine Text: قالوا ان التطعيم بجرعة واحده يمنع وباء #كورونا وبعدها قالوا جرعتين وتصبح محصن وبعدها لكبار السن جرعة ثالثة واخير قالوا لتصبح محصن جرعة ثالثة لا تاخذ تطعيم لانه حرام والهروب من المرض باللجوء الي الله سبحانه وتعالي ثم الصلوات في وقتها والدعاء والاذكار والتباعد وكمام وعزل المصابين,,,,,,,,,0,0,0.9980469,0.0009317398,0.0008354187,4
1996,قالوا ان التطعيم بجرعة واحده يمنع وباء #كورونا وبعدها قالوا جرعتين وتصبح محصن وبعدها  لكبار السن جرعة ثالثة واخير قالوا لتصبح محصن جرعة ثالثة لا تاخذ تطعيم لانه حرام والهروب من المرض باللجوء الي الله سبحانه وتعالى ثم الصلوات في وقتها والدعاء والاذكار والتباعد وكمام وعزل المصابين,Covid Vaccine,قالوا ان التطعيم بجرعة واحده يمنع وباء #كورونا وبعدها قالوا جرعتين وتصبح محصن وبعدها  لكبار السن جرعة ثالثة واخير قالوا لتصبح محصن جرعة ثالثة لا تاخذ تطعيم لانه حرام والهروب من المرض باللجوء الي الله سبحانه وتعالى ثم الصلوات في وقتها والدعاء والاذكار والتباعد وكمام وعزل المصابين,Covid Vaccine,Against,0,Neutral,1,No,0,,A_Explicit,,Target: Covid Vaccine Text: قالوا ان التطعيم بجرعة واحده يمنع وباء #كورونا وبعدها قالوا جرعتين وتصبح محصن وبعدها  لكبار السن جرعة ثالثة واخير قالوا لتصبح محصن جرعة ثالثة لا تاخذ تطعيم لانه حرام والهروب من المرض باللجوء الي الله سبحانه وتعالى ثم الصلوات في وقتها والدعاء والاذكار والتباعد وكمام وعزل المصابين,,قالوا ان التطعيم بجرعة واحده يمنع وباء #كورونا وبعدها قالوا جرعتين وتصبح محصن وبعدها  لكبار السن جرعة ثالثة واخير قالوا لتصبح محصن جرعة ثالثة لا تاخذ تطعيم لانه حرام والهروب من المرض باللجوء الي الله سبحانه وتعالى ثم الصلوات في وقتها والدعاء والاذكار والتباعد وكمام وعزل المصابين,Covid Vaccine,0.7447,1.0,0.708,2021-12-08 17:36:32+00:00,08/12/2021,0,0,1.0,5.6147575e-05,7.05719e-05,5
2005,هل انت مع تمكين المرأة؟,Women empowerment,هل انت مع تمكين المراة؟,Women empowerment,None,1,Neutral,1,No,0,,,Not clear,Target: Women empowerment Text: هل انت مع تمكين المراة؟,,,,,,,,,1,1,0.0054893494,0.95703125,0.037231445,1
2005,هل انت مع تمكين المرأة؟,Women empowerment,هل انت مع تمكين المرأة؟,Women empowerment,None,1,Neutral,1,No,0,,,Not clear,Target: Women empowerment Text: هل انت مع تمكين المرأة؟,,هل انت مع تمكين المرأة؟,Women empowerment,1.0,1.0,1.0,2022-02-19 12:48:09+00:00,19/02/2022,1,1,0.004852295,0.9716797,0.023544312,1
2192,خدعوك وقالو تمكين المرأة,Women empowerment,خدعوك وقالو تمكين المراة,Women empowerment,Against,0,Negative,0,No,0,,A_Explicit,,Target: Women empowerment Text: خدعوك وقالو تمكين المراة,,,,,,,,,0,0,0.9838867,0.010513306,0.0053863525,3
2192,خدعوك وقالو تمكين المرأة,Women empowerment,خدعوك وقالو تمكين المرأة,Women empowerment,Against,0,Negative,0,No,0,,A_Explicit,,Target: Women empowerment Text: خدعوك وقالو تمكين المرأة,,خدعوك وقالو تمكين المرأة,Women empowerment,1.0,1.0,1.0,2022-03-24 12:17:30+00:00,24/03/2022,0,0,0.9980469,0.00090646744,0.0011234283,1
2205,هل لديكم استراتيجية لتطبيق #الذكاء_الاصطناعي بشكل صحيح في المنشأة؟  #التحول_الرقمي #وطن_طموح_وطن_رقمي URL,Digital Transformation,هل لديكم استراتيجية لتطبيق #الذكاء_الاصطناعي بشكل صحيح في المنشأة؟  #التحول_الرقمي #وطن_طموح_وطن_رقمي URL,Digital Transformation,None,1,Neutral,1,No,0,,,Not clear,Target: Digital Transformation Text: هل لديكم استراتيجية لتطبيق #الذكاء_الاصطناعي بشكل صحيح في المنشأة؟  #التحول_الرقمي #وطن_طموح_وطن_رقمي URL,,هل لديكم استراتيجية لتطبيق #الذكاء_الاصطناعي بشكل صحيح في المنشأة؟  #التحول_الرقمي #وطن_طموح_وطن_رقمي URL,Digital Transformation,0.7378,1.0,0.7549,2019-09-16 10:06:55+00:00,16/09/2019,1,1,0.003358841,0.9941406,0.0023822784,4
2205,هل لديكم استراتيجية لتطبيق #الذكاء_الاصطناعي بشكل صحيح في المنشأة؟  #التحول_الرقمي #وطن_طموح_وطن_رقمي URL,Digital Transformation,هل لديكم استراتيجية لتطبيق #الذكاء الاصطناعي بشكل صحيح في المنشاة؟ #التحول الرقمي #وطن طموح وطن رقمي,Digital Transformation,None,1,Neutral,1,No,0,,,Not clear,Target: Digital Transformation Text: هل لديكم استراتيجية لتطبيق #الذكاء الاصطناعي بشكل صحيح في المنشاة؟ #التحول الرقمي #وطن طموح وطن رقمي,,,,,,,,,1,1,0.0012845993,0.9892578,0.00945282,1
2235, لماذا الى الان لم نسمع بتطعيم اي لاعب كرة في الدوري الانجليزي او الاسباني.. لماذا لم يتم تطعيم اي رياضي مشهور؟ مع انه كثير نسمع اصابات كورونا في رياضة كرة القدم واليو اف سي.  لعل الجواب لان اللاعبين باهضي الثمن وصعب تعويضهم ,Covid Vaccine,لماذا الي الان لم نسمع بتطعيم اي لاعب كرة في الدوري الانجليزي او الاسباني.. لماذا لم يتم تطعيم اي رياضي مشهور؟ مع انه كثير نسمع اصابات كورونا في رياضة كرة القدم واليو اف سي. لعل الجواب لان اللاعبين باهضي الثمن وصعب تعويضهم,Covid Vaccine,Against,0,Neutral,1,No,0,,A_Explicit,,Target: Covid Vaccine Text: لماذا الي الان لم نسمع بتطعيم اي لاعب كرة في الدوري الانجليزي او الاسباني.. لماذا لم يتم تطعيم اي رياضي مشهور؟ مع انه كثير نسمع اصابات كورونا في رياضة كرة القدم واليو اف سي. لعل الجواب لان اللاعبين باهضي الثمن وصعب تعويضهم,,,,,,,,,0,0,0.9975586,0.0016393661,0.0007824898,4
2235, لماذا الى الان لم نسمع بتطعيم اي لاعب كرة في الدوري الانجليزي او الاسباني.. لماذا لم يتم تطعيم اي رياضي مشهور؟ مع انه كثير نسمع اصابات كورونا في رياضة كرة القدم واليو اف سي.  لعل الجواب لان اللاعبين باهضي الثمن وصعب تعويضهم ,Covid Vaccine,لماذا الى الان لم نسمع بتطعيم اي لاعب كرة في الدوري الانجليزي او الاسباني.. لماذا لم يتم تطعيم اي رياضي مشهور؟ مع انه كثير نسمع اصابات كورونا في رياضة كرة القدم واليو اف سي.  لعل الجواب لان اللاعبين باهضي الثمن وصعب تعويضهم,Covid Vaccine,Against,0,Neutral,1,No,0,,A_Explicit,,Target: Covid Vaccine Text: لماذا الى الان لم نسمع بتطعيم اي لاعب كرة في الدوري الانجليزي او الاسباني.. لماذا لم يتم تطعيم اي رياضي مشهور؟ مع انه كثير نسمع اصابات كورونا في رياضة كرة القدم واليو اف سي.  لعل الجواب لان اللاعبين باهضي الثمن وصعب تعويضهم,, لماذا الى الان لم نسمع بتطعيم اي لاعب كرة في الدوري الانجليزي او الاسباني.. لماذا لم يتم تطعيم اي رياضي مشهور؟ مع انه كثير نسمع اصابات كورونا في رياضة كرة القدم واليو اف سي.  لعل الجواب لان اللاعبين باهضي الثمن وصعب تعويضهم ,Covid Vaccine,1.0,1.0,0.7625,2021-01-25 07:11:12+00:00,25/01/2021,0,0,0.97753906,0.019241333,0.0032787323,3
2290,لوعتوا جبدنا دعايات ماولهتوا ماولهتوا ؟؟ ماولهت ياخي شتبون؟ 🌚 تطعيم ماني مطعمة لاتحاولون  #الحظر_الجزئي  #كورونا,Covid Vaccine,لوعتوا جبدنا دعايات ماولهتوا ماولهتوا ؟؟ ماولهت ياخي شتبون؟ 🌚 تطعيم ماني مطعمة لاتحاولون  #الحظر_الجزئي  #كورونا,Covid Vaccine,Against,0,Neutral,1,No,0,,A_Explicit,,Target: Covid Vaccine Text: لوعتوا جبدنا دعايات ماولهتوا ماولهتوا ؟؟ ماولهت ياخي شتبون؟ 🌚 تطعيم ماني مطعمة لاتحاولون  #الحظر_الجزئي  #كورونا,,لوعتوا جبدنا دعايات ماولهتوا ماولهتوا ؟؟ ماولهت ياخي شتبون؟ 🌚 تطعيم ماني مطعمة لاتحاولون  #الحظر_الجزئي  #كورونا,Covid Vaccine,1.0,1.0,0.6292,2021-04-17 12:44:33+00:00,17/04/2021,0,0,1.0,6.5386295e-05,4.0590763e-05,5
2290,لوعتوا جبدنا دعايات ماولهتوا ماولهتوا ؟؟ ماولهت ياخي شتبون؟ 🌚 تطعيم ماني مطعمة لاتحاولون  #الحظر_الجزئي  #كورونا,Covid Vaccine,لوعتوا جبدنا دعايات ماولهتوا ماولهتوا ؟؟ ماولهت ياخي شتبون؟ 🌚 تطعيم ماني مطعمة لاتحاولون #الحظر الجزئي #كورونا,Covid Vaccine,Against,0,Neutral,1,No,0,,A_Explicit,,Target: Covid Vaccine Text: لوعتوا جبدنا دعايات ماولهتوا ماولهتوا ؟؟ ماولهت ياخي شتبون؟ 🌚 تطعيم ماني مطعمة لاتحاولون #الحظر الجزئي #كورونا,,,,,,,,,0,0,0.99853516,0.00048351288,0.0009918213,1
2404,#تحسين_درجات_طلاب_تحضيري_طيبه مدير الجامعة حاط شعار الجامعة التحول التقني😂😂😂😂😂😂يارجال أنتم جيتوا العيد بأجهزتكم حقت تصحيح الإختبارات وبتخلي كل الجامعة بدون ورق بس أجهرة😂😂😂😂😂😂😂😂,Digital Transformation,#تحسين درجات طلاب تحضيري طيبه مدير الجامعة حاط شعار الجامعة التحول التقني😂😂يارجال انتم جيتوا العيد باجهزتكم حقت تصحيح الاختبارات وبتخلي كل الجامعة بدون ورق بس اجهرة😂😂,Digital Transformation,Against,0,Negative,0,Yes,1,,A_Explicit,,Target: Digital Transformation Text: #تحسين درجات طلاب تحضيري طيبه مدير الجامعة حاط شعار الجامعة التحول التقني😂😂يارجال انتم جيتوا العيد باجهزتكم حقت تصحيح الاختبارات وبتخلي كل الجامعة بدون ورق بس اجهرة😂😂,,,,,,,,,0,0,1.0,7.069111e-05,0.000103116035,5
2404,#تحسين_درجات_طلاب_تحضيري_طيبه مدير الجامعة حاط شعار الجامعة التحول التقني😂😂😂😂😂😂يارجال أنتم جيتوا العيد بأجهزتكم حقت تصحيح الإختبارات وبتخلي كل الجامعة بدون ورق بس أجهرة😂😂😂😂😂😂😂😂,Digital Transformation,#تحسين_درجات_طلاب_تحضيري_طيبه مدير الجامعة حاط شعار الجامعة التحول التقني😂😂😂😂😂😂يارجال أنتم جيتوا العيد بأجهزتكم حقت تصحيح الإختبارات وبتخلي كل الجامعة بدون ورق بس أجهرة😂😂😂😂😂😂😂😂,Digital Transformation,Against,0,Negative,0,Yes,1,,A_Explicit,,Target: Digital Transformation Text: #تحسين_درجات_طلاب_تحضيري_طيبه مدير الجامعة حاط شعار الجامعة التحول التقني😂😂😂😂😂😂يارجال أنتم جيتوا العيد بأجهزتكم حقت تصحيح الإختبارات وبتخلي كل الجامعة بدون ورق بس أجهرة😂😂😂😂😂😂😂😂,,#تحسين_درجات_طلاب_تحضيري_طيبه مدير الجامعة حاط شعار الجامعة التحول التقني😂😂😂😂😂😂يارجال أنتم جيتوا العيد بأجهزتكم حقت تصحيح الإختبارات وبتخلي كل الجامعة بدون ورق بس أجهرة😂😂😂😂😂😂😂😂,Digital Transformation,1.0,0.6254,0.5957,2018-10-30 22:55:20+00:00,30/10/2018,0,0,0.99609375,0.0036373138,0.00039672852,1
2434,MENTION انا من تطعيم سابق قبل عدة سنوات ليس تطعيم الكورونا حصل عندي مشاكل صحية ... لم و لن اتلقى تطعيم كورونا أبدا,Covid Vaccine,مستخدم انا من تطعيم سابق قبل عدة سنوات ليس تطعيم الكورونا حصل عندي مشاكل صحية .. لم و لن اتلقي تطعيم كورونا ابدا,Covid Vaccine,Against,0,Negative,0,No,0,,A_Explicit,,Target: Covid Vaccine Text: مستخدم انا من تطعيم سابق قبل عدة سنوات ليس تطعيم الكورونا حصل عندي مشاكل صحية .. لم و لن اتلقي تطعيم كورونا ابدا,,,,,,,,,0,0,0.99853516,0.0010185242,0.00022363663,2
2434,MENTION انا من تطعيم سابق قبل عدة سنوات ليس تطعيم الكورونا حصل عندي مشاكل صحية ... لم و لن اتلقى تطعيم كورونا أبدا,Covid Vaccine,MENTION انا من تطعيم سابق قبل عدة سنوات ليس تطعيم الكورونا حصل عندي مشاكل صحية ... لم و لن اتلقى تطعيم كورونا أبدا,Covid Vaccine,Against,0,Negative,0,No,0,,A_Explicit,,Target: Covid Vaccine Text: MENTION انا من تطعيم سابق قبل عدة سنوات ليس تطعيم الكورونا حصل عندي مشاكل صحية ... لم و لن اتلقى تطعيم كورونا أبدا,,MENTION انا من تطعيم سابق قبل عدة سنوات ليس تطعيم الكورونا حصل عندي مشاكل صحية ... لم و لن اتلقى تطعيم كورونا أبدا,Covid Vaccine,1.0,1.0,0.6509,2021-04-20 20:31:54+00:00,20/04/2021,0,0,0.9980469,0.0020389557,0.00011301041,2
2458,صار عندي حرقان بالمريئ بسبب سوالف تطعيم كورونا تعبنا يا ناس ياليت هذا كابوس و نصحى منه,Covid Vaccine,صار عندي حرقان بالمريئ بسبب سوالف تطعيم كورونا تعبنا يا ناس ياليت هذا كابوس و نصحي منه,Covid Vaccine,None,1,Negative,0,No,0,,,Not clear,Target: Covid Vaccine Text: صار عندي حرقان بالمريئ بسبب سوالف تطعيم كورونا تعبنا يا ناس ياليت هذا كابوس و نصحي منه,,,,,,,,,1,1,0.00050878525,0.9946289,0.005077362,4
2458,صار عندي حرقان بالمريئ بسبب سوالف تطعيم كورونا تعبنا يا ناس ياليت هذا كابوس و نصحى منه,Covid Vaccine,صار عندي حرقان بالمريئ بسبب سوالف تطعيم كورونا تعبنا يا ناس ياليت هذا كابوس و نصحى منه,Covid Vaccine,None,1,Negative,0,No,0,,,Not clear,Target: Covid Vaccine Text: صار عندي حرقان بالمريئ بسبب سوالف تطعيم كورونا تعبنا يا ناس ياليت هذا كابوس و نصحى منه,,صار عندي حرقان بالمريئ بسبب سوالف تطعيم كورونا تعبنا يا ناس ياليت هذا كابوس و نصحى منه,Covid Vaccine,0.59,1.0,0.6006,2021-10-02 18:12:57+00:00,02/10/2021,1,1,8.350611e-05,1.0,5.531311e-05,5
2484,MENTION لعبة تجارية.. يريدون تطعيم الأعمار أقل من ١٢ سنة.  من بداية كورونا إلى اليوم الإعلام كان اللاعب الفاعل في طمس الحقائق.  فلا تكونوا عونا لهم في نشر أكاذيبهم وتنفيذ مخططاتهم. دول كثيرة لم تلقح ولم تعتمد التباعد  ولا الكمامات منذ بداية كورونا ومازالوا يعيشون حياة طبيعية.,Covid Vaccine,MENTION لعبة تجارية.. يريدون تطعيم الأعمار أقل من ١٢ سنة.  من بداية كورونا إلى اليوم الإعلام كان اللاعب الفاعل في طمس الحقائق.  فلا تكونوا عونا لهم في نشر أكاذيبهم وتنفيذ مخططاتهم. دول كثيرة لم تلقح ولم تعتمد التباعد  ولا الكمامات منذ بداية كورونا ومازالوا يعيشون حياة طبيعية.,Covid Vaccine,Against,0,Negative,0,No,0,,A_Explicit,,Target: Covid Vaccine Text: MENTION لعبة تجارية.. يريدون تطعيم الأعمار أقل من ١٢ سنة.  من بداية كورونا إلى اليوم الإعلام كان اللاعب الفاعل في طمس الحقائق.  فلا تكونوا عونا لهم في نشر أكاذيبهم وتنفيذ مخططاتهم. دول كثيرة لم تلقح ولم تعتمد التباعد  ولا الكمامات منذ بداية كورونا ومازالوا يعيشون حياة طبيعية.,,MENTION لعبة تجارية.. يريدون تطعيم الأعمار أقل من ١٢ سنة.  من بداية كورونا إلى اليوم الإعلام كان اللاعب الفاعل في طمس الحقائق.  فلا تكونوا عونا لهم في نشر أكاذيبهم وتنفيذ مخططاتهم. دول كثيرة لم تلقح ولم تعتمد التباعد  ولا الكمامات منذ بداية كورونا ومازالوا يعيشون حياة طبيعية.,Covid Vaccine,1.0,1.0,0.6187,2021-10-25 04:01:48+00:00,25/10/2021,0,0,1.0,3.2544136e-05,6.6280365e-05,5
2484,MENTION لعبة تجارية.. يريدون تطعيم الأعمار أقل من ١٢ سنة.  من بداية كورونا إلى اليوم الإعلام كان اللاعب الفاعل في طمس الحقائق.  فلا تكونوا عونا لهم في نشر أكاذيبهم وتنفيذ مخططاتهم. دول كثيرة لم تلقح ولم تعتمد التباعد  ولا الكمامات منذ بداية كورونا ومازالوا يعيشون حياة طبيعية.,Covid Vaccine,مستخدم لعبة تجارية.. يريدون تطعيم الاعمار اقل من ١٢ سنة. من بداية كورونا الي اليوم الاعلام كان اللاعب الفاعل في طمس الحقائق. فلا تكونوا عونا لهم في نشر اكاذيبهم وتنفيذ مخططاتهم. دول كثيرة لم تلقح ولم تعتمد التباعد ولا الكمامات منذ بداية كورونا ومازالوا يعيشون حياة طبيعية.,Covid Vaccine,Against,0,Negative,0,No,0,,A_Explicit,,Target: Covid Vaccine Text: مستخدم لعبة تجارية.. يريدون تطعيم الاعمار اقل من ١٢ سنة. من بداية كورونا الي اليوم الاعلام كان اللاعب الفاعل في طمس الحقائق. فلا تكونوا عونا لهم في نشر اكاذيبهم وتنفيذ مخططاتهم. دول كثيرة لم تلقح ولم تعتمد التباعد ولا الكمامات منذ بداية كورونا ومازالوا يعيشون حياة طبيعية.,,,,,,,,,0,0,1.0,2.8312206e-05,0.000104904175,5
2598,هناك فرق نوعي بين مصطلح  #التحول_الرقمي و  #التحول_التقني   الأول يعني أن يتم رقمنة الأعمال فيظل نموذج العمل المهني نفسه مع تحول بعض عناصره تقنيًا مثل قنوات الاتصال و آلية تقديم الخدمة للعملاء.  الثاني أعمق و يعني تحول كامل لنموذج العمل من التقليدي إلى الحديث و هذه عملية معقدة.,Digital Transformation,هناك فرق نوعي بين مصطلح  #التحول_الرقمي و  #التحول_التقني   الأول يعني أن يتم رقمنة الأعمال فيظل نموذج العمل المهني نفسه مع تحول بعض عناصره تقنيًا مثل قنوات الاتصال و آلية تقديم الخدمة للعملاء.  الثاني أعمق و يعني تحول كامل لنموذج العمل من التقليدي إلى الحديث و هذه عملية معقدة.,Digital Transformation,None,1,Neutral,1,No,0,,,Not clear,Target: Digital Transformation Text: هناك فرق نوعي بين مصطلح  #التحول_الرقمي و  #التحول_التقني   الأول يعني أن يتم رقمنة الأعمال فيظل نموذج العمل المهني نفسه مع تحول بعض عناصره تقنيًا مثل قنوات الاتصال و آلية تقديم الخدمة للعملاء.  الثاني أعمق و يعني تحول كامل لنموذج العمل من التقليدي إلى الحديث و هذه عملية معقدة.,,هناك فرق نوعي بين مصطلح  #التحول_الرقمي و  #التحول_التقني   الأول يعني أن يتم رقمنة الأعمال فيظل نموذج العمل المهني نفسه مع تحول بعض عناصره تقنيًا مثل قنوات الاتصال و آلية تقديم الخدمة للعملاء.  الثاني أعمق و يعني تحول كامل لنموذج العمل من التقليدي إلى الحديث و هذه عملية معقدة.,Digital Transformation,0.5972,1.0,1.0,2020-04-22 12:06:11+00:00,22/04/2020,1,1,0.00016510487,1.0,3.8325787e-05,5
2598,هناك فرق نوعي بين مصطلح  #التحول_الرقمي و  #التحول_التقني   الأول يعني أن يتم رقمنة الأعمال فيظل نموذج العمل المهني نفسه مع تحول بعض عناصره تقنيًا مثل قنوات الاتصال و آلية تقديم الخدمة للعملاء.  الثاني أعمق و يعني تحول كامل لنموذج العمل من التقليدي إلى الحديث و هذه عملية معقدة.,Digital Transformation,هناك فرق نوعي بين مصطلح #التحول الرقمي و #التحول التقني الاول يعني ان يتم رقمنة الاعمال فيظل نموذج العمل المهني نفسه مع تحول بعض عناصره تقنيًا مثل قنوات الاتصال و الية تقديم الخدمة للعملاء. الثاني اعمق و يعني تحول كامل لنموذج العمل من التقليدي الي الحديث و هذه عملية معقدة.,Digital Transformation,None,1,Neutral,1,No,0,,,Not clear,Target: Digital Transformation Text: هناك فرق نوعي بين مصطلح #التحول الرقمي و #التحول التقني الاول يعني ان يتم رقمنة الاعمال فيظل نموذج العمل المهني نفسه مع تحول بعض عناصره تقنيًا مثل قنوات الاتصال و الية تقديم الخدمة للعملاء. الثاني اعمق و يعني تحول كامل لنموذج العمل من التقليدي الي الحديث و هذه عملية معقدة.,,,,,,,,,1,1,0.00027656555,0.99658203,0.003358841,2
2625,🙂 هذا يدحض الربط بين تمكين المرأة والتقدم، وإن لم يكن التقدم هو الغاية.. فقوم عاد وثمود من عمار الأرض ولم يغنِ عنهم هذا من عذاب ﷲ شيئا. الخلاصة : أيتها النسوة، إلى المطبخ تكرما. ,Women empowerment,🙂 هذا يدحض الربط بين تمكين المراة والتقدم، وان لم يكن التقدم هو الغاية.. فقوم عاد وثمود من عمار الارض ولم يغنِ عنهم هذا من عذاب ﷲ شيئا. الخلاصة : ايتها النسوة، الي المطبخ تكرما.,Women empowerment,Against,0,Negative,0,No,0,,A_Explicit,,Target: Women empowerment Text: 🙂 هذا يدحض الربط بين تمكين المراة والتقدم، وان لم يكن التقدم هو الغاية.. فقوم عاد وثمود من عمار الارض ولم يغنِ عنهم هذا من عذاب ﷲ شيئا. الخلاصة : ايتها النسوة، الي المطبخ تكرما.,,,,,,,,,0,0,0.9980469,0.00020074844,0.0015211105,2
2625,🙂 هذا يدحض الربط بين تمكين المرأة والتقدم، وإن لم يكن التقدم هو الغاية.. فقوم عاد وثمود من عمار الأرض ولم يغنِ عنهم هذا من عذاب ﷲ شيئا. الخلاصة : أيتها النسوة، إلى المطبخ تكرما. ,Women empowerment,🙂 هذا يدحض الربط بين تمكين المرأة والتقدم، وإن لم يكن التقدم هو الغاية.. فقوم عاد وثمود من عمار الأرض ولم يغنِ عنهم هذا من عذاب ﷲ شيئا. الخلاصة : أيتها النسوة، إلى المطبخ تكرما.,Women empowerment,Against,0,Negative,0,No,0,,A_Explicit,,Target: Women empowerment Text: 🙂 هذا يدحض الربط بين تمكين المرأة والتقدم، وإن لم يكن التقدم هو الغاية.. فقوم عاد وثمود من عمار الأرض ولم يغنِ عنهم هذا من عذاب ﷲ شيئا. الخلاصة : أيتها النسوة، إلى المطبخ تكرما.,,🙂 هذا يدحض الربط بين تمكين المرأة والتقدم، وإن لم يكن التقدم هو الغاية.. فقوم عاد وثمود من عمار الأرض ولم يغنِ عنهم هذا من عذاب ﷲ شيئا. الخلاصة : أيتها النسوة، إلى المطبخ تكرما. ,Women empowerment,0.755,0.6045,0.8041,2021-02-20 11:55:48+00:00,20/02/2021,0,0,0.9975586,0.0009918213,0.0013656616,1
2656,     تبغين تأخذين اللقاح بكيفك اما انا ما راح اخذه الا اذا صار الزامي الشكوى لله وش ابغى بلقاح بس يخفف اعراض مثله مثل تطعيم الإنفلونزا مسحوب عليه محد ياخذه اذا جاء يومك لا لقاح ولا شيء راح يفيدك,Covid Vaccine,تبغين تأخذين اللقاح بكيفك اما انا ما راح اخذه الا اذا صار الزامي الشكوى لله وش ابغى بلقاح بس يخفف اعراض مثله مثل تطعيم الإنفلونزا مسحوب عليه محد ياخذه اذا جاء يومك لا لقاح ولا شيء راح يفيدك,Covid Vaccine,Against,0,Neutral,1,No,0,,A_Explicit,,Target: Covid Vaccine Text: تبغين تأخذين اللقاح بكيفك اما انا ما راح اخذه الا اذا صار الزامي الشكوى لله وش ابغى بلقاح بس يخفف اعراض مثله مثل تطعيم الإنفلونزا مسحوب عليه محد ياخذه اذا جاء يومك لا لقاح ولا شيء راح يفيدك,,     تبغين تأخذين اللقاح بكيفك اما انا ما راح اخذه الا اذا صار الزامي الشكوى لله وش ابغى بلقاح بس يخفف اعراض مثله مثل تطعيم الإنفلونزا مسحوب عليه محد ياخذه اذا جاء يومك لا لقاح ولا شيء راح يفيدك,Covid Vaccine,1.0,1.0,1.0,2021-04-20 15:49:44+00:00,20/04/2021,0,0,0.99853516,0.00040650368,0.0010299683,1
2656,     تبغين تأخذين اللقاح بكيفك اما انا ما راح اخذه الا اذا صار الزامي الشكوى لله وش ابغى بلقاح بس يخفف اعراض مثله مثل تطعيم الإنفلونزا مسحوب عليه محد ياخذه اذا جاء يومك لا لقاح ولا شيء راح يفيدك,Covid Vaccine,تبغين تاخذين اللقاح بكيفك اما انا ما راح اخذه الا اذا صار الزامي الشكوي لله وش ابغي بلقاح بس يخفف اعراض مثله مثل تطعيم الانفلونزا مسحوب عليه محد ياخذه اذا جاء يومك لا لقاح ولا شيء راح يفيدك,Covid Vaccine,Against,0,Neutral,1,No,0,,A_Explicit,,Target: Covid Vaccine Text: تبغين تاخذين اللقاح بكيفك اما انا ما راح اخذه الا اذا صار الزامي الشكوي لله وش ابغي بلقاح بس يخفف اعراض مثله مثل تطعيم الانفلونزا مسحوب عليه محد ياخذه اذا جاء يومك لا لقاح ولا شيء راح يفيدك,,,,,,,,,0,0,0.9995117,0.00013494492,0.00056266785,2
2659,{وَلا تُلْقُوا بِأَيْدِيكُمْ إِلَى التَّهْلُكَةِ}   #تطعيم_كورونا,Covid Vaccine,{وَلا تُلْقُوا بِاَيْدِيكُمْ اِلَي التَّهْلُكَةِ} #تطعيم كورونا,Covid Vaccine,Against,0,Neutral,1,No,0,,A_Explicit,,Target: Covid Vaccine Text: {وَلا تُلْقُوا بِاَيْدِيكُمْ اِلَي التَّهْلُكَةِ} #تطعيم كورونا,,,,,,,,,0,0,0.99560547,0.0013074875,0.0032920837,1
2659,{وَلا تُلْقُوا بِأَيْدِيكُمْ إِلَى التَّهْلُكَةِ}   #تطعيم_كورونا,Covid Vaccine,{وَلا تُلْقُوا بِأَيْدِيكُمْ إِلَى التَّهْلُكَةِ}   #تطعيم_كورونا,Covid Vaccine,Against,0,Neutral,1,No,0,,A_Explicit,,Target: Covid Vaccine Text: {وَلا تُلْقُوا بِأَيْدِيكُمْ إِلَى التَّهْلُكَةِ}   #تطعيم_كورونا,,{وَلا تُلْقُوا بِأَيْدِيكُمْ إِلَى التَّهْلُكَةِ}   #تطعيم_كورونا,Covid Vaccine,1.0,1.0,1.0,2020-12-24 13:49:01+00:00,24/12/2020,0,0,1.0,3.71933e-05,4.476309e-05,5
2674,*فقد وصلنى اليوم قرار اعتمادرئيس الوزراء  تطعيم الاطفال ضد كورونا بتطعيم فايزر الخطير على مستقبل الطفولة وأعلنها اننى تحملا للمسؤولية سوف انصح مرضاى بعدم تلقى هذا التطعيم مستندا لمراجع علمية عالمية لا تخضع لمافيا الشركات المنتجة للتطعيم   *فهل سمعتم عن طفل اوشاب سليم مات بكوورنا؟,Covid Vaccine,*فقد وصلني اليوم قرار اعتمادرئيس الوزراء تطعيم الاطفال ضد كورونا بتطعيم فايزر الخطير علي مستقبل الطفولة واعلنها انني تحملا للمسؤولية سوف انصح مرضاي بعدم تلقي هذا التطعيم مستندا لمراجع علمية عالمية لا تخضع لمافيا الشركات المنتجة للتطعيم *فهل سمعتم عن طفل اوشاب سليم مات بكوورنا؟,Covid Vaccine,Against,0,Neutral,1,No,0,,A_Explicit,,Target: Covid Vaccine Text: *فقد وصلني اليوم قرار اعتمادرئيس الوزراء تطعيم الاطفال ضد كورونا بتطعيم فايزر الخطير علي مستقبل الطفولة واعلنها انني تحملا للمسؤولية سوف انصح مرضاي بعدم تلقي هذا التطعيم مستندا لمراجع علمية عالمية لا تخضع لمافيا الشركات المنتجة للتطعيم *فهل سمعتم عن طفل اوشاب سليم مات بكوورنا؟,,,,,,,,,0,0,1.0,5.877018e-05,4.7385693e-05,5
2674,*فقد وصلنى اليوم قرار اعتمادرئيس الوزراء  تطعيم الاطفال ضد كورونا بتطعيم فايزر الخطير على مستقبل الطفولة وأعلنها اننى تحملا للمسؤولية سوف انصح مرضاى بعدم تلقى هذا التطعيم مستندا لمراجع علمية عالمية لا تخضع لمافيا الشركات المنتجة للتطعيم   *فهل سمعتم عن طفل اوشاب سليم مات بكوورنا؟,Covid Vaccine,*فقد وصلنى اليوم قرار اعتمادرئيس الوزراء  تطعيم الاطفال ضد كورونا بتطعيم فايزر الخطير على مستقبل الطفولة وأعلنها اننى تحملا للمسؤولية سوف انصح مرضاى بعدم تلقى هذا التطعيم مستندا لمراجع علمية عالمية لا تخضع لمافيا الشركات المنتجة للتطعيم   *فهل سمعتم عن طفل اوشاب سليم مات بكوورنا؟,Covid Vaccine,Against,0,Neutral,1,No,0,,A_Explicit,,Target: Covid Vaccine Text: *فقد وصلنى اليوم قرار اعتمادرئيس الوزراء  تطعيم الاطفال ضد كورونا بتطعيم فايزر الخطير على مستقبل الطفولة وأعلنها اننى تحملا للمسؤولية سوف انصح مرضاى بعدم تلقى هذا التطعيم مستندا لمراجع علمية عالمية لا تخضع لمافيا الشركات المنتجة للتطعيم   *فهل سمعتم عن طفل اوشاب سليم مات بكوورنا؟,,*فقد وصلنى اليوم قرار اعتمادرئيس الوزراء  تطعيم الاطفال ضد كورونا بتطعيم فايزر الخطير على مستقبل الطفولة وأعلنها اننى تحملا للمسؤولية سوف انصح مرضاى بعدم تلقى هذا التطعيم مستندا لمراجع علمية عالمية لا تخضع لمافيا الشركات المنتجة للتطعيم   *فهل سمعتم عن طفل اوشاب سليم مات بكوورنا؟,Covid Vaccine,1.0,1.0,0.708,2021-12-02 16:13:30+00:00,02/12/2021,0,0,0.99853516,0.0008392334,0.00042939186,4
2694,يقولون لا اجبار علئ #تطعيم_كورونا بس بالصج نضايقك و نسكرها عليك من كل صوب  !!!!  وبالاخير تحجز و تطعم وانت #مجبور .,Covid Vaccine,يقولون لا اجبار علئ #تطعيم_كورونا بس بالصج نضايقك و نسكرها عليك من كل صوب  !!!!  وبالاخير تحجز و تطعم وانت #مجبور .,Covid Vaccine,Against,0,Negative,0,No,0,,,,Target: Covid Vaccine Text: يقولون لا اجبار علئ #تطعيم_كورونا بس بالصج نضايقك و نسكرها عليك من كل صوب  !!!!  وبالاخير تحجز و تطعم وانت #مجبور .,,يقولون لا اجبار علئ #تطعيم_كورونا بس بالصج نضايقك و نسكرها عليك من كل صوب  !!!!  وبالاخير تحجز و تطعم وانت #مجبور .,Covid Vaccine,1.0,1.0,0.6497,2021-04-21 17:38:38+00:00,21/04/2021,0,0,1.0,5.6147575e-05,6.181002e-05,5
2694,يقولون لا اجبار علئ #تطعيم_كورونا بس بالصج نضايقك و نسكرها عليك من كل صوب  !!!!  وبالاخير تحجز و تطعم وانت #مجبور .,Covid Vaccine,يقولون لا اجبار علئ #تطعيم كورونا بس بالصج نضايقك و نسكرها عليك من كل صوب !! وبالاخير تحجز و تطعم وانت #مجبور .,Covid Vaccine,Against,0,Negative,0,No,0,,,,Target: Covid Vaccine Text: يقولون لا اجبار علئ #تطعيم كورونا بس بالصج نضايقك و نسكرها عليك من كل صوب !! وبالاخير تحجز و تطعم وانت #مجبور .,,,,,,,,,0,0,1.0,7.998943e-05,7.659197e-05,5
2730,بعض الجهات الحكومية فاهمين ان التحول الرقمي انك تخلي المراجع يطبع ورقة من عندهم ويعبيها بخط اليد ويلصق عليها صورة  هذا مو تحول رقمي هذا تحول ميكانيكي #التعليم #التعليم_عن_بعد URL,Digital Transformation,بعض الجهات الحكومية فاهمين ان التحول الرقمي انك تخلي المراجع يطبع ورقة من عندهم ويعبيها بخط اليد ويلصق عليها صورة هذا مو تحول رقمي هذا تحول ميكانيكي #التعليم #التعليم عن بعد,Digital Transformation,None,1,Neutral,1,No,0,,,Not clear,Target: Digital Transformation Text: بعض الجهات الحكومية فاهمين ان التحول الرقمي انك تخلي المراجع يطبع ورقة من عندهم ويعبيها بخط اليد ويلصق عليها صورة هذا مو تحول رقمي هذا تحول ميكانيكي #التعليم #التعليم عن بعد,,,,,,,,,1,1,0.0003681183,0.9951172,0.004398346,1
2730,بعض الجهات الحكومية فاهمين ان التحول الرقمي انك تخلي المراجع يطبع ورقة من عندهم ويعبيها بخط اليد ويلصق عليها صورة  هذا مو تحول رقمي هذا تحول ميكانيكي #التعليم #التعليم_عن_بعد URL,Digital Transformation,بعض الجهات الحكومية فاهمين ان التحول الرقمي انك تخلي المراجع يطبع ورقة من عندهم ويعبيها بخط اليد ويلصق عليها صورة  هذا مو تحول رقمي هذا تحول ميكانيكي #التعليم #التعليم_عن_بعد URL,Digital Transformation,None,1,Neutral,1,No,0,,,Not clear,Target: Digital Transformation Text: بعض الجهات الحكومية فاهمين ان التحول الرقمي انك تخلي المراجع يطبع ورقة من عندهم ويعبيها بخط اليد ويلصق عليها صورة  هذا مو تحول رقمي هذا تحول ميكانيكي #التعليم #التعليم_عن_بعد URL,,بعض الجهات الحكومية فاهمين ان التحول الرقمي انك تخلي المراجع يطبع ورقة من عندهم ويعبيها بخط اليد ويلصق عليها صورة  هذا مو تحول رقمي هذا تحول ميكانيكي #التعليم #التعليم_عن_بعد URL,Digital Transformation,0.7507,1.0,1.0,2020-08-20 05:49:29+00:00,20/08/2020,1,1,0.0017547607,0.9970703,0.0011062622,2
2732, اتوقع المفروض تبدون تسوون تحليل كورونا قبل ما الشخص ياخذ تطعيم الكورونا  لان الكلام كثر انه ممكن الي فيه اعراض كورونا وياخذ التطعيم ممكن تؤدي الى الوفاة..,Covid Vaccine,اتوقع المفروض تبدون تسوون تحليل كورونا قبل ما الشخص ياخذ تطعيم الكورونا  لان الكلام كثر انه ممكن الي فيه اعراض كورونا وياخذ التطعيم ممكن تؤدي الى الوفاة..,Covid Vaccine,Against,0,Neutral,1,No,0,,A_Implicit,,Target: Covid Vaccine Text: اتوقع المفروض تبدون تسوون تحليل كورونا قبل ما الشخص ياخذ تطعيم الكورونا  لان الكلام كثر انه ممكن الي فيه اعراض كورونا وياخذ التطعيم ممكن تؤدي الى الوفاة..,, اتوقع المفروض تبدون تسوون تحليل كورونا قبل ما الشخص ياخذ تطعيم الكورونا  لان الكلام كثر انه ممكن الي فيه اعراض كورونا وياخذ التطعيم ممكن تؤدي الى الوفاة..,Covid Vaccine,0.7504,1.0,0.6943,2021-02-27 18:16:21+00:00,27/02/2021,0,0,1.0,0.00013661385,3.2901764e-05,5
2732, اتوقع المفروض تبدون تسوون تحليل كورونا قبل ما الشخص ياخذ تطعيم الكورونا  لان الكلام كثر انه ممكن الي فيه اعراض كورونا وياخذ التطعيم ممكن تؤدي الى الوفاة..,Covid Vaccine,اتوقع المفروض تبدون تسوون تحليل كورونا قبل ما الشخص ياخذ تطعيم الكورونا لان الكلام كثر انه ممكن الي فيه اعراض كورونا وياخذ التطعيم ممكن تؤدي الي الوفاة..,Covid Vaccine,Against,0,Neutral,1,No,0,,A_Implicit,,Target: Covid Vaccine Text: اتوقع المفروض تبدون تسوون تحليل كورونا قبل ما الشخص ياخذ تطعيم الكورونا لان الكلام كثر انه ممكن الي فيه اعراض كورونا وياخذ التطعيم ممكن تؤدي الي الوفاة..,,,,,,,,,0,0,0.99121094,0.0065078735,0.0020542145,3
2762,   محتوى التغريدة ذكر مايكروسوفت مع جينرال الكتريك و وال مارت   بعدها ذكر ان الشركات التقنية تفوقت عليهم.  مايكروسوفت ما زالت احد قادة التحول على مستوى العالم   وبالنسبة لشركة نوكيا وتراجع ادائها اعتقد ان هذا الشي طبيعي في ظل ,Digital Transformation,محتوي التغريدة ذكر مايكروسوفت مع جينرال الكتريك و وال مارت بعدها ذكر ان الشركات التقنية تفوقت عليهم. مايكروسوفت ما زالت احد قادة التحول علي مستوي العالم وبالنسبة لشركة نوكيا وتراجع ادائها اعتقد ان هذا الشي طبيعي في ظل,Digital Transformation,None,1,Neutral,1,No,0,,,Not clear,Target: Digital Transformation Text: محتوي التغريدة ذكر مايكروسوفت مع جينرال الكتريك و وال مارت بعدها ذكر ان الشركات التقنية تفوقت عليهم. مايكروسوفت ما زالت احد قادة التحول علي مستوي العالم وبالنسبة لشركة نوكيا وتراجع ادائها اعتقد ان هذا الشي طبيعي في ظل,,,,,,,,,1,1,0.0012960434,0.99609375,0.0027484894,1
2762,   محتوى التغريدة ذكر مايكروسوفت مع جينرال الكتريك و وال مارت   بعدها ذكر ان الشركات التقنية تفوقت عليهم.  مايكروسوفت ما زالت احد قادة التحول على مستوى العالم   وبالنسبة لشركة نوكيا وتراجع ادائها اعتقد ان هذا الشي طبيعي في ظل ,Digital Transformation,محتوى التغريدة ذكر مايكروسوفت مع جينرال الكتريك و وال مارت   بعدها ذكر ان الشركات التقنية تفوقت عليهم.  مايكروسوفت ما زالت احد قادة التحول على مستوى العالم   وبالنسبة لشركة نوكيا وتراجع ادائها اعتقد ان هذا الشي طبيعي في ظل,Digital Transformation,None,1,Neutral,1,No,0,,,Not clear,Target: Digital Transformation Text: محتوى التغريدة ذكر مايكروسوفت مع جينرال الكتريك و وال مارت   بعدها ذكر ان الشركات التقنية تفوقت عليهم.  مايكروسوفت ما زالت احد قادة التحول على مستوى العالم   وبالنسبة لشركة نوكيا وتراجع ادائها اعتقد ان هذا الشي طبيعي في ظل,,   محتوى التغريدة ذكر مايكروسوفت مع جينرال الكتريك و وال مارت   بعدها ذكر ان الشركات التقنية تفوقت عليهم.  مايكروسوفت ما زالت احد قادة التحول على مستوى العالم   وبالنسبة لشركة نوكيا وتراجع ادائها اعتقد ان هذا الشي طبيعي في ظل ,Digital Transformation,0.7685,1.0,1.0,2022-05-18 16:17:24+00:00,18/05/2022,1,1,0.059753418,0.93603516,0.004436493,3
2774,   انا واحد من الناس عقلي مايبي تطعيم ومكتفي بتقويه مناعتي والاشتراطات الصحيه  ومستعد اتكلم بامور بعيده عن الطب بالدليل.. ولكن هذا مايعطيني الحق اني اتعدى على دكتور تعب ودرس وساعد الناس لقاح امن مو امن شافو فحصوا اعتمدو على,Covid Vaccine,انا واحد من الناس عقلي مايبي تطعيم ومكتفي بتقويه مناعتي والاشتراطات الصحيه ومستعد اتكلم بامور بعيده عن الطب بالدليل.. ولكن هذا مايعطيني الحق اني اتعدي علي دكتور تعب ودرس وساعد الناس لقاح امن مو امن شافو فحصوا اعتمدو علي,Covid Vaccine,Against,0,Neutral,1,No,0,,A_Explicit,,Target: Covid Vaccine Text: انا واحد من الناس عقلي مايبي تطعيم ومكتفي بتقويه مناعتي والاشتراطات الصحيه ومستعد اتكلم بامور بعيده عن الطب بالدليل.. ولكن هذا مايعطيني الحق اني اتعدي علي دكتور تعب ودرس وساعد الناس لقاح امن مو امن شافو فحصوا اعتمدو علي,,,,,,,,,0,0,1.0,3.105402e-05,0.00010251999,5
2774,   انا واحد من الناس عقلي مايبي تطعيم ومكتفي بتقويه مناعتي والاشتراطات الصحيه  ومستعد اتكلم بامور بعيده عن الطب بالدليل.. ولكن هذا مايعطيني الحق اني اتعدى على دكتور تعب ودرس وساعد الناس لقاح امن مو امن شافو فحصوا اعتمدو على,Covid Vaccine,انا واحد من الناس عقلي مايبي تطعيم ومكتفي بتقويه مناعتي والاشتراطات الصحيه  ومستعد اتكلم بامور بعيده عن الطب بالدليل.. ولكن هذا مايعطيني الحق اني اتعدى على دكتور تعب ودرس وساعد الناس لقاح امن مو امن شافو فحصوا اعتمدو على,Covid Vaccine,Against,0,Neutral,1,No,0,,A_Explicit,,Target: Covid Vaccine Text: انا واحد من الناس عقلي مايبي تطعيم ومكتفي بتقويه مناعتي والاشتراطات الصحيه  ومستعد اتكلم بامور بعيده عن الطب بالدليل.. ولكن هذا مايعطيني الحق اني اتعدى على دكتور تعب ودرس وساعد الناس لقاح امن مو امن شافو فحصوا اعتمدو على,,   انا واحد من الناس عقلي مايبي تطعيم ومكتفي بتقويه مناعتي والاشتراطات الصحيه  ومستعد اتكلم بامور بعيده عن الطب بالدليل.. ولكن هذا مايعطيني الحق اني اتعدى على دكتور تعب ودرس وساعد الناس لقاح امن مو امن شافو فحصوا اعتمدو على,Covid Vaccine,0.5952,1.0,1.0,2021-03-29 17:09:11+00:00,29/03/2021,0,0,0.9975586,0.0018024445,0.00051546097,4
2840,#علمتني_الجائحة_المزعومة ان تطعيمات الطفوله تختلف عن تطعيم كورونا,Covid Vaccine,#علمتني_الجائحة_المزعومة ان تطعيمات الطفوله تختلف عن تطعيم كورونا,Covid Vaccine,Against,0,Neutral,1,No,0,,A_Implicit,,Target: Covid Vaccine Text: #علمتني_الجائحة_المزعومة ان تطعيمات الطفوله تختلف عن تطعيم كورونا,,#علمتني_الجائحة_المزعومة ان تطعيمات الطفوله تختلف عن تطعيم كورونا,Covid Vaccine,0.5955,1.0,0.7325,2021-10-26 22:36:56+00:00,26/10/2021,0,0,0.99853516,0.0004632473,0.0008292198,4
2840,#علمتني_الجائحة_المزعومة ان تطعيمات الطفوله تختلف عن تطعيم كورونا,Covid Vaccine,#علمتني الجائحة المزعومة ان تطعيمات الطفوله تختلف عن تطعيم كورونا,Covid Vaccine,Against,0,Neutral,1,No,0,,A_Implicit,,Target: Covid Vaccine Text: #علمتني الجائحة المزعومة ان تطعيمات الطفوله تختلف عن تطعيم كورونا,,,,,,,,,0,0,1.0,6.0498714e-05,5.6505203e-05,5
2907, الأعزاء في بنك البلاد  عندما تنتهي صلاحية بطاقة الصراف  لماذا لا ترسلون البطاقه الجديده الى العنوان الوطني بدون اجبار العميل للقدوم الى الفرع؟ طبعا اذا كان الفرع رقمي فأحييكم على سياسة التحول التقني 😂,Digital Transformation,الأعزاء في بنك البلاد  عندما تنتهي صلاحية بطاقة الصراف  لماذا لا ترسلون البطاقه الجديده الى العنوان الوطني بدون اجبار العميل للقدوم الى الفرع؟ طبعا اذا كان الفرع رقمي فأحييكم على سياسة التحول التقني 😂,Digital Transformation,None,1,Neutral,1,No,0,,,Not clear,Target: Digital Transformation Text: الأعزاء في بنك البلاد  عندما تنتهي صلاحية بطاقة الصراف  لماذا لا ترسلون البطاقه الجديده الى العنوان الوطني بدون اجبار العميل للقدوم الى الفرع؟ طبعا اذا كان الفرع رقمي فأحييكم على سياسة التحول التقني 😂,, الأعزاء في بنك البلاد  عندما تنتهي صلاحية بطاقة الصراف  لماذا لا ترسلون البطاقه الجديده الى العنوان الوطني بدون اجبار العميل للقدوم الى الفرع؟ طبعا اذا كان الفرع رقمي فأحييكم على سياسة التحول التقني 😂,Digital Transformation,0.7397,1.0,0.5985,2021-01-27 08:38:40+00:00,27/01/2021,1,1,0.00349617,0.99609375,0.00020873547,2
2907, الأعزاء في بنك البلاد  عندما تنتهي صلاحية بطاقة الصراف  لماذا لا ترسلون البطاقه الجديده الى العنوان الوطني بدون اجبار العميل للقدوم الى الفرع؟ طبعا اذا كان الفرع رقمي فأحييكم على سياسة التحول التقني 😂,Digital Transformation,الاعزاء في بنك البلاد عندما تنتهي صلاحية بطاقة الصراف لماذا لا ترسلون البطاقه الجديده الي العنوان الوطني بدون اجبار العميل للقدوم الي الفرع؟ طبعا اذا كان الفرع رقمي فاحييكم علي سياسة التحول التقني 😂,Digital Transformation,None,1,Neutral,1,No,0,,,Not clear,Target: Digital Transformation Text: الاعزاء في بنك البلاد عندما تنتهي صلاحية بطاقة الصراف لماذا لا ترسلون البطاقه الجديده الي العنوان الوطني بدون اجبار العميل للقدوم الي الفرع؟ طبعا اذا كان الفرع رقمي فاحييكم علي سياسة التحول التقني 😂,,,,,,,,,1,1,5.173683e-05,1.0,7.1406364e-05,5
2929, سؤال يادكتور الله يعافيك  هل التحول للتقاضي الالكتروني  سيلغي مسألة الاختصاص المكاني للقضايا  أم سيبقى كما هو معمول به,Digital Transformation,سؤال يادكتور الله يعافيك هل التحول للتقاضي الالكتروني سيلغي مسالة الاختصاص المكاني للقضايا ام سيبقي كما هو معمول به,Digital Transformation,None,1,Neutral,1,No,0,,,Not clear,Target: Digital Transformation Text: سؤال يادكتور الله يعافيك هل التحول للتقاضي الالكتروني سيلغي مسالة الاختصاص المكاني للقضايا ام سيبقي كما هو معمول به,,,,,,,,,1,1,0.02470398,0.9658203,0.009521484,3
2929, سؤال يادكتور الله يعافيك  هل التحول للتقاضي الالكتروني  سيلغي مسألة الاختصاص المكاني للقضايا  أم سيبقى كما هو معمول به,Digital Transformation,سؤال يادكتور الله يعافيك  هل التحول للتقاضي الالكتروني  سيلغي مسألة الاختصاص المكاني للقضايا  أم سيبقى كما هو معمول به,Digital Transformation,None,1,Neutral,1,No,0,,,Not clear,Target: Digital Transformation Text: سؤال يادكتور الله يعافيك  هل التحول للتقاضي الالكتروني  سيلغي مسألة الاختصاص المكاني للقضايا  أم سيبقى كما هو معمول به,, سؤال يادكتور الله يعافيك  هل التحول للتقاضي الالكتروني  سيلغي مسألة الاختصاص المكاني للقضايا  أم سيبقى كما هو معمول به,Digital Transformation,0.7372,1.0,1.0,2020-07-02 08:59:58+00:00,02/07/2020,1,1,0.0006842613,0.99902344,0.00048470497,2
2956,• باقي بس يقولون الغير مُطعّم لحدّ يزوجه ! 🤣 #تطعيم_كورونا,Covid Vaccine,• باقي بس يقولون الغير مُطعّم لحدّ يزوجه ! 🤣 #تطعيم_كورونا,Covid Vaccine,None,1,Neutral,1,Yes,1,,,Not clear,Target: Covid Vaccine Text: • باقي بس يقولون الغير مُطعّم لحدّ يزوجه ! 🤣 #تطعيم_كورونا,,• باقي بس يقولون الغير مُطعّم لحدّ يزوجه ! 🤣 #تطعيم_كورونا,Covid Vaccine,0.7446,1.0,0.7214,2021-06-17 20:20:41+00:00,17/06/2021,1,1,0.0005683899,0.9995117,8.261204e-05,5
2956,• باقي بس يقولون الغير مُطعّم لحدّ يزوجه ! 🤣 #تطعيم_كورونا,Covid Vaccine,• باقي بس يقولون الغير مُطعّم لحدّ يزوجه ! 🤣 #تطعيم كورونا,Covid Vaccine,None,1,Neutral,1,Yes,1,,,Not clear,Target: Covid Vaccine Text: • باقي بس يقولون الغير مُطعّم لحدّ يزوجه ! 🤣 #تطعيم كورونا,,,,,,,,,1,1,0.0011835098,0.97753906,0.021224976,4
2996, لقاح مرفوض لان منظمة الصحة العالمية ليست مقياس من بدء كورونا وهي متخبطة نحن نريد دواء علاج لهذا الوباء ما نريد لقاح على شكل تطعيم ما نعرف نتيجته على الانسان,Covid Vaccine,لقاح مرفوض لان منظمة الصحة العالمية ليست مقياس من بدء كورونا وهي متخبطة نحن نريد دواء علاج لهذا الوباء ما نريد لقاح علي شكل تطعيم ما نعرف نتيجته علي الانسان,Covid Vaccine,Against,0,Negative,0,No,0,,A_Explicit,,Target: Covid Vaccine Text: لقاح مرفوض لان منظمة الصحة العالمية ليست مقياس من بدء كورونا وهي متخبطة نحن نريد دواء علاج لهذا الوباء ما نريد لقاح علي شكل تطعيم ما نعرف نتيجته علي الانسان,,,,,,,,,0,0,1.0,6.341934e-05,4.8041344e-05,5
2996, لقاح مرفوض لان منظمة الصحة العالمية ليست مقياس من بدء كورونا وهي متخبطة نحن نريد دواء علاج لهذا الوباء ما نريد لقاح على شكل تطعيم ما نعرف نتيجته على الانسان,Covid Vaccine,لقاح مرفوض لان منظمة الصحة العالمية ليست مقياس من بدء كورونا وهي متخبطة نحن نريد دواء علاج لهذا الوباء ما نريد لقاح على شكل تطعيم ما نعرف نتيجته على الانسان,Covid Vaccine,Against,0,Negative,0,No,0,,A_Explicit,,Target: Covid Vaccine Text: لقاح مرفوض لان منظمة الصحة العالمية ليست مقياس من بدء كورونا وهي متخبطة نحن نريد دواء علاج لهذا الوباء ما نريد لقاح على شكل تطعيم ما نعرف نتيجته على الانسان,, لقاح مرفوض لان منظمة الصحة العالمية ليست مقياس من بدء كورونا وهي متخبطة نحن نريد دواء علاج لهذا الوباء ما نريد لقاح على شكل تطعيم ما نعرف نتيجته على الانسان,Covid Vaccine,1.0,1.0,0.7514,2020-06-06 10:44:47+00:00,06/06/2020,0,0,0.99902344,0.00067567825,0.00049829483,1
3051,التحول التقني اللي يدّعون انه تطور  هو بالحقيقة تطور في طريقة استعبادنا كنساء  وتسهيل نزع حقوقنا  والتحكم بمصير حياتنا.  تطبيق توكلنا اصدار وكالة من خلال رسالة نصية والآن هذا  أسقطوا الولاية لتلميع صورتهم  ومهادنة غضبنا  وصنعوا أدوات أخرى.. سيجري عليها الزمن لتصبح جحيم آخر. URL,Digital Transformation,التحول التقني اللي يدّعون انه تطور هو بالحقيقة تطور في طريقة استعبادنا كنساء وتسهيل نزع حقوقنا والتحكم بمصير حياتنا. تطبيق توكلنا اصدار وكالة من خلال رسالة نصية والان هذا اسقطوا الولاية لتلميع صورتهم ومهادنة غضبنا وصنعوا ادوات اخري.. سيجري عليها الزمن لتصبح جحيم اخر.,Digital Transformation,Against,0,Negative,0,No,0,,A_Explicit,,Target: Digital Transformation Text: التحول التقني اللي يدّعون انه تطور هو بالحقيقة تطور في طريقة استعبادنا كنساء وتسهيل نزع حقوقنا والتحكم بمصير حياتنا. تطبيق توكلنا اصدار وكالة من خلال رسالة نصية والان هذا اسقطوا الولاية لتلميع صورتهم ومهادنة غضبنا وصنعوا ادوات اخري.. سيجري عليها الزمن لتصبح جحيم اخر.,,,,,,,,,0,0,0.9980469,0.00043082237,0.0014038086,4
3051,التحول التقني اللي يدّعون انه تطور  هو بالحقيقة تطور في طريقة استعبادنا كنساء  وتسهيل نزع حقوقنا  والتحكم بمصير حياتنا.  تطبيق توكلنا اصدار وكالة من خلال رسالة نصية والآن هذا  أسقطوا الولاية لتلميع صورتهم  ومهادنة غضبنا  وصنعوا أدوات أخرى.. سيجري عليها الزمن لتصبح جحيم آخر. URL,Digital Transformation,التحول التقني اللي يدّعون انه تطور  هو بالحقيقة تطور في طريقة استعبادنا كنساء  وتسهيل نزع حقوقنا  والتحكم بمصير حياتنا.  تطبيق توكلنا اصدار وكالة من خلال رسالة نصية والآن هذا  أسقطوا الولاية لتلميع صورتهم  ومهادنة غضبنا  وصنعوا أدوات أخرى.. سيجري عليها الزمن لتصبح جحيم آخر. URL,Digital Transformation,Against,0,Negative,0,No,0,,A_Explicit,,Target: Digital Transformation Text: التحول التقني اللي يدّعون انه تطور  هو بالحقيقة تطور في طريقة استعبادنا كنساء  وتسهيل نزع حقوقنا  والتحكم بمصير حياتنا.  تطبيق توكلنا اصدار وكالة من خلال رسالة نصية والآن هذا  أسقطوا الولاية لتلميع صورتهم  ومهادنة غضبنا  وصنعوا أدوات أخرى.. سيجري عليها الزمن لتصبح جحيم آخر. URL,,التحول التقني اللي يدّعون انه تطور  هو بالحقيقة تطور في طريقة استعبادنا كنساء  وتسهيل نزع حقوقنا  والتحكم بمصير حياتنا.  تطبيق توكلنا اصدار وكالة من خلال رسالة نصية والآن هذا  أسقطوا الولاية لتلميع صورتهم  ومهادنة غضبنا  وصنعوا أدوات أخرى.. سيجري عليها الزمن لتصبح جحيم آخر. URL,Digital Transformation,0.6019,1.0,0.7549,2022-01-02 13:38:30+00:00,02/01/2022,0,0,0.99853516,0.0005249977,0.0008792877,4
3057,الشواربة ..افتتاح 4 مشاريع للباص السريع  و 93 % نسبة الانجاز بمشروع التحول الالكتروني URL,Digital Transformation,الشواربة ..افتتاح 4 مشاريع للباص السريع  و 93 % نسبة الانجاز بمشروع التحول الالكتروني URL,Digital Transformation,None,1,Negative,0,No,0,,,Not clear,Target: Digital Transformation Text: الشواربة ..افتتاح 4 مشاريع للباص السريع  و 93 % نسبة الانجاز بمشروع التحول الالكتروني URL,,الشواربة ..افتتاح 4 مشاريع للباص السريع  و 93 % نسبة الانجاز بمشروع التحول الالكتروني URL,Digital Transformation,0.595,1.0,1.0,2021-01-02 13:22:43+00:00,02/01/2021,1,1,0.0013751984,0.9980469,0.0007867813,2
3057,الشواربة ..افتتاح 4 مشاريع للباص السريع  و 93 % نسبة الانجاز بمشروع التحول الالكتروني URL,Digital Transformation,الشواربة ..افتتاح 4 مشاريع للباص السريع و 93 % نسبة الانجاز بمشروع التحول الالكتروني,Digital Transformation,None,1,Negative,0,No,0,,,Not clear,Target: Digital Transformation Text: الشواربة ..افتتاح 4 مشاريع للباص السريع و 93 % نسبة الانجاز بمشروع التحول الالكتروني,,,,,,,,,1,1,0.0014667511,0.9980469,0.0006942749,4
3066,#لا_للتطعيم_الاجباري62 أننا لا نعترض على التطعيمات بشكل عام فهناك تطعيمات مفيدة مثل تطعيم شلل الأطفال والجدري وغيرهما  ولكن مع كورونا الأمر يختلف لأن هذا ليس تطعيما بل هو  تعديل وراثي في الجينات ولأول مرة في التاريخ يطبق على البشر.,Covid Vaccine,#لا للتطعيم الاجباري62 اننا لا نعترض علي التطعيمات بشكل عام فهناك تطعيمات مفيدة مثل تطعيم شلل الاطفال والجدري وغيرهما ولكن مع كورونا الامر يختلف لان هذا ليس تطعيما بل هو تعديل وراثي في الجينات ولاول مرة في التاريخ يطبق علي البشر.,Covid Vaccine,Against,0,Neutral,1,No,0,,A_Explicit,,Target: Covid Vaccine Text: #لا للتطعيم الاجباري62 اننا لا نعترض علي التطعيمات بشكل عام فهناك تطعيمات مفيدة مثل تطعيم شلل الاطفال والجدري وغيرهما ولكن مع كورونا الامر يختلف لان هذا ليس تطعيما بل هو تعديل وراثي في الجينات ولاول مرة في التاريخ يطبق علي البشر.,,,,,,,,,0,0,0.98779297,0.0064048767,0.006034851,3
3066,#لا_للتطعيم_الاجباري62 أننا لا نعترض على التطعيمات بشكل عام فهناك تطعيمات مفيدة مثل تطعيم شلل الأطفال والجدري وغيرهما  ولكن مع كورونا الأمر يختلف لأن هذا ليس تطعيما بل هو  تعديل وراثي في الجينات ولأول مرة في التاريخ يطبق على البشر.,Covid Vaccine,#لا_للتطعيم_الاجباري62 أننا لا نعترض على التطعيمات بشكل عام فهناك تطعيمات مفيدة مثل تطعيم شلل الأطفال والجدري وغيرهما  ولكن مع كورونا الأمر يختلف لأن هذا ليس تطعيما بل هو  تعديل وراثي في الجينات ولأول مرة في التاريخ يطبق على البشر.,Covid Vaccine,Against,0,Neutral,1,No,0,,A_Explicit,,Target: Covid Vaccine Text: #لا_للتطعيم_الاجباري62 أننا لا نعترض على التطعيمات بشكل عام فهناك تطعيمات مفيدة مثل تطعيم شلل الأطفال والجدري وغيرهما  ولكن مع كورونا الأمر يختلف لأن هذا ليس تطعيما بل هو  تعديل وراثي في الجينات ولأول مرة في التاريخ يطبق على البشر.,,#لا_للتطعيم_الاجباري62 أننا لا نعترض على التطعيمات بشكل عام فهناك تطعيمات مفيدة مثل تطعيم شلل الأطفال والجدري وغيرهما  ولكن مع كورونا الأمر يختلف لأن هذا ليس تطعيما بل هو  تعديل وراثي في الجينات ولأول مرة في التاريخ يطبق على البشر.,Covid Vaccine,1.0,1.0,0.6259,2021-07-14 06:33:13+00:00,14/07/2021,0,0,0.9995117,0.00021147728,0.00024676323,2
3074,#لقاح_كورونا #لا_للتطعيم_الاجباري٣٦  نحن سعوديون ابناء هذا الوطن نطالب رفع الاجبارية عن اخذ اللقاح بسبب ما رأيناه من وفيات و اعراض ومضاعفات لقاح كورونا  لم نُصاب منذ ان بدت الجائحة الى الان فمالحاجة للقاح ؟؟ البحرين لم تحقق مناعة مجتمعية رغم تطعيم اغلب السكان ؟,Covid Vaccine,#لقاح كورونا #لا للتطعيم الاجباري٣٦ نحن سعوديون ابناء هذا الوطن نطالب رفع الاجبارية عن اخذ اللقاح بسبب ما رايناه من وفيات و اعراض ومضاعفات لقاح كورونا لم نُصاب منذ ان بدت الجائحة الي الان فمالحاجة للقاح ؟؟ البحرين لم تحقق مناعة مجتمعية رغم تطعيم اغلب السكان ؟,Covid Vaccine,Against,0,Neutral,1,No,0,,A_Explicit,,Target: Covid Vaccine Text: #لقاح كورونا #لا للتطعيم الاجباري٣٦ نحن سعوديون ابناء هذا الوطن نطالب رفع الاجبارية عن اخذ اللقاح بسبب ما رايناه من وفيات و اعراض ومضاعفات لقاح كورونا لم نُصاب منذ ان بدت الجائحة الي الان فمالحاجة للقاح ؟؟ البحرين لم تحقق مناعة مجتمعية رغم تطعيم اغلب السكان ؟,,,,,,,,,0,0,0.98535156,0.0076141357,0.0069847107,3
3074,#لقاح_كورونا #لا_للتطعيم_الاجباري٣٦  نحن سعوديون ابناء هذا الوطن نطالب رفع الاجبارية عن اخذ اللقاح بسبب ما رأيناه من وفيات و اعراض ومضاعفات لقاح كورونا  لم نُصاب منذ ان بدت الجائحة الى الان فمالحاجة للقاح ؟؟ البحرين لم تحقق مناعة مجتمعية رغم تطعيم اغلب السكان ؟,Covid Vaccine,#لقاح_كورونا #لا_للتطعيم_الاجباري٣٦  نحن سعوديون ابناء هذا الوطن نطالب رفع الاجبارية عن اخذ اللقاح بسبب ما رأيناه من وفيات و اعراض ومضاعفات لقاح كورونا  لم نُصاب منذ ان بدت الجائحة الى الان فمالحاجة للقاح ؟؟ البحرين لم تحقق مناعة مجتمعية رغم تطعيم اغلب السكان ؟,Covid Vaccine,Against,0,Neutral,1,No,0,,A_Explicit,,Target: Covid Vaccine Text: #لقاح_كورونا #لا_للتطعيم_الاجباري٣٦  نحن سعوديون ابناء هذا الوطن نطالب رفع الاجبارية عن اخذ اللقاح بسبب ما رأيناه من وفيات و اعراض ومضاعفات لقاح كورونا  لم نُصاب منذ ان بدت الجائحة الى الان فمالحاجة للقاح ؟؟ البحرين لم تحقق مناعة مجتمعية رغم تطعيم اغلب السكان ؟,,#لقاح_كورونا #لا_للتطعيم_الاجباري٣٦  نحن سعوديون ابناء هذا الوطن نطالب رفع الاجبارية عن اخذ اللقاح بسبب ما رأيناه من وفيات و اعراض ومضاعفات لقاح كورونا  لم نُصاب منذ ان بدت الجائحة الى الان فمالحاجة للقاح ؟؟ البحرين لم تحقق مناعة مجتمعية رغم تطعيم اغلب السكان ؟,Covid Vaccine,1.0,1.0,1.0,2021-06-17 08:01:36+00:00,17/06/2021,0,0,0.99121094,0.005054474,0.003692627,3
3076,MENTION استغلو كورونا استغلال بشع وعيشو العالم برعب لايوجد جائحة ولا خرابيط يوجد تطعيم جيني تجريبي خبيث,Covid Vaccine,MENTION استغلو كورونا استغلال بشع وعيشو العالم برعب لايوجد جائحة ولا خرابيط يوجد تطعيم جيني تجريبي خبيث,Covid Vaccine,Against,0,Neutral,1,No,0,,A_Explicit,,Target: Covid Vaccine Text: MENTION استغلو كورونا استغلال بشع وعيشو العالم برعب لايوجد جائحة ولا خرابيط يوجد تطعيم جيني تجريبي خبيث,,MENTION استغلو كورونا استغلال بشع وعيشو العالم برعب لايوجد جائحة ولا خرابيط يوجد تطعيم جيني تجريبي خبيث,Covid Vaccine,1.0,1.0,0.6192,2021-10-16 08:56:18+00:00,16/10/2021,0,0,0.9941406,0.00014686584,0.0059165955,2
3076,MENTION استغلو كورونا استغلال بشع وعيشو العالم برعب لايوجد جائحة ولا خرابيط يوجد تطعيم جيني تجريبي خبيث,Covid Vaccine,مستخدم استغلو كورونا استغلال بشع وعيشو العالم برعب لايوجد جائحة ولا خرابيط يوجد تطعيم جيني تجريبي خبيث,Covid Vaccine,Against,0,Neutral,1,No,0,,A_Explicit,,Target: Covid Vaccine Text: مستخدم استغلو كورونا استغلال بشع وعيشو العالم برعب لايوجد جائحة ولا خرابيط يوجد تطعيم جيني تجريبي خبيث,,,,,,,,,0,0,0.9980469,0.0005016327,0.0013399124,4
3150,مجرد #سؤال   هل بيل غيتس اخذ تطعيم #كورونا ⁉️🤔 هل عائلة روكوفلر اخذت التطعيم⁉️ هل عائلة روتشيلد اخذت التطعيم⁉️ هل كلاوس شواب اخذ التطعيم⁉️ هل جورج ساورس اخذ التطعيم⁉️  #المتحور_الجديد #الجرعة_التنشيطية #الجرعة_الثالثة,Covid Vaccine,مجرد #سؤال   هل بيل غيتس اخذ تطعيم #كورونا ⁉️🤔 هل عائلة روكوفلر اخذت التطعيم⁉️ هل عائلة روتشيلد اخذت التطعيم⁉️ هل كلاوس شواب اخذ التطعيم⁉️ هل جورج ساورس اخذ التطعيم⁉️  #المتحور_الجديد #الجرعة_التنشيطية #الجرعة_الثالثة,Covid Vaccine,Against,0,Neutral,1,No,0,,A_Implicit,,Target: Covid Vaccine Text: مجرد #سؤال   هل بيل غيتس اخذ تطعيم #كورونا ⁉️🤔 هل عائلة روكوفلر اخذت التطعيم⁉️ هل عائلة روتشيلد اخذت التطعيم⁉️ هل كلاوس شواب اخذ التطعيم⁉️ هل جورج ساورس اخذ التطعيم⁉️  #المتحور_الجديد #الجرعة_التنشيطية #الجرعة_الثالثة,,مجرد #سؤال   هل بيل غيتس اخذ تطعيم #كورونا ⁉️🤔 هل عائلة روكوفلر اخذت التطعيم⁉️ هل عائلة روتشيلد اخذت التطعيم⁉️ هل كلاوس شواب اخذ التطعيم⁉️ هل جورج ساورس اخذ التطعيم⁉️  #المتحور_الجديد #الجرعة_التنشيطية #الجرعة_الثالثة,Covid Vaccine,1.0,1.0,1.0,2021-12-06 00:48:49+00:00,06/12/2021,0,0,1.0,0.000115692616,3.8921833e-05,5
3150,مجرد #سؤال   هل بيل غيتس اخذ تطعيم #كورونا ⁉️🤔 هل عائلة روكوفلر اخذت التطعيم⁉️ هل عائلة روتشيلد اخذت التطعيم⁉️ هل كلاوس شواب اخذ التطعيم⁉️ هل جورج ساورس اخذ التطعيم⁉️  #المتحور_الجديد #الجرعة_التنشيطية #الجرعة_الثالثة,Covid Vaccine,مجرد #سؤال هل بيل غيتس اخذ تطعيم #كورونا ⁉️🤔 هل عائلة روكوفلر اخذت التطعيم⁉️ هل عائلة روتشيلد اخذت التطعيم⁉️ هل كلاوس شواب اخذ التطعيم⁉️ هل جورج ساورس اخذ التطعيم⁉️ #المتحور الجديد #الجرعة التنشيطية #الجرعة الثالثة,Covid Vaccine,Against,0,Neutral,1,No,0,,A_Implicit,,Target: Covid Vaccine Text: مجرد #سؤال هل بيل غيتس اخذ تطعيم #كورونا ⁉️🤔 هل عائلة روكوفلر اخذت التطعيم⁉️ هل عائلة روتشيلد اخذت التطعيم⁉️ هل كلاوس شواب اخذ التطعيم⁉️ هل جورج ساورس اخذ التطعيم⁉️ #المتحور الجديد #الجرعة التنشيطية #الجرعة الثالثة,,,,,,,,,0,0,0.9975586,0.0017328262,0.0005464554,4
3156, في البدايه كان الكلام عن العوائل المحتاجه وعن تمكين المرأة وتوضيفها ثم اصبح الجر١رين يطالبون المرأة بالتبرج وكشف الوجه بدون اي مبرر ثم سيطابلون بما هو اشد وامر ولقد رأينا الإستغلال فلا تدلس على الناس وتصور انها مجرد اختلافات ثقافيه وطبقات,Women empowerment,في البدايه كان الكلام عن العوائل المحتاجه وعن تمكين المراة وتوضيفها ثم اصبح الجر١رين يطالبون المراة بالتبرج وكشف الوجه بدون اي مبرر ثم سيطابلون بما هو اشد وامر ولقد راينا الاستغلال فلا تدلس علي الناس وتصور انها مجرد اختلافات ثقافيه وطبقات,Women empowerment,Against,0,Negative,0,No,0,,A_Explicit,,Target: Women empowerment Text: في البدايه كان الكلام عن العوائل المحتاجه وعن تمكين المراة وتوضيفها ثم اصبح الجر١رين يطالبون المراة بالتبرج وكشف الوجه بدون اي مبرر ثم سيطابلون بما هو اشد وامر ولقد راينا الاستغلال فلا تدلس علي الناس وتصور انها مجرد اختلافات ثقافيه وطبقات,,,,,,,,,0,0,1.0,6.353855e-05,0.0001078248,5
3156, في البدايه كان الكلام عن العوائل المحتاجه وعن تمكين المرأة وتوضيفها ثم اصبح الجر١رين يطالبون المرأة بالتبرج وكشف الوجه بدون اي مبرر ثم سيطابلون بما هو اشد وامر ولقد رأينا الإستغلال فلا تدلس على الناس وتصور انها مجرد اختلافات ثقافيه وطبقات,Women empowerment,في البدايه كان الكلام عن العوائل المحتاجه وعن تمكين المرأة وتوضيفها ثم اصبح الجر١رين يطالبون المرأة بالتبرج وكشف الوجه بدون اي مبرر ثم سيطابلون بما هو اشد وامر ولقد رأينا الإستغلال فلا تدلس على الناس وتصور انها مجرد اختلافات ثقافيه وطبقات,Women empowerment,Against,0,Negative,0,No,0,,A_Explicit,,Target: Women empowerment Text: في البدايه كان الكلام عن العوائل المحتاجه وعن تمكين المرأة وتوضيفها ثم اصبح الجر١رين يطالبون المرأة بالتبرج وكشف الوجه بدون اي مبرر ثم سيطابلون بما هو اشد وامر ولقد رأينا الإستغلال فلا تدلس على الناس وتصور انها مجرد اختلافات ثقافيه وطبقات,, في البدايه كان الكلام عن العوائل المحتاجه وعن تمكين المرأة وتوضيفها ثم اصبح الجر١رين يطالبون المرأة بالتبرج وكشف الوجه بدون اي مبرر ثم سيطابلون بما هو اشد وامر ولقد رأينا الإستغلال فلا تدلس على الناس وتصور انها مجرد اختلافات ثقافيه وطبقات,Women empowerment,0.7522,1.0,1.0,2020-12-20 22:29:25+00:00,20/12/2020,0,0,0.9921875,0.004047394,0.003894806,3
3214,عمل المرأة المسلمة في أعمال لا تليق بها ولا تليق بقدراتها الجسدية ولا بما خصها الله من تكريم وتقدير ليس تمكين للمرأة بل هو عدم تقدير لها وعدم إحترام ،، فاحترموا عقولنا !! #يوم_المراه_العالمي,Women empowerment,عمل المراة المسلمة في اعمال لا تليق بها ولا تليق بقدراتها الجسدية ولا بما خصها الله من تكريم وتقدير ليس تمكين للمراة بل هو عدم تقدير لها وعدم احترام ،، فاحترموا عقولنا !! #يوم المراه العالمي,Women empowerment,Against,0,Negative,0,No,0,,A_Explicit,,Target: Women empowerment Text: عمل المراة المسلمة في اعمال لا تليق بها ولا تليق بقدراتها الجسدية ولا بما خصها الله من تكريم وتقدير ليس تمكين للمراة بل هو عدم تقدير لها وعدم احترام ،، فاحترموا عقولنا !! #يوم المراه العالمي,,,,,,,,,0,0,0.9941406,0.0002297163,0.0055389404,4
3214,عمل المرأة المسلمة في أعمال لا تليق بها ولا تليق بقدراتها الجسدية ولا بما خصها الله من تكريم وتقدير ليس تمكين للمرأة بل هو عدم تقدير لها وعدم إحترام ،، فاحترموا عقولنا !! #يوم_المراه_العالمي,Women empowerment,عمل المرأة المسلمة في أعمال لا تليق بها ولا تليق بقدراتها الجسدية ولا بما خصها الله من تكريم وتقدير ليس تمكين للمرأة بل هو عدم تقدير لها وعدم إحترام ،، فاحترموا عقولنا !! #يوم_المراه_العالمي,Women empowerment,Against,0,Negative,0,No,0,,A_Explicit,,Target: Women empowerment Text: عمل المرأة المسلمة في أعمال لا تليق بها ولا تليق بقدراتها الجسدية ولا بما خصها الله من تكريم وتقدير ليس تمكين للمرأة بل هو عدم تقدير لها وعدم إحترام ،، فاحترموا عقولنا !! #يوم_المراه_العالمي,,عمل المرأة المسلمة في أعمال لا تليق بها ولا تليق بقدراتها الجسدية ولا بما خصها الله من تكريم وتقدير ليس تمكين للمرأة بل هو عدم تقدير لها وعدم إحترام ،، فاحترموا عقولنا !! #يوم_المراه_العالمي,Women empowerment,1.0,1.0,1.0,2021-03-08 11:53:29+00:00,08/03/2021,0,0,0.99902344,0.0003209114,0.00076532364,1
3231,العلم بقول أنه مطاعيم كورونا بأنواعها هي جزء ضعيف أو قشره الفايروس بتعمل اجسام مضاده بجسم الانسان من الفايروس   المنطق بقول إنه الاشخاص اللي أصيبوا بالفايروس صار عندهم مناعه طبيعيه افضل من المطاعيم !!!  السؤال ليش مصممين على تطعيم الاشخاص اللي أصيبوا بالفايروس ؟؟؟؟!!!!!  #كورونا,Covid Vaccine,العلم بقول انه مطاعيم كورونا بانواعها هي جزء ضعيف او قشره الفايروس بتعمل اجسام مضاده بجسم الانسان من الفايروس المنطق بقول انه الاشخاص اللي اصيبوا بالفايروس صار عندهم مناعه طبيعيه افضل من المطاعيم !! السؤال ليش مصممين علي تطعيم الاشخاص اللي اصيبوا بالفايروس ؟؟!! #كورونا,Covid Vaccine,Against,0,Neutral,1,No,0,,,,Target: Covid Vaccine Text: العلم بقول انه مطاعيم كورونا بانواعها هي جزء ضعيف او قشره الفايروس بتعمل اجسام مضاده بجسم الانسان من الفايروس المنطق بقول انه الاشخاص اللي اصيبوا بالفايروس صار عندهم مناعه طبيعيه افضل من المطاعيم !! السؤال ليش مصممين علي تطعيم الاشخاص اللي اصيبوا بالفايروس ؟؟!! #كورونا,,,,,,,,,0,0,0.9995117,0.00020372868,0.00034332275,2
3231,العلم بقول أنه مطاعيم كورونا بأنواعها هي جزء ضعيف أو قشره الفايروس بتعمل اجسام مضاده بجسم الانسان من الفايروس   المنطق بقول إنه الاشخاص اللي أصيبوا بالفايروس صار عندهم مناعه طبيعيه افضل من المطاعيم !!!  السؤال ليش مصممين على تطعيم الاشخاص اللي أصيبوا بالفايروس ؟؟؟؟!!!!!  #كورونا,Covid Vaccine,العلم بقول أنه مطاعيم كورونا بأنواعها هي جزء ضعيف أو قشره الفايروس بتعمل اجسام مضاده بجسم الانسان من الفايروس   المنطق بقول إنه الاشخاص اللي أصيبوا بالفايروس صار عندهم مناعه طبيعيه افضل من المطاعيم !!!  السؤال ليش مصممين على تطعيم الاشخاص اللي أصيبوا بالفايروس ؟؟؟؟!!!!!  #كورونا,Covid Vaccine,Against,0,Neutral,1,No,0,,,,Target: Covid Vaccine Text: العلم بقول أنه مطاعيم كورونا بأنواعها هي جزء ضعيف أو قشره الفايروس بتعمل اجسام مضاده بجسم الانسان من الفايروس   المنطق بقول إنه الاشخاص اللي أصيبوا بالفايروس صار عندهم مناعه طبيعيه افضل من المطاعيم !!!  السؤال ليش مصممين على تطعيم الاشخاص اللي أصيبوا بالفايروس ؟؟؟؟!!!!!  #كورونا,,العلم بقول أنه مطاعيم كورونا بأنواعها هي جزء ضعيف أو قشره الفايروس بتعمل اجسام مضاده بجسم الانسان من الفايروس   المنطق بقول إنه الاشخاص اللي أصيبوا بالفايروس صار عندهم مناعه طبيعيه افضل من المطاعيم !!!  السؤال ليش مصممين على تطعيم الاشخاص اللي أصيبوا بالفايروس ؟؟؟؟!!!!!  #كورونا,Covid Vaccine,0.7447,1.0,0.708,2021-07-21 05:44:35+00:00,21/07/2021,0,0,0.99902344,0.000767231,0.00025892258,1
3253, أيش دخل كورونا في الثقافة ؟؟ المجلات والصحف الورقية وغيرها في طريقها إلى النهاية بسبب التحول الالكتروني,Digital Transformation,أيش دخل كورونا في الثقافة ؟؟ المجلات والصحف الورقية وغيرها في طريقها إلى النهاية بسبب التحول الالكتروني,Digital Transformation,Against,0,Negative,0,No,0,,A_Implicit,,Target: Digital Transformation Text: أيش دخل كورونا في الثقافة ؟؟ المجلات والصحف الورقية وغيرها في طريقها إلى النهاية بسبب التحول الالكتروني,, أيش دخل كورونا في الثقافة ؟؟ المجلات والصحف الورقية وغيرها في طريقها إلى النهاية بسبب التحول الالكتروني,Digital Transformation,0.7428,1.0,1.0,2020-07-20 19:23:38+00:00,20/07/2020,0,0,0.9814453,0.015594482,0.0031166077,3
3253, أيش دخل كورونا في الثقافة ؟؟ المجلات والصحف الورقية وغيرها في طريقها إلى النهاية بسبب التحول الالكتروني,Digital Transformation,ايش دخل كورونا في الثقافة ؟؟ المجلات والصحف الورقية وغيرها في طريقها الي النهاية بسبب التحول الالكتروني,Digital Transformation,Against,0,Negative,0,No,0,,A_Implicit,,Target: Digital Transformation Text: ايش دخل كورونا في الثقافة ؟؟ المجلات والصحف الورقية وغيرها في طريقها الي النهاية بسبب التحول الالكتروني,,,,,,,,,0,0,0.9975586,0.0004222393,0.0018596649,2
3255,اللقاحات خطيرة جداً و تسبب  سرطانات فتاكة   #كورونا #تطعيم #لقاح URL,Covid Vaccine,اللقاحات خطيرة جداً و تسبب سرطانات فتاكة #كورونا #تطعيم #لقاح,Covid Vaccine,Against,0,Negative,0,No,0,,A_Explicit,,Target: Covid Vaccine Text: اللقاحات خطيرة جداً و تسبب سرطانات فتاكة #كورونا #تطعيم #لقاح,,,,,,,,,0,0,0.9975586,0.0018196106,0.000685215,1
3255,اللقاحات خطيرة جداً و تسبب  سرطانات فتاكة   #كورونا #تطعيم #لقاح URL,Covid Vaccine,اللقاحات خطيرة جداً و تسبب  سرطانات فتاكة   #كورونا #تطعيم #لقاح URL,Covid Vaccine,Against,0,Negative,0,No,0,,A_Explicit,,Target: Covid Vaccine Text: اللقاحات خطيرة جداً و تسبب  سرطانات فتاكة   #كورونا #تطعيم #لقاح URL,,اللقاحات خطيرة جداً و تسبب  سرطانات فتاكة   #كورونا #تطعيم #لقاح URL,Covid Vaccine,1.0,1.0,1.0,2021-09-25 20:14:40+00:00,25/09/2021,0,0,0.9970703,0.002521515,0.00063323975,1
3268,هل هذا هو تمكين المرأة الذي يتحدث عنه أصحاب السلطة؟!  حسبنا الله ونعم الوكيل😠  #ازاله_تندحه ,Women empowerment,هل هذا هو تمكين المرأة الذي يتحدث عنه أصحاب السلطة؟!  حسبنا الله ونعم الوكيل😠  #ازاله_تندحه,Women empowerment,Against,0,Negative,0,No,0,,A_Explicit,,Target: Women empowerment Text: هل هذا هو تمكين المرأة الذي يتحدث عنه أصحاب السلطة؟!  حسبنا الله ونعم الوكيل😠  #ازاله_تندحه,,هل هذا هو تمكين المرأة الذي يتحدث عنه أصحاب السلطة؟!  حسبنا الله ونعم الوكيل😠  #ازاله_تندحه ,Women empowerment,0.5791,0.8426,0.8268,2021-04-15 12:14:54+00:00,15/04/2021,0,0,0.9902344,0.0057525635,0.0039520264,3
3268,هل هذا هو تمكين المرأة الذي يتحدث عنه أصحاب السلطة؟!  حسبنا الله ونعم الوكيل😠  #ازاله_تندحه ,Women empowerment,هل هذا هو تمكين المراة الذي يتحدث عنه اصحاب السلطة؟! حسبنا الله ونعم الوكيل😠 #ازاله تندحه,Women empowerment,Against,0,Negative,0,No,0,,A_Explicit,,Target: Women empowerment Text: هل هذا هو تمكين المراة الذي يتحدث عنه اصحاب السلطة؟! حسبنا الله ونعم الوكيل😠 #ازاله تندحه,,,,,,,,,0,0,0.9975586,0.00026845932,0.0022792816,2
3273,كغيره من المصطلحات  #التحول_الرقمي فهم/استغل بطريقة خاطئة. تصميم تطبيق على الهاتف الذكي  بناء بوابة إلكترونية  أتمتة عمليات يدوية ليست مبادارات تحول رقمي بتاتا.  التحول الرقمي يقود لتغيير وإعادة التفكير في منظومة العمل من أسفل لأعلى وبشكل مستمر. #رقمي,Digital Transformation,كغيره من المصطلحات  #التحول_الرقمي فهم/استغل بطريقة خاطئة. تصميم تطبيق على الهاتف الذكي  بناء بوابة إلكترونية  أتمتة عمليات يدوية ليست مبادارات تحول رقمي بتاتا.  التحول الرقمي يقود لتغيير وإعادة التفكير في منظومة العمل من أسفل لأعلى وبشكل مستمر. #رقمي,Digital Transformation,Against,0,Negative,0,Yes,1,,A_Explicit,,Target: Digital Transformation Text: كغيره من المصطلحات  #التحول_الرقمي فهم/استغل بطريقة خاطئة. تصميم تطبيق على الهاتف الذكي  بناء بوابة إلكترونية  أتمتة عمليات يدوية ليست مبادارات تحول رقمي بتاتا.  التحول الرقمي يقود لتغيير وإعادة التفكير في منظومة العمل من أسفل لأعلى وبشكل مستمر. #رقمي,,كغيره من المصطلحات  #التحول_الرقمي فهم/استغل بطريقة خاطئة. تصميم تطبيق على الهاتف الذكي  بناء بوابة إلكترونية  أتمتة عمليات يدوية ليست مبادارات تحول رقمي بتاتا.  التحول الرقمي يقود لتغيير وإعادة التفكير في منظومة العمل من أسفل لأعلى وبشكل مستمر. #رقمي,Digital Transformation,0.6161,0.7348,0.7499,2018-05-24 09:37:59+00:00,24/05/2018,0,0,0.96240234,0.03640747,0.0012845993,3
3273,كغيره من المصطلحات  #التحول_الرقمي فهم/استغل بطريقة خاطئة. تصميم تطبيق على الهاتف الذكي  بناء بوابة إلكترونية  أتمتة عمليات يدوية ليست مبادارات تحول رقمي بتاتا.  التحول الرقمي يقود لتغيير وإعادة التفكير في منظومة العمل من أسفل لأعلى وبشكل مستمر. #رقمي,Digital Transformation,كغيره من المصطلحات #التحول الرقمي فهم/استغل بطريقة خاطئة. تصميم تطبيق علي الهاتف الذكي بناء بوابة الكترونية اتمتة عمليات يدوية ليست مبادارات تحول رقمي بتاتا. التحول الرقمي يقود لتغيير واعادة التفكير في منظومة العمل من اسفل لاعلي وبشكل مستمر. #رقمي,Digital Transformation,Against,0,Negative,0,Yes,1,,A_Explicit,,Target: Digital Transformation Text: كغيره من المصطلحات #التحول الرقمي فهم/استغل بطريقة خاطئة. تصميم تطبيق علي الهاتف الذكي بناء بوابة الكترونية اتمتة عمليات يدوية ليست مبادارات تحول رقمي بتاتا. التحول الرقمي يقود لتغيير واعادة التفكير في منظومة العمل من اسفل لاعلي وبشكل مستمر. #رقمي,,,,,,,,,0,0,0.99316406,0.0023078918,0.004432678,1
3289, ليش الشكاوي مايحلها الا المرأه يعني؟؟ تغريدة فاشلة والمقصد فقط تمكين المرأه ادعموا الشباب اولى الي وصلت اعمارهم الثلاثين سنة ومعه شهادة وماحصل وظيفة للان  وبعضهم فاتح بيت وعاطل,Women empowerment,ليش الشكاوي مايحلها الا المرأه يعني؟؟ تغريدة فاشلة والمقصد فقط تمكين المرأه ادعموا الشباب اولى الي وصلت اعمارهم الثلاثين سنة ومعه شهادة وماحصل وظيفة للان  وبعضهم فاتح بيت وعاطل,Women empowerment,Against,0,Negative,0,No,0,,A_Explicit,,Target: Women empowerment Text: ليش الشكاوي مايحلها الا المرأه يعني؟؟ تغريدة فاشلة والمقصد فقط تمكين المرأه ادعموا الشباب اولى الي وصلت اعمارهم الثلاثين سنة ومعه شهادة وماحصل وظيفة للان  وبعضهم فاتح بيت وعاطل,, ليش الشكاوي مايحلها الا المرأه يعني؟؟ تغريدة فاشلة والمقصد فقط تمكين المرأه ادعموا الشباب اولى الي وصلت اعمارهم الثلاثين سنة ومعه شهادة وماحصل وظيفة للان  وبعضهم فاتح بيت وعاطل,Women empowerment,1.0,1.0,0.8268,2021-04-05 17:03:44+00:00,05/04/2021,0,0,0.98876953,0.00079250336,0.010292053,4
3289, ليش الشكاوي مايحلها الا المرأه يعني؟؟ تغريدة فاشلة والمقصد فقط تمكين المرأه ادعموا الشباب اولى الي وصلت اعمارهم الثلاثين سنة ومعه شهادة وماحصل وظيفة للان  وبعضهم فاتح بيت وعاطل,Women empowerment,ليش الشكاوي مايحلها الا المراه يعني؟؟ تغريدة فاشلة والمقصد فقط تمكين المراه ادعموا الشباب اولي الي وصلت اعمارهم الثلاثين سنة ومعه شهادة وماحصل وظيفة للان وبعضهم فاتح بيت وعاطل,Women empowerment,Against,0,Negative,0,No,0,,A_Explicit,,Target: Women empowerment Text: ليش الشكاوي مايحلها الا المراه يعني؟؟ تغريدة فاشلة والمقصد فقط تمكين المراه ادعموا الشباب اولي الي وصلت اعمارهم الثلاثين سنة ومعه شهادة وماحصل وظيفة للان وبعضهم فاتح بيت وعاطل,,,,,,,,,0,0,0.9790039,0.0007200241,0.020111084,4
3301,  كل اهلي و معارفي و اصدقائي ما سمعت احد منهم اشتكى من نوعية نومهم سواء طعموا فايزر او اوكسفورد! (للعلم انا ما طعمت و ضد تطعيم كورونا)!,Covid Vaccine,كل اهلي و معارفي و اصدقائي ما سمعت احد منهم اشتكي من نوعية نومهم سواء طعموا فايزر او اوكسفورد! (للعلم انا ما طعمت و ضد تطعيم كورونا)!,Covid Vaccine,Against,0,Neutral,1,No,0,,A_Explicit,,Target: Covid Vaccine Text: كل اهلي و معارفي و اصدقائي ما سمعت احد منهم اشتكي من نوعية نومهم سواء طعموا فايزر او اوكسفورد! (للعلم انا ما طعمت و ضد تطعيم كورونا)!,,,,,,,,,0,0,0.9975586,0.0011234283,0.0012435913,4
3301,  كل اهلي و معارفي و اصدقائي ما سمعت احد منهم اشتكى من نوعية نومهم سواء طعموا فايزر او اوكسفورد! (للعلم انا ما طعمت و ضد تطعيم كورونا)!,Covid Vaccine,كل اهلي و معارفي و اصدقائي ما سمعت احد منهم اشتكى من نوعية نومهم سواء طعموا فايزر او اوكسفورد! (للعلم انا ما طعمت و ضد تطعيم كورونا)!,Covid Vaccine,Against,0,Neutral,1,No,0,,A_Explicit,,Target: Covid Vaccine Text: كل اهلي و معارفي و اصدقائي ما سمعت احد منهم اشتكى من نوعية نومهم سواء طعموا فايزر او اوكسفورد! (للعلم انا ما طعمت و ضد تطعيم كورونا)!,,  كل اهلي و معارفي و اصدقائي ما سمعت احد منهم اشتكى من نوعية نومهم سواء طعموا فايزر او اوكسفورد! (للعلم انا ما طعمت و ضد تطعيم كورونا)!,Covid Vaccine,1.0,1.0,1.0,2021-04-20 13:45:54+00:00,20/04/2021,0,0,1.0,6.908178e-05,5.3286552e-05,5
3370,3️⃣ ومع ذلك   هناك مخاوف من أن هذا التحول يحدث بسرعة كبيرة بحيث لا تتمكن المجتمعات من اللحاق بركب التطور التقني ما يصعب التكيف على المواطنين الأكبر سناً على وجه الخصوص   فإن الوتيرة الأسرع لاعتماد التكنولوجيا تخلق مخاطر من أن يتفوق فقدان الوظائف على خلق فرص عمل جديدة.,Digital Transformation,3️⃣ ومع ذلك   هناك مخاوف من أن هذا التحول يحدث بسرعة كبيرة بحيث لا تتمكن المجتمعات من اللحاق بركب التطور التقني ما يصعب التكيف على المواطنين الأكبر سناً على وجه الخصوص   فإن الوتيرة الأسرع لاعتماد التكنولوجيا تخلق مخاطر من أن يتفوق فقدان الوظائف على خلق فرص عمل جديدة.,Digital Transformation,Against,0,Negative,0,No,0,,A_Explicit,,Target: Digital Transformation Text: 3️⃣ ومع ذلك   هناك مخاوف من أن هذا التحول يحدث بسرعة كبيرة بحيث لا تتمكن المجتمعات من اللحاق بركب التطور التقني ما يصعب التكيف على المواطنين الأكبر سناً على وجه الخصوص   فإن الوتيرة الأسرع لاعتماد التكنولوجيا تخلق مخاطر من أن يتفوق فقدان الوظائف على خلق فرص عمل جديدة.,,3️⃣ ومع ذلك   هناك مخاوف من أن هذا التحول يحدث بسرعة كبيرة بحيث لا تتمكن المجتمعات من اللحاق بركب التطور التقني ما يصعب التكيف على المواطنين الأكبر سناً على وجه الخصوص   فإن الوتيرة الأسرع لاعتماد التكنولوجيا تخلق مخاطر من أن يتفوق فقدان الوظائف على خلق فرص عمل جديدة.,Digital Transformation,0.6218,0.6225,0.5822,2021-07-28 08:32:08+00:00,28/07/2021,0,0,0.99853516,0.0012321472,0.00030970573,1
3370,3️⃣ ومع ذلك   هناك مخاوف من أن هذا التحول يحدث بسرعة كبيرة بحيث لا تتمكن المجتمعات من اللحاق بركب التطور التقني ما يصعب التكيف على المواطنين الأكبر سناً على وجه الخصوص   فإن الوتيرة الأسرع لاعتماد التكنولوجيا تخلق مخاطر من أن يتفوق فقدان الوظائف على خلق فرص عمل جديدة.,Digital Transformation,3️⃣ ومع ذلك هناك مخاوف من ان هذا التحول يحدث بسرعة كبيرة بحيث لا تتمكن المجتمعات من اللحاق بركب التطور التقني ما يصعب التكيف علي المواطنين الاكبر سناً علي وجه الخصوص فان الوتيرة الاسرع لاعتماد التكنولوجيا تخلق مخاطر من ان يتفوق فقدان الوظائف علي خلق فرص عمل جديدة.,Digital Transformation,Against,0,Negative,0,No,0,,A_Explicit,,Target: Digital Transformation Text: 3️⃣ ومع ذلك هناك مخاوف من ان هذا التحول يحدث بسرعة كبيرة بحيث لا تتمكن المجتمعات من اللحاق بركب التطور التقني ما يصعب التكيف علي المواطنين الاكبر سناً علي وجه الخصوص فان الوتيرة الاسرع لاعتماد التكنولوجيا تخلق مخاطر من ان يتفوق فقدان الوظائف علي خلق فرص عمل جديدة.,,,,,,,,,0,0,0.9980469,0.000957489,0.001121521,4
3482,لا تقولي فيرس ولا تطعيم  كله طلع وهم  لئيم...!! 👌😉 #الفنكووووووووووش  #كورونا_أوميكرون  #دلتا_هيهي URL,Covid Vaccine,لا تقولي فيرس ولا تطعيم كله طلع وهم لئيم..!! 👌😉 #الفنكووش #كورونا اوميكرون #دلتا هيهي,Covid Vaccine,Against,0,Negative,0,Yes,1,,A_Explicit,,Target: Covid Vaccine Text: لا تقولي فيرس ولا تطعيم كله طلع وهم لئيم..!! 👌😉 #الفنكووش #كورونا اوميكرون #دلتا هيهي,,,,,,,,,0,0,0.9980469,0.0006170273,0.0012731552,4
3482,لا تقولي فيرس ولا تطعيم  كله طلع وهم  لئيم...!! 👌😉 #الفنكووووووووووش  #كورونا_أوميكرون  #دلتا_هيهي URL,Covid Vaccine,لا تقولي فيرس ولا تطعيم  كله طلع وهم  لئيم...!! 👌😉 #الفنكووووووووووش  #كورونا_أوميكرون  #دلتا_هيهي URL,Covid Vaccine,Against,0,Negative,0,Yes,1,,A_Explicit,,Target: Covid Vaccine Text: لا تقولي فيرس ولا تطعيم  كله طلع وهم  لئيم...!! 👌😉 #الفنكووووووووووش  #كورونا_أوميكرون  #دلتا_هيهي URL,,لا تقولي فيرس ولا تطعيم  كله طلع وهم  لئيم...!! 👌😉 #الفنكووووووووووش  #كورونا_أوميكرون  #دلتا_هيهي URL,Covid Vaccine,0.7438,0.7118,0.6366,2021-12-07 23:24:22+00:00,07/12/2021,0,0,0.99853516,0.00046229362,0.0012178421,1
3519,MENTION مافي مجال للمقارنه كورونا وباء مفتعل ومقصود والهدف منه تطعيم أكبر عدد💉💯 ثانياً بعد الغزو ماكان في إجبار على أي شي لالقاح ولاكمام كل واحد حُـر✅الحين وصل الإجبار للأطفال وللوظائف والدراسه #غياب_جماعي URL,Covid Vaccine,MENTION مافي مجال للمقارنه كورونا وباء مفتعل ومقصود والهدف منه تطعيم أكبر عدد💉💯 ثانياً بعد الغزو ماكان في إجبار على أي شي لالقاح ولاكمام كل واحد حُـر✅الحين وصل الإجبار للأطفال وللوظائف والدراسه #غياب_جماعي URL,Covid Vaccine,Against,0,Neutral,1,No,0,,A_Explicit,,Target: Covid Vaccine Text: MENTION مافي مجال للمقارنه كورونا وباء مفتعل ومقصود والهدف منه تطعيم أكبر عدد💉💯 ثانياً بعد الغزو ماكان في إجبار على أي شي لالقاح ولاكمام كل واحد حُـر✅الحين وصل الإجبار للأطفال وللوظائف والدراسه #غياب_جماعي URL,,MENTION مافي مجال للمقارنه كورونا وباء مفتعل ومقصود والهدف منه تطعيم أكبر عدد💉💯 ثانياً بعد الغزو ماكان في إجبار على أي شي لالقاح ولاكمام كل واحد حُـر✅الحين وصل الإجبار للأطفال وللوظائف والدراسه #غياب_جماعي URL,Covid Vaccine,1.0,1.0,0.6516,2021-10-02 07:18:18+00:00,02/10/2021,0,0,0.99853516,0.0010251999,0.0005469322,4
3519,MENTION مافي مجال للمقارنه كورونا وباء مفتعل ومقصود والهدف منه تطعيم أكبر عدد💉💯 ثانياً بعد الغزو ماكان في إجبار على أي شي لالقاح ولاكمام كل واحد حُـر✅الحين وصل الإجبار للأطفال وللوظائف والدراسه #غياب_جماعي URL,Covid Vaccine,مستخدم مافي مجال للمقارنه كورونا وباء مفتعل ومقصود والهدف منه تطعيم اكبر عدد💉💯 ثانياً بعد الغزو ماكان في اجبار علي اي شي لالقاح ولاكمام كل واحد حُر✅الحين وصل الاجبار للاطفال وللوظائف والدراسه #غياب جماعي,Covid Vaccine,Against,0,Neutral,1,No,0,,A_Explicit,,Target: Covid Vaccine Text: مستخدم مافي مجال للمقارنه كورونا وباء مفتعل ومقصود والهدف منه تطعيم اكبر عدد💉💯 ثانياً بعد الغزو ماكان في اجبار علي اي شي لالقاح ولاكمام كل واحد حُر✅الحين وصل الاجبار للاطفال وللوظائف والدراسه #غياب جماعي,,,,,,,,,0,0,0.9975586,0.0012931824,0.0012454987,1
3563,  هذا انتم يالحريم .. الفيلر والبوتكس وهالخرابيط عندكم تتحملونها عادي حتى شق البطن للولاده عادي ويوم جت ابرة تطعيم كورونا صرتم كلكم تتألمون ؟؟؟   وبعدين 😂😂😂,Covid Vaccine,هذا انتم يالحريم .. الفيلر والبوتكس وهالخرابيط عندكم تتحملونها عادي حتى شق البطن للولاده عادي ويوم جت ابرة تطعيم كورونا صرتم كلكم تتألمون ؟؟؟   وبعدين 😂😂😂,Covid Vaccine,None,1,Positive,2,Yes,1,,,Not clear,Target: Covid Vaccine Text: هذا انتم يالحريم .. الفيلر والبوتكس وهالخرابيط عندكم تتحملونها عادي حتى شق البطن للولاده عادي ويوم جت ابرة تطعيم كورونا صرتم كلكم تتألمون ؟؟؟   وبعدين 😂😂😂,,  هذا انتم يالحريم .. الفيلر والبوتكس وهالخرابيط عندكم تتحملونها عادي حتى شق البطن للولاده عادي ويوم جت ابرة تطعيم كورونا صرتم كلكم تتألمون ؟؟؟   وبعدين 😂😂😂,Covid Vaccine,0.7464,1.0,0.6509,2021-06-16 01:38:20+00:00,16/06/2021,1,1,0.0013408661,0.99316406,0.0054893494,2
3563,  هذا انتم يالحريم .. الفيلر والبوتكس وهالخرابيط عندكم تتحملونها عادي حتى شق البطن للولاده عادي ويوم جت ابرة تطعيم كورونا صرتم كلكم تتألمون ؟؟؟   وبعدين 😂😂😂,Covid Vaccine,هذا انتم يالحريم .. الفيلر والبوتكس وهالخرابيط عندكم تتحملونها عادي حتي شق البطن للولاده عادي ويوم جت ابرة تطعيم كورونا صرتم كلكم تتالمون ؟؟ وبعدين 😂😂,Covid Vaccine,None,1,Positive,2,Yes,1,,,Not clear,Target: Covid Vaccine Text: هذا انتم يالحريم .. الفيلر والبوتكس وهالخرابيط عندكم تتحملونها عادي حتي شق البطن للولاده عادي ويوم جت ابرة تطعيم كورونا صرتم كلكم تتالمون ؟؟ وبعدين 😂😂,,,,,,,,,1,1,8.171797e-05,1.0,7.903576e-05,5
3612, أيها الأفاضل   المبجلين   المحترمين     تعبت جداً من التحول الإلكتروني اللي ما خدمني في إنجاز معاملتي (طلاق)   لي ٤ شهور و المحكمة ساحبين علي ( محكمة الأحوال الشخصية و الدوائر الإنهائية بشرق الرياض ) . سببتوا لي أرق و معاناة ودي أعرف ليش صرتوا كذ,Digital Transformation,أيها الأفاضل   المبجلين   المحترمين     تعبت جداً من التحول الإلكتروني اللي ما خدمني في إنجاز معاملتي (طلاق)   لي ٤ شهور و المحكمة ساحبين علي ( محكمة الأحوال الشخصية و الدوائر الإنهائية بشرق الرياض ) . سببتوا لي أرق و معاناة ودي أعرف ليش صرتوا كذ,Digital Transformation,Against,0,Negative,0,No,0,,A_Explicit,,Target: Digital Transformation Text: أيها الأفاضل   المبجلين   المحترمين     تعبت جداً من التحول الإلكتروني اللي ما خدمني في إنجاز معاملتي (طلاق)   لي ٤ شهور و المحكمة ساحبين علي ( محكمة الأحوال الشخصية و الدوائر الإنهائية بشرق الرياض ) . سببتوا لي أرق و معاناة ودي أعرف ليش صرتوا كذ,, أيها الأفاضل   المبجلين   المحترمين     تعبت جداً من التحول الإلكتروني اللي ما خدمني في إنجاز معاملتي (طلاق)   لي ٤ شهور و المحكمة ساحبين علي ( محكمة الأحوال الشخصية و الدوائر الإنهائية بشرق الرياض ) . سببتوا لي أرق و معاناة ودي أعرف ليش صرتوا كذ,Digital Transformation,0.7119,1.0,1.0,2020-12-03 11:52:16+00:00,03/12/2020,0,0,0.9980469,0.0015935898,0.00056934357,4
3612, أيها الأفاضل   المبجلين   المحترمين     تعبت جداً من التحول الإلكتروني اللي ما خدمني في إنجاز معاملتي (طلاق)   لي ٤ شهور و المحكمة ساحبين علي ( محكمة الأحوال الشخصية و الدوائر الإنهائية بشرق الرياض ) . سببتوا لي أرق و معاناة ودي أعرف ليش صرتوا كذ,Digital Transformation,ايها الافاضل المبجلين المحترمين تعبت جداً من التحول الالكتروني اللي ما خدمني في انجاز معاملتي (طلاق) لي ٤ شهور و المحكمة ساحبين علي ( محكمة الاحوال الشخصية و الدوائر الانهائية بشرق الرياض ) . سببتوا لي ارق و معاناة ودي اعرف ليش صرتوا كذ,Digital Transformation,Against,0,Negative,0,No,0,,A_Explicit,,Target: Digital Transformation Text: ايها الافاضل المبجلين المحترمين تعبت جداً من التحول الالكتروني اللي ما خدمني في انجاز معاملتي (طلاق) لي ٤ شهور و المحكمة ساحبين علي ( محكمة الاحوال الشخصية و الدوائر الانهائية بشرق الرياض ) . سببتوا لي ارق و معاناة ودي اعرف ليش صرتوا كذ,,,,,,,,,0,0,0.98535156,0.00096035004,0.01373291,2
3647,هذي بكل مكان وكل قطاع حاطينها شكلها كومبارس تمكين المرأة ,Women empowerment,هذي بكل مكان وكل قطاع حاطينها شكلها كومبارس تمكين المراة,Women empowerment,Against,0,Negative,0,No,0,,A_Explicit,,Target: Women empowerment Text: هذي بكل مكان وكل قطاع حاطينها شكلها كومبارس تمكين المراة,,,,,,,,,0,0,0.99072266,0.0022354126,0.007133484,3
3647,هذي بكل مكان وكل قطاع حاطينها شكلها كومبارس تمكين المرأة ,Women empowerment,هذي بكل مكان وكل قطاع حاطينها شكلها كومبارس تمكين المرأة,Women empowerment,Against,0,Negative,0,No,0,,A_Explicit,,Target: Women empowerment Text: هذي بكل مكان وكل قطاع حاطينها شكلها كومبارس تمكين المرأة,,هذي بكل مكان وكل قطاع حاطينها شكلها كومبارس تمكين المرأة ,Women empowerment,0.6322,0.7643,0.7627,2021-09-27 09:31:14+00:00,27/09/2021,0,0,0.9980469,0.0005393028,0.0011711121,1
3672,   ها شوفي تبين استقلالها وهاذي مساواة صح تمكين المرأه من أيش من أنها تكون قاضيه حرام من أنها حاكمه هذا حرام لا خير في قوم ولوا أمرهم امرأة انها تصلي بالرجال حرام تأذن حرام صوتها عوره وبعدين حرام استقلال المرأه معروف,Women empowerment,ها شوفي تبين استقلالها وهاذي مساواة صح تمكين المراه من ايش من انها تكون قاضيه حرام من انها حاكمه هذا حرام لا خير في قوم ولوا امرهم امراة انها تصلي بالرجال حرام تاذن حرام صوتها عوره وبعدين حرام استقلال المراه معروف,Women empowerment,Against,0,Negative,0,No,0,,A_Explicit,,Target: Women empowerment Text: ها شوفي تبين استقلالها وهاذي مساواة صح تمكين المراه من ايش من انها تكون قاضيه حرام من انها حاكمه هذا حرام لا خير في قوم ولوا امرهم امراة انها تصلي بالرجال حرام تاذن حرام صوتها عوره وبعدين حرام استقلال المراه معروف,,,,,,,,,0,0,0.99316406,0.0011310577,0.005744934,4
3672,   ها شوفي تبين استقلالها وهاذي مساواة صح تمكين المرأه من أيش من أنها تكون قاضيه حرام من أنها حاكمه هذا حرام لا خير في قوم ولوا أمرهم امرأة انها تصلي بالرجال حرام تأذن حرام صوتها عوره وبعدين حرام استقلال المرأه معروف,Women empowerment,ها شوفي تبين استقلالها وهاذي مساواة صح تمكين المرأه من أيش من أنها تكون قاضيه حرام من أنها حاكمه هذا حرام لا خير في قوم ولوا أمرهم امرأة انها تصلي بالرجال حرام تأذن حرام صوتها عوره وبعدين حرام استقلال المرأه معروف,Women empowerment,Against,0,Negative,0,No,0,,A_Explicit,,Target: Women empowerment Text: ها شوفي تبين استقلالها وهاذي مساواة صح تمكين المرأه من أيش من أنها تكون قاضيه حرام من أنها حاكمه هذا حرام لا خير في قوم ولوا أمرهم امرأة انها تصلي بالرجال حرام تأذن حرام صوتها عوره وبعدين حرام استقلال المرأه معروف,,   ها شوفي تبين استقلالها وهاذي مساواة صح تمكين المرأه من أيش من أنها تكون قاضيه حرام من أنها حاكمه هذا حرام لا خير في قوم ولوا أمرهم امرأة انها تصلي بالرجال حرام تأذن حرام صوتها عوره وبعدين حرام استقلال المرأه معروف,Women empowerment,1.0,1.0,1.0,2021-03-09 12:31:06+00:00,09/03/2021,0,0,0.99658203,0.0013828278,0.0022621155,4
3682, كيف من الممكن ان تنافس عمالقة سوق التجزئة الالكتروني وايجاراتك عاليةوتكاليفك اعلى قواعد التسوق في تغير سريع على الجميع ان يعي ذالك ويواكب هذا التحول ومن لايتاقلم يندثر وتاريخ له عبر واحداث كثير  تبين ان البقاء ليس للاقوي اوالاكبر انما لمن يتغير ,Digital Transformation,كيف من الممكن ان تنافس عمالقة سوق التجزئة الالكتروني وايجاراتك عاليةوتكاليفك اعلي قواعد التسوق في تغير سريع علي الجميع ان يعي ذالك ويواكب هذا التحول ومن لايتاقلم يندثر وتاريخ له عبر واحداث كثير تبين ان البقاء ليس للاقوي اوالاكبر انما لمن يتغير,Digital Transformation,None,1,Neutral,1,No,0,,,Not clear,Target: Digital Transformation Text: كيف من الممكن ان تنافس عمالقة سوق التجزئة الالكتروني وايجاراتك عاليةوتكاليفك اعلي قواعد التسوق في تغير سريع علي الجميع ان يعي ذالك ويواكب هذا التحول ومن لايتاقلم يندثر وتاريخ له عبر واحداث كثير تبين ان البقاء ليس للاقوي اوالاكبر انما لمن يتغير,,,,,,,,,1,1,0.0012683868,0.9975586,0.0010843277,4
3682, كيف من الممكن ان تنافس عمالقة سوق التجزئة الالكتروني وايجاراتك عاليةوتكاليفك اعلى قواعد التسوق في تغير سريع على الجميع ان يعي ذالك ويواكب هذا التحول ومن لايتاقلم يندثر وتاريخ له عبر واحداث كثير  تبين ان البقاء ليس للاقوي اوالاكبر انما لمن يتغير ,Digital Transformation,كيف من الممكن ان تنافس عمالقة سوق التجزئة الالكتروني وايجاراتك عاليةوتكاليفك اعلى قواعد التسوق في تغير سريع على الجميع ان يعي ذالك ويواكب هذا التحول ومن لايتاقلم يندثر وتاريخ له عبر واحداث كثير  تبين ان البقاء ليس للاقوي اوالاكبر انما لمن يتغير,Digital Transformation,None,1,Neutral,1,No,0,,,Not clear,Target: Digital Transformation Text: كيف من الممكن ان تنافس عمالقة سوق التجزئة الالكتروني وايجاراتك عاليةوتكاليفك اعلى قواعد التسوق في تغير سريع على الجميع ان يعي ذالك ويواكب هذا التحول ومن لايتاقلم يندثر وتاريخ له عبر واحداث كثير  تبين ان البقاء ليس للاقوي اوالاكبر انما لمن يتغير,, كيف من الممكن ان تنافس عمالقة سوق التجزئة الالكتروني وايجاراتك عاليةوتكاليفك اعلى قواعد التسوق في تغير سريع على الجميع ان يعي ذالك ويواكب هذا التحول ومن لايتاقلم يندثر وتاريخ له عبر واحداث كثير  تبين ان البقاء ليس للاقوي اوالاكبر انما لمن يتغير ,Digital Transformation,1.0,1.0,1.0,2020-08-13 11:39:36+00:00,13/08/2020,1,1,9.936094e-05,1.0,7.1287155e-05,5
3769, كل شوي جايب طاري النساء يبيهم يوقفون معه 😭😭😭😭😭  كل سطر وسطر جايب تمكين المرأة,Women empowerment,كل شوي جايب طاري النساء يبيهم يوقفون معه 😭😭 كل سطر وسطر جايب تمكين المراة,Women empowerment,Against,0,Negative,0,No,0,,A_Explicit,,Target: Women empowerment Text: كل شوي جايب طاري النساء يبيهم يوقفون معه 😭😭 كل سطر وسطر جايب تمكين المراة,,,,,,,,,0,0,1.0,4.029274e-05,6.0498714e-05,5
3769, كل شوي جايب طاري النساء يبيهم يوقفون معه 😭😭😭😭😭  كل سطر وسطر جايب تمكين المرأة,Women empowerment,كل شوي جايب طاري النساء يبيهم يوقفون معه 😭😭😭😭😭  كل سطر وسطر جايب تمكين المرأة,Women empowerment,Against,0,Negative,0,No,0,,A_Explicit,,Target: Women empowerment Text: كل شوي جايب طاري النساء يبيهم يوقفون معه 😭😭😭😭😭  كل سطر وسطر جايب تمكين المرأة,, كل شوي جايب طاري النساء يبيهم يوقفون معه 😭😭😭😭😭  كل سطر وسطر جايب تمكين المرأة,Women empowerment,1.0,0.6176,0.7497,2021-03-18 12:18:15+00:00,18/03/2021,0,0,0.9975586,0.0015716553,0.0010795593,4
3777, اتوقع غباءها اجتهاد شخصي...شدخل تمكين المراة بتغريدات امها ...,Women empowerment,اتوقع غباءها اجتهاد شخصي..شدخل تمكين المراة بتغريدات امها ..,Women empowerment,Against,0,Negative,0,No,0,,A_Explicit,,Target: Women empowerment Text: اتوقع غباءها اجتهاد شخصي..شدخل تمكين المراة بتغريدات امها ..,,,,,,,,,0,0,0.6411133,0.018356323,0.3408203,3
3777, اتوقع غباءها اجتهاد شخصي...شدخل تمكين المراة بتغريدات امها ...,Women empowerment,اتوقع غباءها اجتهاد شخصي...شدخل تمكين المراة بتغريدات امها ...,Women empowerment,Against,0,Negative,0,No,0,,A_Explicit,,Target: Women empowerment Text: اتوقع غباءها اجتهاد شخصي...شدخل تمكين المراة بتغريدات امها ...,, اتوقع غباءها اجتهاد شخصي...شدخل تمكين المراة بتغريدات امها ...,Women empowerment,0.6,1.0,1.0,2021-03-25 06:36:28+00:00,25/03/2021,0,0,0.7114258,0.015350342,0.27319336,3
3787,حقوق النسوان... شو بدكم اكثر من هيك تمكين صارت تشتغل بقهاوي وكازيات وتبات برا البيت وصارت تحبس ابوها واخوها وزوجها شو كمان صارت مستقله وتشتغل قبل الرجل ادخل اي مؤسسه خاصه او حتى حكوميه اتوقع صار 90 ٪ نسوان بطلت تربي كلو حضانات المراه صارت عانس ومطلقه. #الأردن #يوم_المراه_العالمي,Women empowerment,حقوق النسوان.. شو بدكم اكثر من هيك تمكين صارت تشتغل بقهاوي وكازيات وتبات برا البيت وصارت تحبس ابوها واخوها وزوجها شو كمان صارت مستقله وتشتغل قبل الرجل ادخل اي مؤسسه خاصه او حتي حكوميه اتوقع صار 90 ٪ نسوان بطلت تربي كلو حضانات المراه صارت عانس ومطلقه. #الاردن #يوم المراه العالمي,Women empowerment,Against,0,Negative,0,No,0,,A_Explicit,,Target: Women empowerment Text: حقوق النسوان.. شو بدكم اكثر من هيك تمكين صارت تشتغل بقهاوي وكازيات وتبات برا البيت وصارت تحبس ابوها واخوها وزوجها شو كمان صارت مستقله وتشتغل قبل الرجل ادخل اي مؤسسه خاصه او حتي حكوميه اتوقع صار 90 ٪ نسوان بطلت تربي كلو حضانات المراه صارت عانس ومطلقه. #الاردن #يوم المراه العالمي,,,,,,,,,0,0,0.9941406,0.00014126301,0.005672455,2
3787,حقوق النسوان... شو بدكم اكثر من هيك تمكين صارت تشتغل بقهاوي وكازيات وتبات برا البيت وصارت تحبس ابوها واخوها وزوجها شو كمان صارت مستقله وتشتغل قبل الرجل ادخل اي مؤسسه خاصه او حتى حكوميه اتوقع صار 90 ٪ نسوان بطلت تربي كلو حضانات المراه صارت عانس ومطلقه. #الأردن #يوم_المراه_العالمي,Women empowerment,حقوق النسوان... شو بدكم اكثر من هيك تمكين صارت تشتغل بقهاوي وكازيات وتبات برا البيت وصارت تحبس ابوها واخوها وزوجها شو كمان صارت مستقله وتشتغل قبل الرجل ادخل اي مؤسسه خاصه او حتى حكوميه اتوقع صار 90 ٪ نسوان بطلت تربي كلو حضانات المراه صارت عانس ومطلقه. #الأردن #يوم_المراه_العالمي,Women empowerment,Against,0,Negative,0,No,0,,A_Explicit,,Target: Women empowerment Text: حقوق النسوان... شو بدكم اكثر من هيك تمكين صارت تشتغل بقهاوي وكازيات وتبات برا البيت وصارت تحبس ابوها واخوها وزوجها شو كمان صارت مستقله وتشتغل قبل الرجل ادخل اي مؤسسه خاصه او حتى حكوميه اتوقع صار 90 ٪ نسوان بطلت تربي كلو حضانات المراه صارت عانس ومطلقه. #الأردن #يوم_المراه_العالمي,,حقوق النسوان... شو بدكم اكثر من هيك تمكين صارت تشتغل بقهاوي وكازيات وتبات برا البيت وصارت تحبس ابوها واخوها وزوجها شو كمان صارت مستقله وتشتغل قبل الرجل ادخل اي مؤسسه خاصه او حتى حكوميه اتوقع صار 90 ٪ نسوان بطلت تربي كلو حضانات المراه صارت عانس ومطلقه. #الأردن #يوم_المراه_العالمي,Women empowerment,0.7281,1.0,1.0,2021-03-08 11:35:17+00:00,08/03/2021,0,0,0.99072266,0.0033245087,0.006000519,3
3811, صدقت  ورب الكعبة أخي خالد تمكين المرأة بمفهومهم = هدم اهم لبنة في بناء الاسرة المسلمة الا وهي المرأة,Women empowerment,صدقت ورب الكعبة اخي خالد تمكين المراة بمفهومهم = هدم اهم لبنة في بناء الاسرة المسلمة الا وهي المراة,Women empowerment,Against,0,Negative,0,No,0,,A_Explicit,,Target: Women empowerment Text: صدقت ورب الكعبة اخي خالد تمكين المراة بمفهومهم = هدم اهم لبنة في بناء الاسرة المسلمة الا وهي المراة,,,,,,,,,0,0,1.0,9.459257e-05,4.7266483e-05,5
3811, صدقت  ورب الكعبة أخي خالد تمكين المرأة بمفهومهم = هدم اهم لبنة في بناء الاسرة المسلمة الا وهي المرأة,Women empowerment,صدقت  ورب الكعبة أخي خالد تمكين المرأة بمفهومهم = هدم اهم لبنة في بناء الاسرة المسلمة الا وهي المرأة,Women empowerment,Against,0,Negative,0,No,0,,A_Explicit,,Target: Women empowerment Text: صدقت  ورب الكعبة أخي خالد تمكين المرأة بمفهومهم = هدم اهم لبنة في بناء الاسرة المسلمة الا وهي المرأة,, صدقت  ورب الكعبة أخي خالد تمكين المرأة بمفهومهم = هدم اهم لبنة في بناء الاسرة المسلمة الا وهي المرأة,Women empowerment,0.5837,1.0,0.7488,2021-03-07 22:52:41+00:00,07/03/2021,0,0,0.99853516,0.00060653687,0.0008177757,1
3863, ههههههههه تمكين وتوطين المرأه تحية للمنبطحين والوطنجيين,Women empowerment,ههههههههه تمكين وتوطين المرأه تحية للمنبطحين والوطنجيين,Women empowerment,Against,0,Negative,0,No,0,,A_Explicit,,Target: Women empowerment Text: ههههههههه تمكين وتوطين المرأه تحية للمنبطحين والوطنجيين,, ههههههههه تمكين وتوطين المرأه تحية للمنبطحين والوطنجيين,Women empowerment,1.0,0.7943,0.4216,2021-01-30 18:54:09+00:00,30/01/2021,0,0,0.99609375,0.00045847893,0.0032997131,4
3863, ههههههههه تمكين وتوطين المرأه تحية للمنبطحين والوطنجيين,Women empowerment,هه تمكين وتوطين المراه تحية للمنبطحين والوطنجيين,Women empowerment,Against,0,Negative,0,No,0,,A_Explicit,,Target: Women empowerment Text: هه تمكين وتوطين المراه تحية للمنبطحين والوطنجيين,,,,,,,,,0,0,1.0,2.8312206e-05,0.00017678738,5
3899,الأشخاص المحيطة بالانسان  هي التي تحدد  تاريخ وفاته  #حكمة_اليوم #بيروت #تمكين_المرأة #حقوق_الإنسان #حقوق_الطفل #منظمة_الصحة_العالمية #منظمة_اليونسيف,Women empowerment,الاشخاص المحيطة بالانسان هي التي تحدد تاريخ وفاته #حكمة اليوم #بيروت #تمكين المراة #حقوق الانسان #حقوق الطفل #منظمة الصحة العالمية #منظمة اليونسيف,Women empowerment,None,1,Neutral,1,No,0,,,Not clear,Target: Women empowerment Text: الاشخاص المحيطة بالانسان هي التي تحدد تاريخ وفاته #حكمة اليوم #بيروت #تمكين المراة #حقوق الانسان #حقوق الطفل #منظمة الصحة العالمية #منظمة اليونسيف,,,,,,,,,1,1,2.8192997e-05,0.99902344,0.0011367798,5
3899,الأشخاص المحيطة بالانسان  هي التي تحدد  تاريخ وفاته  #حكمة_اليوم #بيروت #تمكين_المرأة #حقوق_الإنسان #حقوق_الطفل #منظمة_الصحة_العالمية #منظمة_اليونسيف,Women empowerment,الأشخاص المحيطة بالانسان  هي التي تحدد  تاريخ وفاته  #حكمة_اليوم #بيروت #تمكين_المرأة #حقوق_الإنسان #حقوق_الطفل #منظمة_الصحة_العالمية #منظمة_اليونسيف,Women empowerment,None,1,Neutral,1,No,0,,,Not clear,Target: Women empowerment Text: الأشخاص المحيطة بالانسان  هي التي تحدد  تاريخ وفاته  #حكمة_اليوم #بيروت #تمكين_المرأة #حقوق_الإنسان #حقوق_الطفل #منظمة_الصحة_العالمية #منظمة_اليونسيف,,الأشخاص المحيطة بالانسان  هي التي تحدد  تاريخ وفاته  #حكمة_اليوم #بيروت #تمكين_المرأة #حقوق_الإنسان #حقوق_الطفل #منظمة_الصحة_العالمية #منظمة_اليونسيف,Women empowerment,0.6297,1.0,1.0,2020-12-21 09:45:05+00:00,21/12/2020,1,1,0.0024719238,0.9970703,0.00047636032,2
3913, تمكين المرأة 2030 🤔يعني هي اللي هتمسك الحكم .يا سنة سوخة يا ولاد 😏,Women empowerment,تمكين المراة 2030 🤔يعني هي اللي هتمسك الحكم .يا سنة سوخة يا ولاد 😏,Women empowerment,Against,0,Negative,0,No,0,,A_Explicit,,Target: Women empowerment Text: تمكين المراة 2030 🤔يعني هي اللي هتمسك الحكم .يا سنة سوخة يا ولاد 😏,,,,,,,,,0,0,0.9995117,0.00017499924,0.00044322014,2
3913, تمكين المرأة 2030 🤔يعني هي اللي هتمسك الحكم .يا سنة سوخة يا ولاد 😏,Women empowerment,تمكين المرأة 2030 🤔يعني هي اللي هتمسك الحكم .يا سنة سوخة يا ولاد 😏,Women empowerment,Against,0,Negative,0,No,0,,A_Explicit,,Target: Women empowerment Text: تمكين المرأة 2030 🤔يعني هي اللي هتمسك الحكم .يا سنة سوخة يا ولاد 😏,, تمكين المرأة 2030 🤔يعني هي اللي هتمسك الحكم .يا سنة سوخة يا ولاد 😏,Women empowerment,1.0,0.5091,1.0,2021-03-11 14:55:37+00:00,11/03/2021,0,0,0.99902344,0.00037312508,0.0007715225,1
3919,متحور #كورونا تحسه عامل مزاد  يا ترى منو البلد الجاي اللي راح يتسمى المتحور باسمه؟  حزر و فزر و ارسل الاجابة و اربح معنا تطعيم مدى الحياة🤣😂🤣,Covid Vaccine,متحور #كورونا تحسه عامل مزاد يا تري منو البلد الجاي اللي راح يتسمي المتحور باسمه؟ حزر و فزر و ارسل الاجابة و اربح معنا تطعيم مدي الحياة🤣😂🤣,Covid Vaccine,None,1,Neutral,1,Yes,1,,,Not clear,Target: Covid Vaccine Text: متحور #كورونا تحسه عامل مزاد يا تري منو البلد الجاي اللي راح يتسمي المتحور باسمه؟ حزر و فزر و ارسل الاجابة و اربح معنا تطعيم مدي الحياة🤣😂🤣,,,,,,,,,1,1,0.00071907043,0.9868164,0.012260437,1
3919,متحور #كورونا تحسه عامل مزاد  يا ترى منو البلد الجاي اللي راح يتسمى المتحور باسمه؟  حزر و فزر و ارسل الاجابة و اربح معنا تطعيم مدى الحياة🤣😂🤣,Covid Vaccine,متحور #كورونا تحسه عامل مزاد  يا ترى منو البلد الجاي اللي راح يتسمى المتحور باسمه؟  حزر و فزر و ارسل الاجابة و اربح معنا تطعيم مدى الحياة🤣😂🤣,Covid Vaccine,None,1,Neutral,1,Yes,1,,,Not clear,Target: Covid Vaccine Text: متحور #كورونا تحسه عامل مزاد  يا ترى منو البلد الجاي اللي راح يتسمى المتحور باسمه؟  حزر و فزر و ارسل الاجابة و اربح معنا تطعيم مدى الحياة🤣😂🤣,,متحور #كورونا تحسه عامل مزاد  يا ترى منو البلد الجاي اللي راح يتسمى المتحور باسمه؟  حزر و فزر و ارسل الاجابة و اربح معنا تطعيم مدى الحياة🤣😂🤣,Covid Vaccine,1.0,1.0,0.7245,2021-11-30 07:20:53+00:00,30/11/2021,1,1,0.0037117004,0.9951172,0.0011873245,2
3921,رسالة إلى المساكين المتعلقين بقشة المساواة ويطالبون بإلغاء المهر والنفقة  هذه الكويت سبقتنا في هذا المجال وقد جمعت زبالات تمكين المرأة الغربية وأشد الأقوال الفقهية على الرجال فيما يخص الحضانة والنفقة  تعتقدون أن ربعنا بيطبقون المساواة لو كان فيها ١٪ ضرر على الحريم؟ ,Women empowerment,رسالة إلى المساكين المتعلقين بقشة المساواة ويطالبون بإلغاء المهر والنفقة  هذه الكويت سبقتنا في هذا المجال وقد جمعت زبالات تمكين المرأة الغربية وأشد الأقوال الفقهية على الرجال فيما يخص الحضانة والنفقة  تعتقدون أن ربعنا بيطبقون المساواة لو كان فيها ١٪ ضرر على الحريم؟,Women empowerment,Against,0,Negative,0,No,0,,A_Explicit,,Target: Women empowerment Text: رسالة إلى المساكين المتعلقين بقشة المساواة ويطالبون بإلغاء المهر والنفقة  هذه الكويت سبقتنا في هذا المجال وقد جمعت زبالات تمكين المرأة الغربية وأشد الأقوال الفقهية على الرجال فيما يخص الحضانة والنفقة  تعتقدون أن ربعنا بيطبقون المساواة لو كان فيها ١٪ ضرر على الحريم؟,,رسالة إلى المساكين المتعلقين بقشة المساواة ويطالبون بإلغاء المهر والنفقة  هذه الكويت سبقتنا في هذا المجال وقد جمعت زبالات تمكين المرأة الغربية وأشد الأقوال الفقهية على الرجال فيما يخص الحضانة والنفقة  تعتقدون أن ربعنا بيطبقون المساواة لو كان فيها ١٪ ضرر على الحريم؟ ,Women empowerment,0.592,1.0,0.7129,2020-12-10 22:52:41+00:00,10/12/2020,0,0,0.99853516,0.0009841919,0.0005764961,4
3921,رسالة إلى المساكين المتعلقين بقشة المساواة ويطالبون بإلغاء المهر والنفقة  هذه الكويت سبقتنا في هذا المجال وقد جمعت زبالات تمكين المرأة الغربية وأشد الأقوال الفقهية على الرجال فيما يخص الحضانة والنفقة  تعتقدون أن ربعنا بيطبقون المساواة لو كان فيها ١٪ ضرر على الحريم؟ ,Women empowerment,رسالة الي المساكين المتعلقين بقشة المساواة ويطالبون بالغاء المهر والنفقة هذه الكويت سبقتنا في هذا المجال وقد جمعت زبالات تمكين المراة الغربية واشد الاقوال الفقهية علي الرجال فيما يخص الحضانة والنفقة تعتقدون ان ربعنا بيطبقون المساواة لو كان فيها ١٪ ضرر علي الحريم؟,Women empowerment,Against,0,Negative,0,No,0,,A_Explicit,,Target: Women empowerment Text: رسالة الي المساكين المتعلقين بقشة المساواة ويطالبون بالغاء المهر والنفقة هذه الكويت سبقتنا في هذا المجال وقد جمعت زبالات تمكين المراة الغربية واشد الاقوال الفقهية علي الرجال فيما يخص الحضانة والنفقة تعتقدون ان ربعنا بيطبقون المساواة لو كان فيها ١٪ ضرر علي الحريم؟,,,,,,,,,0,0,0.99902344,0.00049829483,0.0005493164,2
3952,  لو وجد غير المدخن فأفضل؟ لكن أخشى أن ترفض المدخن فلا يأتي غيره لان الشباب في عزوف عن الزواج بسبب الانفتاح وطلبات النساء التي لاتنتهي والادهى وظائف الرجال قليله بسبب تمكين المرأه ومساواتها في الوظائف مع الرجال حتى العسكريه وتشغيل المعدات أ,Women empowerment,لو وجد غير المدخن فأفضل؟ لكن أخشى أن ترفض المدخن فلا يأتي غيره لان الشباب في عزوف عن الزواج بسبب الانفتاح وطلبات النساء التي لاتنتهي والادهى وظائف الرجال قليله بسبب تمكين المرأه ومساواتها في الوظائف مع الرجال حتى العسكريه وتشغيل المعدات أ,Women empowerment,Against,0,Negative,0,No,0,,A_Explicit,,Target: Women empowerment Text: لو وجد غير المدخن فأفضل؟ لكن أخشى أن ترفض المدخن فلا يأتي غيره لان الشباب في عزوف عن الزواج بسبب الانفتاح وطلبات النساء التي لاتنتهي والادهى وظائف الرجال قليله بسبب تمكين المرأه ومساواتها في الوظائف مع الرجال حتى العسكريه وتشغيل المعدات أ,,  لو وجد غير المدخن فأفضل؟ لكن أخشى أن ترفض المدخن فلا يأتي غيره لان الشباب في عزوف عن الزواج بسبب الانفتاح وطلبات النساء التي لاتنتهي والادهى وظائف الرجال قليله بسبب تمكين المرأه ومساواتها في الوظائف مع الرجال حتى العسكريه وتشغيل المعدات أ,Women empowerment,0.5762,1.0,0.7129,2021-03-01 03:08:19+00:00,01/03/2021,0,0,0.9951172,0.0029010773,0.001996994,3
3952,  لو وجد غير المدخن فأفضل؟ لكن أخشى أن ترفض المدخن فلا يأتي غيره لان الشباب في عزوف عن الزواج بسبب الانفتاح وطلبات النساء التي لاتنتهي والادهى وظائف الرجال قليله بسبب تمكين المرأه ومساواتها في الوظائف مع الرجال حتى العسكريه وتشغيل المعدات أ,Women empowerment,لو وجد غير المدخن فافضل؟ لكن اخشي ان ترفض المدخن فلا ياتي غيره لان الشباب في عزوف عن الزواج بسبب الانفتاح وطلبات النساء التي لاتنتهي والادهي وظائف الرجال قليله بسبب تمكين المراه ومساواتها في الوظائف مع الرجال حتي العسكريه وتشغيل المعدات ا,Women empowerment,Against,0,Negative,0,No,0,,A_Explicit,,Target: Women empowerment Text: لو وجد غير المدخن فافضل؟ لكن اخشي ان ترفض المدخن فلا ياتي غيره لان الشباب في عزوف عن الزواج بسبب الانفتاح وطلبات النساء التي لاتنتهي والادهي وظائف الرجال قليله بسبب تمكين المراه ومساواتها في الوظائف مع الرجال حتي العسكريه وتشغيل المعدات ا,,,,,,,,,0,0,1.0,8.869171e-05,4.8339367e-05,5
3953, ربعنا فاهمين تمكين المرأة غلط  لا أستغرب منهم تعين المرأة إمامةً للمسجد  ظلمات بعضها فوق بعض نسأل الله السلامة,Women empowerment,ربعنا فاهمين تمكين المرأة غلط  لا أستغرب منهم تعين المرأة إمامةً للمسجد  ظلمات بعضها فوق بعض نسأل الله السلامة,Women empowerment,Against,0,Negative,0,No,0,,A_Explicit,,Target: Women empowerment Text: ربعنا فاهمين تمكين المرأة غلط  لا أستغرب منهم تعين المرأة إمامةً للمسجد  ظلمات بعضها فوق بعض نسأل الله السلامة,, ربعنا فاهمين تمكين المرأة غلط  لا أستغرب منهم تعين المرأة إمامةً للمسجد  ظلمات بعضها فوق بعض نسأل الله السلامة,Women empowerment,0.6359,0.775,1.0,2021-01-16 22:29:46+00:00,16/01/2021,0,0,0.99902344,0.00045704842,0.00059604645,2
3953, ربعنا فاهمين تمكين المرأة غلط  لا أستغرب منهم تعين المرأة إمامةً للمسجد  ظلمات بعضها فوق بعض نسأل الله السلامة,Women empowerment,ربعنا فاهمين تمكين المراة غلط لا استغرب منهم تعين المراة امامةً للمسجد ظلمات بعضها فوق بعض نسال الله السلامة,Women empowerment,Against,0,Negative,0,No,0,,A_Explicit,,Target: Women empowerment Text: ربعنا فاهمين تمكين المراة غلط لا استغرب منهم تعين المراة امامةً للمسجد ظلمات بعضها فوق بعض نسال الله السلامة,,,,,,,,,0,0,0.99609375,0.0006699562,0.0031700134,4
4023,⬅️خذ تطعيم و تحشش و إنسى أنك أخذته و إنسى عدد الجرعات!  فيه كثير منها حتاخذها ⬅️قناة روسيا اليوم/ نشطاء يوزعون الماريجوانا 🤪في وسط نيويورك على من تلقوا لقاح كورونا - عبر تطبيق نبض   ,Covid Vaccine,⬅️خذ تطعيم و تحشش و إنسى أنك أخذته و إنسى عدد الجرعات!  فيه كثير منها حتاخذها ⬅️قناة روسيا اليوم/ نشطاء يوزعون الماريجوانا 🤪في وسط نيويورك على من تلقوا لقاح كورونا - عبر تطبيق نبض,Covid Vaccine,None,1,Neutral,1,Yes,1,,,,Target: Covid Vaccine Text: ⬅️خذ تطعيم و تحشش و إنسى أنك أخذته و إنسى عدد الجرعات!  فيه كثير منها حتاخذها ⬅️قناة روسيا اليوم/ نشطاء يوزعون الماريجوانا 🤪في وسط نيويورك على من تلقوا لقاح كورونا - عبر تطبيق نبض,,⬅️خذ تطعيم و تحشش و إنسى أنك أخذته و إنسى عدد الجرعات!  فيه كثير منها حتاخذها ⬅️قناة روسيا اليوم/ نشطاء يوزعون الماريجوانا 🤪في وسط نيويورك على من تلقوا لقاح كورونا - عبر تطبيق نبض   ,Covid Vaccine,1.0,1.0,0.773,2021-04-21 20:26:29+00:00,21/04/2021,1,1,0.0012464523,0.99609375,0.002456665,1
4023,⬅️خذ تطعيم و تحشش و إنسى أنك أخذته و إنسى عدد الجرعات!  فيه كثير منها حتاخذها ⬅️قناة روسيا اليوم/ نشطاء يوزعون الماريجوانا 🤪في وسط نيويورك على من تلقوا لقاح كورونا - عبر تطبيق نبض   ,Covid Vaccine,⬅️خذ تطعيم و تحشش و انسي انك اخذته و انسي عدد الجرعات! فيه كثير منها حتاخذها ⬅️قناة روسيا اليوم/ نشطاء يوزعون الماريجوانا 🤪في وسط نيويورك علي من تلقوا لقاح كورونا - عبر تطبيق نبض,Covid Vaccine,None,1,Neutral,1,Yes,1,,,,Target: Covid Vaccine Text: ⬅️خذ تطعيم و تحشش و انسي انك اخذته و انسي عدد الجرعات! فيه كثير منها حتاخذها ⬅️قناة روسيا اليوم/ نشطاء يوزعون الماريجوانا 🤪في وسط نيويورك علي من تلقوا لقاح كورونا - عبر تطبيق نبض,,,,,,,,,1,1,0.022247314,0.9506836,0.02696228,3
4044,ديوان المظالم يستكمل خطواته نحو «التحول الإلكتروني»  URL,Digital Transformation,ديوان المظالم يستكمل خطواته نحو «التحول الإلكتروني»  URL,Digital Transformation,None,1,Neutral,1,No,0,,,Not clear,Target: Digital Transformation Text: ديوان المظالم يستكمل خطواته نحو «التحول الإلكتروني»  URL,,ديوان المظالم يستكمل خطواته نحو «التحول الإلكتروني»  URL,Digital Transformation,0.7428,1.0,0.6741,2020-02-21 07:48:30+00:00,21/02/2020,1,1,0.000101327896,1.0,4.8577785e-05,5
4044,ديوان المظالم يستكمل خطواته نحو «التحول الإلكتروني»  URL,Digital Transformation,ديوان المظالم يستكمل خطواته نحو «التحول الالكتروني»,Digital Transformation,None,1,Neutral,1,No,0,,,Not clear,Target: Digital Transformation Text: ديوان المظالم يستكمل خطواته نحو «التحول الالكتروني»,,,,,,,,,1,1,0.0009431839,0.99658203,0.0023937225,2
4048,MENTION MENTION MENTION يا دكتور انتشرت تجربه بوسائل التواصل ان اللي يحط مغناطيس على مكان تطعيم كورونا يلزق المغناطيس بالجسم بالبدايه ما صدقنا ؛ وجربناها على المطعمين من اهلنا وفعلا لزق المغناطيس انتوا شنو تبون تسوون فينا مع هالتطعيمات القذره ؛ لا وتجبرونا على التطعيم بعد ماكو سفر الا للمطعمين,Covid Vaccine,مستخدم مستخدم مستخدم يا دكتور انتشرت تجربه بوسائل التواصل ان اللي يحط مغناطيس علي مكان تطعيم كورونا يلزق المغناطيس بالجسم بالبدايه ما صدقنا ؛ وجربناها علي المطعمين من اهلنا وفعلا لزق المغناطيس انتوا شنو تبون تسوون فينا مع هالتطعيمات القذره ؛ لا وتجبرونا علي التطعيم بعد ماكو سفر الا للمطعمين,Covid Vaccine,Against,0,Negative,0,No,0,,A_Implicit,,Target: Covid Vaccine Text: مستخدم مستخدم مستخدم يا دكتور انتشرت تجربه بوسائل التواصل ان اللي يحط مغناطيس علي مكان تطعيم كورونا يلزق المغناطيس بالجسم بالبدايه ما صدقنا ؛ وجربناها علي المطعمين من اهلنا وفعلا لزق المغناطيس انتوا شنو تبون تسوون فينا مع هالتطعيمات القذره ؛ لا وتجبرونا علي التطعيم بعد ماكو سفر الا للمطعمين,,,,,,,,,0,0,0.9975586,0.0016851425,0.0005507469,4
4048,MENTION MENTION MENTION يا دكتور انتشرت تجربه بوسائل التواصل ان اللي يحط مغناطيس على مكان تطعيم كورونا يلزق المغناطيس بالجسم بالبدايه ما صدقنا ؛ وجربناها على المطعمين من اهلنا وفعلا لزق المغناطيس انتوا شنو تبون تسوون فينا مع هالتطعيمات القذره ؛ لا وتجبرونا على التطعيم بعد ماكو سفر الا للمطعمين,Covid Vaccine,MENTION MENTION MENTION يا دكتور انتشرت تجربه بوسائل التواصل ان اللي يحط مغناطيس على مكان تطعيم كورونا يلزق المغناطيس بالجسم بالبدايه ما صدقنا ؛ وجربناها على المطعمين من اهلنا وفعلا لزق المغناطيس انتوا شنو تبون تسوون فينا مع هالتطعيمات القذره ؛ لا وتجبرونا على التطعيم بعد ماكو سفر الا للمطعمين,Covid Vaccine,Against,0,Negative,0,No,0,,A_Implicit,,Target: Covid Vaccine Text: MENTION MENTION MENTION يا دكتور انتشرت تجربه بوسائل التواصل ان اللي يحط مغناطيس على مكان تطعيم كورونا يلزق المغناطيس بالجسم بالبدايه ما صدقنا ؛ وجربناها على المطعمين من اهلنا وفعلا لزق المغناطيس انتوا شنو تبون تسوون فينا مع هالتطعيمات القذره ؛ لا وتجبرونا على التطعيم بعد ماكو سفر الا للمطعمين,,MENTION MENTION MENTION يا دكتور انتشرت تجربه بوسائل التواصل ان اللي يحط مغناطيس على مكان تطعيم كورونا يلزق المغناطيس بالجسم بالبدايه ما صدقنا ؛ وجربناها على المطعمين من اهلنا وفعلا لزق المغناطيس انتوا شنو تبون تسوون فينا مع هالتطعيمات القذره ؛ لا وتجبرونا على التطعيم بعد ماكو سفر الا للمطعمين,Covid Vaccine,0.7422,0.7033,1.0,2021-05-16 18:21:24+00:00,16/05/2021,0,0,0.9970703,0.0027103424,0.00038790703,4
4098,ريم النجم:  تطعيم كورونا راح يحولكم زومبي ! ,Covid Vaccine,ريم النجم:  تطعيم كورونا راح يحولكم زومبي !,Covid Vaccine,None,1,Negative,0,Yes,1,,,Not clear,Target: Covid Vaccine Text: ريم النجم:  تطعيم كورونا راح يحولكم زومبي !,,ريم النجم:  تطعيم كورونا راح يحولكم زومبي ! ,Covid Vaccine,1.0,1.0,1.0,2021-04-18 12:45:30+00:00,18/04/2021,1,1,0.28198242,0.703125,0.015022278,3
4098,ريم النجم:  تطعيم كورونا راح يحولكم زومبي ! ,Covid Vaccine,ريم النجم: تطعيم كورونا راح يحولكم زومبي !,Covid Vaccine,None,1,Negative,0,Yes,1,,,Not clear,Target: Covid Vaccine Text: ريم النجم: تطعيم كورونا راح يحولكم زومبي !,,,,,,,,,1,1,0.0013456345,0.9970703,0.0013475418,2
