ID,text_original,target_original,text_clean,target_clean,stance,stance_id,sentiment,sentiment_id,sarcasm,sarcasm_id,favor_reason,against_reason,none_reason,model_input,target_id,text,target,stance:confidence,sarcasm:confidence,sentiment:confidence,datetime,Date,true_label,pred_label,p_against,p_none,p_favor,fold,max_probability,prediction_entropy,true_name,pred_name
10,"كعادة البشر ذوي العقليات المحدودة والكسولة الكل هاجمه وانتقده ووصفوه بالجنون والغباء وووو الخ"" نفس سالفة التحول الرقمي والدفع الالكتروني"" لكن المصيبة ان كلامه طلع صح ونجح !!!!",Digital Transformation,"كعادة البشر ذوي العقليات المحدودة والكسولة الكل هاجمه وانتقده ووصفوه بالجنون والغباء وو الخ"" نفس سالفة التحول الرقمي والدفع الالكتروني"" لكن المصيبة ان كلامه طلع صح ونجح !!",Digital Transformation,Favor,2,Negative,0,No,0,F_Explicit,,,"Target: Digital Transformation Text: كعادة البشر ذوي العقليات المحدودة والكسولة الكل هاجمه وانتقده ووصفوه بالجنون والغباء وو الخ"" نفس سالفة التحول الرقمي والدفع الالكتروني"" لكن المصيبة ان كلامه طلع صح ونجح !!",,,,,,,,,2,0,0.79345703,0.015136719,0.19165039,1,0.79345703,0.5636256214443152,Favor,Against
83,  تمكين المرأه صارت فساد ؟؟ يبون يعزونك و يرفعونك عن الحاجة و انتي تقولين فساد ! عجيب تفكير البعض,Women empowerment,تمكين المراه صارت فساد ؟؟ يبون يعزونك و يرفعونك عن الحاجة و انتي تقولين فساد ! عجيب تفكير البعض,Women empowerment,Favor,2,Negative,0,No,0,F_Explicit,,,Target: Women empowerment Text: تمكين المراه صارت فساد ؟؟ يبون يعزونك و يرفعونك عن الحاجة و انتي تقولين فساد ! عجيب تفكير البعض,,,,,,,,,2,0,0.92626953,0.0008854866,0.072753906,1,0.92626953,0.2678315894656122,Favor,Against
130,MENTION MENTION MENTION MENTION كل اللقاحات الي اخذناها واحنا صغار فشهادة التطعيم حق اوبئه سابقه معناها برضوا مؤامره؟!! تكفون بس عاد مو كل شي مؤامره ترا لقاح كورونا بعد كم سنه بيصير المواليد يأخذونها للحمايه بعد الله مثل حق شلل الاطفال والحصبه وكذا تطعيم,Covid Vaccine,مستخدم مستخدم مستخدم مستخدم كل اللقاحات الي اخذناها واحنا صغار فشهادة التطعيم حق اوبئه سابقه معناها برضوا مؤامره؟!! تكفون بس عاد مو كل شي مؤامره ترا لقاح كورونا بعد كم سنه بيصير المواليد ياخذونها للحمايه بعد الله مثل حق شلل الاطفال والحصبه وكذا تطعيم,Covid Vaccine,Favor,2,Neutral,1,No,0,F_Explicit,,,Target: Covid Vaccine Text: مستخدم مستخدم مستخدم مستخدم كل اللقاحات الي اخذناها واحنا صغار فشهادة التطعيم حق اوبئه سابقه معناها برضوا مؤامره؟!! تكفون بس عاد مو كل شي مؤامره ترا لقاح كورونا بعد كم سنه بيصير المواليد ياخذونها للحمايه بعد الله مثل حق شلل الاطفال والحصبه وكذا تطعيم,,,,,,,,,2,0,0.7841797,0.0065727234,0.20947266,1,0.7841797,0.5511139860597274,Favor,Against
361,  والوزارة كل يوم مغردين عن التحول الرقمي والتعليم الالكتروني ليه مايربطون الجهات التدريبية كافة في سيستم واحد وبرقم البطاقة تظهرلك الدورات.... يعني بالله تبغاني اتذكر دورات وتواريخها قبل عشر سنوات اعتقد في نظام النمو المهني اجحاف كبير ,Digital Transformation,والوزارة كل يوم مغردين عن التحول الرقمي والتعليم الالكتروني ليه مايربطون الجهات التدريبية كافة في سيستم واحد وبرقم البطاقة تظهرلك الدورات.. يعني بالله تبغاني اتذكر دورات وتواريخها قبل عشر سنوات اعتقد في نظام النمو المهني اجحاف كبير,Digital Transformation,Favor,2,Neutral,1,No,0,F_Explicit,,,Target: Digital Transformation Text: والوزارة كل يوم مغردين عن التحول الرقمي والتعليم الالكتروني ليه مايربطون الجهات التدريبية كافة في سيستم واحد وبرقم البطاقة تظهرلك الدورات.. يعني بالله تبغاني اتذكر دورات وتواريخها قبل عشر سنوات اعتقد في نظام النمو المهني اجحاف كبير,,,,,,,,,2,0,0.7104492,0.07397461,0.21533203,1,0.7104492,0.7661632673495813,Favor,Against
740,   ارفع لمعاليكم شكوى لمعاناتنا من برنامج ايجار  للاسف اسوء خدمة حكوميه ولا ترتقي لتطلع القيادة حفظها الله. معاناه شهرية مع الفواتير و الان مع التحول الموقع  الالكتروني غير مكتمل و ناقص. و الله عندي الاستعداد لادارة التحول في ايجار لتقديم خدمه,Digital Transformation,ارفع لمعاليكم شكوي لمعاناتنا من برنامج ايجار للاسف اسوء خدمة حكوميه ولا ترتقي لتطلع القيادة حفظها الله. معاناه شهرية مع الفواتير و الان مع التحول الموقع الالكتروني غير مكتمل و ناقص. و الله عندي الاستعداد لادارة التحول في ايجار لتقديم خدمه,Digital Transformation,Favor,2,Positive,2,No,0,F_Explicit,,,Target: Digital Transformation Text: ارفع لمعاليكم شكوي لمعاناتنا من برنامج ايجار للاسف اسوء خدمة حكوميه ولا ترتقي لتطلع القيادة حفظها الله. معاناه شهرية مع الفواتير و الان مع التحول الموقع الالكتروني غير مكتمل و ناقص. و الله عندي الاستعداد لادارة التحول في ايجار لتقديم خدمه,,,,,,,,,2,0,0.9897461,0.0004813671,0.0096206665,1,0.9897461,0.0585551064463961,Favor,Against
872,MENTION MENTION اللقاح ما يمنع الإصابة هو يخفف الأعراض فقط  اللي ماتوا من كورونا بدون تطعيم أكثر بكثير من اللي ماتوا بعده,Covid Vaccine,مستخدم مستخدم اللقاح ما يمنع الاصابة هو يخفف الاعراض فقط اللي ماتوا من كورونا بدون تطعيم اكثر بكثير من اللي ماتوا بعده,Covid Vaccine,Favor,2,Positive,2,No,0,F_Implicit,,,Target: Covid Vaccine Text: مستخدم مستخدم اللقاح ما يمنع الاصابة هو يخفف الاعراض فقط اللي ماتوا من كورونا بدون تطعيم اكثر بكثير من اللي ماتوا بعده,,,,,,,,,2,0,0.87060547,0.0029201508,0.12658691,1,0.87060547,0.399312126001679,Favor,Against
1136,MENTION أخذت اللقاح مش معناته إنك ماراح تصاب ب كورونا! معناها إنك سوف تصاب ولكن بدرجة أقل وأيضا يمكنك نقل الفيروس للاخرين  عشان كده تلبس كمامة إلا اذا تم تطعيم ١٠٠٪ من الشعب مثل دولة جزر القمر خذ راحتك ونزل الكمامات,Covid Vaccine,مستخدم اخذت اللقاح مش معناته انك ماراح تصاب ب كورونا! معناها انك سوف تصاب ولكن بدرجة اقل وايضا يمكنك نقل الفيروس للاخرين عشان كده تلبس كمامة الا اذا تم تطعيم ١٠٠٪ من الشعب مثل دولة جزر القمر خذ راحتك ونزل الكمامات,Covid Vaccine,Favor,2,Neutral,1,No,0,F_Implicit,,,Target: Covid Vaccine Text: مستخدم اخذت اللقاح مش معناته انك ماراح تصاب ب كورونا! معناها انك سوف تصاب ولكن بدرجة اقل وايضا يمكنك نقل الفيروس للاخرين عشان كده تلبس كمامة الا اذا تم تطعيم ١٠٠٪ من الشعب مثل دولة جزر القمر خذ راحتك ونزل الكمامات,,,,,,,,,2,0,0.9482422,0.038909912,0.0126953125,1,0.9482422,0.2321502787188891,Favor,Against
1626,الكيان الصهيوني المحتل لأرض فلسطين طعموا كل اليهود ضد كورونا بأسرع ما يمكن...دافعهم لذلك أنهم شعب يخاف من الانقراض و الموت...فهم حريصون على الحياة والبقاء ويستخدمون لذلك كل الطرق والوسائل.  اليوم أو أمس أعلنوا إزالة الكمامات...والعودة للحياة الطبيعية...بعد تطعيم أغلب اليهود,Covid Vaccine,الكيان الصهيوني المحتل لارض فلسطين طعموا كل اليهود ضد كورونا باسرع ما يمكن..دافعهم لذلك انهم شعب يخاف من الانقراض و الموت..فهم حريصون علي الحياة والبقاء ويستخدمون لذلك كل الطرق والوسائل. اليوم او امس اعلنوا ازالة الكمامات..والعودة للحياة الطبيعية..بعد تطعيم اغلب اليهود,Covid Vaccine,Favor,2,Neutral,1,No,0,F_Explicit,,,Target: Covid Vaccine Text: الكيان الصهيوني المحتل لارض فلسطين طعموا كل اليهود ضد كورونا باسرع ما يمكن..دافعهم لذلك انهم شعب يخاف من الانقراض و الموت..فهم حريصون علي الحياة والبقاء ويستخدمون لذلك كل الطرق والوسائل. اليوم او امس اعلنوا ازالة الكمامات..والعودة للحياة الطبيعية..بعد تطعيم اغلب اليهود,,,,,,,,,2,0,0.9814453,0.00042939186,0.018356323,1,0.9814453,0.0950951851158267,Favor,Against
2102, لابد من تحسين موقعكم السيء في ظل التحول التقني يعني في حياتي ماشفت موقع فاشل برمجيا مثل موقع ساكو!,Digital Transformation,لابد من تحسين موقعكم السيء في ظل التحول التقني يعني في حياتي ماشفت موقع فاشل برمجيا مثل موقع ساكو!,Digital Transformation,Favor,2,Positive,2,No,0,F_Explicit,,,Target: Digital Transformation Text: لابد من تحسين موقعكم السيء في ظل التحول التقني يعني في حياتي ماشفت موقع فاشل برمجيا مثل موقع ساكو!,,,,,,,,,2,0,0.71972656,0.26611328,0.013900757,1,0.71972656,0.6484331074571443,Favor,Against
2249,MENTION MENTION MENTION العكس صحيح .. لم نسمع الا ما ندر من اخذ جرعتي تطعيم قد تدهورت صحته بسبب كورونا .. وأنا اعرف منهم كثر وكبار السن ايضاً .. لولا رعاية الله وجرعتي التطعيم لكنا قد افتقدناهم .,Covid Vaccine,مستخدم مستخدم مستخدم العكس صحيح .. لم نسمع الا ما ندر من اخذ جرعتي تطعيم قد تدهورت صحته بسبب كورونا .. وانا اعرف منهم كثر وكبار السن ايضاً .. لولا رعاية الله وجرعتي التطعيم لكنا قد افتقدناهم .,Covid Vaccine,Favor,2,Positive,2,No,0,F_Explicit,,,Target: Covid Vaccine Text: مستخدم مستخدم مستخدم العكس صحيح .. لم نسمع الا ما ندر من اخذ جرعتي تطعيم قد تدهورت صحته بسبب كورونا .. وانا اعرف منهم كثر وكبار السن ايضاً .. لولا رعاية الله وجرعتي التطعيم لكنا قد افتقدناهم .,,,,,,,,,2,0,0.82421875,0.0017366409,0.17419434,1,0.82421875,0.4747943378669916,Favor,Against
2263,إدارة بايدن تدعم رفع الحماية الفكرية عن تطعيم كورونا لتشجيع إنتاجه عالميا  وين أصحاب نظرية المؤامرات عن السالفة كلها تجارة وشركات أدوية وامتصاص الأموال  🤔🤔🤔 ,Covid Vaccine,ادارة بايدن تدعم رفع الحماية الفكرية عن تطعيم كورونا لتشجيع انتاجه عالميا وين اصحاب نظرية المؤامرات عن السالفة كلها تجارة وشركات ادوية وامتصاص الاموال 🤔🤔,Covid Vaccine,Favor,2,Neutral,1,No,0,F_Implicit,,,Target: Covid Vaccine Text: ادارة بايدن تدعم رفع الحماية الفكرية عن تطعيم كورونا لتشجيع انتاجه عالميا وين اصحاب نظرية المؤامرات عن السالفة كلها تجارة وشركات ادوية وامتصاص الاموال 🤔🤔,,,,,,,,,2,0,0.5600586,0.005168915,0.43481445,1,0.5600586,0.7140176268364993,Favor,Against
2307,يثور العالم الآن ضد نظام العمل التقليدي الغير رقمي لأنه لم يتمكن من إسعاف الأعمال بسبب التعطل الناتج عن الجائحة   #لحظة_توقف ماذا لو كانت الجائحة تقنية وتعطلت الأعمال نظرًا لعدم العمل بالشكل التقليدي ؟! هل سيثور العالم ضد التحول الرقمي حينها؟  أنا مع التحول الرقمي بس اهدؤوا 😅,Digital Transformation,يثور العالم الان ضد نظام العمل التقليدي الغير رقمي لانه لم يتمكن من اسعاف الاعمال بسبب التعطل الناتج عن الجائحة #لحظة توقف ماذا لو كانت الجائحة تقنية وتعطلت الاعمال نظرًا لعدم العمل بالشكل التقليدي ؟! هل سيثور العالم ضد التحول الرقمي حينها؟ انا مع التحول الرقمي بس اهدؤوا 😅,Digital Transformation,Favor,2,Positive,2,No,0,F_Explicit,,,Target: Digital Transformation Text: يثور العالم الان ضد نظام العمل التقليدي الغير رقمي لانه لم يتمكن من اسعاف الاعمال بسبب التعطل الناتج عن الجائحة #لحظة توقف ماذا لو كانت الجائحة تقنية وتعطلت الاعمال نظرًا لعدم العمل بالشكل التقليدي ؟! هل سيثور العالم ضد التحول الرقمي حينها؟ انا مع التحول الرقمي بس اهدؤوا 😅,,,,,,,,,2,0,0.9042969,0.08404541,0.011695862,1,0.9042969,0.351129212464046,Favor,Against
2494,  لو كان الموضوع كله مؤامرة ماسونيه   لماذا يتم تطعيم الاسرائليين حتى الجرعة الرابعة؟ واذكر حضرتك أن من قالوا ان ١١ سبتمبر كان مؤامرة قالوا  تم إبلاغ اليهود بعدم الذهاب إلى برجيي التجارة العالمية ذلك اليوم. فيكون المنطقي منع اللقاح ,Covid Vaccine,لو كان الموضوع كله مؤامرة ماسونيه لماذا يتم تطعيم الاسرائليين حتي الجرعة الرابعة؟ واذكر حضرتك ان من قالوا ان ١١ سبتمبر كان مؤامرة قالوا تم ابلاغ اليهود بعدم الذهاب الي برجيي التجارة العالمية ذلك اليوم. فيكون المنطقي منع اللقاح,Covid Vaccine,Favor,2,Neutral,1,No,0,F_Implicit,,,Target: Covid Vaccine Text: لو كان الموضوع كله مؤامرة ماسونيه لماذا يتم تطعيم الاسرائليين حتي الجرعة الرابعة؟ واذكر حضرتك ان من قالوا ان ١١ سبتمبر كان مؤامرة قالوا تم ابلاغ اليهود بعدم الذهاب الي برجيي التجارة العالمية ذلك اليوم. فيكون المنطقي منع اللقاح,,,,,,,,,2,0,0.9946289,0.004108429,0.001244545,1,0.9946289,0.0362560375805716,Favor,Against
2609,"تعيين قاضية هنا، وربما وزيرة هناك أمر لا يخدم النساء في شيء بقدر ما تستفيد السلطة من الترويج المستمر لخطة ""تمكين المرأة"" أو بمعنى أصح "" التلميع الدولي لوضع وهمي عن حقوق النساء"" ، فالسلطة التي تمنح امرأة ما منصبا من باب التمكين، هي ذاتها التي تحرم النساء بالجملة من أبسط حقوقهن!",Women empowerment,"تعيين قاضية هنا، وربما وزيرة هناك امر لا يخدم النساء في شيء بقدر ما تستفيد السلطة من الترويج المستمر لخطة ""تمكين المراة"" او بمعني اصح "" التلميع الدولي لوضع وهمي عن حقوق النساء"" ، فالسلطة التي تمنح امراة ما منصبا من باب التمكين، هي ذاتها التي تحرم النساء بالجملة من ابسط حقوقهن!",Women empowerment,Favor,2,Negative,0,No,0,F_Implicit,,,"Target: Women empowerment Text: تعيين قاضية هنا، وربما وزيرة هناك امر لا يخدم النساء في شيء بقدر ما تستفيد السلطة من الترويج المستمر لخطة ""تمكين المراة"" او بمعني اصح "" التلميع الدولي لوضع وهمي عن حقوق النساء"" ، فالسلطة التي تمنح امراة ما منصبا من باب التمكين، هي ذاتها التي تحرم النساء بالجملة من ابسط حقوقهن!",,,,,,,,,2,0,0.9970703,0.00067710876,0.0022716522,1,0.9970703,0.021694836386755,Favor,Against
2711,قوة التكنولوجيا و استعمال الذكاء الاصطناعي اللي موجودة لسه محدود الانتشار.....التحول الالكتروني حالياً متعطل علي قدرة و شجاعة الناس في التغيير...التغيير في انك تتخلص من القديم وتستعمل الجديد...{ تتخلص من القديم بكل انواعة للاسف...} #digitaltransformation   #obstacles,Digital Transformation,قوة التكنولوجيا و استعمال الذكاء الاصطناعي اللي موجودة لسه محدود الانتشار..التحول الالكتروني حالياً متعطل علي قدرة و شجاعة الناس في التغيير..التغيير في انك تتخلص من القديم وتستعمل الجديد..{ تتخلص من القديم بكل انواعة للاسف..} #digitaltransformation #obstacles,Digital Transformation,Favor,2,Neutral,1,No,0,F_Explicit,,,Target: Digital Transformation Text: قوة التكنولوجيا و استعمال الذكاء الاصطناعي اللي موجودة لسه محدود الانتشار..التحول الالكتروني حالياً متعطل علي قدرة و شجاعة الناس في التغيير..التغيير في انك تتخلص من القديم وتستعمل الجديد..{ تتخلص من القديم بكل انواعة للاسف..} #digitaltransformation #obstacles,,,,,,,,,2,0,0.6772461,0.015022278,0.3076172,1,0.6772461,0.6896532179827867,Favor,Against
2807,MENTION MENTION الصغار نفسهم عندهم كرت تطعيم من هو رضيع والان نرفض لقاح كورونا ؟,Covid Vaccine,مستخدم مستخدم الصغار نفسهم عندهم كرت تطعيم من هو رضيع والان نرفض لقاح كورونا ؟,Covid Vaccine,Favor,2,Neutral,1,Yes,1,F_Implicit,,,Target: Covid Vaccine Text: مستخدم مستخدم الصغار نفسهم عندهم كرت تطعيم من هو رضيع والان نرفض لقاح كورونا ؟,,,,,,,,,2,0,0.99609375,0.00027918816,0.0033893585,1,0.99609375,0.0254590519805927,Favor,Against
3041,  اعراض جانبيه طبيعيه عزيزه . ما لاحظتي اعراض لقاح الدرن على الاطفال كلنا علامه تطعيم الدرن باقيه حتى اليوم,Covid Vaccine,اعراض جانبيه طبيعيه عزيزه . ما لاحظتي اعراض لقاح الدرن علي الاطفال كلنا علامه تطعيم الدرن باقيه حتي اليوم,Covid Vaccine,Favor,2,Neutral,1,No,0,F_Implicit,,,Target: Covid Vaccine Text: اعراض جانبيه طبيعيه عزيزه . ما لاحظتي اعراض لقاح الدرن علي الاطفال كلنا علامه تطعيم الدرن باقيه حتي اليوم,,,,,,,,,2,0,0.984375,0.00086832047,0.014518738,1,0.984375,0.0830709115570176,Favor,Against
3219, يارجال مسويين حملات ضد تطعيم كورونا وانه وهم ماعاد وقفت على ذي,Covid Vaccine,يارجال مسويين حملات ضد تطعيم كورونا وانه وهم ماعاد وقفت علي ذي,Covid Vaccine,Favor,2,Neutral,1,No,0,F_Implicit,,,Target: Covid Vaccine Text: يارجال مسويين حملات ضد تطعيم كورونا وانه وهم ماعاد وقفت علي ذي,,,,,,,,,2,0,0.97216797,0.001947403,0.0259552,1,0.97216797,0.1343677046134091,Favor,Against
3455,MENTION MENTION بس الحقيقة ان اسرائيل الان خالية تماماً من وباء كورونا وتم تطعيم ٧ مليون مواطن هناك ... فقط للمعلومية,Covid Vaccine,مستخدم مستخدم بس الحقيقة ان اسرائيل الان خالية تماماً من وباء كورونا وتم تطعيم ٧ مليون مواطن هناك .. فقط للمعلومية,Covid Vaccine,Favor,2,Neutral,1,No,0,F_Implicit,,,Target: Covid Vaccine Text: مستخدم مستخدم بس الحقيقة ان اسرائيل الان خالية تماماً من وباء كورونا وتم تطعيم ٧ مليون مواطن هناك .. فقط للمعلومية,,,,,,,,,2,0,0.87646484,0.021713257,0.10168457,1,0.87646484,0.431166333038941,Favor,Against
3598, ودي اتعاطف معه الرخمه بس من قريت أنا مع تمكين المرأه غسلت يدي الضاطور لعبت في حسبته,Women empowerment,ودي اتعاطف معه الرخمه بس من قريت انا مع تمكين المراه غسلت يدي الضاطور لعبت في حسبته,Women empowerment,Favor,2,Negative,0,Yes,1,F_Explicit,,,Target: Women empowerment Text: ودي اتعاطف معه الرخمه بس من قريت انا مع تمكين المراه غسلت يدي الضاطور لعبت في حسبته,,,,,,,,,2,0,0.88720703,0.0012931824,0.11126709,1,0.88720703,0.3591014028848519,Favor,Against
3609, تمكين المرأة في المناصب القيادية مخالف لتوجيهات نبينا الكريم الصحابيات على كريم قدرهم وعلمهم لم تتولى إحداهن منصبا قياديا أبدا.. فاتمنى منك يا دكتور أن ترضي الله وتترك الناس,Women empowerment,تمكين المراة في المناصب القيادية مخالف لتوجيهات نبينا الكريم الصحابيات علي كريم قدرهم وعلمهم لم تتولي احداهن منصبا قياديا ابدا.. فاتمني منك يا دكتور ان ترضي الله وتترك الناس,Women empowerment,Favor,2,Negative,0,No,0,F_Explicit,,,Target: Women empowerment Text: تمكين المراة في المناصب القيادية مخالف لتوجيهات نبينا الكريم الصحابيات علي كريم قدرهم وعلمهم لم تتولي احداهن منصبا قياديا ابدا.. فاتمني منك يا دكتور ان ترضي الله وتترك الناس,,,,,,,,,2,0,0.99853516,0.00059366226,0.0006494522,1,0.99853516,0.0106407795930936,Favor,Against
4050, للأسف الشائعات أضرت بكثير من المواطنين بالوقت الحالي .. لتأثرهم بالرسائل التي تتطرق الى تطعيم كورونا وأنه مضر .. بينما قد يتسبب في وفاة شخص مسن أو لديه مشكلة صحية لعدم أخذه التطعيم .. متأثراً بالشائعات التي ليس لها مصدر حقيقي !!,Covid Vaccine,للاسف الشائعات اضرت بكثير من المواطنين بالوقت الحالي .. لتاثرهم بالرسائل التي تتطرق الي تطعيم كورونا وانه مضر .. بينما قد يتسبب في وفاة شخص مسن او لديه مشكلة صحية لعدم اخذه التطعيم .. متاثراً بالشائعات التي ليس لها مصدر حقيقي !!,Covid Vaccine,Favor,2,Neutral,1,No,0,F_Explicit,,,Target: Covid Vaccine Text: للاسف الشائعات اضرت بكثير من المواطنين بالوقت الحالي .. لتاثرهم بالرسائل التي تتطرق الي تطعيم كورونا وانه مضر .. بينما قد يتسبب في وفاة شخص مسن او لديه مشكلة صحية لعدم اخذه التطعيم .. متاثراً بالشائعات التي ليس لها مصدر حقيقي !!,,,,,,,,,2,0,0.7324219,0.0009031296,0.26660156,1,0.7324219,0.5868530136083779,Favor,Against
4059, يقولك 16 سنه ياخذ تطعيم الانفلونزا تطمنوا اجل لقاح كورونا فعال دام 16 سنه ياخذ تطعيم الانفلونزا,Covid Vaccine,يقولك 16 سنه ياخذ تطعيم الانفلونزا تطمنوا اجل لقاح كورونا فعال دام 16 سنه ياخذ تطعيم الانفلونزا,Covid Vaccine,Favor,2,Positive,2,No,0,F_Explicit,,,Target: Covid Vaccine Text: يقولك 16 سنه ياخذ تطعيم الانفلونزا تطمنوا اجل لقاح كورونا فعال دام 16 سنه ياخذ تطعيم الانفلونزا,,,,,,,,,2,0,0.9941406,0.0010919571,0.004524231,1,0.9941406,0.0377123021724806,Favor,Against
4082, دكتور طعمنا مليون تطعيم بس يوم ييه حق كورونا الكل صار فني وناقد سياسي ومحقق الكورارث الطبيعيه 😂طعمو فكونا,Covid Vaccine,دكتور طعمنا مليون تطعيم بس يوم ييه حق كورونا الكل صار فني وناقد سياسي ومحقق الكورارث الطبيعيه 😂طعمو فكونا,Covid Vaccine,Favor,2,Neutral,1,Yes,1,F_Implicit,,,Target: Covid Vaccine Text: دكتور طعمنا مليون تطعيم بس يوم ييه حق كورونا الكل صار فني وناقد سياسي ومحقق الكورارث الطبيعيه 😂طعمو فكونا,,,,,,,,,2,0,0.68652344,0.00737381,0.3059082,1,0.68652344,0.6567549408369664,Favor,Against
4107,في 2009 ما عانينا مع النقل المباشر زي كذا..! المملكة تشهد عصر التحول التقني في جميع الأصعدة.. ماعدا الرياضة ونقلها المباشر والذي فشل فشلاً ذريعاً ورجعنا لعصور قديمة..!        #الرياضة_على_شاهد_وGOBX   URL,Digital Transformation,في 2009 ما عانينا مع النقل المباشر زي كذا..! المملكة تشهد عصر التحول التقني في جميع الاصعدة.. ماعدا الرياضة ونقلها المباشر والذي فشل فشلاً ذريعاً ورجعنا لعصور قديمة..! #الرياضة علي شاهد وGOBX,Digital Transformation,Favor,2,Positive,2,No,0,F_Explicit,,,Target: Digital Transformation Text: في 2009 ما عانينا مع النقل المباشر زي كذا..! المملكة تشهد عصر التحول التقني في جميع الاصعدة.. ماعدا الرياضة ونقلها المباشر والذي فشل فشلاً ذريعاً ورجعنا لعصور قديمة..! #الرياضة علي شاهد وGOBX,,,,,,,,,2,0,0.96191406,0.0015096664,0.03652954,1,0.96191406,0.168057283833846,Favor,Against
54,يا قلبي على تمكين المرأة.. بكى والله 💔💔💔 URL,Women empowerment,يا قلبي علي تمكين المراة.. بكي والله 💔💔,Women empowerment,Favor,2,Positive,2,No,0,F_Explicit,,,Target: Women empowerment Text: يا قلبي علي تمكين المراة.. بكي والله 💔💔,,,,,,,,,2,0,0.9951172,0.00054597855,0.0041542053,2,0.9951172,0.0317529007576297,Favor,Against
197,ياليت مع تمكين المراه يحطون الدوره عذر مقبول خصوصا اول يوم بس  ياخي ارحم من ربي مافي اذا الصلاه اسقطت عننا وقت الدوره يتسلطون علي عبيد الله ليش,Women empowerment,ياليت مع تمكين المراه يحطون الدوره عذر مقبول خصوصا اول يوم بس ياخي ارحم من ربي مافي اذا الصلاه اسقطت عننا وقت الدوره يتسلطون علي عبيد الله ليش,Women empowerment,Favor,2,Negative,0,No,0,F_Explicit,,,Target: Women empowerment Text: ياليت مع تمكين المراه يحطون الدوره عذر مقبول خصوصا اول يوم بس ياخي ارحم من ربي مافي اذا الصلاه اسقطت عننا وقت الدوره يتسلطون علي عبيد الله ليش,,,,,,,,,2,0,0.99609375,0.00041031837,0.0034980774,2,0.99609375,0.0268820329991014,Favor,Against
390, الاستقلالية الماليه +التشريعات الجديدة بخصوص تمكين المرأة وإعطائها حقوقها بحد زعمهم+طبعا عقول المجتمعات السخيفه بتأثرهم بما يعيشونه المشاهير  الناس يعيشون عيشه ماهي عيشتهم  اللي على قده اصبح ياكل من مطعم بلحاله وفاتورته ٧٠ ريال لانه تأثر بالمشهو,Women empowerment,الاستقلالية الماليه +التشريعات الجديدة بخصوص تمكين المراة واعطائها حقوقها بحد زعمهم+طبعا عقول المجتمعات السخيفه بتاثرهم بما يعيشونه المشاهير الناس يعيشون عيشه ماهي عيشتهم اللي علي قده اصبح ياكل من مطعم بلحاله وفاتورته ٧٠ ريال لانه تاثر بالمشهو,Women empowerment,Favor,2,Negative,0,No,0,F_Explicit,,,Target: Women empowerment Text: الاستقلالية الماليه +التشريعات الجديدة بخصوص تمكين المراة واعطائها حقوقها بحد زعمهم+طبعا عقول المجتمعات السخيفه بتاثرهم بما يعيشونه المشاهير الناس يعيشون عيشه ماهي عيشتهم اللي علي قده اصبح ياكل من مطعم بلحاله وفاتورته ٧٠ ريال لانه تاثر بالمشهو,,,,,,,,,2,0,0.95410156,0.008270264,0.03781128,2,0.95410156,0.2083227922936545,Favor,Against
638,  هههه لقد نادينا بضرورة التحول الرقمي ولكن يبدؤ أن هذا الأمر اخر اهتمامنا فالدولة السودانية شلتها النمطية ارحمونا يا قادتنا من فضلكم العالم أصبح رقمي إذا لم يحدث هذا التحول خلال هذا العام فإننا سنجني على الاجيال القادمة بهذا التخ,Digital Transformation,هه لقد نادينا بضرورة التحول الرقمي ولكن يبدؤ ان هذا الامر اخر اهتمامنا فالدولة السودانية شلتها النمطية ارحمونا يا قادتنا من فضلكم العالم اصبح رقمي اذا لم يحدث هذا التحول خلال هذا العام فاننا سنجني علي الاجيال القادمة بهذا التخ,Digital Transformation,Favor,2,Negative,0,No,0,F_Implicit,,,Target: Digital Transformation Text: هه لقد نادينا بضرورة التحول الرقمي ولكن يبدؤ ان هذا الامر اخر اهتمامنا فالدولة السودانية شلتها النمطية ارحمونا يا قادتنا من فضلكم العالم اصبح رقمي اذا لم يحدث هذا التحول خلال هذا العام فاننا سنجني علي الاجيال القادمة بهذا التخ,,,,,,,,,2,0,0.98779297,0.0017910004,0.010353088,2,0.98779297,0.0707787452894259,Favor,Against
646, بركات تمكين المرأة اترحمنا 😂,Women empowerment,بركات تمكين المراة اترحمنا 😂,Women empowerment,Favor,2,Negative,0,Yes,1,F_Explicit,,,Target: Women empowerment Text: بركات تمكين المراة اترحمنا 😂,,,,,,,,,2,0,0.99902344,0.0006070137,0.00036740303,2,0.99902344,0.0083780180675487,Favor,Against
979, زمن تمكين المرأه صارو فولاذ لم يعودو قوارير الله يخلف على الرجال,Women empowerment,زمن تمكين المراه صارو فولاذ لم يعودو قوارير الله يخلف علي الرجال,Women empowerment,Favor,2,Negative,0,Yes,1,F_Explicit,,,Target: Women empowerment Text: زمن تمكين المراه صارو فولاذ لم يعودو قوارير الله يخلف علي الرجال,,,,,,,,,2,0,0.97265625,0.0070610046,0.02015686,2,0.97265625,0.1406374230446178,Favor,Against
1176,المواد 136 137و 138 من قانون المالية جاءت لتقضي على أي أمل في التحول التقني في الجزائر.  فأنا شخصيا كمطور برمجيات أنظمة مدمجة سأضطر إلى دفع أضعاف التكاليف لأجل اقتناء شرائح التطويروالمكونات الإلكترونية. #خليني_نشري,Digital Transformation,المواد 136 137و 138 من قانون المالية جاءت لتقضي علي اي امل في التحول التقني في الجزائر. فانا شخصيا كمطور برمجيات انظمة مدمجة ساضطر الي دفع اضعاف التكاليف لاجل اقتناء شرائح التطويروالمكونات الالكترونية. #خليني نشري,Digital Transformation,Favor,2,Positive,2,No,0,F_Explicit,,,Target: Digital Transformation Text: المواد 136 137و 138 من قانون المالية جاءت لتقضي علي اي امل في التحول التقني في الجزائر. فانا شخصيا كمطور برمجيات انظمة مدمجة ساضطر الي دفع اضعاف التكاليف لاجل اقتناء شرائح التطويروالمكونات الالكترونية. #خليني نشري,,,,,,,,,2,0,0.99658203,0.0005555153,0.002840042,2,0.99658203,0.0242298763265546,Favor,Against
1312,. . في كلوب هاوس .. كثير من الغرف التي تطرح موضوع تطعيم كورونا وأن التلقيح مؤامرة عالمية لتغيير  الجينات على أساس إن جينات من يروجون لهذا الأمر ..  متفوقه على جينات ( إينشتاين )  . . أعقل يازعبله 🙄,Covid Vaccine,. . في كلوب هاوس .. كثير من الغرف التي تطرح موضوع تطعيم كورونا وان التلقيح مؤامرة عالمية لتغيير الجينات علي اساس ان جينات من يروجون لهذا الامر .. متفوقه علي جينات ( اينشتاين ) . . اعقل يازعبله 🙄,Covid Vaccine,Favor,2,Neutral,1,Yes,1,,,,Target: Covid Vaccine Text: . . في كلوب هاوس .. كثير من الغرف التي تطرح موضوع تطعيم كورونا وان التلقيح مؤامرة عالمية لتغيير الجينات علي اساس ان جينات من يروجون لهذا الامر .. متفوقه علي جينات ( اينشتاين ) . . اعقل يازعبله 🙄,,,,,,,,,2,0,0.79345703,0.00356102,0.203125,2,0.79345703,0.5274147396417627,Favor,Against
1382,صيدلي فى أمريكا حقن طفلة عمرها 4 أعوام عن طريق الخطأ بلقاح كورونا بدلا من تطعيم الإنفلونزا  ولم تعان الطفلة كوليت من أي آثار جانبية كبيرة حتى الآن.,Covid Vaccine,صيدلي في امريكا حقن طفلة عمرها 4 اعوام عن طريق الخطا بلقاح كورونا بدلا من تطعيم الانفلونزا ولم تعان الطفلة كوليت من اي اثار جانبية كبيرة حتي الان.,Covid Vaccine,Favor,2,Neutral,1,No,0,F_Implicit,,,Target: Covid Vaccine Text: صيدلي في امريكا حقن طفلة عمرها 4 اعوام عن طريق الخطا بلقاح كورونا بدلا من تطعيم الانفلونزا ولم تعان الطفلة كوليت من اي اثار جانبية كبيرة حتي الان.,,,,,,,,,2,0,0.98828125,0.011260986,0.00021409988,2,0.98828125,0.0639801725850809,Favor,Against
1617,  48 ساعه انتظار والجوال مغلق وبكرة عيد وتطلب منا ننتظر إلى متى.  التحول والتطور الرقمي في السعودية يسعدنا ونشعر بالفخر ولكن الفريق التقني وخدمة العملاء لديكم تشعرنا بالأسى,Digital Transformation,48 ساعه انتظار والجوال مغلق وبكرة عيد وتطلب منا ننتظر الي متي. التحول والتطور الرقمي في السعودية يسعدنا ونشعر بالفخر ولكن الفريق التقني وخدمة العملاء لديكم تشعرنا بالاسي,Digital Transformation,Favor,2,Positive,2,No,0,F_Explicit,,,Target: Digital Transformation Text: 48 ساعه انتظار والجوال مغلق وبكرة عيد وتطلب منا ننتظر الي متي. التحول والتطور الرقمي في السعودية يسعدنا ونشعر بالفخر ولكن الفريق التقني وخدمة العملاء لديكم تشعرنا بالاسي,,,,,,,,,2,0,0.6455078,0.0037403107,0.35058594,2,0.6455078,0.6709198699891079,Favor,Against
1665,لا فرق بين الرجل الذي يمارس سلطته الأبوية أو الزوجية على المرأة مكرهاً لها على غير مصلحتها أو رضاها، وبين دعاة #تمكين_المرأة من الرجال والنساء الذين يستغلون هذه التصرفات. الطرفان يعملان على هدم الأسرة. والطرفان سبب رئيسي للتحرش الذي يصدر من الطرفين، والعنف ضد المرأة والرجل معاً.,Women empowerment,لا فرق بين الرجل الذي يمارس سلطته الابوية او الزوجية علي المراة مكرهاً لها علي غير مصلحتها او رضاها، وبين دعاة #تمكين المراة من الرجال والنساء الذين يستغلون هذه التصرفات. الطرفان يعملان علي هدم الاسرة. والطرفان سبب رئيسي للتحرش الذي يصدر من الطرفين، والعنف ضد المراة والرجل معاً.,Women empowerment,Favor,2,Negative,0,No,0,F_Explicit,,,Target: Women empowerment Text: لا فرق بين الرجل الذي يمارس سلطته الابوية او الزوجية علي المراة مكرهاً لها علي غير مصلحتها او رضاها، وبين دعاة #تمكين المراة من الرجال والنساء الذين يستغلون هذه التصرفات. الطرفان يعملان علي هدم الاسرة. والطرفان سبب رئيسي للتحرش الذي يصدر من الطرفين، والعنف ضد المراة والرجل معاً.,,,,,,,,,2,0,0.98876953,0.0011539459,0.009849548,2,0.98876953,0.0644812756491135,Favor,Against
1741, قرارات هذه الوزارة عجيبة جدا  الآن التوجه الى التحول الرقمي  وبالأمس القريب تم إنهاء تكليف أمناء مصادر التعلم ممن كان لهم بصمة واضحة لقيادة الإنجاز التقني  فهل ستبدأ وزارتنا من الصفر ؟😂,Digital Transformation,قرارات هذه الوزارة عجيبة جدا الان التوجه الي التحول الرقمي وبالامس القريب تم انهاء تكليف امناء مصادر التعلم ممن كان لهم بصمة واضحة لقيادة الانجاز التقني فهل ستبدا وزارتنا من الصفر ؟😂,Digital Transformation,Favor,2,Positive,2,No,0,F_Explicit,,,Target: Digital Transformation Text: قرارات هذه الوزارة عجيبة جدا الان التوجه الي التحول الرقمي وبالامس القريب تم انهاء تكليف امناء مصادر التعلم ممن كان لهم بصمة واضحة لقيادة الانجاز التقني فهل ستبدا وزارتنا من الصفر ؟😂,,,,,,,,,2,0,0.9941406,0.0024166107,0.0033493042,2,0.9941406,0.0394909137702182,Favor,Against
1755, واضح أنه فقط تجميع للخدمات الموجودة حاليا اونلاين ولكن في تطبيق واحد  هذا لا يسمى تحول رقمي! لا يوجد شي اسمه حجز و انتظار مواعيد للحضور وانجاز معاملتك ورقيا   هذا تعطيل و استخفاف بالعقول! التحول الرقمي يحتاج الى تغيير بالواقع !,Digital Transformation,واضح انه فقط تجميع للخدمات الموجودة حاليا اونلاين ولكن في تطبيق واحد هذا لا يسمي تحول رقمي! لا يوجد شي اسمه حجز و انتظار مواعيد للحضور وانجاز معاملتك ورقيا هذا تعطيل و استخفاف بالعقول! التحول الرقمي يحتاج الي تغيير بالواقع !,Digital Transformation,Favor,2,Neutral,1,No,0,F_Explicit,,,Target: Digital Transformation Text: واضح انه فقط تجميع للخدمات الموجودة حاليا اونلاين ولكن في تطبيق واحد هذا لا يسمي تحول رقمي! لا يوجد شي اسمه حجز و انتظار مواعيد للحضور وانجاز معاملتك ورقيا هذا تعطيل و استخفاف بالعقول! التحول الرقمي يحتاج الي تغيير بالواقع !,,,,,,,,,2,0,0.9628906,0.0003733635,0.03665161,2,0.9628906,0.1605402517527788,Favor,Against
1799, الانسان السليم لا يحتاج للدواء لانه غير مريض ولكنه بحاجه للتطعيم ضد الاوبئة للوقايه ولتحصين نفسه حتى لايكون فريسه للوباء اويعاني من مضاعفاته. الاطفال أصحاء ومع ذلك يأخذون كثير من التطعيمات التي انهت امراض قاتله. مأمونيه اللقاحات مثبته ولم يشذ ت,Covid Vaccine,الانسان السليم لا يحتاج للدواء لانه غير مريض ولكنه بحاجه للتطعيم ضد الاوبئة للوقايه ولتحصين نفسه حتي لايكون فريسه للوباء اويعاني من مضاعفاته. الاطفال اصحاء ومع ذلك ياخذون كثير من التطعيمات التي انهت امراض قاتله. مامونيه اللقاحات مثبته ولم يشذ ت,Covid Vaccine,Favor,2,Positive,2,No,0,F_Explicit,,,Target: Covid Vaccine Text: الانسان السليم لا يحتاج للدواء لانه غير مريض ولكنه بحاجه للتطعيم ضد الاوبئة للوقايه ولتحصين نفسه حتي لايكون فريسه للوباء اويعاني من مضاعفاته. الاطفال اصحاء ومع ذلك ياخذون كثير من التطعيمات التي انهت امراض قاتله. مامونيه اللقاحات مثبته ولم يشذ ت,,,,,,,,,2,0,0.99560547,0.0010557175,0.0032958984,2,0.99560547,0.0304565678076412,Favor,Against
2206,خطوات في اتجاه التمهيد للتمكين من المرأة وليس تمكين المرأة ! URL,Women empowerment,خطوات في اتجاه التمهيد للتمكين من المراة وليس تمكين المراة !,Women empowerment,Favor,2,Negative,0,No,0,F_Explicit,,,Target: Women empowerment Text: خطوات في اتجاه التمهيد للتمكين من المراة وليس تمكين المراة !,,,,,,,,,2,0,0.99853516,0.000105023384,0.0012073517,2,0.99853516,0.010538509877325,Favor,Against
2294,MENTION MENTION الجلطة لانهم مو ماخذين تطعيم لأن مضاعفات كورونا تضعف عضلة القلب! ما في دليل يربط اللقاح بالجلطات واحياناً الجلطات من غير أي شي او يكون الشخص مريض جداً ,Covid Vaccine,مستخدم مستخدم الجلطة لانهم مو ماخذين تطعيم لان مضاعفات كورونا تضعف عضلة القلب! ما في دليل يربط اللقاح بالجلطات واحياناً الجلطات من غير اي شي او يكون الشخص مريض جداً,Covid Vaccine,Favor,2,Positive,2,No,0,F_Implicit,,,Target: Covid Vaccine Text: مستخدم مستخدم الجلطة لانهم مو ماخذين تطعيم لان مضاعفات كورونا تضعف عضلة القلب! ما في دليل يربط اللقاح بالجلطات واحياناً الجلطات من غير اي شي او يكون الشخص مريض جداً,,,,,,,,,2,0,0.9711914,0.0024032593,0.02633667,2,0.9711914,0.1386644936858727,Favor,Against
2417,#لا_للتطعيم_الاجباري١٨  صح لسانكم شوفو كيف تحمون نفسكم من كورونا بدون تطعيم 🔥🔥🔥 URL,Covid Vaccine,#لا للتطعيم الاجباري١٨ صح لسانكم شوفو كيف تحمون نفسكم من كورونا بدون تطعيم 🔥🔥,Covid Vaccine,Favor,2,Negative,0,No,0,F_Implicit,,,Target: Covid Vaccine Text: #لا للتطعيم الاجباري١٨ صح لسانكم شوفو كيف تحمون نفسكم من كورونا بدون تطعيم 🔥🔥,,,,,,,,,2,0,0.9980469,0.0002053976,0.001909256,2,0.9980469,0.0156490640263138,Favor,Against
2910,   ويش فائدة التعداد السكاني الإلكتروني؟ ليش ما يتم الاستعانه به؟  َوين بيانات وزارة الإسكان؟  وين التحول الرقمي؟,Digital Transformation,ويش فائدة التعداد السكاني الالكتروني؟ ليش ما يتم الاستعانه به؟ َوين بيانات وزارة الاسكان؟ وين التحول الرقمي؟,Digital Transformation,Favor,2,Negative,0,No,0,F_Explicit,,,Target: Digital Transformation Text: ويش فائدة التعداد السكاني الالكتروني؟ ليش ما يتم الاستعانه به؟ َوين بيانات وزارة الاسكان؟ وين التحول الرقمي؟,,,,,,,,,2,0,0.92578125,0.0069465637,0.06713867,2,0.92578125,0.2872559770553177,Favor,Against
3087, التركيز فقط على لقاح اكسفورد لانه يباع بسعر التكلفه والكل يحاربه، الملايين خذوا تطعيم استرازينيكا اكسفورد وانا واحد منهم، الي توفوا هذول كان يومهم والاسباب تلقى عندهم مشاكل صحية قبل اللقاح، الالاف يموتون يوميا بالعالم بالجلطات بدون اي تطعيم.,Covid Vaccine,التركيز فقط علي لقاح اكسفورد لانه يباع بسعر التكلفه والكل يحاربه، الملايين خذوا تطعيم استرازينيكا اكسفورد وانا واحد منهم، الي توفوا هذول كان يومهم والاسباب تلقي عندهم مشاكل صحية قبل اللقاح، الالاف يموتون يوميا بالعالم بالجلطات بدون اي تطعيم.,Covid Vaccine,Favor,2,Neutral,1,No,0,F_Explicit,,,Target: Covid Vaccine Text: التركيز فقط علي لقاح اكسفورد لانه يباع بسعر التكلفه والكل يحاربه، الملايين خذوا تطعيم استرازينيكا اكسفورد وانا واحد منهم، الي توفوا هذول كان يومهم والاسباب تلقي عندهم مشاكل صحية قبل اللقاح، الالاف يموتون يوميا بالعالم بالجلطات بدون اي تطعيم.,,,,,,,,,2,0,0.7192383,0.0002708435,0.28051758,2,0.7192383,0.5958298965623468,Favor,Against
3166,البعض فاهم تمكين المراه باستخدامها  للاستعراض   تخيلوا الجهل وصل لي وين😵‍💫  وعاد المرأة الغبيه هي الي ترضى يستخدمونها مزهريه لهم,Women empowerment,البعض فاهم تمكين المراه باستخدامها للاستعراض تخيلوا الجهل وصل لي وين😵‍💫 وعاد المراة الغبيه هي الي ترضي يستخدمونها مزهريه لهم,Women empowerment,Favor,2,Negative,0,No,0,F_Explicit,,,Target: Women empowerment Text: البعض فاهم تمكين المراه باستخدامها للاستعراض تخيلوا الجهل وصل لي وين😵‍💫 وعاد المراة الغبيه هي الي ترضي يستخدمونها مزهريه لهم,,,,,,,,,2,0,0.92089844,0.00031256676,0.07861328,2,0.92089844,0.2783401896075947,Favor,Against
3207,اعتقد وبلا مجاملة ان الحكومة استعجلت في الاعلان عن تطبيق سهل كونه غير جاهز وفيه الكثير من الاخطاء الفنية هذا بالاضافة الى عدم جاهزية العديد من الوزارات والهيئات لمواكبة وتحقيق الرؤية الحكومية في التحول الالكتروني لتسهيل الاجراءات #نصيحة  حاسبوا المقصرين #تطبيق_سهل,Digital Transformation,اعتقد وبلا مجاملة ان الحكومة استعجلت في الاعلان عن تطبيق سهل كونه غير جاهز وفيه الكثير من الاخطاء الفنية هذا بالاضافة الي عدم جاهزية العديد من الوزارات والهيئات لمواكبة وتحقيق الرؤية الحكومية في التحول الالكتروني لتسهيل الاجراءات #نصيحة حاسبوا المقصرين #تطبيق سهل,Digital Transformation,Favor,2,Positive,2,No,0,F_Explicit,,,Target: Digital Transformation Text: اعتقد وبلا مجاملة ان الحكومة استعجلت في الاعلان عن تطبيق سهل كونه غير جاهز وفيه الكثير من الاخطاء الفنية هذا بالاضافة الي عدم جاهزية العديد من الوزارات والهيئات لمواكبة وتحقيق الرؤية الحكومية في التحول الالكتروني لتسهيل الاجراءات #نصيحة حاسبوا المقصرين #تطبيق سهل,,,,,,,,,2,0,0.98828125,0.002960205,0.008956909,2,0.98828125,0.071120382166877,Favor,Against
3243,ختامًا .. يجب أن نعي أن توفير اللقاح ليس الحل الوحيد لعبور جائحة كورونا بسلام، بل الإجراءات الاحترازية عاملًا مهمًا كذلك. فهناك دول لديها نسبة تطعيم عالية، ولجأت للإغلاق وفرض قرارات تشددية. كما أننا نسمع يوميًا بوجود عيوب في بعض اللقاحات، ولكن ما زالت إيجابياتها أكثر من سلبياتها.,Covid Vaccine,ختامًا .. يجب ان نعي ان توفير اللقاح ليس الحل الوحيد لعبور جائحة كورونا بسلام، بل الاجراءات الاحترازية عاملًا مهمًا كذلك. فهناك دول لديها نسبة تطعيم عالية، ولجات للاغلاق وفرض قرارات تشددية. كما اننا نسمع يوميًا بوجود عيوب في بعض اللقاحات، ولكن ما زالت ايجابياتها اكثر من سلبياتها.,Covid Vaccine,Favor,2,Neutral,1,No,0,,,,Target: Covid Vaccine Text: ختامًا .. يجب ان نعي ان توفير اللقاح ليس الحل الوحيد لعبور جائحة كورونا بسلام، بل الاجراءات الاحترازية عاملًا مهمًا كذلك. فهناك دول لديها نسبة تطعيم عالية، ولجات للاغلاق وفرض قرارات تشددية. كما اننا نسمع يوميًا بوجود عيوب في بعض اللقاحات، ولكن ما زالت ايجابياتها اكثر من سلبياتها.,,,,,,,,,2,0,0.9423828,0.009025574,0.04876709,2,0.9423828,0.2457248600323887,Favor,Against
3365, ماهو قلنا اول ما شغلوا تطبيق سهل .. الواقع مؤلم   عالجوا الواقع قبل التحول الالكتروني  لا ويقولك صباح الخالد لن أقبل الرجوع للمعاملات الورقية!!,Digital Transformation,ماهو قلنا اول ما شغلوا تطبيق سهل .. الواقع مؤلم عالجوا الواقع قبل التحول الالكتروني لا ويقولك صباح الخالد لن اقبل الرجوع للمعاملات الورقية!!,Digital Transformation,Favor,2,Positive,2,No,0,F_Explicit,,,Target: Digital Transformation Text: ماهو قلنا اول ما شغلوا تطبيق سهل .. الواقع مؤلم عالجوا الواقع قبل التحول الالكتروني لا ويقولك صباح الخالد لن اقبل الرجوع للمعاملات الورقية!!,,,,,,,,,2,0,0.99853516,0.0007405281,0.0005545616,2,0.99853516,0.0109593347796528,Favor,Against
3423,MENTION تره فعلا مرينا بهالتجربه حاشتنا كورونا والمطعمين ما حسينا بشي بس اللي ما تطعموا حالتهم صارت جداا سيئه واضطروا يدخلون المستشفي وصارت حالتين وفاة عندنا والسبب رفضهم لاخذ تطعيم,Covid Vaccine,مستخدم تره فعلا مرينا بهالتجربه حاشتنا كورونا والمطعمين ما حسينا بشي بس اللي ما تطعموا حالتهم صارت جداا سيئه واضطروا يدخلون المستشفي وصارت حالتين وفاة عندنا والسبب رفضهم لاخذ تطعيم,Covid Vaccine,Favor,2,Neutral,1,No,0,F_Explicit,,,Target: Covid Vaccine Text: مستخدم تره فعلا مرينا بهالتجربه حاشتنا كورونا والمطعمين ما حسينا بشي بس اللي ما تطعموا حالتهم صارت جداا سيئه واضطروا يدخلون المستشفي وصارت حالتين وفاة عندنا والسبب رفضهم لاخذ تطعيم,,,,,,,,,2,0,0.99853516,0.0005674362,0.00079107285,2,0.99853516,0.0113549392647016,Favor,Against
3472,MENTION انا ارفض اي معلم يدرس عيالي من غير تطعيم اذا مطعم وحاشه كورونا بقول هذا قضاء وقدر اما مو مطعم وينقله لعيالنا اهني لا اهو معرض اكثر من الي مطعم للعدوى,Covid Vaccine,مستخدم انا ارفض اي معلم يدرس عيالي من غير تطعيم اذا مطعم وحاشه كورونا بقول هذا قضاء وقدر اما مو مطعم وينقله لعيالنا اهني لا اهو معرض اكثر من الي مطعم للعدوي,Covid Vaccine,Favor,2,Neutral,1,No,0,F_Explicit,,,Target: Covid Vaccine Text: مستخدم انا ارفض اي معلم يدرس عيالي من غير تطعيم اذا مطعم وحاشه كورونا بقول هذا قضاء وقدر اما مو مطعم وينقله لعيالنا اهني لا اهو معرض اكثر من الي مطعم للعدوي,,,,,,,,,2,0,0.9814453,0.0024471283,0.01625061,2,0.9814453,0.100042094486614,Favor,Against
3520,MENTION MENTION MENTION MENTION طبعا تلاقيهم عادي مطعمين عيالهم عشر تطعيمات حتى يدخلون المدارس بل وأحيانا ثلاث تطعيمات في وقت واحد وهم ماكملوا ثلاث سنين وعادي الوضع طبيعي لكن تطعيم كورونا لااااااااا وألف لا,Covid Vaccine,مستخدم مستخدم مستخدم مستخدم طبعا تلاقيهم عادي مطعمين عيالهم عشر تطعيمات حتي يدخلون المدارس بل واحيانا ثلاث تطعيمات في وقت واحد وهم ماكملوا ثلاث سنين وعادي الوضع طبيعي لكن تطعيم كورونا لاا والف لا,Covid Vaccine,Favor,2,Neutral,1,Yes,1,F_Implicit,,,Target: Covid Vaccine Text: مستخدم مستخدم مستخدم مستخدم طبعا تلاقيهم عادي مطعمين عيالهم عشر تطعيمات حتي يدخلون المدارس بل واحيانا ثلاث تطعيمات في وقت واحد وهم ماكملوا ثلاث سنين وعادي الوضع طبيعي لكن تطعيم كورونا لاا والف لا,,,,,,,,,2,0,0.9716797,0.0013990402,0.027038574,2,0.9716797,0.1347324104633366,Favor,Against
3605, انا مع تمكين المرأة الله لايهينها 50% 😂,Women empowerment,انا مع تمكين المراة الله لايهينها 50% 😂,Women empowerment,Favor,2,Positive,2,No,0,F_Explicit,,,Target: Women empowerment Text: انا مع تمكين المراة الله لايهينها 50% 😂,,,,,,,,,2,0,0.9790039,0.0008239746,0.02017212,2,0.9790039,0.1053664110476747,Favor,Against
3674, اي تحول رقمي الله يصلحكم وحنا صار لنا سنة كاملة نتابع خلف معاملة مياه راكدة ولا حس ولا خبر ولا استجابه على الإطلاق  إذا لم يكن التطوير يمس الخدمات بشكل مباشر فما جدوى التحول الرقمي,Digital Transformation,اي تحول رقمي الله يصلحكم وحنا صار لنا سنة كاملة نتابع خلف معاملة مياه راكدة ولا حس ولا خبر ولا استجابه علي الاطلاق اذا لم يكن التطوير يمس الخدمات بشكل مباشر فما جدوي التحول الرقمي,Digital Transformation,Favor,2,Positive,2,No,0,F_Explicit,,,Target: Digital Transformation Text: اي تحول رقمي الله يصلحكم وحنا صار لنا سنة كاملة نتابع خلف معاملة مياه راكدة ولا حس ولا خبر ولا استجابه علي الاطلاق اذا لم يكن التطوير يمس الخدمات بشكل مباشر فما جدوي التحول الرقمي,,,,,,,,,2,0,0.96777344,0.0033302307,0.02909851,2,0.96777344,0.1536230448468042,Favor,Against
3676,MENTION تمكين المرأة الصحيح هو برجوعنا لتعاليم الإسلام نحوها👍🏻  عدا ذلك هو امتهان لها وجرأة على خالقنا,Women empowerment,مستخدم تمكين المراة الصحيح هو برجوعنا لتعاليم الاسلام نحوها👍🏻 عدا ذلك هو امتهان لها وجراة علي خالقنا,Women empowerment,Favor,2,Positive,2,No,0,F_Explicit,,,Target: Women empowerment Text: مستخدم تمكين المراة الصحيح هو برجوعنا لتعاليم الاسلام نحوها👍🏻 عدا ذلك هو امتهان لها وجراة علي خالقنا,,,,,,,,,2,0,0.9716797,0.0011377335,0.026992798,2,0.9716797,0.1331307988468049,Favor,Against
3796,اسوأ**  بس يعني خسرنا التقييم و ربحنا تمكين المرأه 👍❤,Women empowerment,اسوا** بس يعني خسرنا التقييم و ربحنا تمكين المراه 👍❤,Women empowerment,Favor,2,Positive,2,No,0,F_Explicit,,,Target: Women empowerment Text: اسوا** بس يعني خسرنا التقييم و ربحنا تمكين المراه 👍❤,,,,,,,,,2,0,0.99853516,0.00017893314,0.001285553,2,0.99853516,0.0115650596768983,Favor,Against
3848,متابعينى اللى ماخذين تطعيم لقاح كورونا بلوك,Covid Vaccine,متابعيني اللي ماخذين تطعيم لقاح كورونا بلوك,Covid Vaccine,Favor,2,Neutral,1,No,0,F_Explicit,,,Target: Covid Vaccine Text: متابعيني اللي ماخذين تطعيم لقاح كورونا بلوك,,,,,,,,,2,0,0.8364258,0.14526367,0.018218994,2,0.8364258,0.5026159875274863,Favor,Against
356,"حد يصحح لي اذا كنت غلطان ألم يكن  المعنيين بالتحول الإلكتروني عام ٢٠١٢ هم نفسهم المسؤولين عن""كدس"" من  الندوات والمؤتمرات اللي تقود الي هذا التحول ولكن التحول نفسه ""تعثر"" في الدرب الين الحين URL",Digital Transformation,"حد يصحح لي اذا كنت غلطان الم يكن المعنيين بالتحول الالكتروني عام ٢٠١٢ هم نفسهم المسؤولين عن""كدس"" من الندوات والمؤتمرات اللي تقود الي هذا التحول ولكن التحول نفسه ""تعثر"" في الدرب الين الحين",Digital Transformation,Favor,2,Negative,0,No,0,F_Explicit,,,"Target: Digital Transformation Text: حد يصحح لي اذا كنت غلطان الم يكن المعنيين بالتحول الالكتروني عام ٢٠١٢ هم نفسهم المسؤولين عن""كدس"" من الندوات والمؤتمرات اللي تقود الي هذا التحول ولكن التحول نفسه ""تعثر"" في الدرب الين الحين",,,,,,,,,2,0,0.37329102,0.33276367,0.2939453,3,0.37329102,1.0938825985197174,Favor,Against
481, السبب طول الفترة التي تعرضت المرأة للظلم والتهميش٣٠ سنة فأصبحت ثقافة سائدة والتسارع في ال ٥ سنوات الأخيرة التي حصلت فيها المرأة من تمكين وحقوق فلم يستطيعوا مواكبة هذا التغير واصبحوا في حالة صمت او تنظير خاصة عند الإرتباط في علاقة زواج وعند تعلي,Women empowerment,السبب طول الفترة التي تعرضت المراة للظلم والتهميش٣٠ سنة فاصبحت ثقافة سائدة والتسارع في ال ٥ سنوات الاخيرة التي حصلت فيها المراة من تمكين وحقوق فلم يستطيعوا مواكبة هذا التغير واصبحوا في حالة صمت او تنظير خاصة عند الارتباط في علاقة زواج وعند تعلي,Women empowerment,Favor,2,Neutral,1,No,0,F_Explicit,,,Target: Women empowerment Text: السبب طول الفترة التي تعرضت المراة للظلم والتهميش٣٠ سنة فاصبحت ثقافة سائدة والتسارع في ال ٥ سنوات الاخيرة التي حصلت فيها المراة من تمكين وحقوق فلم يستطيعوا مواكبة هذا التغير واصبحوا في حالة صمت او تنظير خاصة عند الارتباط في علاقة زواج وعند تعلي,,,,,,,,,2,0,0.6308594,0.038909912,0.33007812,3,0.6308594,0.7828078451240307,Favor,Against
506,  البلديات المكان الوحيد لي اتشائم لما اروح اخلص فيه معاملة موظفين قدامى جداً معاملات ورقية اجراءات معقدة  حقيقة هذه الجهة جداً بطيئة في التحول الالكتروني,Digital Transformation,البلديات المكان الوحيد لي اتشائم لما اروح اخلص فيه معاملة موظفين قدامي جداً معاملات ورقية اجراءات معقدة حقيقة هذه الجهة جداً بطيئة في التحول الالكتروني,Digital Transformation,Favor,2,Positive,2,No,0,F_Explicit,,,Target: Digital Transformation Text: البلديات المكان الوحيد لي اتشائم لما اروح اخلص فيه معاملة موظفين قدامي جداً معاملات ورقية اجراءات معقدة حقيقة هذه الجهة جداً بطيئة في التحول الالكتروني,,,,,,,,,2,0,0.72558594,0.04373169,0.23083496,3,0.72558594,0.708032794261957,Favor,Against
520, ااااه يا الشيبة خلفان حتى التحول الالكتروني ما فالحين فيه   المشوار طويل,Digital Transformation,ااه يا الشيبة خلفان حتي التحول الالكتروني ما فالحين فيه المشوار طويل,Digital Transformation,Favor,2,Negative,0,No,0,F_Explicit,,,Target: Digital Transformation Text: ااه يا الشيبة خلفان حتي التحول الالكتروني ما فالحين فيه المشوار طويل,,,,,,,,,2,0,0.74121094,0.083740234,0.1751709,3,0.74121094,0.7347957488811587,Favor,Against
654,MENTION MENTION شلون كورونا لعبة و ٧٥٪ من الشعب السويدي مطعم  وشلون لعبة واكثر من ٨٠٪ من اوربا مطعمين ! منو يلعب على منو ! او انتوا بس فاهمين اللعبة واوربا وامريكا مساكين مو فاهمين وطايحين له تطعيم ! في شعوبهم,Covid Vaccine,مستخدم مستخدم شلون كورونا لعبة و ٧٥٪ من الشعب السويدي مطعم وشلون لعبة واكثر من ٨٠٪ من اوربا مطعمين ! منو يلعب علي منو ! او انتوا بس فاهمين اللعبة واوربا وامريكا مساكين مو فاهمين وطايحين له تطعيم ! في شعوبهم,Covid Vaccine,Favor,2,Positive,2,Yes,1,F_Explicit,,,Target: Covid Vaccine Text: مستخدم مستخدم شلون كورونا لعبة و ٧٥٪ من الشعب السويدي مطعم وشلون لعبة واكثر من ٨٠٪ من اوربا مطعمين ! منو يلعب علي منو ! او انتوا بس فاهمين اللعبة واوربا وامريكا مساكين مو فاهمين وطايحين له تطعيم ! في شعوبهم,,,,,,,,,2,0,0.9458008,0.035003662,0.019348145,3,0.9458008,0.246377514571713,Favor,Against
720, يارباه لجنة مساءلة .. ماهو الجرم اللي اقترفته علشان يسووولك هذا كله .. يعني معقولة عقول تعيش في القرن العشرين ترفض التحول الالكتروني .. هذول يحتاجوا ان يراجعوا مستواهم النفسي والذهني ... في حكومات تبتهج عندما ترى موظفيها يسعوا للتحول الالكترون,Digital Transformation,يارباه لجنة مساءلة .. ماهو الجرم اللي اقترفته علشان يسوولك هذا كله .. يعني معقولة عقول تعيش في القرن العشرين ترفض التحول الالكتروني .. هذول يحتاجوا ان يراجعوا مستواهم النفسي والذهني .. في حكومات تبتهج عندما تري موظفيها يسعوا للتحول الالكترون,Digital Transformation,Favor,2,Positive,2,No,0,F_Explicit,,,Target: Digital Transformation Text: يارباه لجنة مساءلة .. ماهو الجرم اللي اقترفته علشان يسوولك هذا كله .. يعني معقولة عقول تعيش في القرن العشرين ترفض التحول الالكتروني .. هذول يحتاجوا ان يراجعوا مستواهم النفسي والذهني .. في حكومات تبتهج عندما تري موظفيها يسعوا للتحول الالكترون,,,,,,,,,2,0,0.5205078,0.03604126,0.44360352,3,0.5205078,0.8202057884432564,Favor,Against
733, اولا مستحيل تاخد فيروس كورونا من التطعيم و خاصة سينوفارم. ثانيا التطعيم (حتى فايزر) يقلل فقط نسبة حدوث مضاعفات و دخول مستشفي بنسبة ٩٠٪ فى حالة فايزر. لا يمنع اى تطعيم الاصابة بالفيروس او نقله. حرام عليكم كده,Covid Vaccine,اولا مستحيل تاخد فيروس كورونا من التطعيم و خاصة سينوفارم. ثانيا التطعيم (حتي فايزر) يقلل فقط نسبة حدوث مضاعفات و دخول مستشفي بنسبة ٩٠٪ في حالة فايزر. لا يمنع اي تطعيم الاصابة بالفيروس او نقله. حرام عليكم كده,Covid Vaccine,Favor,2,Neutral,1,No,0,F_Implicit,,,Target: Covid Vaccine Text: اولا مستحيل تاخد فيروس كورونا من التطعيم و خاصة سينوفارم. ثانيا التطعيم (حتي فايزر) يقلل فقط نسبة حدوث مضاعفات و دخول مستشفي بنسبة ٩٠٪ في حالة فايزر. لا يمنع اي تطعيم الاصابة بالفيروس او نقله. حرام عليكم كده,,,,,,,,,2,0,0.9760742,0.0046539307,0.019180298,3,0.9760742,0.1244655130414933,Favor,Against
852,MENTION ياخذون تطعيم من عمرهم يوم والحين رافضين تطعيم ضد كورونا واحد يقول القاح حرام 😱 واحد يقول القاح بيحولنا زومبي واحد يقول القاح سم قاتل 😱  زين مانشوف احد تحول زومبي ليشش😂 والمصيبه مافيهم طبيب كل المعارضين يعارضون بشي ليس في اختصاصه او مجال عمله او معرفة القاح فقط معارض ليش مايدري,Covid Vaccine,مستخدم ياخذون تطعيم من عمرهم يوم والحين رافضين تطعيم ضد كورونا واحد يقول القاح حرام 😱 واحد يقول القاح بيحولنا زومبي واحد يقول القاح سم قاتل 😱 زين مانشوف احد تحول زومبي ليشش😂 والمصيبه مافيهم طبيب كل المعارضين يعارضون بشي ليس في اختصاصه او مجال عمله او معرفة القاح فقط معارض ليش مايدري,Covid Vaccine,Favor,2,Neutral,1,Yes,1,F_Implicit,,,Target: Covid Vaccine Text: مستخدم ياخذون تطعيم من عمرهم يوم والحين رافضين تطعيم ضد كورونا واحد يقول القاح حرام 😱 واحد يقول القاح بيحولنا زومبي واحد يقول القاح سم قاتل 😱 زين مانشوف احد تحول زومبي ليشش😂 والمصيبه مافيهم طبيب كل المعارضين يعارضون بشي ليس في اختصاصه او مجال عمله او معرفة القاح فقط معارض ليش مايدري,,,,,,,,,2,0,0.7001953,0.047698975,0.25195312,3,0.7001953,0.7420078573091555,Favor,Against
965,خطوات رائعة نحو التحول الإلكتروني تقوم بها #وزارة_الموارد_البشرية ولوائح جديدة وتغيير كامل لسوق العمل..  لكن يصاحبها مشاكل تقنية لا تعد ولا تحصى من كل مواقعها للأسف ودعم فني ضعيف جدا لا يرتقي لجودة هذه التحولات..   #مدد #قوى #التأمينات_الاجتماعية #منصة_السكن_الجماعي #طاقات,Digital Transformation,خطوات رائعة نحو التحول الالكتروني تقوم بها #وزارة الموارد البشرية ولوائح جديدة وتغيير كامل لسوق العمل.. لكن يصاحبها مشاكل تقنية لا تعد ولا تحصي من كل مواقعها للاسف ودعم فني ضعيف جدا لا يرتقي لجودة هذه التحولات.. #مدد #قوي #التامينات الاجتماعية #منصة السكن الجماعي #طاقات,Digital Transformation,Favor,2,Neutral,1,No,0,F_Explicit,,,Target: Digital Transformation Text: خطوات رائعة نحو التحول الالكتروني تقوم بها #وزارة الموارد البشرية ولوائح جديدة وتغيير كامل لسوق العمل.. لكن يصاحبها مشاكل تقنية لا تعد ولا تحصي من كل مواقعها للاسف ودعم فني ضعيف جدا لا يرتقي لجودة هذه التحولات.. #مدد #قوي #التامينات الاجتماعية #منصة السكن الجماعي #طاقات,,,,,,,,,2,0,0.7192383,0.03753662,0.24316406,3,0.7192383,0.7040842237153698,Favor,Against
1009, التحول الالكتروني لكثير من الأعمال والإجراءات لدى الادارات سيوفر جهد اقل وهذا يعني احتياج اقل للموظفين . هنا تكمن المخاوف لدى الموظفين حينما يستبدل عمله ببرنامج ألكتروني فيتم الضغط عليه ويعطى مهلة للبحث عن عمل فإن لم يجد لا يتم تجديد عقده   ي,Digital Transformation,التحول الالكتروني لكثير من الاعمال والاجراءات لدي الادارات سيوفر جهد اقل وهذا يعني احتياج اقل للموظفين . هنا تكمن المخاوف لدي الموظفين حينما يستبدل عمله ببرنامج الكتروني فيتم الضغط عليه ويعطي مهلة للبحث عن عمل فان لم يجد لا يتم تجديد عقده ي,Digital Transformation,Favor,2,Positive,2,No,0,F_Explicit,,,Target: Digital Transformation Text: التحول الالكتروني لكثير من الاعمال والاجراءات لدي الادارات سيوفر جهد اقل وهذا يعني احتياج اقل للموظفين . هنا تكمن المخاوف لدي الموظفين حينما يستبدل عمله ببرنامج الكتروني فيتم الضغط عليه ويعطي مهلة للبحث عن عمل فان لم يجد لا يتم تجديد عقده ي,,,,,,,,,2,0,0.64990234,0.04156494,0.3083496,3,0.64990234,0.7750414998192303,Favor,Against
1073,ما يستفاد من القصة ، تمكين المرأة ممكن يكون سبب بكاء الرجال بس فيه انقاذ حياة ،، ,Women empowerment,ما يستفاد من القصة ، تمكين المراة ممكن يكون سبب بكاء الرجال بس فيه انقاذ حياة ،،,Women empowerment,Favor,2,Positive,2,No,0,F_Explicit,,,Target: Women empowerment Text: ما يستفاد من القصة ، تمكين المراة ممكن يكون سبب بكاء الرجال بس فيه انقاذ حياة ،،,,,,,,,,,2,0,0.98095703,0.0051651,0.013702393,3,0.98095703,0.1048448313966107,Favor,Against
1154,"- المرأة وحاجة المجتمع - ساهمت الصحوة بشكل كبير في جعل المرأة بلا عمل بحجة ذكورية ""أن الرجل عيب تصرف عليه المرأة"" - التيار الصحوي جعل من المرأة منصة للصراع لضمان البقاء والسيطرة على المجتمع - تأثير الصحوة انعكس على عقلية الحكومة تجاه تمكين المرأة د. عبدال",Women empowerment,"- المراة وحاجة المجتمع - ساهمت الصحوة بشكل كبير في جعل المراة بلا عمل بحجة ذكورية ""ان الرجل عيب تصرف عليه المراة"" - التيار الصحوي جعل من المراة منصة للصراع لضمان البقاء والسيطرة علي المجتمع - تاثير الصحوة انعكس علي عقلية الحكومة تجاه تمكين المراة د. عبدال",Women empowerment,Favor,2,Neutral,1,No,0,F_Explicit,,,"Target: Women empowerment Text: - المراة وحاجة المجتمع - ساهمت الصحوة بشكل كبير في جعل المراة بلا عمل بحجة ذكورية ""ان الرجل عيب تصرف عليه المراة"" - التيار الصحوي جعل من المراة منصة للصراع لضمان البقاء والسيطرة علي المجتمع - تاثير الصحوة انعكس علي عقلية الحكومة تجاه تمكين المراة د. عبدال",,,,,,,,,2,0,0.99316406,0.0039596558,0.002817154,3,0.99316406,0.0452581538555673,Favor,Against
1545, الإمارات ما سوت كذا ولا قطر ولا الكويت ولا أي دولة فقيرة أو غنية ليش عندنا كذا   ليش تمكين المرأة أصبح أضحكوكة   ليش هالمسؤولين فاغرين محتوى ودراسة وإنتاجية   إهانة المرأة من خوارم المروءة  ,Women empowerment,الامارات ما سوت كذا ولا قطر ولا الكويت ولا اي دولة فقيرة او غنية ليش عندنا كذا ليش تمكين المراة اصبح اضحكوكة ليش هالمسؤولين فاغرين محتوي ودراسة وانتاجية اهانة المراة من خوارم المروءة,Women empowerment,Favor,2,Negative,0,No,0,F_Explicit,,,Target: Women empowerment Text: الامارات ما سوت كذا ولا قطر ولا الكويت ولا اي دولة فقيرة او غنية ليش عندنا كذا ليش تمكين المراة اصبح اضحكوكة ليش هالمسؤولين فاغرين محتوي ودراسة وانتاجية اهانة المراة من خوارم المروءة,,,,,,,,,2,0,0.9902344,0.0050582886,0.004589081,3,0.9902344,0.0611675103812997,Favor,Against
1557,بدون عمل المرأة في القطاع الاقتصادي المنظم ( المدر للدخل ) فإن أي حديث عن تمكين المرأة يعتبر ناقصا . فتعليم المرأة وحده لا يكفي ..اي نعم إنه تمكين ( جزئي) لكنه لن يكتمل إلا بالتمكين الاقتصادي,Women empowerment,بدون عمل المراة في القطاع الاقتصادي المنظم ( المدر للدخل ) فان اي حديث عن تمكين المراة يعتبر ناقصا . فتعليم المراة وحده لا يكفي ..اي نعم انه تمكين ( جزئي) لكنه لن يكتمل الا بالتمكين الاقتصادي,Women empowerment,Favor,2,Neutral,1,No,0,F_Explicit,,,Target: Women empowerment Text: بدون عمل المراة في القطاع الاقتصادي المنظم ( المدر للدخل ) فان اي حديث عن تمكين المراة يعتبر ناقصا . فتعليم المراة وحده لا يكفي ..اي نعم انه تمكين ( جزئي) لكنه لن يكتمل الا بالتمكين الاقتصادي,,,,,,,,,2,0,0.8125,0.012916565,0.17480469,3,0.8125,0.5297586955474143,Favor,Against
1769,أعجبني كلام إمرأة اليوم عندما أكدت على أهمية #تمكين_المرأة ولكن يجب كذلك أن لا ترهق نفسها بهذا التمكين. بمعنى أن لا تكلف نفسها فوق طاقتها فهي في الأول والأخير بشر، يسقط ثم ينهض لكي لا يكرر سقوطه,Women empowerment,اعجبني كلام امراة اليوم عندما اكدت علي اهمية #تمكين المراة ولكن يجب كذلك ان لا ترهق نفسها بهذا التمكين. بمعني ان لا تكلف نفسها فوق طاقتها فهي في الاول والاخير بشر، يسقط ثم ينهض لكي لا يكرر سقوطه,Women empowerment,Favor,2,Positive,2,No,0,F_Explicit,,,Target: Women empowerment Text: اعجبني كلام امراة اليوم عندما اكدت علي اهمية #تمكين المراة ولكن يجب كذلك ان لا ترهق نفسها بهذا التمكين. بمعني ان لا تكلف نفسها فوق طاقتها فهي في الاول والاخير بشر، يسقط ثم ينهض لكي لا يكرر سقوطه,,,,,,,,,2,0,0.5751953,0.046203613,0.37890625,3,0.5751953,0.8278871875406413,Favor,Against
1807, تمكين المرأة من وظيفة تعفها عن السؤال و الحاجة ما تمنع شهامة الرجل  وانا في الرسول عليه الصلاة و السلام افضل مثال و زوجه خديجة رضي الله عنها و ارضاها,Women empowerment,تمكين المراة من وظيفة تعفها عن السؤال و الحاجة ما تمنع شهامة الرجل وانا في الرسول عليه الصلاة و السلام افضل مثال و زوجه خديجة رضي الله عنها و ارضاها,Women empowerment,Favor,2,Positive,2,No,0,F_Explicit,,,Target: Women empowerment Text: تمكين المراة من وظيفة تعفها عن السؤال و الحاجة ما تمنع شهامة الرجل وانا في الرسول عليه الصلاة و السلام افضل مثال و زوجه خديجة رضي الله عنها و ارضاها,,,,,,,,,2,0,0.83984375,0.023361206,0.13696289,3,0.83984375,0.5066348032105605,Favor,Against
1808,إصابة وجرعتين تطعيم  يعني يا كورونا لا أشوفك قداااامي.,Covid Vaccine,اصابة وجرعتين تطعيم يعني يا كورونا لا اشوفك قداامي.,Covid Vaccine,Favor,2,Neutral,1,No,0,F_Implicit,,,Target: Covid Vaccine Text: اصابة وجرعتين تطعيم يعني يا كورونا لا اشوفك قداامي.,,,,,,,,,2,0,0.89453125,0.09729004,0.008003235,3,0.89453125,0.3650307688487491,Favor,Against
2041,   الاهلي اصبح من اسوأ البنوك خدمات سيئه للغايه واغلب خدماتهم عن طريق الفروع بالرغم من التحول الالكتروني لجميع البنوك ..,Digital Transformation,الاهلي اصبح من اسوا البنوك خدمات سيئه للغايه واغلب خدماتهم عن طريق الفروع بالرغم من التحول الالكتروني لجميع البنوك ..,Digital Transformation,Favor,2,Neutral,1,No,0,F_Explicit,,,Target: Digital Transformation Text: الاهلي اصبح من اسوا البنوك خدمات سيئه للغايه واغلب خدماتهم عن طريق الفروع بالرغم من التحول الالكتروني لجميع البنوك ..,,,,,,,,,2,0,0.87646484,0.0435791,0.08013916,3,0.87646484,0.4543810561915513,Favor,Against
2089,لم يعد السؤال المناسب  هل يقاوم التطعيم تحورات الكورونا  بل السؤال ما هو الحال مع تحورات الكورونا من غير التطعيم والإجابة قطعا  تحورات كورونا من غير تطعيم = كارثة صحية اللقاحات توفر حماية ممتازة ضد دخول المستشفى والوفاة,Covid Vaccine,لم يعد السؤال المناسب هل يقاوم التطعيم تحورات الكورونا بل السؤال ما هو الحال مع تحورات الكورونا من غير التطعيم والاجابة قطعا تحورات كورونا من غير تطعيم = كارثة صحية اللقاحات توفر حماية ممتازة ضد دخول المستشفي والوفاة,Covid Vaccine,Favor,2,Neutral,1,No,0,F_Explicit,,,Target: Covid Vaccine Text: لم يعد السؤال المناسب هل يقاوم التطعيم تحورات الكورونا بل السؤال ما هو الحال مع تحورات الكورونا من غير التطعيم والاجابة قطعا تحورات كورونا من غير تطعيم = كارثة صحية اللقاحات توفر حماية ممتازة ضد دخول المستشفي والوفاة,,,,,,,,,2,0,0.9550781,0.033966064,0.010757446,3,0.9550781,0.2075384792051803,Favor,Against
2227,MENTION MENTION MENTION يا عزيزي تطعيم كورونا هي نفس تطعيمات اللي ياخذه ولدك وهي نفسها تطعيمات الانفلونزا الموسمية هل يوم اخذت التطعيمات يوم كنت صغير طلع ولدك مشتوه ولا نبتتلك رجل ثالثه ؟؟,Covid Vaccine,مستخدم مستخدم مستخدم يا عزيزي تطعيم كورونا هي نفس تطعيمات اللي ياخذه ولدك وهي نفسها تطعيمات الانفلونزا الموسمية هل يوم اخذت التطعيمات يوم كنت صغير طلع ولدك مشتوه ولا نبتتلك رجل ثالثه ؟؟,Covid Vaccine,Favor,2,Positive,2,No,0,F_Implicit,,,Target: Covid Vaccine Text: مستخدم مستخدم مستخدم يا عزيزي تطعيم كورونا هي نفس تطعيمات اللي ياخذه ولدك وهي نفسها تطعيمات الانفلونزا الموسمية هل يوم اخذت التطعيمات يوم كنت صغير طلع ولدك مشتوه ولا نبتتلك رجل ثالثه ؟؟,,,,,,,,,2,0,0.5283203,0.37646484,0.09527588,3,0.5283203,0.9288676999391688,Favor,Against
2300, ههههههههه تفهم الكلام عكس هههههه ماجاني كورونا قبل اللقاح ولا اقتنعت فيه اصلا لكن اللقاح شيء طبيعي...هو نفسه تطعيم الحج وتعطعيم الانفلونزا الموسمية وتعطعيم الولد الصغير بعد الولادة والتطعيمات اللي ياخذونها الناس في المستشفيات...الخ.. وانا ماطلعت ج,Covid Vaccine,هه تفهم الكلام عكس هه ماجاني كورونا قبل اللقاح ولا اقتنعت فيه اصلا لكن اللقاح شيء طبيعي..هو نفسه تطعيم الحج وتعطعيم الانفلونزا الموسمية وتعطعيم الولد الصغير بعد الولادة والتطعيمات اللي ياخذونها الناس في المستشفيات..الخ.. وانا ماطلعت ج,Covid Vaccine,Favor,2,Neutral,1,No,0,F_Implicit,,,Target: Covid Vaccine Text: هه تفهم الكلام عكس هه ماجاني كورونا قبل اللقاح ولا اقتنعت فيه اصلا لكن اللقاح شيء طبيعي..هو نفسه تطعيم الحج وتعطعيم الانفلونزا الموسمية وتعطعيم الولد الصغير بعد الولادة والتطعيمات اللي ياخذونها الناس في المستشفيات..الخ.. وانا ماطلعت ج,,,,,,,,,2,0,0.69189453,0.10089111,0.20739746,3,0.69189453,0.8125158253746201,Favor,Against
2481,وان كان تطعيم كورونا سنوي ما المانع من ذلك ؟ قدر الله هذا الامر وان نعيش هذه الجائحه فلا سبيل بعد توفيق الله الا بإتباع تعليمات الاطباء فان قرروا الجرعه الثالثه والرابعه حتى وان صارت سنويه فما المانع ان كانت امنه ولا اضرار جانبيه لها ومتوفره بالمجان؟ #مطعم_جرعتين_وارفض_الثالثه !,Covid Vaccine,وان كان تطعيم كورونا سنوي ما المانع من ذلك ؟ قدر الله هذا الامر وان نعيش هذه الجائحه فلا سبيل بعد توفيق الله الا باتباع تعليمات الاطباء فان قرروا الجرعه الثالثه والرابعه حتي وان صارت سنويه فما المانع ان كانت امنه ولا اضرار جانبيه لها ومتوفره بالمجان؟ #مطعم جرعتين وارفض الثالثه !,Covid Vaccine,Favor,2,Positive,2,No,0,F_Explicit,,,Target: Covid Vaccine Text: وان كان تطعيم كورونا سنوي ما المانع من ذلك ؟ قدر الله هذا الامر وان نعيش هذه الجائحه فلا سبيل بعد توفيق الله الا باتباع تعليمات الاطباء فان قرروا الجرعه الثالثه والرابعه حتي وان صارت سنويه فما المانع ان كانت امنه ولا اضرار جانبيه لها ومتوفره بالمجان؟ #مطعم جرعتين وارفض الثالثه !,,,,,,,,,2,0,0.5185547,0.046051025,0.43554688,3,0.5185547,0.8442912569827037,Favor,Against
2763,#لا_للتطعيم_الاجباري82 #رفض_التطعيم_جريمه  ترفض تطعيم قيمة على الدوله ما يتجاوز 5دولار واذا صار عندك مضاعفات من كورونا تشغل سرير عناية مركزه اولا به مريض غير كورونا و يكلف الدوله اقل شي 3000 دولار باليوم,Covid Vaccine,#لا للتطعيم الاجباري82 #رفض التطعيم جريمه ترفض تطعيم قيمة علي الدوله ما يتجاوز 5دولار واذا صار عندك مضاعفات من كورونا تشغل سرير عناية مركزه اولا به مريض غير كورونا و يكلف الدوله اقل شي 300 دولار باليوم,Covid Vaccine,Favor,2,Neutral,1,No,0,F_Explicit,,,Target: Covid Vaccine Text: #لا للتطعيم الاجباري82 #رفض التطعيم جريمه ترفض تطعيم قيمة علي الدوله ما يتجاوز 5دولار واذا صار عندك مضاعفات من كورونا تشغل سرير عناية مركزه اولا به مريض غير كورونا و يكلف الدوله اقل شي 300 دولار باليوم,,,,,,,,,2,0,0.9584961,0.00579834,0.035888672,3,0.9584961,0.1899065429357796,Favor,Against
2804,  ستكون تكلفة عالية في مقابل لا مببيعات. في الحقيقة لماذا تضيعون الوقت في انعاش جثة!. الصحافة الورقية ماتت وشبعت موت. الخلاص في التحول التقني برؤى جديدة.,Digital Transformation,ستكون تكلفة عالية في مقابل لا مببيعات. في الحقيقة لماذا تضيعون الوقت في انعاش جثة!. الصحافة الورقية ماتت وشبعت موت. الخلاص في التحول التقني برؤي جديدة.,Digital Transformation,Favor,2,Positive,2,No,0,F_Explicit,,,Target: Digital Transformation Text: ستكون تكلفة عالية في مقابل لا مببيعات. في الحقيقة لماذا تضيعون الوقت في انعاش جثة!. الصحافة الورقية ماتت وشبعت موت. الخلاص في التحول التقني برؤي جديدة.,,,,,,,,,2,0,0.671875,0.09967041,0.22827148,3,0.671875,0.8342290077270852,Favor,Against
2815,"يتمحور مصطلح ""تمكين المرأة"" حول المرأة الفرد، وليست المرأة عضو الأسرة ونواتها؛ لذا فالمرأة المعتبرة -في نظر النسوية- هي المرأة العاملة، أما ربة الأسرة فيعتبرنها خارج السياق الدولي الجديد؛ لأنها لا تمارس عملًا مدفوع الأجر، ولأنها ربطت نفسها بالزوج والأولاد والأسرة!! أ.هدى مصلي ",Women empowerment,"يتمحور مصطلح ""تمكين المراة"" حول المراة الفرد، وليست المراة عضو الاسرة ونواتها؛ لذا فالمراة المعتبرة -في نظر النسوية- هي المراة العاملة، اما ربة الاسرة فيعتبرنها خارج السياق الدولي الجديد؛ لانها لا تمارس عملًا مدفوع الاجر، ولانها ربطت نفسها بالزوج والاولاد والاسرة!! ا.هدي مصلي",Women empowerment,Favor,2,Negative,0,No,0,F_Explicit,,,"Target: Women empowerment Text: يتمحور مصطلح ""تمكين المراة"" حول المراة الفرد، وليست المراة عضو الاسرة ونواتها؛ لذا فالمراة المعتبرة -في نظر النسوية- هي المراة العاملة، اما ربة الاسرة فيعتبرنها خارج السياق الدولي الجديد؛ لانها لا تمارس عملًا مدفوع الاجر، ولانها ربطت نفسها بالزوج والاولاد والاسرة!! ا.هدي مصلي",,,,,,,,,2,0,0.9819336,0.014503479,0.0036811829,3,0.9819336,0.099932023626237,Favor,Against
2847,هناك فرق شاسع بين #التحول_الرقمي و #الأتمتة  اغلب المنصات الحكومية الموجودة اليوم هي #اتمته وليست #تحول_رقمي  والمسؤولين معتدين بها كثيرا  الأتمتة مكلفه اكثر من التحول الرقمي وعائد الاستثمار عليها بالسالب لأنك ستجد نفسك بنهاية المطاف في دوامه من المشاكل لا يحلها الا التحول الرقمي,Digital Transformation,هناك فرق شاسع بين #التحول الرقمي و #الاتمتة اغلب المنصات الحكومية الموجودة اليوم هي #اتمته وليست #تحول رقمي والمسؤولين معتدين بها كثيرا الاتمتة مكلفه اكثر من التحول الرقمي وعائد الاستثمار عليها بالسالب لانك ستجد نفسك بنهاية المطاف في دوامه من المشاكل لا يحلها الا التحول الرقمي,Digital Transformation,Favor,2,Positive,2,No,0,F_Explicit,,,Target: Digital Transformation Text: هناك فرق شاسع بين #التحول الرقمي و #الاتمتة اغلب المنصات الحكومية الموجودة اليوم هي #اتمته وليست #تحول رقمي والمسؤولين معتدين بها كثيرا الاتمتة مكلفه اكثر من التحول الرقمي وعائد الاستثمار عليها بالسالب لانك ستجد نفسك بنهاية المطاف في دوامه من المشاكل لا يحلها الا التحول الرقمي,,,,,,,,,2,0,0.9848633,0.0046691895,0.01058197,3,0.9848633,0.0882132103835866,Favor,Against
2889, وهل صار عالمياً مسموح للأطفال ؟! إللي أعرفه من سن ١٦سنة!!..ودعواتك ألقى واسطة واتطعم بسرعة.. لأني خايفة من انتشار كورونا ولا يتفاعل مع تاريخي المرضي السابق في الصغر مع الربو💔 عشان كذا مداومة يومياً اتصل يمكن ألقى فرصة تطعيم!..والله يبعد المرض عنا ,Covid Vaccine,وهل صار عالمياً مسموح للاطفال ؟! اللي اعرفه من سن ١٦سنة!!..ودعواتك القي واسطة واتطعم بسرعة.. لاني خايفة من انتشار كورونا ولا يتفاعل مع تاريخي المرضي السابق في الصغر مع الربو💔 عشان كذا مداومة يومياً اتصل يمكن القي فرصة تطعيم!..والله يبعد المرض عنا,Covid Vaccine,Favor,2,Negative,0,No,0,F_Implicit,,,Target: Covid Vaccine Text: وهل صار عالمياً مسموح للاطفال ؟! اللي اعرفه من سن ١٦سنة!!..ودعواتك القي واسطة واتطعم بسرعة.. لاني خايفة من انتشار كورونا ولا يتفاعل مع تاريخي المرضي السابق في الصغر مع الربو💔 عشان كذا مداومة يومياً اتصل يمكن القي فرصة تطعيم!..والله يبعد المرض عنا,,,,,,,,,2,0,0.4699707,0.08654785,0.44335938,3,0.4699707,0.9272726430212068,Favor,Against
2934,مسيكين مقهوووور مارح أناقش بمنطق وبعقل العقل بعيد كل البعد عن هؤلاء الهمج   الله يزيد المرأة تمكين ويزيدهم قهر .. #حقوق_المرأة  #تمكين_المرأة_السعودية  #تزويج_المراة_نفسها  #بقايا_الصحوة URL,Women empowerment,مسيكين مقهوور مارح اناقش بمنطق وبعقل العقل بعيد كل البعد عن هؤلاء الهمج الله يزيد المراة تمكين ويزيدهم قهر .. #حقوق المراة #تمكين المراة السعودية #تزويج المراة نفسها #بقايا الصحوة,Women empowerment,Favor,2,Neutral,1,No,0,F_Explicit,,,Target: Women empowerment Text: مسيكين مقهوور مارح اناقش بمنطق وبعقل العقل بعيد كل البعد عن هؤلاء الهمج الله يزيد المراة تمكين ويزيدهم قهر .. #حقوق المراة #تمكين المراة السعودية #تزويج المراة نفسها #بقايا الصحوة,,,,,,,,,2,0,0.9433594,0.0059127808,0.05078125,3,0.9433594,0.2366813994138211,Favor,Against
3036,ترك الإعلام للبرامج الترفيهية والمقابلات التافهة فقط وعدم وجود برامج تثقيفية وتعليمية خاصة في المجال التقني سيجعلنا شعب متخلف أقصى مراحل التطور لديه هو تقديم خدمة التراسل بالواتس آب ويسميها التحول الرقمي والتطور التقني وهذا عيب.,Digital Transformation,ترك الاعلام للبرامج الترفيهية والمقابلات التافهة فقط وعدم وجود برامج تثقيفية وتعليمية خاصة في المجال التقني سيجعلنا شعب متخلف اقصي مراحل التطور لديه هو تقديم خدمة التراسل بالواتس اب ويسميها التحول الرقمي والتطور التقني وهذا عيب.,Digital Transformation,Favor,2,Positive,2,No,0,F_Explicit,,,Target: Digital Transformation Text: ترك الاعلام للبرامج الترفيهية والمقابلات التافهة فقط وعدم وجود برامج تثقيفية وتعليمية خاصة في المجال التقني سيجعلنا شعب متخلف اقصي مراحل التطور لديه هو تقديم خدمة التراسل بالواتس اب ويسميها التحول الرقمي والتطور التقني وهذا عيب.,,,,,,,,,2,0,0.8149414,0.09661865,0.088256836,3,0.8149414,0.606808873821229,Favor,Against
3077,قمة السطحيه في طرح موضوع تمكين المرأة.. يهمني موضوع تمكين المرأه لدرجة لايمكن وصفها.. واهو مايقتصر على ان حضرتج تندعمين غصب للوصول للمجلس..!! ,Women empowerment,قمة السطحيه في طرح موضوع تمكين المراة.. يهمني موضوع تمكين المراه لدرجة لايمكن وصفها.. واهو مايقتصر علي ان حضرتج تندعمين غصب للوصول للمجلس..!!,Women empowerment,Favor,2,Negative,0,No,0,F_Explicit,,,Target: Women empowerment Text: قمة السطحيه في طرح موضوع تمكين المراة.. يهمني موضوع تمكين المراه لدرجة لايمكن وصفها.. واهو مايقتصر علي ان حضرتج تندعمين غصب للوصول للمجلس..!!,,,,,,,,,2,0,0.52734375,0.019195557,0.45336914,3,0.52734375,0.7719672020749666,Favor,Against
3160,ومن ناحية اخرى النساء اصبح لديهم استحقاقيه عالية جداً خصوصاً بعد تمكين المرأة والدعوة الى المساواه بينها وبين الرجل وكثرة الخرفان والمدجنين والخرفان حولها  اصبحت لا تحترم زوجها وتجد صعوبه في تقبل النصوص التي تحث على طاعة الزوج وتعظيم مكانته عندها خصوصاً ان هناك من يميعها لإرضائهم,Women empowerment,ومن ناحية اخري النساء اصبح لديهم استحقاقيه عالية جداً خصوصاً بعد تمكين المراة والدعوة الي المساواه بينها وبين الرجل وكثرة الخرفان والمدجنين والخرفان حولها اصبحت لا تحترم زوجها وتجد صعوبه في تقبل النصوص التي تحث علي طاعة الزوج وتعظيم مكانته عندها خصوصاً ان هناك من يميعها لارضائهم,Women empowerment,Favor,2,Negative,0,No,0,F_Explicit,,,Target: Women empowerment Text: ومن ناحية اخري النساء اصبح لديهم استحقاقيه عالية جداً خصوصاً بعد تمكين المراة والدعوة الي المساواه بينها وبين الرجل وكثرة الخرفان والمدجنين والخرفان حولها اصبحت لا تحترم زوجها وتجد صعوبه في تقبل النصوص التي تحث علي طاعة الزوج وتعظيم مكانته عندها خصوصاً ان هناك من يميعها لارضائهم,,,,,,,,,2,0,0.98583984,0.0036468506,0.010520935,3,0.98583984,0.0824488735082543,Favor,Against
3176,٩٠٪ بنات معاهم شهايد جامعية و خبرات و لغات و آخر حاجه الوظايف يا كول سنتر أو سوق براتب أقل و جهد وقت أكثر و ذا تسمونه تمكين المرأة بسوق العمل !! ,Women empowerment,٩٠٪ بنات معاهم شهايد جامعية و خبرات و لغات و اخر حاجه الوظايف يا كول سنتر او سوق براتب اقل و جهد وقت اكثر و ذا تسمونه تمكين المراة بسوق العمل !!,Women empowerment,Favor,2,Negative,0,No,0,F_Explicit,,,Target: Women empowerment Text: ٩٠٪ بنات معاهم شهايد جامعية و خبرات و لغات و اخر حاجه الوظايف يا كول سنتر او سوق براتب اقل و جهد وقت اكثر و ذا تسمونه تمكين المراة بسوق العمل !!,,,,,,,,,2,0,0.984375,0.006549835,0.009162903,3,0.984375,0.0914346926335576,Favor,Against
3308,   إيرادات الدولة بالخمس سنوات الأخيرة بعد تمكين المرأة تضاعفت والأعتماد على النفط قل  الفلس كان من الرجال الذين خانوا الدولة ونهبوا الأموال وأستقروا بالخارج,Women empowerment,ايرادات الدولة بالخمس سنوات الاخيرة بعد تمكين المراة تضاعفت والاعتماد علي النفط قل الفلس كان من الرجال الذين خانوا الدولة ونهبوا الاموال واستقروا بالخارج,Women empowerment,Favor,2,Positive,2,No,0,F_Explicit,,,Target: Women empowerment Text: ايرادات الدولة بالخمس سنوات الاخيرة بعد تمكين المراة تضاعفت والاعتماد علي النفط قل الفلس كان من الرجال الذين خانوا الدولة ونهبوا الاموال واستقروا بالخارج,,,,,,,,,2,0,0.5439453,0.018310547,0.43774414,3,0.5439453,0.7660886491828782,Favor,Against
3432,واحد لا يفقه شيء ينشر خبر الكل يسوي ريتويت للخبر و يطرشون واتس اب يبلشونا ممرض امريكي يحوشه كورونا واهوا ماخذ اللقاح يا حبيبي أمي انت احنا من ننولد ناخذ تطعيمات الجدري مثلاًيحوشنا جدري بس ما يذبحنا ناخذ تطعيم فلو يحوشنا فلو بس مو قوي ولا نموت من الفلو من قالك اللقاح يمنع الإصابه؟,Covid Vaccine,واحد لا يفقه شيء ينشر خبر الكل يسوي ريتويت للخبر و يطرشون واتس اب يبلشونا ممرض امريكي يحوشه كورونا واهوا ماخذ اللقاح يا حبيبي امي انت احنا من ننولد ناخذ تطعيمات الجدري مثلاًيحوشنا جدري بس ما يذبحنا ناخذ تطعيم فلو يحوشنا فلو بس مو قوي ولا نموت من الفلو من قالك اللقاح يمنع الاصابه؟,Covid Vaccine,Favor,2,Neutral,1,No,0,F_Implicit,,,Target: Covid Vaccine Text: واحد لا يفقه شيء ينشر خبر الكل يسوي ريتويت للخبر و يطرشون واتس اب يبلشونا ممرض امريكي يحوشه كورونا واهوا ماخذ اللقاح يا حبيبي امي انت احنا من ننولد ناخذ تطعيمات الجدري مثلاًيحوشنا جدري بس ما يذبحنا ناخذ تطعيم فلو يحوشنا فلو بس مو قوي ولا نموت من الفلو من قالك اللقاح يمنع الاصابه؟,,,,,,,,,2,0,0.7734375,0.12451172,0.10211182,3,0.7734375,0.6910935072054211,Favor,Against
3522,شعبنا غريب !!   تقوله  حظر واغلاق ؟   لا مانبي حظر واغلاق   حلو   تعال اخذ تطعيم ؟   لا ماابي اخذ تطعيم !  ومايبي ينصاب بكورونا !!   تعال اجمعهم ثلاثتهم عاد 😂 عدم اصابة بكورونا مع بدون اغلاق وبدون لقاح !,Covid Vaccine,شعبنا غريب !! تقوله حظر واغلاق ؟ لا مانبي حظر واغلاق حلو تعال اخذ تطعيم ؟ لا ماابي اخذ تطعيم ! ومايبي ينصاب بكورونا !! تعال اجمعهم ثلاثتهم عاد 😂 عدم اصابة بكورونا مع بدون اغلاق وبدون لقاح !,Covid Vaccine,Favor,2,Neutral,1,No,0,,,,Target: Covid Vaccine Text: شعبنا غريب !! تقوله حظر واغلاق ؟ لا مانبي حظر واغلاق حلو تعال اخذ تطعيم ؟ لا ماابي اخذ تطعيم ! ومايبي ينصاب بكورونا !! تعال اجمعهم ثلاثتهم عاد 😂 عدم اصابة بكورونا مع بدون اغلاق وبدون لقاح !,,,,,,,,,2,0,0.8823242,0.09625244,0.021530151,3,0.8823242,0.418408288279354,Favor,Against
3560, مو المفروض كتكريم للمرأة في الوظائف وضعها ضمن طاقم نسائي في المجمعات🤔 او تكون وظائف الرسبشن او النادل او المكاتب او التمريض للنساء اما تحشرهم في مستودع مع رجل واجنبي هذه إهانة ولا حق تمكين المرأة,Women empowerment,مو المفروض كتكريم للمراة في الوظائف وضعها ضمن طاقم نسائي في المجمعات🤔 او تكون وظائف الرسبشن او النادل او المكاتب او التمريض للنساء اما تحشرهم في مستودع مع رجل واجنبي هذه اهانة ولا حق تمكين المراة,Women empowerment,Favor,2,Negative,0,No,0,F_Explicit,,,Target: Women empowerment Text: مو المفروض كتكريم للمراة في الوظائف وضعها ضمن طاقم نسائي في المجمعات🤔 او تكون وظائف الرسبشن او النادل او المكاتب او التمريض للنساء اما تحشرهم في مستودع مع رجل واجنبي هذه اهانة ولا حق تمكين المراة,,,,,,,,,2,0,0.72509766,0.020523071,0.25439453,3,0.72509766,0.6610715134379512,Favor,Against
3561,     تمكين المرآة ودعمها   اذا يهمك دعمهم شف المحاسبات بفرع لولو خريص تحاسب وبنفس الوقت تعبي اكياس للزبون. هذا فوق طاقتها. اذا يرضيك وضعهم هذا شي ثاني.,Women empowerment,تمكين المراة ودعمها اذا يهمك دعمهم شف المحاسبات بفرع لولو خريص تحاسب وبنفس الوقت تعبي اكياس للزبون. هذا فوق طاقتها. اذا يرضيك وضعهم هذا شي ثاني.,Women empowerment,Favor,2,Positive,2,No,0,F_Explicit,,,Target: Women empowerment Text: تمكين المراة ودعمها اذا يهمك دعمهم شف المحاسبات بفرع لولو خريص تحاسب وبنفس الوقت تعبي اكياس للزبون. هذا فوق طاقتها. اذا يرضيك وضعهم هذا شي ثاني.,,,,,,,,,2,0,0.62939453,0.02658081,0.34423828,3,0.62939453,0.7549344010729115,Favor,Against
3622, الفاسد لا يريد التحول الالكتروني لان راح ينقطع رزقه,Digital Transformation,الفاسد لا يريد التحول الالكتروني لان راح ينقطع رزقه,Digital Transformation,Favor,2,Negative,0,No,0,F_Implicit,,,Target: Digital Transformation Text: الفاسد لا يريد التحول الالكتروني لان راح ينقطع رزقه,,,,,,,,,2,0,0.72558594,0.042510986,0.2319336,3,0.72558594,0.7059252981484406,Favor,Against
3680,لا شك أن حاجتها أجبرتها على العمل في هذا المكان وتحت هذه الظروف مع العمالة الوافدة...  #تمكين_المرأة في زمن الترفيه #ايش_ودكم_تقولون ,Women empowerment,لا شك ان حاجتها اجبرتها علي العمل في هذا المكان وتحت هذه الظروف مع العمالة الوافدة.. #تمكين المراة في زمن الترفيه #ايش ودكم تقولون,Women empowerment,Favor,2,Neutral,1,No,0,F_Explicit,,,Target: Women empowerment Text: لا شك ان حاجتها اجبرتها علي العمل في هذا المكان وتحت هذه الظروف مع العمالة الوافدة.. #تمكين المراة في زمن الترفيه #ايش ودكم تقولون,,,,,,,,,2,0,0.99072266,0.007232666,0.0021839142,3,0.99072266,0.05826509827704,Favor,Against
3756, عرفوا نقطة ضعف السعودية الحالية ومن ثم عرفوا من أين تأكل الكتف 😉  تمكين المرأة من السعودية يشمل كل نساء العالم وخصوصا المتبرجات,Women empowerment,عرفوا نقطة ضعف السعودية الحالية ومن ثم عرفوا من اين تاكل الكتف 😉 تمكين المراة من السعودية يشمل كل نساء العالم وخصوصا المتبرجات,Women empowerment,Favor,2,Negative,0,No,0,F_Explicit,,,Target: Women empowerment Text: عرفوا نقطة ضعف السعودية الحالية ومن ثم عرفوا من اين تاكل الكتف 😉 تمكين المراة من السعودية يشمل كل نساء العالم وخصوصا المتبرجات,,,,,,,,,2,0,0.5493164,0.038238525,0.41259766,3,0.5493164,0.8191574415422569,Favor,Against
3784,"لا يعجبني لفظ ""تمكين المرأة""   بالذات خارج الحقوق والقانون وان اختلفت اشكاله   من حقها ان نعطيها الفرصة لتختار بدون اجبار   ولا حتى مبالغة في التثقيف (وهو اخطر)   كانها دائماً ضحية لافكار الاخرين فيجب ان يوجد عنصر ثالث ليلغي هذا التاثير ويترك اثر مضاد 🤦‍♂️  لندع المرأة... تفكر",Women empowerment,"لا يعجبني لفظ ""تمكين المراة"" بالذات خارج الحقوق والقانون وان اختلفت اشكاله من حقها ان نعطيها الفرصة لتختار بدون اجبار ولا حتي مبالغة في التثقيف (وهو اخطر) كانها دائماً ضحية لافكار الاخرين فيجب ان يوجد عنصر ثالث ليلغي هذا التاثير ويترك اثر مضاد 🤦‍♂️ لندع المراة.. تفكر",Women empowerment,Favor,2,Negative,0,No,0,F_Explicit,,,"Target: Women empowerment Text: لا يعجبني لفظ ""تمكين المراة"" بالذات خارج الحقوق والقانون وان اختلفت اشكاله من حقها ان نعطيها الفرصة لتختار بدون اجبار ولا حتي مبالغة في التثقيف (وهو اخطر) كانها دائماً ضحية لافكار الاخرين فيجب ان يوجد عنصر ثالث ليلغي هذا التاثير ويترك اثر مضاد 🤦‍♂️ لندع المراة.. تفكر",,,,,,,,,2,0,0.9838867,0.008171082,0.007797241,3,0.9838867,0.0931101202857714,Favor,Against
3831,MENTION مدري عنهم يمكن عشان تمكين المرأه,Women empowerment,مستخدم مدري عنهم يمكن عشان تمكين المراه,Women empowerment,Favor,2,Neutral,1,No,0,F_Explicit,,,Target: Women empowerment Text: مستخدم مدري عنهم يمكن عشان تمكين المراه,,,,,,,,,2,0,0.8857422,0.03640747,0.07800293,3,0.8857422,0.4270699530328531,Favor,Against
3834,MENTION MENTION أنا معاك النظام كان معهم ومع دين المشايخ لكن اليوم مع تمكين المرأة ( ولو أن باقي ما أخذت كامل حقوقها ) تلقين عوايل قاعدة تقمع بناتها عشان كلام قبيلتهم تمثلنا وماتمثلنا وخذ لك عاد .,Women empowerment,مستخدم مستخدم انا معاك النظام كان معهم ومع دين المشايخ لكن اليوم مع تمكين المراة ( ولو ان باقي ما اخذت كامل حقوقها ) تلقين عوايل قاعدة تقمع بناتها عشان كلام قبيلتهم تمثلنا وماتمثلنا وخذ لك عاد .,Women empowerment,Favor,2,Positive,2,No,0,F_Explicit,,,Target: Women empowerment Text: مستخدم مستخدم انا معاك النظام كان معهم ومع دين المشايخ لكن اليوم مع تمكين المراة ( ولو ان باقي ما اخذت كامل حقوقها ) تلقين عوايل قاعدة تقمع بناتها عشان كلام قبيلتهم تمثلنا وماتمثلنا وخذ لك عاد .,,,,,,,,,2,0,0.83691406,0.020935059,0.14221191,3,0.83691406,0.507316286136162,Favor,Against
3859,  وين تمكين المرأة وش هالكلام,Women empowerment,وين تمكين المراة وش هالكلام,Women empowerment,Favor,2,Neutral,1,No,0,F_Explicit,,,Target: Women empowerment Text: وين تمكين المراة وش هالكلام,,,,,,,,,2,0,0.8642578,0.0703125,0.06549072,3,0.8642578,0.4912652322518142,Favor,Against
3901,المفرووض...  ماحد يجيب عيال الا فاتح لهم حساب باسمهم بالبنك ؛ خلهم يستفيدون من كشختك بكرت العيلة انك صرت أب   #صندوق_النفقة #تمكين_المرأة #حقوق_الطفل #حقوق_الإنسان #الرفق_بالحيوان,Women empowerment,المفرووض.. ماحد يجيب عيال الا فاتح لهم حساب باسمهم بالبنك ؛ خلهم يستفيدون من كشختك بكرت العيلة انك صرت اب #صندوق النفقة #تمكين المراة #حقوق الطفل #حقوق الانسان #الرفق بالحيوان,Women empowerment,Favor,2,Neutral,1,No,0,F_Explicit,,,Target: Women empowerment Text: المفرووض.. ماحد يجيب عيال الا فاتح لهم حساب باسمهم بالبنك ؛ خلهم يستفيدون من كشختك بكرت العيلة انك صرت اب #صندوق النفقة #تمكين المراة #حقوق الطفل #حقوق الانسان #الرفق بالحيوان,,,,,,,,,2,0,0.796875,0.13586426,0.06738281,3,0.796875,0.6338909728413566,Favor,Against
3978," وينكم عن البنات اللي مسلوبه حقوقهم بالقطاع الخاص .. لا إجازت ولا رواتب وساعات عمل تقص الظهر تحت أسم "" #السعوده و #تمكين_المرأة ؟؟؟؟",Women empowerment,"وينكم عن البنات اللي مسلوبه حقوقهم بالقطاع الخاص .. لا اجازت ولا رواتب وساعات عمل تقص الظهر تحت اسم "" #السعوده و #تمكين المراة ؟؟",Women empowerment,Favor,2,Negative,0,No,0,F_Explicit,,,"Target: Women empowerment Text: وينكم عن البنات اللي مسلوبه حقوقهم بالقطاع الخاص .. لا اجازت ولا رواتب وساعات عمل تقص الظهر تحت اسم "" #السعوده و #تمكين المراة ؟؟",,,,,,,,,2,0,0.9716797,0.011695862,0.01663208,3,0.9716797,0.1480767352324589,Favor,Against
3994,#لا_للتطعيم_الاجباري يثق في البياع ومايثق في  تطعيم كورونا اللي الحكومه توصي عليه 😂😂,Covid Vaccine,#لا للتطعيم الاجباري يثق في البياع ومايثق في تطعيم كورونا اللي الحكومه توصي عليه 😂😂,Covid Vaccine,Favor,2,Neutral,1,Yes,1,F_Implicit,,,Target: Covid Vaccine Text: #لا للتطعيم الاجباري يثق في البياع ومايثق في تطعيم كورونا اللي الحكومه توصي عليه 😂😂,,,,,,,,,2,0,0.86035156,0.006752014,0.1328125,3,0.86035156,0.4312791871110331,Favor,Against
340,  وين الدليل انه راح يصير شي على عيالنا واحفادنا ؟ انا شخصيا جربت الكورونا ودخلت المستشفي عشر ايام تقريبا وتحت الاوكسجين ومعاناة ما وراها معاناه اقسم بالله اول مره يمر على هالشي وحاليا مستعد لو اخذ مليون تطعيم بس ما عيد تجرب,Covid Vaccine,وين الدليل انه راح يصير شي علي عيالنا واحفادنا ؟ انا شخصيا جربت الكورونا ودخلت المستشفي عشر ايام تقريبا وتحت الاوكسجين ومعاناة ما وراها معاناه اقسم بالله اول مره يمر علي هالشي وحاليا مستعد لو اخذ مليون تطعيم بس ما عيد تجرب,Covid Vaccine,Favor,2,Positive,2,No,0,F_Explicit,,,Target: Covid Vaccine Text: وين الدليل انه راح يصير شي علي عيالنا واحفادنا ؟ انا شخصيا جربت الكورونا ودخلت المستشفي عشر ايام تقريبا وتحت الاوكسجين ومعاناة ما وراها معاناه اقسم بالله اول مره يمر علي هالشي وحاليا مستعد لو اخذ مليون تطعيم بس ما عيد تجرب,,,,,,,,,2,0,0.99365234,0.005241394,0.0010385513,4,0.99365234,0.0409856833568136,Favor,Against
461, التربية والتعليم لها سنوات والتخبط في القرارات. بسبب الكرونا وغياب اولادنا عن المدارس راحت الوزارة في حيص بيص. التعليم الإلكتروني او عن بعد عملت عليه دول لسنوات لبناء القاعدة الإلكترونية تجهيز المدارس والمعلمون والطالبة لاستخدامه  و ربعنا يبون ,Digital Transformation,التربية والتعليم لها سنوات والتخبط في القرارات. بسبب الكرونا وغياب اولادنا عن المدارس راحت الوزارة في حيص بيص. التعليم الالكتروني او عن بعد عملت عليه دول لسنوات لبناء القاعدة الالكترونية تجهيز المدارس والمعلمون والطالبة لاستخدامه و ربعنا يبون,Digital Transformation,Favor,2,Negative,0,No,0,F_Explicit,,,Target: Digital Transformation Text: التربية والتعليم لها سنوات والتخبط في القرارات. بسبب الكرونا وغياب اولادنا عن المدارس راحت الوزارة في حيص بيص. التعليم الالكتروني او عن بعد عملت عليه دول لسنوات لبناء القاعدة الالكترونية تجهيز المدارس والمعلمون والطالبة لاستخدامه و ربعنا يبون,,,,,,,,,2,0,0.96484375,0.030761719,0.004207611,4,0.96484375,0.1646465890482484,Favor,Against
903,   تطعيم الانفلونزا والجدري والشلل و الحصبة اخذتوها نفس كورونا!!  الانسياق وراء الشايعات لعبتكم,Covid Vaccine,تطعيم الانفلونزا والجدري والشلل و الحصبة اخذتوها نفس كورونا!! الانسياق وراء الشايعات لعبتكم,Covid Vaccine,Favor,2,Negative,0,No,0,F_Explicit,,,Target: Covid Vaccine Text: تطعيم الانفلونزا والجدري والشلل و الحصبة اخذتوها نفس كورونا!! الانسياق وراء الشايعات لعبتكم,,,,,,,,,2,0,0.9760742,0.0012798309,0.022567749,4,0.9760742,0.1177218606179509,Favor,Against
1079, نصير المرأة  داعم حقوق المرأة داعم تمكين المرأة   كلها مصطلحات يستخدمها الكائن الشوارعي ليظفر بنسوية قيمتها رخيصة  الرجال الأسوياء كلهم رجال مع أمهاتهم وزوجاتهم وأخواتهم ولا يحتاجون مصطلحات,Women empowerment,نصير المراة داعم حقوق المراة داعم تمكين المراة كلها مصطلحات يستخدمها الكائن الشوارعي ليظفر بنسوية قيمتها رخيصة الرجال الاسوياء كلهم رجال مع امهاتهم وزوجاتهم واخواتهم ولا يحتاجون مصطلحات,Women empowerment,Favor,2,Negative,0,No,0,F_Explicit,,,Target: Women empowerment Text: نصير المراة داعم حقوق المراة داعم تمكين المراة كلها مصطلحات يستخدمها الكائن الشوارعي ليظفر بنسوية قيمتها رخيصة الرجال الاسوياء كلهم رجال مع امهاتهم وزوجاتهم واخواتهم ولا يحتاجون مصطلحات,,,,,,,,,2,0,0.9848633,0.00042176247,0.014930725,4,0.9848633,0.0810728590519812,Favor,Against
1129, كل المرضى اللي ادخلتهم حاليا منهم صغار بالسن بالثلاثينات و حالتهم حرجه   وعند سؤالهم عن التطعيم كلهم اجابتهم واحده:  🛑 للاسف ما تطعمنا وتاخرنا🛑  ما زلنا نكرر تطعموا قبل فوات الاوان ☑️   #كوفيد_19 #تطعيم_كورونا ,Covid Vaccine,كل المرضي اللي ادخلتهم حاليا منهم صغار بالسن بالثلاثينات و حالتهم حرجه وعند سؤالهم عن التطعيم كلهم اجابتهم واحده: 🛑 للاسف ما تطعمنا وتاخرنا🛑 ما زلنا نكرر تطعموا قبل فوات الاوان ☑️ #كوفيد 19 #تطعيم كورونا,Covid Vaccine,Favor,2,Positive,2,No,0,F_Explicit,,,Target: Covid Vaccine Text: كل المرضي اللي ادخلتهم حاليا منهم صغار بالسن بالثلاثينات و حالتهم حرجه وعند سؤالهم عن التطعيم كلهم اجابتهم واحده: 🛑 للاسف ما تطعمنا وتاخرنا🛑 ما زلنا نكرر تطعموا قبل فوات الاوان ☑️ #كوفيد 19 #تطعيم كورونا,,,,,,,,,2,0,0.98779297,0.0019445419,0.010108948,4,0.98779297,0.0707153536111306,Favor,Against
1407,تمكين المرأة يبدأ من التعليم والوظيفة  الحجاب من عدمه شكلي. لو نزعو الحجاب ولكن الفقر والجهل موجود ايش اللي حيتغير؟! URL,Women empowerment,تمكين المراة يبدا من التعليم والوظيفة الحجاب من عدمه شكلي. لو نزعو الحجاب ولكن الفقر والجهل موجود ايش اللي حيتغير؟!,Women empowerment,Favor,2,Negative,0,No,0,F_Explicit,,,Target: Women empowerment Text: تمكين المراة يبدا من التعليم والوظيفة الحجاب من عدمه شكلي. لو نزعو الحجاب ولكن الفقر والجهل موجود ايش اللي حيتغير؟!,,,,,,,,,2,0,0.9658203,0.0023078918,0.031799316,4,0.9658203,0.1572549003718868,Favor,Against
1506, هذا لا وطني ولا يحزنون  دْكوري قذر يصيح يومياً عشان  تمكين المرأه .. وأي ذكر يرعبه موضوع تمكين المرأه هذا رْباله بإختصار لأنه كان يستمد قوته  من الإستقواء على نساء بيته لأنه برا مع الرجال مايسوى مواطيهم ولا يعبرونه  ..,Women empowerment,هذا لا وطني ولا يحزنون دْكوري قذر يصيح يومياً عشان تمكين المراه .. واي ذكر يرعبه موضوع تمكين المراه هذا رْباله باختصار لانه كان يستمد قوته من الاستقواء علي نساء بيته لانه برا مع الرجال مايسوي مواطيهم ولا يعبرونه ..,Women empowerment,Favor,2,Negative,0,No,0,F_Explicit,,,Target: Women empowerment Text: هذا لا وطني ولا يحزنون دْكوري قذر يصيح يومياً عشان تمكين المراه .. واي ذكر يرعبه موضوع تمكين المراه هذا رْباله باختصار لانه كان يستمد قوته من الاستقواء علي نساء بيته لانه برا مع الرجال مايسوي مواطيهم ولا يعبرونه ..,,,,,,,,,2,0,0.7578125,0.0014257431,0.2409668,4,0.7578125,0.5624179208481078,Favor,Against
1591,  فعلا اتفق معك.  نقطع آلاف الكيلو مترات لأجل حضور جلسة  وببساطة موظف الأمن يقولك مؤجلة إلى إشعار آخر!!  أين التحول الالكتروني؟؟,Digital Transformation,فعلا اتفق معك. نقطع الاف الكيلو مترات لاجل حضور جلسة وببساطة موظف الامن يقولك مؤجلة الي اشعار اخر!! اين التحول الالكتروني؟؟,Digital Transformation,Favor,2,Positive,2,No,0,F_Explicit,,,Target: Digital Transformation Text: فعلا اتفق معك. نقطع الاف الكيلو مترات لاجل حضور جلسة وببساطة موظف الامن يقولك مؤجلة الي اشعار اخر!! اين التحول الالكتروني؟؟,,,,,,,,,2,0,0.3828125,0.35717773,0.2602539,4,0.3828125,1.0856297757056073,Favor,Against
1640, اخت نداء الهند ٣ ألاف موتى يوميا من كورونا و نفس الشي او اكثر في البرازيل يموتون يوميا و الاصابات تتعدى ٨٠ الف برازيلي النظام الصحي عندهم و في الهند انهار تماما لم يعد لديهم أكسجين و انتي تخرعين الناس من تطعيم مفيد ١٠٠ ٪ حرام عليج و خزي و ع,Covid Vaccine,اخت نداء الهند ٣ الاف موتي يوميا من كورونا و نفس الشي او اكثر في البرازيل يموتون يوميا و الاصابات تتعدي ٨٠ الف برازيلي النظام الصحي عندهم و في الهند انهار تماما لم يعد لديهم اكسجين و انتي تخرعين الناس من تطعيم مفيد ١٠٠ ٪ حرام عليج و خزي و ع,Covid Vaccine,Favor,2,Neutral,1,No,0,,,,Target: Covid Vaccine Text: اخت نداء الهند ٣ الاف موتي يوميا من كورونا و نفس الشي او اكثر في البرازيل يموتون يوميا و الاصابات تتعدي ٨٠ الف برازيلي النظام الصحي عندهم و في الهند انهار تماما لم يعد لديهم اكسجين و انتي تخرعين الناس من تطعيم مفيد ١٠٠ ٪ حرام عليج و خزي و ع,,,,,,,,,2,0,0.99316406,0.0016822815,0.0049819946,4,0.99316406,0.0439724316494716,Favor,Against
1746, السلام عليكم ورحمة الله وبركاته ما شاء الله تبارك الله خدمات ممتازه جدا خمس طلبات مواعيد مرفوضه وراجعنا المحكمه وقالوا موعد هذا التحول الإلكتروني والا فلا تحياتي لكم محاكم بلا  ورق,Digital Transformation,السلام عليكم ورحمة الله وبركاته ما شاء الله تبارك الله خدمات ممتازه جدا خمس طلبات مواعيد مرفوضه وراجعنا المحكمه وقالوا موعد هذا التحول الالكتروني والا فلا تحياتي لكم محاكم بلا ورق,Digital Transformation,Favor,2,Negative,0,No,0,F_Explicit,,,Target: Digital Transformation Text: السلام عليكم ورحمة الله وبركاته ما شاء الله تبارك الله خدمات ممتازه جدا خمس طلبات مواعيد مرفوضه وراجعنا المحكمه وقالوا موعد هذا التحول الالكتروني والا فلا تحياتي لكم محاكم بلا ورق,,,,,,,,,2,0,0.74316406,0.049987793,0.20690918,4,0.74316406,0.6963422265689639,Favor,Against
1871,MENTION نفس الموضوع في بيتنا اختي تأخر موعد تطعيمها والعائلة كلها ماخذ تطعيم    ياتها كورونا قوية واحنى مافينا اعراض كللللللللش اللهم لك الحمد,Covid Vaccine,مستخدم نفس الموضوع في بيتنا اختي تاخر موعد تطعيمها والعائلة كلها ماخذ تطعيم ياتها كورونا قوية واحني مافينا اعراض كللش اللهم لك الحمد,Covid Vaccine,Favor,2,Positive,2,No,0,F_Explicit,,,Target: Covid Vaccine Text: مستخدم نفس الموضوع في بيتنا اختي تاخر موعد تطعيمها والعائلة كلها ماخذ تطعيم ياتها كورونا قوية واحني مافينا اعراض كللش اللهم لك الحمد,,,,,,,,,2,0,0.97216797,0.021255493,0.0064353943,4,0.97216797,0.1417715801026863,Favor,Against
1931,"النساء اللي وجدوا فرصة عمل في عصر""تمكين المرأة"" وتوفرت لديهم سيولة كثير منهن وضعوا سيولتهم في الأسهم أجزم أن ٩٠٪ منهن راح تخسر أموالها كما خسر الناس قبلهم وبعدهم  هذه الأسواق للمحترفين (فقط) اللهم هل بلغت",Women empowerment,"النساء اللي وجدوا فرصة عمل في عصر""تمكين المراة"" وتوفرت لديهم سيولة كثير منهن وضعوا سيولتهم في الاسهم اجزم ان ٩٠٪ منهن راح تخسر اموالها كما خسر الناس قبلهم وبعدهم هذه الاسواق للمحترفين (فقط) اللهم هل بلغت",Women empowerment,Favor,2,Negative,0,No,0,F_Explicit,,,"Target: Women empowerment Text: النساء اللي وجدوا فرصة عمل في عصر""تمكين المراة"" وتوفرت لديهم سيولة كثير منهن وضعوا سيولتهم في الاسهم اجزم ان ٩٠٪ منهن راح تخسر اموالها كما خسر الناس قبلهم وبعدهم هذه الاسواق للمحترفين (فقط) اللهم هل بلغت",,,,,,,,,2,0,0.96484375,0.00095129013,0.034301758,4,0.96484375,0.1568343716662807,Favor,Against
1987,أكثر من ألف وفاة في منشأة جنائز واحدة في مدينة بوپال في وسط الهند. كان الله في عون الهند 🇮🇳  Good Bless India #خذ_الخطوة_خذ_اللقاح  #تطعيم_كورونا #كورونا  #المتحور_الهندي ,Covid Vaccine,اكثر من الف وفاة في منشاة جنائز واحدة في مدينة بوپال في وسط الهند. كان الله في عون الهند 🇮🇳 Good Bless India #خذ الخطوة خذ اللقاح #تطعيم كورونا #كورونا #المتحور الهندي,Covid Vaccine,Favor,2,Neutral,1,No,0,F_Explicit,,,Target: Covid Vaccine Text: اكثر من الف وفاة في منشاة جنائز واحدة في مدينة بوپال في وسط الهند. كان الله في عون الهند 🇮🇳 Good Bless India #خذ الخطوة خذ اللقاح #تطعيم كورونا #كورونا #المتحور الهندي,,,,,,,,,2,0,0.9038086,0.010070801,0.086242676,4,0.9038086,0.3490612460611209,Favor,Against
2007, بعيدين كل البعد عن التحول الرقمي  وخدماتكم مجرد الكترونية دون انجاز ولا جودة  اقترح قبل التحول الرقمي اعادة هيكلة وقيادات ومن ثم تحول رقمي  من اسوء الشركات التي تعاملت معها محليا وعالميا,Digital Transformation,بعيدين كل البعد عن التحول الرقمي وخدماتكم مجرد الكترونية دون انجاز ولا جودة اقترح قبل التحول الرقمي اعادة هيكلة وقيادات ومن ثم تحول رقمي من اسوء الشركات التي تعاملت معها محليا وعالميا,Digital Transformation,Favor,2,Positive,2,No,0,F_Explicit,,,Target: Digital Transformation Text: بعيدين كل البعد عن التحول الرقمي وخدماتكم مجرد الكترونية دون انجاز ولا جودة اقترح قبل التحول الرقمي اعادة هيكلة وقيادات ومن ثم تحول رقمي من اسوء الشركات التي تعاملت معها محليا وعالميا,,,,,,,,,2,0,0.97509766,0.0014066696,0.023666382,4,0.97509766,0.12242643669443,Favor,Against
2025,   والله انك صادق لكن فيه ناس يقحمون تمكين المرأة في كل شي حتى في اشغال المفترض والاصح انه يقوم فيها رجال صاروا يحطون نساء من باب تمكين المرأة بس بشكل غلط,Women empowerment,والله انك صادق لكن فيه ناس يقحمون تمكين المراة في كل شي حتي في اشغال المفترض والاصح انه يقوم فيها رجال صاروا يحطون نساء من باب تمكين المراة بس بشكل غلط,Women empowerment,Favor,2,Negative,0,No,0,F_Explicit,,,Target: Women empowerment Text: والله انك صادق لكن فيه ناس يقحمون تمكين المراة في كل شي حتي في اشغال المفترض والاصح انه يقوم فيها رجال صاروا يحطون نساء من باب تمكين المراة بس بشكل غلط,,,,,,,,,2,0,0.93847656,0.0053482056,0.055999756,4,0.93847656,0.2489813948360516,Favor,Against
2180,في عصر ما قبل التحول الرقمي وصلنا الي متوسط زمني ساعات و حاليا نتباهي انها أيام و الله ده تحول ورقي ممكن مش رقمي.,Digital Transformation,في عصر ما قبل التحول الرقمي وصلنا الي متوسط زمني ساعات و حاليا نتباهي انها ايام و الله ده تحول ورقي ممكن مش رقمي.,Digital Transformation,Favor,2,Neutral,1,No,0,F_Explicit,,,Target: Digital Transformation Text: في عصر ما قبل التحول الرقمي وصلنا الي متوسط زمني ساعات و حاليا نتباهي انها ايام و الله ده تحول ورقي ممكن مش رقمي.,,,,,,,,,2,0,0.9941406,0.004196167,0.0014858246,4,0.9941406,0.0384856426547185,Favor,Against
2409,كورونا صار له سنة ولي الحين الناس تؤمن بالمؤامرة وان الدكاترة اهما اللي قاعد يذبحون الناس مو المرض وان التطعيم خطة للسيطرة على العالم 😫  زين ليش ما سيطرو علينا بالتطعيمات اللي ناخذها من أول يوم بحياتنا ليش أصنع فيروس عشان أصنع تطعيم أتحكم فيه بالناس  قوى الشر ما تعرف تخطط! 😅,Covid Vaccine,كورونا صار له سنة ولي الحين الناس تؤمن بالمؤامرة وان الدكاترة اهما اللي قاعد يذبحون الناس مو المرض وان التطعيم خطة للسيطرة علي العالم 😫 زين ليش ما سيطرو علينا بالتطعيمات اللي ناخذها من اول يوم بحياتنا ليش اصنع فيروس عشان اصنع تطعيم اتحكم فيه بالناس قوي الشر ما تعرف تخطط! 😅,Covid Vaccine,Favor,2,Negative,0,No,0,F_Implicit,,,Target: Covid Vaccine Text: كورونا صار له سنة ولي الحين الناس تؤمن بالمؤامرة وان الدكاترة اهما اللي قاعد يذبحون الناس مو المرض وان التطعيم خطة للسيطرة علي العالم 😫 زين ليش ما سيطرو علينا بالتطعيمات اللي ناخذها من اول يوم بحياتنا ليش اصنع فيروس عشان اصنع تطعيم اتحكم فيه بالناس قوي الشر ما تعرف تخطط! 😅,,,,,,,,,2,0,0.9975586,0.0008955002,0.0016727448,4,0.9975586,0.0194174940944155,Favor,Against
2454,"يُطلب من المرأة اليوم أن تكون الأم والعاملة واعتقاد أن هذه الهويتين يمكن الدمج بينهما بسهولة اعتقاد ساذج ! يُحط من قدر الأمومة تحت شعارات النجاح المهني السطحية والاستقلالية و ""تمكين المرأة"" حتى لو لم يُقصد ذلك. ",Women empowerment,"يُطلب من المراة اليوم ان تكون الام والعاملة واعتقاد ان هذه الهويتين يمكن الدمج بينهما بسهولة اعتقاد ساذج ! يُحط من قدر الامومة تحت شعارات النجاح المهني السطحية والاستقلالية و ""تمكين المراة"" حتي لو لم يُقصد ذلك.",Women empowerment,Favor,2,Negative,0,No,0,F_Explicit,,,"Target: Women empowerment Text: يُطلب من المراة اليوم ان تكون الام والعاملة واعتقاد ان هذه الهويتين يمكن الدمج بينهما بسهولة اعتقاد ساذج ! يُحط من قدر الامومة تحت شعارات النجاح المهني السطحية والاستقلالية و ""تمكين المراة"" حتي لو لم يُقصد ذلك.",,,,,,,,,2,0,0.93847656,0.00049829483,0.06112671,4,0.93847656,0.2342173311490977,Favor,Against
2818,#لا_للتطعيم_الاجباري27  لو تطعيم كورونا مضر كان حتى تطعيمات الأطفال مضره كلها تأتى من عندهم توكل على الله وطعم,Covid Vaccine,#لا للتطعيم الاجباري27 لو تطعيم كورونا مضر كان حتي تطعيمات الاطفال مضره كلها تاتي من عندهم توكل علي الله وطعم,Covid Vaccine,Favor,2,Neutral,1,No,0,F_Explicit,,,Target: Covid Vaccine Text: #لا للتطعيم الاجباري27 لو تطعيم كورونا مضر كان حتي تطعيمات الاطفال مضره كلها تاتي من عندهم توكل علي الله وطعم,,,,,,,,,2,0,0.9941406,0.0003786087,0.0054130554,4,0.9941406,0.0370756806960085,Favor,Against
2825, كل الأشخاص من عائلتي ومن معارفي ماتوا في المستشفى بسبب كورونا ما كانو ملقحين ولا أخدو اي تطعيم  ..🤷‍♀️,Covid Vaccine,كل الاشخاص من عائلتي ومن معارفي ماتوا في المستشفي بسبب كورونا ما كانو ملقحين ولا اخدو اي تطعيم ..🤷‍♀️,Covid Vaccine,Favor,2,Neutral,1,No,0,F_Explicit,,,Target: Covid Vaccine Text: كل الاشخاص من عائلتي ومن معارفي ماتوا في المستشفي بسبب كورونا ما كانو ملقحين ولا اخدو اي تطعيم ..🤷‍♀️,,,,,,,,,2,0,0.97558594,0.0016431808,0.022735596,4,0.97558594,0.1206756949729167,Favor,Against
2976,MENTION MENTION  مدري اشلون تفهمون اكيد بيجي كورونا دام نص الشعب مو متطعم وينقل للمرض لو تبطلون هبالات والكل يتطعم خلاص مابيجي احد زيه زي الحصبة ترا لما الكل تطعم ماعاد جت وللحين تطعيم الحصبة مستمر بس فالحين تخويف واشاعات,Covid Vaccine,مستخدم مستخدم مدري اشلون تفهمون اكيد بيجي كورونا دام نص الشعب مو متطعم وينقل للمرض لو تبطلون هبالات والكل يتطعم خلاص مابيجي احد زيه زي الحصبة ترا لما الكل تطعم ماعاد جت وللحين تطعيم الحصبة مستمر بس فالحين تخويف واشاعات,Covid Vaccine,Favor,2,Neutral,1,No,0,F_Explicit,,,Target: Covid Vaccine Text: مستخدم مستخدم مدري اشلون تفهمون اكيد بيجي كورونا دام نص الشعب مو متطعم وينقل للمرض لو تبطلون هبالات والكل يتطعم خلاص مابيجي احد زيه زي الحصبة ترا لما الكل تطعم ماعاد جت وللحين تطعيم الحصبة مستمر بس فالحين تخويف واشاعات,,,,,,,,,2,0,0.6010742,0.002817154,0.3959961,4,0.6010742,0.6893426997139529,Favor,Against
3009, اكبر كذبة بالتاريخ  انك تقول للناس ان في تطعيم ضد الفيروسات يجعلك محصن بالكاااامل     كل من روج تلك الكذبة  سيتحمل ذنب عذابات من صدقه  من الناس الفيروسات تتحور لايمكن ايجاد لقاح   لفيروس بشكل نهائي,Covid Vaccine,اكبر كذبة بالتاريخ انك تقول للناس ان في تطعيم ضد الفيروسات يجعلك محصن بالكاامل كل من روج تلك الكذبة سيتحمل ذنب عذابات من صدقه من الناس الفيروسات تتحور لايمكن ايجاد لقاح لفيروس بشكل نهائي,Covid Vaccine,Favor,2,Negative,0,No,0,F_Explicit,,,Target: Covid Vaccine Text: اكبر كذبة بالتاريخ انك تقول للناس ان في تطعيم ضد الفيروسات يجعلك محصن بالكاامل كل من روج تلك الكذبة سيتحمل ذنب عذابات من صدقه من الناس الفيروسات تتحور لايمكن ايجاد لقاح لفيروس بشكل نهائي,,,,,,,,,2,0,0.99853516,0.00079107285,0.0006966591,4,0.99853516,0.0121778685461347,Favor,Against
3097,المعذره!!!  تمكين المرأة لا يكمن في قمعها ووضعها في القالب الفكري الذي يرى بأنها مجرد جسد!! (النظره الشيئية)  انتبه لبرمجاتك فلعلها تحرّف المفاهيم حتى تحافظ على استمرار الدائره وتكرار النمط  هذا لا يسمى تمكين بل يسمى كبت واضطهاد!,Women empowerment,المعذره!! تمكين المراة لا يكمن في قمعها ووضعها في القالب الفكري الذي يري بانها مجرد جسد!! (النظره الشيئية) انتبه لبرمجاتك فلعلها تحرّف المفاهيم حتي تحافظ علي استمرار الدائره وتكرار النمط هذا لا يسمي تمكين بل يسمي كبت واضطهاد!,Women empowerment,Favor,2,Negative,0,No,0,F_Explicit,,,Target: Women empowerment Text: المعذره!! تمكين المراة لا يكمن في قمعها ووضعها في القالب الفكري الذي يري بانها مجرد جسد!! (النظره الشيئية) انتبه لبرمجاتك فلعلها تحرّف المفاهيم حتي تحافظ علي استمرار الدائره وتكرار النمط هذا لا يسمي تمكين بل يسمي كبت واضطهاد!,,,,,,,,,2,0,0.9951172,0.00023531914,0.0047836304,4,0.9951172,0.0323936604305401,Favor,Against
3329, ايش الي سلب حرية الفرد وانت طفل طعمت فوق ال20 جرعة وجاي على تطعيم فايروس كورونا وسلب حرية الفرد وذي مؤامره ومادري ايش .. انت اما رافضي ام متطرف ام عميل لدولة أمرتك ان تقول هذا الكلام الخزعبلي .,Covid Vaccine,ايش الي سلب حرية الفرد وانت طفل طعمت فوق ال20 جرعة وجاي علي تطعيم فايروس كورونا وسلب حرية الفرد وذي مؤامره ومادري ايش .. انت اما رافضي ام متطرف ام عميل لدولة امرتك ان تقول هذا الكلام الخزعبلي .,Covid Vaccine,Favor,2,Positive,2,Yes,1,F_Implicit,,,Target: Covid Vaccine Text: ايش الي سلب حرية الفرد وانت طفل طعمت فوق ال20 جرعة وجاي علي تطعيم فايروس كورونا وسلب حرية الفرد وذي مؤامره ومادري ايش .. انت اما رافضي ام متطرف ام عميل لدولة امرتك ان تقول هذا الكلام الخزعبلي .,,,,,,,,,2,0,0.9946289,0.0019130707,0.0034561157,4,0.9946289,0.0369185622843219,Favor,Against
3575,MENTION هذا تمكين المرأة وإلا بلاش,Women empowerment,مستخدم هذا تمكين المراة والا بلاش,Women empowerment,Favor,2,Positive,2,No,0,F_Explicit,,,Target: Women empowerment Text: مستخدم هذا تمكين المراة والا بلاش,,,,,,,,,2,0,0.9746094,0.0005784035,0.024765015,4,0.9746094,0.120966663810167,Favor,Against
3655,yeah it’s 2022 and this sh1t still among us!¡ اتساءل كيف ربط تمكين المرأة بإهتمامي بالفن الكوري الي أصلًا المُهتمين فيه افضل منه وامثاله بأضعاف   احنا الي كيف نحصّل عالم نظيف واعي والعnصRية والـtخلف هذا للحين في الناس URL,Women empowerment,yeah it’s 2022 and this sh1t still among us!¡ اتساءل كيف ربط تمكين المراة باهتمامي بالفن الكوري الي اصلًا المُهتمين فيه افضل منه وامثاله باضعاف احنا الي كيف نحصّل عالم نظيف واعي والعnصRية والtخلف هذا للحين في الناس,Women empowerment,Favor,2,Neutral,1,No,0,F_Explicit,,,Target: Women empowerment Text: yeah it’s 2022 and this sh1t still among us!¡ اتساءل كيف ربط تمكين المراة باهتمامي بالفن الكوري الي اصلًا المُهتمين فيه افضل منه وامثاله باضعاف احنا الي كيف نحصّل عالم نظيف واعي والعnصRية والtخلف هذا للحين في الناس,,,,,,,,,2,0,0.9863281,0.0026760101,0.010810852,4,0.9863281,0.0783721062735188,Favor,Against
3850,الأنمي حالياً يتجه إلى تمكين المرأة والمخانيث، فأبدلوا الملك، بملكة، وزعيم فرقة الكشافة بزعيمة ومخنث، وجعلوا أقوى عملاق وهو المطرقة بيد حرمة، والأحداث القادمة ستكون ابدال ليفايي بميككاسا، واخيرا البطل بغغابي,Women empowerment,الانمي حالياً يتجه الي تمكين المراة والمخانيث، فابدلوا الملك، بملكة، وزعيم فرقة الكشافة بزعيمة ومخنث، وجعلوا اقوي عملاق وهو المطرقة بيد حرمة، والاحداث القادمة ستكون ابدال ليفايي بميككاسا، واخيرا البطل بغغابي,Women empowerment,Favor,2,Negative,0,No,0,F_Explicit,,,Target: Women empowerment Text: الانمي حالياً يتجه الي تمكين المراة والمخانيث، فابدلوا الملك، بملكة، وزعيم فرقة الكشافة بزعيمة ومخنث، وجعلوا اقوي عملاق وهو المطرقة بيد حرمة، والاحداث القادمة ستكون ابدال ليفايي بميككاسا، واخيرا البطل بغغابي,,,,,,,,,2,0,0.9941406,0.0024299622,0.0035858154,4,0.9941406,0.0406611794753578,Favor,Against
4053,بعد مرور يوم على تطعيم الجرعه الثانيه من لقاح فايزر صج تعب وارهاق وتكاسل وصداع وماكو نوم أعان الله الناس اللي عندهم #كورونا,Covid Vaccine,بعد مرور يوم علي تطعيم الجرعه الثانيه من لقاح فايزر صج تعب وارهاق وتكاسل وصداع وماكو نوم اعان الله الناس اللي عندهم #كورونا,Covid Vaccine,Favor,2,Negative,0,No,0,F_Implicit,,,Target: Covid Vaccine Text: بعد مرور يوم علي تطعيم الجرعه الثانيه من لقاح فايزر صج تعب وارهاق وتكاسل وصداع وماكو نوم اعان الله الناس اللي عندهم #كورونا,,,,,,,,,2,0,0.93310547,0.04928589,0.017837524,4,0.93310547,0.2847836940768263,Favor,Against
587,  امشي مراكز تطعيم عندنا وشوف اقبال ناس وخود معاك فيديو وثق ومش هكي وبس  لم تسجل اي حاله مضاعفات باب شخص اخد لقاح. في ليبيا .. وكلام هذا عاري عن صحه ومش مزبوط صفحه غير صحيحه خلو ناس تاخد لقاح ياويلكم من ربي في بث كلام مزيف,Covid Vaccine,امشي مراكز تطعيم عندنا وشوف اقبال ناس وخود معاك فيديو وثق ومش هكي وبس لم تسجل اي حاله مضاعفات باب شخص اخد لقاح. في ليبيا .. وكلام هذا عاري عن صحه ومش مزبوط صفحه غير صحيحه خلو ناس تاخد لقاح ياويلكم من ربي في بث كلام مزيف,Covid Vaccine,Favor,2,Neutral,1,No,0,F_Explicit,,,Target: Covid Vaccine Text: امشي مراكز تطعيم عندنا وشوف اقبال ناس وخود معاك فيديو وثق ومش هكي وبس لم تسجل اي حاله مضاعفات باب شخص اخد لقاح. في ليبيا .. وكلام هذا عاري عن صحه ومش مزبوط صفحه غير صحيحه خلو ناس تاخد لقاح ياويلكم من ربي في بث كلام مزيف,,,,,,,,,2,0,0.81347656,0.00017082691,0.18640137,5,0.81347656,0.4825414146485918,Favor,Against
653, التحول الالكتروني راح يغلق كثير من الفروع في البنوك ولا غيره   مثل الجرايد والصحف سابقا,Digital Transformation,التحول الالكتروني راح يغلق كثير من الفروع في البنوك ولا غيره مثل الجرايد والصحف سابقا,Digital Transformation,Favor,2,Positive,2,No,0,F_Explicit,,,Target: Digital Transformation Text: التحول الالكتروني راح يغلق كثير من الفروع في البنوك ولا غيره مثل الجرايد والصحف سابقا,,,,,,,,,2,0,0.9970703,0.003030777,6.484985e-05,5,0.9970703,0.0211260622355517,Favor,Against
715,وزيرة الدولة لشؤون الاتصالات وتكنولوجيا المعلومات د.رنا الفارس وعدت بالتحول الرقمى   ولا زال التحول مصاب بالحول . بابا ما دام فيه مستشارين وافدين سيخسرون مواقعهم فحتما لن يكتب للتحول الرقمي النجاح .. فشلتم فشلا ذريعاً URL,Digital Transformation,وزيرة الدولة لشؤون الاتصالات وتكنولوجيا المعلومات د.رنا الفارس وعدت بالتحول الرقمي ولا زال التحول مصاب بالحول . بابا ما دام فيه مستشارين وافدين سيخسرون مواقعهم فحتما لن يكتب للتحول الرقمي النجاح .. فشلتم فشلا ذريعاً,Digital Transformation,Favor,2,Positive,2,No,0,F_Explicit,,,Target: Digital Transformation Text: وزيرة الدولة لشؤون الاتصالات وتكنولوجيا المعلومات د.رنا الفارس وعدت بالتحول الرقمي ولا زال التحول مصاب بالحول . بابا ما دام فيه مستشارين وافدين سيخسرون مواقعهم فحتما لن يكتب للتحول الرقمي النجاح .. فشلتم فشلا ذريعاً,,,,,,,,,2,0,1.0,0.00012242794,4.249811e-05,5,1.0,0.0015306175454609,Favor,Against
811, لماذا نثق في تطعيم أطفالنا بشتى اللقاحات التي تعتمدها وزارة الصحه ولا نثق بتقديمهم لقاح كورونا فكروا شوي 🤔,Covid Vaccine,لماذا نثق في تطعيم اطفالنا بشتي اللقاحات التي تعتمدها وزارة الصحه ولا نثق بتقديمهم لقاح كورونا فكروا شوي 🤔,Covid Vaccine,Favor,2,Neutral,1,No,0,F_Implicit,,,Target: Covid Vaccine Text: لماذا نثق في تطعيم اطفالنا بشتي اللقاحات التي تعتمدها وزارة الصحه ولا نثق بتقديمهم لقاح كورونا فكروا شوي 🤔,,,,,,,,,2,0,0.9995117,0.0006418228,6.043911e-05,5,0.9995117,0.0057934453465463,Favor,Against
1368,  ما قالو لهم غصب اخذو التطعيم مو مجبورين ..قالو دام ما تبون تطعيم تسوون فحص ان ما فيكم كورونا كل فترة .. ردو عليهم ان الفحص مو زين ويسبب امراض وما نبي نسوي فحص مع العلم ان في فحص كورونا باللعاب مو لازم عود بخشمك.,Covid Vaccine,ما قالو لهم غصب اخذو التطعيم مو مجبورين ..قالو دام ما تبون تطعيم تسوون فحص ان ما فيكم كورونا كل فترة .. ردو عليهم ان الفحص مو زين ويسبب امراض وما نبي نسوي فحص مع العلم ان في فحص كورونا باللعاب مو لازم عود بخشمك.,Covid Vaccine,Favor,2,Neutral,1,No,0,F_Implicit,,,Target: Covid Vaccine Text: ما قالو لهم غصب اخذو التطعيم مو مجبورين ..قالو دام ما تبون تطعيم تسوون فحص ان ما فيكم كورونا كل فترة .. ردو عليهم ان الفحص مو زين ويسبب امراض وما نبي نسوي فحص مع العلم ان في فحص كورونا باللعاب مو لازم عود بخشمك.,,,,,,,,,2,0,0.9980469,0.0018186569,2.771616e-05,5,0.9980469,0.0137171321097171,Favor,Against
1389,  كل شي معها ذلحين تمكين المراه,Women empowerment,كل شي معها ذلحين تمكين المراه,Women empowerment,Favor,2,Neutral,1,No,0,F_Explicit,,,Target: Women empowerment Text: كل شي معها ذلحين تمكين المراه,,,,,,,,,2,0,0.9638672,0.00011754036,0.036010742,5,0.9638672,0.1562330672496579,Favor,Against
1624,حكومة بلدي الكويت ... ضيعت فرصة قد لاتاتي مرة اخرى .. التحول الرقمي   والعمل عن بعد   والتعليم الالكتروني! URL,Digital Transformation,حكومة بلدي الكويت .. ضيعت فرصة قد لاتاتي مرة اخري .. التحول الرقمي والعمل عن بعد والتعليم الالكتروني!,Digital Transformation,Favor,2,Positive,2,No,0,F_Explicit,,,Target: Digital Transformation Text: حكومة بلدي الكويت .. ضيعت فرصة قد لاتاتي مرة اخري .. التحول الرقمي والعمل عن بعد والتعليم الالكتروني!,,,,,,,,,2,0,0.78271484,0.0010595322,0.21606445,5,0.78271484,0.5300618657516089,Favor,Against
1635,MENTION سؤالك غلط ! نعم اللقاح يمنع بصورة كبيره وبنسبة كبيرة مضاعفات كورونا الخطيرة والوفاة بسببها . عطني كم حالة ماتت وهي متطعمه  ( وهذه حالات لها صروفها الخاصة وربما لم تأخذ احتياطياتها حتى يتم تكون الاجسام المضادة .. وقارنها بنسبة غير المتطعميم ! نعم تحتاج شهادة تطعيم وسؤالك غلط !,Covid Vaccine,مستخدم سؤالك غلط ! نعم اللقاح يمنع بصورة كبيره وبنسبة كبيرة مضاعفات كورونا الخطيرة والوفاة بسببها . عطني كم حالة ماتت وهي متطعمه ( وهذه حالات لها صروفها الخاصة وربما لم تاخذ احتياطياتها حتي يتم تكون الاجسام المضادة .. وقارنها بنسبة غير المتطعميم ! نعم تحتاج شهادة تطعيم وسؤالك غلط !,Covid Vaccine,Favor,2,Positive,2,No,0,F_Explicit,,,Target: Covid Vaccine Text: مستخدم سؤالك غلط ! نعم اللقاح يمنع بصورة كبيره وبنسبة كبيرة مضاعفات كورونا الخطيرة والوفاة بسببها . عطني كم حالة ماتت وهي متطعمه ( وهذه حالات لها صروفها الخاصة وربما لم تاخذ احتياطياتها حتي يتم تكون الاجسام المضادة .. وقارنها بنسبة غير المتطعميم ! نعم تحتاج شهادة تطعيم وسؤالك غلط !,,,,,,,,,2,0,1.0,3.683567e-05,7.903576e-05,5,1.0,0.0011225979455465,Favor,Against
1722,أخدت تطعيم #كورونا وشجعت كل اللي أعرفهم ياخدوه بس أنا ضد شغل الحكومات القذر في حبس الشعوب والحد من حرية تحركهم بل ومراقبتهم. صديق مقيم في أستراليا وصل #مصر بعد حبس سنتين وشوية تقريبا لإن القارة قفلت علي نفسها تماما! سيناريو مريب ماكنتش حأصدقه لو إتعمل فيلم.,Covid Vaccine,اخدت تطعيم #كورونا وشجعت كل اللي اعرفهم ياخدوه بس انا ضد شغل الحكومات القذر في حبس الشعوب والحد من حرية تحركهم بل ومراقبتهم. صديق مقيم في استراليا وصل #مصر بعد حبس سنتين وشوية تقريبا لان القارة قفلت علي نفسها تماما! سيناريو مريب ماكنتش حاصدقه لو اتعمل فيلم.,Covid Vaccine,Favor,2,Neutral,1,No,0,F_Explicit,,,Target: Covid Vaccine Text: اخدت تطعيم #كورونا وشجعت كل اللي اعرفهم ياخدوه بس انا ضد شغل الحكومات القذر في حبس الشعوب والحد من حرية تحركهم بل ومراقبتهم. صديق مقيم في استراليا وصل #مصر بعد حبس سنتين وشوية تقريبا لان القارة قفلت علي نفسها تماما! سيناريو مريب ماكنتش حاصدقه لو اتعمل فيلم.,,,,,,,,,2,0,0.9980469,0.00013530254,0.0017871857,5,0.9980469,0.014464192218534,Favor,Against
1922,ياخذون ادوية الدنيا والدين بدون علم الموافقة الدوائيه او المنطمة الغذائيه عادي .. يغزون ابر فيلر وبوتكس مايدرون شنو مكوناتها عادي .. بس ياخذون تطعيم كورونا لاااا ومؤامرة وماعليه دراسات كافية وماوافقت عليه المنظمة الغذائية .. سبحان الله   #التطعيم #التطعيم_واجب_وطني,Covid Vaccine,ياخذون ادوية الدنيا والدين بدون علم الموافقة الدوائيه او المنطمة الغذائيه عادي .. يغزون ابر فيلر وبوتكس مايدرون شنو مكوناتها عادي .. بس ياخذون تطعيم كورونا لاا ومؤامرة وماعليه دراسات كافية وماوافقت عليه المنظمة الغذائية .. سبحان الله #التطعيم #التطعيم واجب وطني,Covid Vaccine,Favor,2,Positive,2,No,0,F_Explicit,,,Target: Covid Vaccine Text: ياخذون ادوية الدنيا والدين بدون علم الموافقة الدوائيه او المنطمة الغذائيه عادي .. يغزون ابر فيلر وبوتكس مايدرون شنو مكوناتها عادي .. بس ياخذون تطعيم كورونا لاا ومؤامرة وماعليه دراسات كافية وماوافقت عليه المنظمة الغذائية .. سبحان الله #التطعيم #التطعيم واجب وطني,,,,,,,,,2,0,1.0,0.0001487732,5.1021576e-05,5,1.0,0.001815410836089,Favor,Against
1944,لنفترض ان السعودية ماحطت القرارات المحفزة لأخذ اللقاح !  طيب اذا ماخذيته مراح تقدر تسافر لأغلب دول العالم او دول الخليج العربي لان الدول هذي تشترط تطعيم كورونا لدخولها يعني انت ماخذه كذا ولا كذا لانه قرار عالمي وليس سعودي فطعم وفكنا من هذرتك 🤐   #لا_للتطعيم_الاجباري #نعم_للتطعيم,Covid Vaccine,لنفترض ان السعودية ماحطت القرارات المحفزة لاخذ اللقاح ! طيب اذا ماخذيته مراح تقدر تسافر لاغلب دول العالم او دول الخليج العربي لان الدول هذي تشترط تطعيم كورونا لدخولها يعني انت ماخذه كذا ولا كذا لانه قرار عالمي وليس سعودي فطعم وفكنا من هذرتك 🤐 #لا للتطعيم الاجباري #نعم للتطعيم,Covid Vaccine,Favor,2,Neutral,1,No,0,F_Explicit,,,Target: Covid Vaccine Text: لنفترض ان السعودية ماحطت القرارات المحفزة لاخذ اللقاح ! طيب اذا ماخذيته مراح تقدر تسافر لاغلب دول العالم او دول الخليج العربي لان الدول هذي تشترط تطعيم كورونا لدخولها يعني انت ماخذه كذا ولا كذا لانه قرار عالمي وليس سعودي فطعم وفكنا من هذرتك 🤐 #لا للتطعيم الاجباري #نعم للتطعيم,,,,,,,,,2,0,0.99658203,7.516146e-05,0.003326416,5,0.99658203,0.0231059091065787,Favor,Against
1961,MENTION MENTION MENTION مشكلة عدم التطعيم هي ان يكون الشخص حاضن للفيروس وقد يتسبب ذالك مع الوقت بضهور سلالات للفيروس لا يمكن صنع لقاح لها في الوقت المناسب اسلم حل في رائي هو فرض تطعيم اجباري. فرض حجر علي من لم يطعم. من يمتنع عن التطعيم ولا يرغب في الحجر يحقن ب فيروس كورونا بدون عناية طبيه علي مسؤوليته,Covid Vaccine,مستخدم مستخدم مستخدم مشكلة عدم التطعيم هي ان يكون الشخص حاضن للفيروس وقد يتسبب ذالك مع الوقت بضهور سلالات للفيروس لا يمكن صنع لقاح لها في الوقت المناسب اسلم حل في رائي هو فرض تطعيم اجباري. فرض حجر علي من لم يطعم. من يمتنع عن التطعيم ولا يرغب في الحجر يحقن ب فيروس كورونا بدون عناية طبيه علي مسؤوليته,Covid Vaccine,Favor,2,Neutral,1,No,0,F_Explicit,,,Target: Covid Vaccine Text: مستخدم مستخدم مستخدم مشكلة عدم التطعيم هي ان يكون الشخص حاضن للفيروس وقد يتسبب ذالك مع الوقت بضهور سلالات للفيروس لا يمكن صنع لقاح لها في الوقت المناسب اسلم حل في رائي هو فرض تطعيم اجباري. فرض حجر علي من لم يطعم. من يمتنع عن التطعيم ولا يرغب في الحجر يحقن ب فيروس كورونا بدون عناية طبيه علي مسؤوليته,,,,,,,,,2,0,0.99902344,6.967783e-05,0.0011501312,5,0.99902344,0.0094269623915956,Favor,Against
2259,ومن هم تجار المخدرات الحقيقيين في هذا العالم   أم أنهم يعلمون وكالعادة يمارسون الدجل عبر الاعلام والذباب الالكتروني   كما سارعب بعض الأنظمة بامتداح جيوشها بزعم أنها منعت بلادها من التحول صوب النموذج الطالباني  (9),Digital Transformation,ومن هم تجار المخدرات الحقيقيين في هذا العالم ام انهم يعلمون وكالعادة يمارسون الدجل عبر الاعلام والذباب الالكتروني كما سارعب بعض الانظمة بامتداح جيوشها بزعم انها منعت بلادها من التحول صوب النموذج الطالباني (9),Digital Transformation,Favor,2,Positive,2,No,0,F_Explicit,,,Target: Digital Transformation Text: ومن هم تجار المخدرات الحقيقيين في هذا العالم ام انهم يعلمون وكالعادة يمارسون الدجل عبر الاعلام والذباب الالكتروني كما سارعب بعض الانظمة بامتداح جيوشها بزعم انها منعت بلادها من التحول صوب النموذج الطالباني (9),,,,,,,,,2,0,0.9746094,0.024612427,0.00054454803,5,0.9746094,0.1203349051168193,Favor,Against
2378,من بعد التحول الالكتروني اللي صار  -نوعا ما-توقعت نتحسن في تطوير المنظومة التعليم #  توقعت نقلل ورقيات ونركز استراتيحيات توقعت نقلل كميات ونركز جودة  توقعت نقلل تلقين ونزيد تجربة الطالب  اللي حصل زادت أحمال المعلمين  وكل يوم قرار يثقل كاهل المعلم. URL,Digital Transformation,من بعد التحول الالكتروني اللي صار -نوعا ما-توقعت نتحسن في تطوير المنظومة التعليم # توقعت نقلل ورقيات ونركز استراتيحيات توقعت نقلل كميات ونركز جودة توقعت نقلل تلقين ونزيد تجربة الطالب اللي حصل زادت احمال المعلمين وكل يوم قرار يثقل كاهل المعلم.,Digital Transformation,Favor,2,Positive,2,No,0,F_Explicit,,,Target: Digital Transformation Text: من بعد التحول الالكتروني اللي صار -نوعا ما-توقعت نتحسن في تطوير المنظومة التعليم # توقعت نقلل ورقيات ونركز استراتيحيات توقعت نقلل كميات ونركز جودة توقعت نقلل تلقين ونزيد تجربة الطالب اللي حصل زادت احمال المعلمين وكل يوم قرار يثقل كاهل المعلم.,,,,,,,,,2,0,1.0,4.720688e-05,0.00018846989,5,1.0,0.0020866519932777,Favor,Against
2475,MENTION MENTION مافيه تطعيم بالعالم يحمي ١٠٠٪ ولا يقوله مسلم  كل شي بأمر الله  لكن كورونا وكل التطعيمات تعطيك حمايه بنسبة كبيرة وتقلل نسبة المخاطر والاصابة هذا كفيل اننا نتجه للتطعيم  وتفعل بالأسباب انا طعمت بالانلفونزا وأصابني لكن خفيفة هنا العبرة هل احارب التطعيم؟ واقول كذب,Covid Vaccine,مستخدم مستخدم مافيه تطعيم بالعالم يحمي ١٠٠٪ ولا يقوله مسلم كل شي بامر الله لكن كورونا وكل التطعيمات تعطيك حمايه بنسبة كبيرة وتقلل نسبة المخاطر والاصابة هذا كفيل اننا نتجه للتطعيم وتفعل بالاسباب انا طعمت بالانلفونزا واصابني لكن خفيفة هنا العبرة هل احارب التطعيم؟ واقول كذب,Covid Vaccine,Favor,2,Neutral,1,No,0,F_Explicit,,,Target: Covid Vaccine Text: مستخدم مستخدم مافيه تطعيم بالعالم يحمي ١٠٠٪ ولا يقوله مسلم كل شي بامر الله لكن كورونا وكل التطعيمات تعطيك حمايه بنسبة كبيرة وتقلل نسبة المخاطر والاصابة هذا كفيل اننا نتجه للتطعيم وتفعل بالاسباب انا طعمت بالانلفونزا واصابني لكن خفيفة هنا العبرة هل احارب التطعيم؟ واقول كذب,,,,,,,,,2,0,0.99902344,0.00020766258,0.0009937286,5,0.99902344,0.0096076634672194,Favor,Against
2502,  وانا كثير من اصدقاءي واقاربي اصابهم مرض كورونا .. الي اخذوا التطعيم الله نجاهم وتجاوزوا المرض خلال اسبوعين .. والي ما اخذ التطعيم 90٪ توفاهم الله .. والله العظيم ان ما اقوله حق .. هذا شي انا شفته ما احد قالي .. الي يبي يغامر ولا ياخذ ت,Covid Vaccine,وانا كثير من اصدقاءي واقاربي اصابهم مرض كورونا .. الي اخذوا التطعيم الله نجاهم وتجاوزوا المرض خلال اسبوعين .. والي ما اخذ التطعيم 90٪ توفاهم الله .. والله العظيم ان ما اقوله حق .. هذا شي انا شفته ما احد قالي .. الي يبي يغامر ولا ياخذ ت,Covid Vaccine,Favor,2,Neutral,1,No,0,F_Explicit,,,Target: Covid Vaccine Text: وانا كثير من اصدقاءي واقاربي اصابهم مرض كورونا .. الي اخذوا التطعيم الله نجاهم وتجاوزوا المرض خلال اسبوعين .. والي ما اخذ التطعيم 90٪ توفاهم الله .. والله العظيم ان ما اقوله حق .. هذا شي انا شفته ما احد قالي .. الي يبي يغامر ولا ياخذ ت,,,,,,,,,2,0,0.9863281,0.0001180172,0.013450623,5,0.9863281,0.0726005394182787,Favor,Against
2618,  لإنه يتحور ويرجع لك بنسخة جديدة القديمة خلاص تمنع جسمك منها  لقاح انفلونزا يتغير كل سنة لإن الفيروس نفسه يتغير.. عشان كذا لازم تطعيم سنوي,Covid Vaccine,لانه يتحور ويرجع لك بنسخة جديدة القديمة خلاص تمنع جسمك منها لقاح انفلونزا يتغير كل سنة لان الفيروس نفسه يتغير.. عشان كذا لازم تطعيم سنوي,Covid Vaccine,Favor,2,Neutral,1,No,0,,,,Target: Covid Vaccine Text: لانه يتحور ويرجع لك بنسخة جديدة القديمة خلاص تمنع جسمك منها لقاح انفلونزا يتغير كل سنة لان الفيروس نفسه يتغير.. عشان كذا لازم تطعيم سنوي,,,,,,,,,2,0,0.9980469,0.0017757416,0.0001270771,5,0.9980469,0.0143378894763064,Favor,Against
2908,لي 17 سنه بقول لكم... يجب التحول إلى النظام الإلكتروني... وانتو رافضين... وكمان بتحاربوا فيا... يا متخلفين... جاء وقت الحساب.,Digital Transformation,لي 17 سنه بقول لكم.. يجب التحول الي النظام الالكتروني.. وانتو رافضين.. وكمان بتحاربوا فيا.. يا متخلفين.. جاء وقت الحساب.,Digital Transformation,Favor,2,Neutral,1,No,0,F_Implicit,,,Target: Digital Transformation Text: لي 17 سنه بقول لكم.. يجب التحول الي النظام الالكتروني.. وانتو رافضين.. وكمان بتحاربوا فيا.. يا متخلفين.. جاء وقت الحساب.,,,,,,,,,2,0,0.99072266,4.428625e-05,0.009117126,5,0.99072266,0.0525067512623908,Favor,Against
3005,  جم مره يوضحون الدكاتره وحفظناه صم 😁 هذا لقاح لفايروس خامل حاله حال أي تطعيم اخذناه .. وبمجرد يدخل بالجسم بعدها ينتهي ويختفي ويعطي مناعه للجسم مع الوقت .. مافي شي اسمه على المدى البعيد 😬لكن التجارب هدفها  لاختبار فاعليته لجمي,Covid Vaccine,جم مره يوضحون الدكاتره وحفظناه صم 😁 هذا لقاح لفايروس خامل حاله حال اي تطعيم اخذناه .. وبمجرد يدخل بالجسم بعدها ينتهي ويختفي ويعطي مناعه للجسم مع الوقت .. مافي شي اسمه علي المدي البعيد 😬لكن التجارب هدفها لاختبار فاعليته لجمي,Covid Vaccine,Favor,2,Neutral,1,No,0,F_Explicit,,,Target: Covid Vaccine Text: جم مره يوضحون الدكاتره وحفظناه صم 😁 هذا لقاح لفايروس خامل حاله حال اي تطعيم اخذناه .. وبمجرد يدخل بالجسم بعدها ينتهي ويختفي ويعطي مناعه للجسم مع الوقت .. مافي شي اسمه علي المدي البعيد 😬لكن التجارب هدفها لاختبار فاعليته لجمي,,,,,,,,,2,0,0.9995117,6.479025e-05,0.00018525124,5,0.9995117,0.0027050526202095,Favor,Against
3165,بعض الدول تمكين المراه عندهم بركوب الابل ولبس براقع في مهرجان الابل,Women empowerment,بعض الدول تمكين المراه عندهم بركوب الابل ولبس براقع في مهرجان الابل,Women empowerment,Favor,2,Negative,0,No,0,F_Explicit,,,Target: Women empowerment Text: بعض الدول تمكين المراه عندهم بركوب الابل ولبس براقع في مهرجان الابل,,,,,,,,,2,0,0.99609375,0.00015056133,0.003774643,5,0.99609375,0.0262841518870105,Favor,Against
3185,لازالت المرأه محاربه في زمان تمكين المراه واشد ماحربوها فيه اولادها #ابناء_المواطنات_السعوديات,Women empowerment,لازالت المراه محاربه في زمان تمكين المراه واشد ماحربوها فيه اولادها #ابناء المواطنات السعوديات,Women empowerment,Favor,2,Neutral,1,No,0,F_Explicit,,,Target: Women empowerment Text: لازالت المراه محاربه في زمان تمكين المراه واشد ماحربوها فيه اولادها #ابناء المواطنات السعوديات,,,,,,,,,2,0,0.9995117,0.00014257431,0.0002090931,5,0.9995117,0.0035223581311456,Favor,Against
3186,وعندما تسلط العنصري قتلني لان ذنبي أنني أمرأه في زمن #تمكين_المرأة وقتل اولادي #ابناء_المواطنات_السعوديات بالتهجير والطرد وهم مواليد المملكه ولديهم شهادات جامعيه وانهم سعوديه متى ستنتهي عاصفة العنصريه ومتى سينتهي زمن فسادهم #رمضان_مبارك,Women empowerment,وعندما تسلط العنصري قتلني لان ذنبي انني امراه في زمن #تمكين المراة وقتل اولادي #ابناء المواطنات السعوديات بالتهجير والطرد وهم مواليد المملكه ولديهم شهادات جامعيه وانهم سعوديه متي ستنتهي عاصفة العنصريه ومتي سينتهي زمن فسادهم #رمضان مبارك,Women empowerment,Favor,2,Negative,0,No,0,F_Explicit,,,Target: Women empowerment Text: وعندما تسلط العنصري قتلني لان ذنبي انني امراه في زمن #تمكين المراة وقتل اولادي #ابناء المواطنات السعوديات بالتهجير والطرد وهم مواليد المملكه ولديهم شهادات جامعيه وانهم سعوديه متي ستنتهي عاصفة العنصريه ومتي سينتهي زمن فسادهم #رمضان مبارك,,,,,,,,,2,0,0.99902344,0.00058603287,0.0001655817,5,0.99902344,0.0067789804198561,Favor,Against
3339,  في عز الصحوه كانت نسبة الطلاق كانت الاكثر ولا له دخل تمكين المرأة في نسبة الطلاق وبعدين ما هو الافضل لبنتي وبنتك ان تكون محتاجة لرجل وكما تعلم المحتاج مستعبد وراح تكون تحت رحمته والا تكون معتمده على نفسها وماهي في حاجة احد؟,Women empowerment,في عز الصحوه كانت نسبة الطلاق كانت الاكثر ولا له دخل تمكين المراة في نسبة الطلاق وبعدين ما هو الافضل لبنتي وبنتك ان تكون محتاجة لرجل وكما تعلم المحتاج مستعبد وراح تكون تحت رحمته والا تكون معتمده علي نفسها وماهي في حاجة احد؟,Women empowerment,Favor,2,Negative,0,No,0,F_Explicit,,,Target: Women empowerment Text: في عز الصحوه كانت نسبة الطلاق كانت الاكثر ولا له دخل تمكين المراة في نسبة الطلاق وبعدين ما هو الافضل لبنتي وبنتك ان تكون محتاجة لرجل وكما تعلم المحتاج مستعبد وراح تكون تحت رحمته والا تكون معتمده علي نفسها وماهي في حاجة احد؟,,,,,,,,,2,0,0.99902344,4.416704e-05,0.0007457733,5,0.99902344,0.0067893492289118,Favor,Against
3713, ولو مؤامره ليش جالسين يتنافسو ف تطعيم شعوبهم،،يعطو لقاح للدول الفقيره عشان يقل السكان😄,Covid Vaccine,ولو مؤامره ليش جالسين يتنافسو ف تطعيم شعوبهم،،يعطو لقاح للدول الفقيره عشان يقل السكان😄,Covid Vaccine,Favor,2,Neutral,1,Yes,1,F_Implicit,,,Target: Covid Vaccine Text: ولو مؤامره ليش جالسين يتنافسو ف تطعيم شعوبهم،،يعطو لقاح للدول الفقيره عشان يقل السكان😄,,,,,,,,,2,0,0.9995117,0.0004878044,0.0001333952,5,0.9995117,0.0053981579733777,Favor,Against
3855,مع #تمكين_المرأة  في الوظايف ، وصلنا لمرحلة في التوظيف ان حظوظ المرأة اكثر من الرجل في القطاعين العام والخاص وفي هذي الحالة  اتوقع حدوث نكس في المفاهيم بحيث تقوم المرأة بخطبة من تراه مناسب كزوج لها وتدفع له المهر وتصرف على الحفل.  وهو يسوي حفل الخطوبة ويجيب الكوشة 😉 #بس_اقول,Women empowerment,مع #تمكين المراة في الوظايف ، وصلنا لمرحلة في التوظيف ان حظوظ المراة اكثر من الرجل في القطاعين العام والخاص وفي هذي الحالة اتوقع حدوث نكس في المفاهيم بحيث تقوم المراة بخطبة من تراه مناسب كزوج لها وتدفع له المهر وتصرف علي الحفل. وهو يسوي حفل الخطوبة ويجيب الكوشة 😉 #بس اقول,Women empowerment,Favor,2,Negative,0,Yes,1,F_Explicit,,,Target: Women empowerment Text: مع #تمكين المراة في الوظايف ، وصلنا لمرحلة في التوظيف ان حظوظ المراة اكثر من الرجل في القطاعين العام والخاص وفي هذي الحالة اتوقع حدوث نكس في المفاهيم بحيث تقوم المراة بخطبة من تراه مناسب كزوج لها وتدفع له المهر وتصرف علي الحفل. وهو يسوي حفل الخطوبة ويجيب الكوشة 😉 #بس اقول,,,,,,,,,2,0,1.0,8.124113e-05,6.41346e-05,5,1.0,0.0013843253816383,Favor,Against
3870,MENTION يادكتور محمد العبداللطيف طال عمرك  الله هولاء المتاجرين عارفين صح الفرق بين الحق والباطل وبين الحلال والحرام وبين تمكين المرأة وتفوقها ونجاحها لخدمة دينها ووطنها وبين المتاجرة فيها لأجل مصلحة مادية قذرة ؟ المرأة المسلمة عندما يتم وضعها سلعة تفقد هويتها ؟,Women empowerment,مستخدم يادكتور محمد العبداللطيف طال عمرك الله هولاء المتاجرين عارفين صح الفرق بين الحق والباطل وبين الحلال والحرام وبين تمكين المراة وتفوقها ونجاحها لخدمة دينها ووطنها وبين المتاجرة فيها لاجل مصلحة مادية قذرة ؟ المراة المسلمة عندما يتم وضعها سلعة تفقد هويتها ؟,Women empowerment,Favor,2,Negative,0,No,0,F_Explicit,,,Target: Women empowerment Text: مستخدم يادكتور محمد العبداللطيف طال عمرك الله هولاء المتاجرين عارفين صح الفرق بين الحق والباطل وبين الحلال والحرام وبين تمكين المراة وتفوقها ونجاحها لخدمة دينها ووطنها وبين المتاجرة فيها لاجل مصلحة مادية قذرة ؟ المراة المسلمة عندما يتم وضعها سلعة تفقد هويتها ؟,,,,,,,,,2,0,0.9995117,0.00036668777,0.000341177,5,0.9995117,0.0061127008788495,Favor,Against
3880,MENTION خلاص سكروا كل شيء وحطوا حجر .. فقط اسمحوا للي عنده موعد تطعيم ضد كورونا يطلع يطعم ويرجع ... والله مانبي نرجع للحالات الكثيره زي اول 🥺💔,Covid Vaccine,مستخدم خلاص سكروا كل شيء وحطوا حجر .. فقط اسمحوا للي عنده موعد تطعيم ضد كورونا يطلع يطعم ويرجع .. والله مانبي نرجع للحالات الكثيره زي اول 🥺💔,Covid Vaccine,Favor,2,Neutral,1,No,0,F_Explicit,,,Target: Covid Vaccine Text: مستخدم خلاص سكروا كل شيء وحطوا حجر .. فقط اسمحوا للي عنده موعد تطعيم ضد كورونا يطلع يطعم ويرجع .. والله مانبي نرجع للحالات الكثيره زي اول 🥺💔,,,,,,,,,2,0,0.9140625,0.06137085,0.024337769,5,0.9140625,0.3438417931328061,Favor,Against
3937, اصلا في وظائف راح تنتهي مع التحوّل الالكتروني   ولا يعني ذلك الاستغناء عن هذه الموارد البشرية  بل تحويلهم لوظائف أخرى  البلد تتوسّع والحاجات تتزايد في كل القطاعات,Digital Transformation,اصلا في وظائف راح تنتهي مع التحوّل الالكتروني ولا يعني ذلك الاستغناء عن هذه الموارد البشرية بل تحويلهم لوظائف اخري البلد تتوسّع والحاجات تتزايد في كل القطاعات,Digital Transformation,Favor,2,Positive,2,No,0,F_Explicit,,,Target: Digital Transformation Text: اصلا في وظائف راح تنتهي مع التحوّل الالكتروني ولا يعني ذلك الاستغناء عن هذه الموارد البشرية بل تحويلهم لوظائف اخري البلد تتوسّع والحاجات تتزايد في كل القطاعات,,,,,,,,,2,0,0.99609375,0.0015602112,0.0021915436,5,0.99609375,0.0274013011056752,Favor,Against
3938, يذكر بأن الكليات التقنية العالمية تتبع التدريب التقني. وهي كليات حكومية تم إيقافها وتعليق مستقبل ( الطالبات ) اكثر من سنة ((حتى الان)).  #تمكين_المرأة !,Women empowerment,يذكر بان الكليات التقنية العالمية تتبع التدريب التقني. وهي كليات حكومية تم ايقافها وتعليق مستقبل ( الطالبات ) اكثر من سنة ((حتي الان)). #تمكين المراة !,Women empowerment,Favor,2,Positive,2,No,0,F_Explicit,,,Target: Women empowerment Text: يذكر بان الكليات التقنية العالمية تتبع التدريب التقني. وهي كليات حكومية تم ايقافها وتعليق مستقبل ( الطالبات ) اكثر من سنة ((حتي الان)). #تمكين المراة !,,,,,,,,,2,0,0.99902344,6.6280365e-05,0.00068187714,5,0.99902344,0.0065851423985903,Favor,Against
3942,   هذي تجارتها مالها دخل في تمكين المرأة  عندها فلوس وسوت سوبر ماركت هي وبناتها . يعني لازم تنحبس بيتها والحرمه محتشمه .حسبي الله عالحساد,Women empowerment,هذي تجارتها مالها دخل في تمكين المراة عندها فلوس وسوت سوبر ماركت هي وبناتها . يعني لازم تنحبس بيتها والحرمه محتشمه .حسبي الله عالحساد,Women empowerment,Favor,2,Negative,0,No,0,F_Explicit,,,Target: Women empowerment Text: هذي تجارتها مالها دخل في تمكين المراة عندها فلوس وسوت سوبر ماركت هي وبناتها . يعني لازم تنحبس بيتها والحرمه محتشمه .حسبي الله عالحساد,,,,,,,,,2,0,1.0,9.1671944e-05,0.00012683868,5,1.0,0.0019903730728723,Favor,Against
