ID,text_original,target_original,text_clean,target_clean,stance,stance_id,sentiment,sentiment_id,sarcasm,sarcasm_id,favor_reason,against_reason,none_reason,model_input,target_id,text,target,stance:confidence,sarcasm:confidence,sentiment:confidence,datetime,Date,true_label,pred_label,p_against,p_none,p_favor,fold,true_name,pred_name
21,باعتقادك هل تؤثر الإمبريالية في عملية إحلال الإجراءات التراتيبية التسلسلية التي تقوّض عملية تقديم الخدمة للعملاء من قبل مأموري سعادة المتعاملين؟ و هل التحول الالكتروني أسهم في تسهيل و تقصير رحلة المتعامل؟ ومن منظورك الشخصي..هل لمؤشرات الأداء دور رقابي على الخدمة نفسها أم مقدميها؟,Digital Transformation,باعتقادك هل تؤثر الامبريالية في عملية احلال الاجراءات التراتيبية التسلسلية التي تقوّض عملية تقديم الخدمة للعملاء من قبل ماموري سعادة المتعاملين؟ و هل التحول الالكتروني اسهم في تسهيل و تقصير رحلة المتعامل؟ ومن منظورك الشخصي..هل لمؤشرات الاداء دور رقابي علي الخدمة نفسها ام مقدميها؟,Digital Transformation,,1,Neutral,1,No,0,,,Not clear,Target: Digital Transformation Text: باعتقادك هل تؤثر الامبريالية في عملية احلال الاجراءات التراتيبية التسلسلية التي تقوّض عملية تقديم الخدمة للعملاء من قبل ماموري سعادة المتعاملين؟ و هل التحول الالكتروني اسهم في تسهيل و تقصير رحلة المتعامل؟ ومن منظورك الشخصي..هل لمؤشرات الاداء دور رقابي علي الخدمة نفسها ام مقدميها؟,,,,,,,,,1,2,0.17260742,0.2824707,0.5449219,1,None,Favor
44,  مو كل اللي ماطعموا جتهم كورونا انا من فضل الله لا كورونا ولا تطعيم الحمدلله يارب🤝,Covid Vaccine,مو كل اللي ماطعموا جتهم كورونا انا من فضل الله لا كورونا ولا تطعيم الحمدلله يارب🤝,Covid Vaccine,,1,Neutral,1,No,0,,,Not clear,Target: Covid Vaccine Text: مو كل اللي ماطعموا جتهم كورونا انا من فضل الله لا كورونا ولا تطعيم الحمدلله يارب🤝,,,,,,,,,1,2,0.2644043,0.014091492,0.7216797,1,None,Favor
119, اقسم بالله لن ينتهي كورونا لو يتم تطعيم جميع العالم   يجب ان نتعايش معه,Covid Vaccine,اقسم بالله لن ينتهي كورونا لو يتم تطعيم جميع العالم يجب ان نتعايش معه,Covid Vaccine,Against,0,Negative,0,No,0,,A_Explicit,,Target: Covid Vaccine Text: اقسم بالله لن ينتهي كورونا لو يتم تطعيم جميع العالم يجب ان نتعايش معه,,,,,,,,,0,1,0.0715332,0.5673828,0.36108398,1,Against,None
134,      كما ذكرت  هذا التحول التقني (لا) بد أن يواكبه تحول على مستوى العقول,Digital Transformation,كما ذكرت هذا التحول التقني (لا) بد ان يواكبه تحول علي مستوي العقول,Digital Transformation,,1,Neutral,1,No,0,,,Not clear,Target: Digital Transformation Text: كما ذكرت هذا التحول التقني (لا) بد ان يواكبه تحول علي مستوي العقول,,,,,,,,,1,2,0.0025539398,0.024139404,0.97314453,1,None,Favor
164,إن أرادت الوزارة المضي قدمًا نحو التحول الإلكتروني  عليها أن تسد الفجوات وتستمع لمطالب المعلمين الذين هم أدرى بشعاب البيئة التعليمية وليست إدارات التعليم. فمتى يكون ذلك؟,Digital Transformation,ان ارادت الوزارة المضي قدمًا نحو التحول الالكتروني عليها ان تسد الفجوات وتستمع لمطالب المعلمين الذين هم ادري بشعاب البيئة التعليمية وليست ادارات التعليم. فمتي يكون ذلك؟,Digital Transformation,,1,Negative,0,No,0,,,Not clear,Target: Digital Transformation Text: ان ارادت الوزارة المضي قدمًا نحو التحول الالكتروني عليها ان تسد الفجوات وتستمع لمطالب المعلمين الذين هم ادري بشعاب البيئة التعليمية وليست ادارات التعليم. فمتي يكون ذلك؟,,,,,,,,,1,2,0.010978699,0.07312012,0.9160156,1,None,Favor
186, التحول الرقمي وانتو ما تردو علي المتابعين!  تحول رقمي وهذا البرنامج الي معتمدين عليه؟ URL,Digital Transformation,التحول الرقمي وانتو ما تردو علي المتابعين! تحول رقمي وهذا البرنامج الي معتمدين عليه؟,Digital Transformation,Against,0,Negative,0,No,0,,A_Explicit,,Target: Digital Transformation Text: التحول الرقمي وانتو ما تردو علي المتابعين! تحول رقمي وهذا البرنامج الي معتمدين عليه؟,,,,,,,,,0,1,0.27197266,0.6694336,0.05847168,1,Against,None
288, يسلمك ربي من كل شر يا بو يعقوب 🌷 هذا اللي أخذناه من تطعيم كورونا وأنا أختك 🤦🏻‍♀️ الله المستعان والحمدلله على كل حال,Covid Vaccine,يسلمك ربي من كل شر يا بو يعقوب 🌷 هذا اللي اخذناه من تطعيم كورونا وانا اختك 🤦🏻‍♀️ الله المستعان والحمدلله علي كل حال,Covid Vaccine,,1,Neutral,1,No,0,,,Not clear,Target: Covid Vaccine Text: يسلمك ربي من كل شر يا بو يعقوب 🌷 هذا اللي اخذناه من تطعيم كورونا وانا اختك 🤦🏻‍♀️ الله المستعان والحمدلله علي كل حال,,,,,,,,,1,2,0.0105896,0.0041542053,0.98535156,1,None,Favor
292,كالعادة الخدمات الحكومية اعفن من قبل الرؤية  واللي يغبن تفتح تويتر تلقى لهم مدح لييين آمين على التحول الالكتروني فمايمديك حتى تنتقدهم,Digital Transformation,كالعادة الخدمات الحكومية اعفن من قبل الرؤية واللي يغبن تفتح تويتر تلقي لهم مدح ليين امين علي التحول الالكتروني فمايمديك حتي تنتقدهم,Digital Transformation,,1,Negative,0,No,0,,,Not clear,Target: Digital Transformation Text: كالعادة الخدمات الحكومية اعفن من قبل الرؤية واللي يغبن تفتح تويتر تلقي لهم مدح ليين امين علي التحول الالكتروني فمايمديك حتي تنتقدهم,,,,,,,,,1,0,0.81884766,0.028289795,0.15307617,1,None,Against
309,"وجه معالي #وزير_العدل د. وليد الصمعاني بإطلاق خدمة "" التقاضي عن بعد"" وأقر دليلها الإجرائي  ضمن جهود الوزارة لاستكمال منظومة التحول الرقمي ودعم سرعة الإنجاز وجودة المخرجات  وتفعيل وتكامل مسار التقاضي الإلكتروني.  URL  #وزارة_العدل URL",Digital Transformation,"وجه معالي #وزير العدل د. وليد الصمعاني باطلاق خدمة "" التقاضي عن بعد"" واقر دليلها الاجرائي ضمن جهود الوزارة لاستكمال منظومة التحول الرقمي ودعم سرعة الانجاز وجودة المخرجات وتفعيل وتكامل مسار التقاضي الالكتروني. #وزارة العدل",Digital Transformation,,1,Neutral,1,No,0,,,Not clear,"Target: Digital Transformation Text: وجه معالي #وزير العدل د. وليد الصمعاني باطلاق خدمة "" التقاضي عن بعد"" واقر دليلها الاجرائي ضمن جهود الوزارة لاستكمال منظومة التحول الرقمي ودعم سرعة الانجاز وجودة المخرجات وتفعيل وتكامل مسار التقاضي الالكتروني. #وزارة العدل",,,,,,,,,1,2,0.0056991577,0.024795532,0.96972656,1,None,Favor
333, كل خدماتهم راجع الفرع . وين التحول الالكتروني . اقسم بالله ندمت اشد الندم وان شاء الله جاري الانتقال الى بنك عدل مثل الانماء والله خدماتهم تفتح النفس,Digital Transformation,كل خدماتهم راجع الفرع . وين التحول الالكتروني . اقسم بالله ندمت اشد الندم وان شاء الله جاري الانتقال الي بنك عدل مثل الانماء والله خدماتهم تفتح النفس,Digital Transformation,Against,0,Negative,0,No,0,,A_Explicit,,Target: Digital Transformation Text: كل خدماتهم راجع الفرع . وين التحول الالكتروني . اقسم بالله ندمت اشد الندم وان شاء الله جاري الانتقال الي بنك عدل مثل الانماء والله خدماتهم تفتح النفس,,,,,,,,,0,2,0.078125,0.00907135,0.91259766,1,Against,Favor
370, سألني دكتور عن علاقة التكنولوجيا بعلم الإجتماع فتغير الجواب إلى وجهة نظر للمستقبل  وكنت أتكلم عن التحول الإلكتروني بإستثناء التعليم أن يستمر على الأقل بتقديم الدورات عن بعد  الدكتور ما رد على كلامي وقال لي قفل المايك 😅 ما ادري بس يمكن سؤاله كان ,Digital Transformation,سالني دكتور عن علاقة التكنولوجيا بعلم الاجتماع فتغير الجواب الي وجهة نظر للمستقبل وكنت اتكلم عن التحول الالكتروني باستثناء التعليم ان يستمر علي الاقل بتقديم الدورات عن بعد الدكتور ما رد علي كلامي وقال لي قفل المايك 😅 ما ادري بس يمكن سؤاله كان,Digital Transformation,Favor,2,Neutral,1,No,0,F_Explicit,,,Target: Digital Transformation Text: سالني دكتور عن علاقة التكنولوجيا بعلم الاجتماع فتغير الجواب الي وجهة نظر للمستقبل وكنت اتكلم عن التحول الالكتروني باستثناء التعليم ان يستمر علي الاقل بتقديم الدورات عن بعد الدكتور ما رد علي كلامي وقال لي قفل المايك 😅 ما ادري بس يمكن سؤاله كان,,,,,,,,,2,1,0.028915405,0.83691406,0.13439941,1,Favor,None
371, مع ولكن افضل ان اكون ضد في الوقت الحالي السبب عدم توفر البنية الاساسية القادرة على التحول للتعلم الالكتروني,Digital Transformation,مع ولكن افضل ان اكون ضد في الوقت الحالي السبب عدم توفر البنية الاساسية القادرة علي التحول للتعلم الالكتروني,Digital Transformation,Against,0,Negative,0,No,0,,A_Explicit,,Target: Digital Transformation Text: مع ولكن افضل ان اكون ضد في الوقت الحالي السبب عدم توفر البنية الاساسية القادرة علي التحول للتعلم الالكتروني,,,,,,,,,0,2,0.2849121,0.022827148,0.6923828,1,Against,Favor
372,التعليم عن بُعد جميل و ممتع بكل تفاصيله و آثاره . للطالب  للأسرة للمجمتع  المأمول هو التحول الالكتروني بالكامل   المسابقات   النشاطات   تحدي الابداع  الارشاد والتوجيه و الدعم النفسي ( مهمة جدا جدا) و لدينا في كل منطقة خبراء و خبيرات في هذا الشأن,Digital Transformation,التعليم عن بُعد جميل و ممتع بكل تفاصيله و اثاره . للطالب للاسرة للمجمتع المامول هو التحول الالكتروني بالكامل المسابقات النشاطات تحدي الابداع الارشاد والتوجيه و الدعم النفسي ( مهمة جدا جدا) و لدينا في كل منطقة خبراء و خبيرات في هذا الشان,Digital Transformation,,1,Negative,0,No,0,,,Not clear,Target: Digital Transformation Text: التعليم عن بُعد جميل و ممتع بكل تفاصيله و اثاره . للطالب للاسرة للمجمتع المامول هو التحول الالكتروني بالكامل المسابقات النشاطات تحدي الابداع الارشاد والتوجيه و الدعم النفسي ( مهمة جدا جدا) و لدينا في كل منطقة خبراء و خبيرات في هذا الشان,,,,,,,,,1,2,0.0019721985,0.0020980835,0.99609375,1,None,Favor
399,  قالوا اما تطعيم واما فحص كورونا فأنت مطلوب منك كورونا... والله اعلم,Covid Vaccine,قالوا اما تطعيم واما فحص كورونا فانت مطلوب منك كورونا.. والله اعلم,Covid Vaccine,Favor,2,Neutral,1,No,0,F_Explicit,,,Target: Covid Vaccine Text: قالوا اما تطعيم واما فحص كورونا فانت مطلوب منك كورونا.. والله اعلم,,,,,,,,,2,0,0.9658203,0.03173828,0.0024356842,1,Favor,Against
453,مبادرة تحفيزية في العاصمة الأمريكية واشنطن للمترددين من أخذ لقاح فيروس #كورونا: جرعة تطعيم مقابل جرعة ماريجوانا. على ما يبدو الإقبال كبير لأخذ التطعيم. ما هو الحافز المناسب في الإمارات خلال شهر رمضان الكريم ومن بعده عيدية العيد بدلًا من خطاب التهديد الذي سمعناه هذا الأسبوع؟ ,Covid Vaccine,مبادرة تحفيزية في العاصمة الامريكية واشنطن للمترددين من اخذ لقاح فيروس #كورونا: جرعة تطعيم مقابل جرعة ماريجوانا. علي ما يبدو الاقبال كبير لاخذ التطعيم. ما هو الحافز المناسب في الامارات خلال شهر رمضان الكريم ومن بعده عيدية العيد بدلًا من خطاب التهديد الذي سمعناه هذا الاسبوع؟,Covid Vaccine,,1,Negative,0,No,0,,,Not clear,Target: Covid Vaccine Text: مبادرة تحفيزية في العاصمة الامريكية واشنطن للمترددين من اخذ لقاح فيروس #كورونا: جرعة تطعيم مقابل جرعة ماريجوانا. علي ما يبدو الاقبال كبير لاخذ التطعيم. ما هو الحافز المناسب في الامارات خلال شهر رمضان الكريم ومن بعده عيدية العيد بدلًا من خطاب التهديد الذي سمعناه هذا الاسبوع؟,,,,,,,,,1,2,0.0132751465,0.30126953,0.6855469,1,None,Favor
482,التحول الرقمي اللي صار في السعودية في خمس سنوات شي مش طبيعي  مدري اصلا وش اللي باقي عندنا ماصار رقمي URL,Digital Transformation,التحول الرقمي اللي صار في السعودية في خمس سنوات شي مش طبيعي مدري اصلا وش اللي باقي عندنا ماصار رقمي,Digital Transformation,,1,Neutral,1,No,0,,,Not Related,Target: Digital Transformation Text: التحول الرقمي اللي صار في السعودية في خمس سنوات شي مش طبيعي مدري اصلا وش اللي باقي عندنا ماصار رقمي,,,,,,,,,1,0,0.6401367,0.039916992,0.31982422,1,None,Against
501,الخدمات الإلكترونية في الوزارة مريضه ولانجد حلول من قبلكم توثيق عقد زواج  سابقا قبل أن تكون إلكترونية تنتهي في ايام قليله بعد التحول الإلكتروني أصبحت بالاسابيع اي تطور ياوزارة العدل مايحدث شي مخجل جدا ..      ,Digital Transformation,الخدمات الالكترونية في الوزارة مريضه ولانجد حلول من قبلكم توثيق عقد زواج سابقا قبل ان تكون الكترونية تنتهي في ايام قليله بعد التحول الالكتروني اصبحت بالاسابيع اي تطور ياوزارة العدل مايحدث شي مخجل جدا ..,Digital Transformation,Against,0,Negative,0,No,0,,A_Explicit,,Target: Digital Transformation Text: الخدمات الالكترونية في الوزارة مريضه ولانجد حلول من قبلكم توثيق عقد زواج سابقا قبل ان تكون الكترونية تنتهي في ايام قليله بعد التحول الالكتروني اصبحت بالاسابيع اي تطور ياوزارة العدل مايحدث شي مخجل جدا ..,,,,,,,,,0,2,0.48632812,0.025375366,0.48828125,1,Against,Favor
506,  البلديات المكان الوحيد لي اتشائم لما اروح اخلص فيه معاملة موظفين قدامى جداً معاملات ورقية اجراءات معقدة  حقيقة هذه الجهة جداً بطيئة في التحول الالكتروني,Digital Transformation,البلديات المكان الوحيد لي اتشائم لما اروح اخلص فيه معاملة موظفين قدامي جداً معاملات ورقية اجراءات معقدة حقيقة هذه الجهة جداً بطيئة في التحول الالكتروني,Digital Transformation,Favor,2,Positive,2,No,0,F_Explicit,,,Target: Digital Transformation Text: البلديات المكان الوحيد لي اتشائم لما اروح اخلص فيه معاملة موظفين قدامي جداً معاملات ورقية اجراءات معقدة حقيقة هذه الجهة جداً بطيئة في التحول الالكتروني,,,,,,,,,2,0,0.78808594,0.012519836,0.19934082,1,Favor,Against
521, خلينا نستقر بالاول وبعدها تشوف التحول الالكتروني 😌😎,Digital Transformation,خلينا نستقر بالاول وبعدها تشوف التحول الالكتروني 😌😎,Digital Transformation,,1,Neutral,1,No,0,,,Not clear,Target: Digital Transformation Text: خلينا نستقر بالاول وبعدها تشوف التحول الالكتروني 😌😎,,,,,,,,,1,2,0.012504578,0.07965088,0.90771484,1,None,Favor
555,إنهـا عبارة عن أساليب لتعزيز دوافع فكرك  في الأوقات التي تواجه فيهـا أسـوا أعدائك  كما أن سلوكك  هو الذي يجبرك على التحول إلى التشتت الإلكتروني. هناك الكثير من النصائح التي تفيد الإنتاجية بشكل عام  وكذلك لمجابهة التشتت الرقمي. سنطالع في الفصليـن القادمين ما تفعله عندما يكون,Digital Transformation,انها عبارة عن اساليب لتعزيز دوافع فكرك في الاوقات التي تواجه فيها اسوا اعدائك كما ان سلوكك هو الذي يجبرك علي التحول الي التشتت الالكتروني. هناك الكثير من النصائح التي تفيد الانتاجية بشكل عام وكذلك لمجابهة التشتت الرقمي. سنطالع في الفصلين القادمين ما تفعله عندما يكون,Digital Transformation,Favor,2,Positive,2,No,0,F_Explicit,,,Target: Digital Transformation Text: انها عبارة عن اساليب لتعزيز دوافع فكرك في الاوقات التي تواجه فيها اسوا اعدائك كما ان سلوكك هو الذي يجبرك علي التحول الي التشتت الالكتروني. هناك الكثير من النصائح التي تفيد الانتاجية بشكل عام وكذلك لمجابهة التشتت الرقمي. سنطالع في الفصلين القادمين ما تفعله عندما يكون,,,,,,,,,2,1,0.032562256,0.79541016,0.17211914,1,Favor,None
563,#نبغى_صيفي_يا_الكليه_التقنيه       نعلم أنكم تشوفون  كلامنا !  لكن مصيبة إذًا حتى الطالب الي تم تعيينكم علشانه ما تعطونه اي اهتمام  كل الجامعات اعلنت ! وأنت اصل التقنية  خايفين من الدراسة عن بعد  مو كل يومين منزلين تغريدة أنكم نجحتم في التحول الإلكتروني !,Digital Transformation,#نبغي صيفي يا الكليه التقنيه نعلم انكم تشوفون كلامنا ! لكن مصيبة اذًا حتي الطالب الي تم تعيينكم علشانه ما تعطونه اي اهتمام كل الجامعات اعلنت ! وانت اصل التقنية خايفين من الدراسة عن بعد مو كل يومين منزلين تغريدة انكم نجحتم في التحول الالكتروني !,Digital Transformation,Against,0,Negative,0,No,0,,A_Explicit,,Target: Digital Transformation Text: #نبغي صيفي يا الكليه التقنيه نعلم انكم تشوفون كلامنا ! لكن مصيبة اذًا حتي الطالب الي تم تعيينكم علشانه ما تعطونه اي اهتمام كل الجامعات اعلنت ! وانت اصل التقنية خايفين من الدراسة عن بعد مو كل يومين منزلين تغريدة انكم نجحتم في التحول الالكتروني !,,,,,,,,,0,2,0.20300293,0.35766602,0.43920898,1,Against,Favor
575,  حلم الكثيرين استاذ سعود قد يأتي تدريجيا وعسى أن لا يطول الانتظار .. فنحن الآن نحاول الخروج من عنق زجاجة أحد التحديات الكبيرة وهي تسارع حاجة التحول الإلكتروني مقابل البنية التحتية للاتصالات...,Digital Transformation,حلم الكثيرين استاذ سعود قد ياتي تدريجيا وعسي ان لا يطول الانتظار .. فنحن الان نحاول الخروج من عنق زجاجة احد التحديات الكبيرة وهي تسارع حاجة التحول الالكتروني مقابل البنية التحتية للاتصالات..,Digital Transformation,,1,Neutral,1,No,0,,,Not clear,Target: Digital Transformation Text: حلم الكثيرين استاذ سعود قد ياتي تدريجيا وعسي ان لا يطول الانتظار .. فنحن الان نحاول الخروج من عنق زجاجة احد التحديات الكبيرة وهي تسارع حاجة التحول الالكتروني مقابل البنية التحتية للاتصالات..,,,,,,,,,1,2,0.0025482178,0.0018234253,0.99560547,1,None,Favor
653, التحول الالكتروني راح يغلق كثير من الفروع في البنوك ولا غيره   مثل الجرايد والصحف سابقا,Digital Transformation,التحول الالكتروني راح يغلق كثير من الفروع في البنوك ولا غيره مثل الجرايد والصحف سابقا,Digital Transformation,Favor,2,Positive,2,No,0,F_Explicit,,,Target: Digital Transformation Text: التحول الالكتروني راح يغلق كثير من الفروع في البنوك ولا غيره مثل الجرايد والصحف سابقا,,,,,,,,,2,0,0.6464844,0.328125,0.025497437,1,Favor,Against
759,للاسف لايتعدى التحول الرقمي في مشاريعنا الجديدة شراء منتج رقمي   في حين أن التحول الرقمي يعني تحول في الاستراتيجية والعقلية والخدمات URL,Digital Transformation,للاسف لايتعدي التحول الرقمي في مشاريعنا الجديدة شراء منتج رقمي في حين ان التحول الرقمي يعني تحول في الاستراتيجية والعقلية والخدمات,Digital Transformation,,1,Neutral,1,No,0,,,Not clear,Target: Digital Transformation Text: للاسف لايتعدي التحول الرقمي في مشاريعنا الجديدة شراء منتج رقمي في حين ان التحول الرقمي يعني تحول في الاستراتيجية والعقلية والخدمات,,,,,,,,,1,2,0.048065186,0.08190918,0.8701172,1,None,Favor
776,🔻من الخاص 📩   فيه تطعيم كورونا بالاحساء ٢٤ ساعه حتى لو بفلوس جايه من الرياض ولا اعرف اذا فيه مراكز,Covid Vaccine,🔻من الخاص 📩 فيه تطعيم كورونا بالاحساء ٢٤ ساعه حتي لو بفلوس جايه من الرياض ولا اعرف اذا فيه مراكز,Covid Vaccine,Favor,2,Neutral,1,No,0,F_Explicit,,,Target: Covid Vaccine Text: 🔻من الخاص 📩 فيه تطعيم كورونا بالاحساء ٢٤ ساعه حتي لو بفلوس جايه من الرياض ولا اعرف اذا فيه مراكز,,,,,,,,,2,1,0.0546875,0.7807617,0.16442871,1,Favor,None
781,توفي ٣ مسنين ثبتت إصابتهم بكورونا  من النوع الجنوب أفريقي أو البرازيلي تم تطعيم اثنين منهم بجرعتين فايزر تقول دراسات ان اللقاح قد لايكون فعال جدا ضد المتحور الافريقي والبرازيلي 😗 المتوفين كانوا مصابين بأمراض أخرى كحال اكثر وفيات كورونا وقضت عليهم كورونا  ,Covid Vaccine,توفي ٣ مسنين ثبتت اصابتهم بكورونا من النوع الجنوب افريقي او البرازيلي تم تطعيم اثنين منهم بجرعتين فايزر تقول دراسات ان اللقاح قد لايكون فعال جدا ضد المتحور الافريقي والبرازيلي 😗 المتوفين كانوا مصابين بامراض اخري كحال اكثر وفيات كورونا وقضت عليهم كورونا,Covid Vaccine,,1,Negative,0,No,0,,,Not clear,Target: Covid Vaccine Text: توفي ٣ مسنين ثبتت اصابتهم بكورونا من النوع الجنوب افريقي او البرازيلي تم تطعيم اثنين منهم بجرعتين فايزر تقول دراسات ان اللقاح قد لايكون فعال جدا ضد المتحور الافريقي والبرازيلي 😗 المتوفين كانوا مصابين بامراض اخري كحال اكثر وفيات كورونا وقضت عليهم كورونا,,,,,,,,,1,0,0.9848633,0.013458252,0.001789093,1,None,Against
829,مع التحول الرقمي في معظم المجالات في مؤسسات الدولة و القطاع الخاص تصبح الحاجة ملحه لحماية كل هذه الأنظمة من عبث العابثين من خلال الهجمات الإلكترونية و التي تفوق أضرارها الهجوم التقليدي.    #مركز_الدفاع_الالكتروني URL,Digital Transformation,مع التحول الرقمي في معظم المجالات في مؤسسات الدولة و القطاع الخاص تصبح الحاجة ملحه لحماية كل هذه الانظمة من عبث العابثين من خلال الهجمات الالكترونية و التي تفوق اضرارها الهجوم التقليدي. #مركز الدفاع الالكتروني,Digital Transformation,,1,Positive,2,No,0,,,Not clear,Target: Digital Transformation Text: مع التحول الرقمي في معظم المجالات في مؤسسات الدولة و القطاع الخاص تصبح الحاجة ملحه لحماية كل هذه الانظمة من عبث العابثين من خلال الهجمات الالكترونية و التي تفوق اضرارها الهجوم التقليدي. #مركز الدفاع الالكتروني,,,,,,,,,1,2,0.004714966,0.015792847,0.9794922,1,None,Favor
832,من باب التحول الرقمي  ودي احول رقمي من stc ل zain,Digital Transformation,من باب التحول الرقمي ودي احول رقمي من stc ل zain,Digital Transformation,Favor,2,Neutral,1,No,0,F_Explicit,,,Target: Digital Transformation Text: من باب التحول الرقمي ودي احول رقمي من stc ل zain,,,,,,,,,2,1,0.038604736,0.57666016,0.38452148,1,Favor,None
856,التحول التقني والذكاء الاصطناعي راح يقضي على الوظائف التقليدية الي وظيفتها بس دخل بيانات واطبع. مجرد تخيلك ماذا سيحصل في ٣٠-٥٠عام القادمه راح يكون شي مرعب.  #STC_تغلق_فروعها,Digital Transformation,التحول التقني والذكاء الاصطناعي راح يقضي علي الوظائف التقليدية الي وظيفتها بس دخل بيانات واطبع. مجرد تخيلك ماذا سيحصل في ٣٠-٥٠عام القادمه راح يكون شي مرعب. #STC تغلق فروعها,Digital Transformation,Against,0,Negative,0,Yes,1,,A_Explicit,,Target: Digital Transformation Text: التحول التقني والذكاء الاصطناعي راح يقضي علي الوظائف التقليدية الي وظيفتها بس دخل بيانات واطبع. مجرد تخيلك ماذا سيحصل في ٣٠-٥٠عام القادمه راح يكون شي مرعب. #STC تغلق فروعها,,,,,,,,,0,2,0.21972656,0.045806885,0.734375,1,Against,Favor
996,والله التحول التقني في السعودية شي عجييب جدا 😀,Digital Transformation,والله التحول التقني في السعودية شي عجييب جدا 😀,Digital Transformation,,1,Neutral,1,No,0,,,Not clear,Target: Digital Transformation Text: والله التحول التقني في السعودية شي عجييب جدا 😀,,,,,,,,,1,2,0.039367676,0.01121521,0.94921875,1,None,Favor
1141, تطعيم كورونا بدون حضور تنزل لك بصحتي وتوكلنا تصفير الضريبة القيمة المضافة تصفير غرامات الضبط الميداني,Covid Vaccine,تطعيم كورونا بدون حضور تنزل لك بصحتي وتوكلنا تصفير الضريبة القيمة المضافة تصفير غرامات الضبط الميداني,Covid Vaccine,Against,0,Neutral,1,No,0,,A_Explicit,,Target: Covid Vaccine Text: تطعيم كورونا بدون حضور تنزل لك بصحتي وتوكلنا تصفير الضريبة القيمة المضافة تصفير غرامات الضبط الميداني,,,,,,,,,0,2,0.012229919,0.015563965,0.97216797,1,Against,Favor
1205,🇸🇦 مـﻧـــ الخاصــ 📩 السلام عليكم ورحمة الله وبركاته مساء الخير هل يوجد حجز تطعيم لقاح كورونا في مركز جامعة طيبة في الليل.,Covid Vaccine,🇸🇦 مﻧ الخاص 📩 السلام عليكم ورحمة الله وبركاته مساء الخير هل يوجد حجز تطعيم لقاح كورونا في مركز جامعة طيبة في الليل.,Covid Vaccine,,1,Neutral,1,No,0,,,Not clear,Target: Covid Vaccine Text: 🇸🇦 مﻧ الخاص 📩 السلام عليكم ورحمة الله وبركاته مساء الخير هل يوجد حجز تطعيم لقاح كورونا في مركز جامعة طيبة في الليل.,,,,,,,,,1,2,0.01612854,0.24304199,0.74072266,1,None,Favor
1248,"هل عملك جاهز للتحول الرقمي القادم؟   ""يُقاس النجاح في التحول الرقمي بالقيمة التي يتم إنشاؤها عندما يعمل الأشخاص باستخدام الأدوات التقنية"".  URL",Digital Transformation,"هل عملك جاهز للتحول الرقمي القادم؟ ""يُقاس النجاح في التحول الرقمي بالقيمة التي يتم انشاؤها عندما يعمل الاشخاص باستخدام الادوات التقنية"".",Digital Transformation,,1,Negative,0,No,0,,,Not clear,"Target: Digital Transformation Text: هل عملك جاهز للتحول الرقمي القادم؟ ""يُقاس النجاح في التحول الرقمي بالقيمة التي يتم انشاؤها عندما يعمل الاشخاص باستخدام الادوات التقنية"".",,,,,,,,,1,2,0.06439209,0.2253418,0.7104492,1,None,Favor
1299, وهل تمت دراسة آثار تطعيم كورونا كما تمت دراسة آثار تطعيم الحصبة!!! بل بالعكس  تطعيم الحصبة يساعد على عدم اصابتك بالمرض بمشيئة الله لكن تطعيمة الكورونا لا تمنع.   شخصيا انا محصن لكن لا انتقد من يمنع نفسه واهله من اخذها.,Covid Vaccine,وهل تمت دراسة اثار تطعيم كورونا كما تمت دراسة اثار تطعيم الحصبة!! بل بالعكس تطعيم الحصبة يساعد علي عدم اصابتك بالمرض بمشيئة الله لكن تطعيمة الكورونا لا تمنع. شخصيا انا محصن لكن لا انتقد من يمنع نفسه واهله من اخذها.,Covid Vaccine,Against,0,Negative,0,No,0,,A_Explicit,,Target: Covid Vaccine Text: وهل تمت دراسة اثار تطعيم كورونا كما تمت دراسة اثار تطعيم الحصبة!! بل بالعكس تطعيم الحصبة يساعد علي عدم اصابتك بالمرض بمشيئة الله لكن تطعيمة الكورونا لا تمنع. شخصيا انا محصن لكن لا انتقد من يمنع نفسه واهله من اخذها.,,,,,,,,,0,2,0.032073975,0.015853882,0.95214844,1,Against,Favor
1368,  ما قالو لهم غصب اخذو التطعيم مو مجبورين ..قالو دام ما تبون تطعيم تسوون فحص ان ما فيكم كورونا كل فترة .. ردو عليهم ان الفحص مو زين ويسبب امراض وما نبي نسوي فحص مع العلم ان في فحص كورونا باللعاب مو لازم عود بخشمك.,Covid Vaccine,ما قالو لهم غصب اخذو التطعيم مو مجبورين ..قالو دام ما تبون تطعيم تسوون فحص ان ما فيكم كورونا كل فترة .. ردو عليهم ان الفحص مو زين ويسبب امراض وما نبي نسوي فحص مع العلم ان في فحص كورونا باللعاب مو لازم عود بخشمك.,Covid Vaccine,Favor,2,Neutral,1,No,0,F_Implicit,,,Target: Covid Vaccine Text: ما قالو لهم غصب اخذو التطعيم مو مجبورين ..قالو دام ما تبون تطعيم تسوون فحص ان ما فيكم كورونا كل فترة .. ردو عليهم ان الفحص مو زين ويسبب امراض وما نبي نسوي فحص مع العلم ان في فحص كورونا باللعاب مو لازم عود بخشمك.,,,,,,,,,2,0,0.8666992,0.12261963,0.010803223,1,Favor,Against
1406,  نعم صحيح  وأنا منهم خاصتن بعد ما اخذنا تطعيم كورونا,Covid Vaccine,نعم صحيح وانا منهم خاصتن بعد ما اخذنا تطعيم كورونا,Covid Vaccine,,1,Neutral,1,No,0,,,Not clear,Target: Covid Vaccine Text: نعم صحيح وانا منهم خاصتن بعد ما اخذنا تطعيم كورونا,,,,,,,,,1,2,0.035125732,0.019821167,0.9448242,1,None,Favor
1448, الحين معد يعتذر الا الطيبين  وقاحة وبرمضان اوقح النفوس اتغيرت اخوي عمر  والله العظيم بجد في تغغير هائل باخر سنتين  لا اعلم هل من تطعيم أو كورونا ضربت ادمغتهم,Covid Vaccine,الحين معد يعتذر الا الطيبين وقاحة وبرمضان اوقح النفوس اتغيرت اخوي عمر والله العظيم بجد في تغغير هائل باخر سنتين لا اعلم هل من تطعيم او كورونا ضربت ادمغتهم,Covid Vaccine,Favor,2,Negative,0,No,0,F_Explicit,,,Target: Covid Vaccine Text: الحين معد يعتذر الا الطيبين وقاحة وبرمضان اوقح النفوس اتغيرت اخوي عمر والله العظيم بجد في تغغير هائل باخر سنتين لا اعلم هل من تطعيم او كورونا ضربت ادمغتهم,,,,,,,,,2,0,0.81103516,0.17907715,0.009933472,1,Favor,Against
1495,شباب هي جرعة الbooster بتاعت تطعيم كورونا هترقدني في السرير يومين زي المرة اللي فاتت؟,Covid Vaccine,شباب هي جرعة الbooster بتاعت تطعيم كورونا هترقدني في السرير يومين زي المرة اللي فاتت؟,Covid Vaccine,,1,Neutral,1,No,0,,,Not clear,Target: Covid Vaccine Text: شباب هي جرعة الbooster بتاعت تطعيم كورونا هترقدني في السرير يومين زي المرة اللي فاتت؟,,,,,,,,,1,0,0.72314453,0.27539062,0.0013170242,1,None,Against
1590, فعلاً نحتاج توضيح  مو معقول نسبة الشفاء من كورونا عالية جداً بدون تطعيم واطعم الشعب كله,Covid Vaccine,فعلاً نحتاج توضيح مو معقول نسبة الشفاء من كورونا عالية جداً بدون تطعيم واطعم الشعب كله,Covid Vaccine,,1,Neutral,1,No,0,,,Not clear,Target: Covid Vaccine Text: فعلاً نحتاج توضيح مو معقول نسبة الشفاء من كورونا عالية جداً بدون تطعيم واطعم الشعب كله,,,,,,,,,1,0,0.9916992,0.005420685,0.0029411316,1,None,Against
1592,المحكمة الابتدائية ب #وادي_المعاول تستعرض جميع الدعاوى إلكترونيا ضمن مشروع التحول الالكتروني ل #مجلس_الشؤون_الادارية_للقضاء URL,Digital Transformation,المحكمة الابتدائية ب #وادي المعاول تستعرض جميع الدعاوي الكترونيا ضمن مشروع التحول الالكتروني ل #مجلس الشؤون الادارية للقضاء,Digital Transformation,,1,Neutral,1,No,0,,,Not clear,Target: Digital Transformation Text: المحكمة الابتدائية ب #وادي المعاول تستعرض جميع الدعاوي الكترونيا ضمن مشروع التحول الالكتروني ل #مجلس الشؤون الادارية للقضاء,,,,,,,,,1,2,0.030288696,0.43701172,0.53271484,1,None,Favor
1640, اخت نداء الهند ٣ ألاف موتى يوميا من كورونا و نفس الشي او اكثر في البرازيل يموتون يوميا و الاصابات تتعدى ٨٠ الف برازيلي النظام الصحي عندهم و في الهند انهار تماما لم يعد لديهم أكسجين و انتي تخرعين الناس من تطعيم مفيد ١٠٠ ٪ حرام عليج و خزي و ع,Covid Vaccine,اخت نداء الهند ٣ الاف موتي يوميا من كورونا و نفس الشي او اكثر في البرازيل يموتون يوميا و الاصابات تتعدي ٨٠ الف برازيلي النظام الصحي عندهم و في الهند انهار تماما لم يعد لديهم اكسجين و انتي تخرعين الناس من تطعيم مفيد ١٠٠ ٪ حرام عليج و خزي و ع,Covid Vaccine,Favor,2,Neutral,1,No,0,,,,Target: Covid Vaccine Text: اخت نداء الهند ٣ الاف موتي يوميا من كورونا و نفس الشي او اكثر في البرازيل يموتون يوميا و الاصابات تتعدي ٨٠ الف برازيلي النظام الصحي عندهم و في الهند انهار تماما لم يعد لديهم اكسجين و انتي تخرعين الناس من تطعيم مفيد ١٠٠ ٪ حرام عليج و خزي و ع,,,,,,,,,2,0,0.97802734,0.009246826,0.012863159,1,Favor,Against
1778,يبدو أن العالم سينشغل طويلا بمواجهة فايروس كورونا، حتى لو تم التطعيم ضد الفايروس، وقللنا فرص الإنتشار والإصابة. فلو فُرض بأنه تم تطعيم جميع السكان ببلد ما خلال عام، فإن من أخذ اللقاح في بداية العام يجب عليه أخذ اللقاح مرة أخرى لكون فترة صلاحية التطعيم لا تزيد عن عام بأفضل الأحوال,Covid Vaccine,يبدو ان العالم سينشغل طويلا بمواجهة فايروس كورونا، حتي لو تم التطعيم ضد الفايروس، وقللنا فرص الانتشار والاصابة. فلو فُرض بانه تم تطعيم جميع السكان ببلد ما خلال عام، فان من اخذ اللقاح في بداية العام يجب عليه اخذ اللقاح مرة اخري لكون فترة صلاحية التطعيم لا تزيد عن عام بافضل الاحوال,Covid Vaccine,,1,Neutral,1,No,0,,,Not clear,Target: Covid Vaccine Text: يبدو ان العالم سينشغل طويلا بمواجهة فايروس كورونا، حتي لو تم التطعيم ضد الفايروس، وقللنا فرص الانتشار والاصابة. فلو فُرض بانه تم تطعيم جميع السكان ببلد ما خلال عام، فان من اخذ اللقاح في بداية العام يجب عليه اخذ اللقاح مرة اخري لكون فترة صلاحية التطعيم لا تزيد عن عام بافضل الاحوال,,,,,,,,,1,0,0.85058594,0.13684082,0.012565613,1,None,Against
1780,  اتفق مع د.أحمد يجب عمل دراسة وتحليل للتحديات والفرص المتاحة للتحول الرقمي خاصة بكل قطاع ومدى فعاليتها و جاهزيتها لهذا التحول,Digital Transformation,اتفق مع د.احمد يجب عمل دراسة وتحليل للتحديات والفرص المتاحة للتحول الرقمي خاصة بكل قطاع ومدي فعاليتها و جاهزيتها لهذا التحول,Digital Transformation,Against,0,Negative,0,No,0,,A_Explicit,,Target: Digital Transformation Text: اتفق مع د.احمد يجب عمل دراسة وتحليل للتحديات والفرص المتاحة للتحول الرقمي خاصة بكل قطاع ومدي فعاليتها و جاهزيتها لهذا التحول,,,,,,,,,0,2,0.007091522,0.038146973,0.95458984,1,Against,Favor
1785,     تطعيم كورونا ليس اجباري  تطعيم كورونا ليس اجباري  تطعيم كورونا ليس اجباري,Covid Vaccine,تطعيم كورونا ليس اجباري تطعيم كورونا ليس اجباري تطعيم كورونا ليس اجباري,Covid Vaccine,,1,Neutral,1,No,0,,,Not clear,Target: Covid Vaccine Text: تطعيم كورونا ليس اجباري تطعيم كورونا ليس اجباري تطعيم كورونا ليس اجباري,,,,,,,,,1,0,0.95751953,0.033203125,0.009155273,1,None,Against
1808,إصابة وجرعتين تطعيم  يعني يا كورونا لا أشوفك قداااامي.,Covid Vaccine,اصابة وجرعتين تطعيم يعني يا كورونا لا اشوفك قداامي.,Covid Vaccine,Favor,2,Neutral,1,No,0,F_Implicit,,,Target: Covid Vaccine Text: اصابة وجرعتين تطعيم يعني يا كورونا لا اشوفك قداامي.,,,,,,,,,2,0,0.98779297,0.011497498,0.00069856644,1,Favor,Against
1844, اذا قرارات غير مكتمله زاي مقولت الوزير يتخذ قرارات بمنأي عن الواقع كان لابد من ايقاف الدراسة في وقت سابق لقراره كان لابد من ان يبدأ تطوير التعليم من مرحلة التعليم الاساسي وليس الثانوي كان لابد من تجهيز البنى التحتية قبل التحول الالكتروني فكر ,Digital Transformation,اذا قرارات غير مكتمله زاي مقولت الوزير يتخذ قرارات بمناي عن الواقع كان لابد من ايقاف الدراسة في وقت سابق لقراره كان لابد من ان يبدا تطوير التعليم من مرحلة التعليم الاساسي وليس الثانوي كان لابد من تجهيز البني التحتية قبل التحول الالكتروني فكر,Digital Transformation,Against,0,Negative,0,No,0,,A_Explicit,,Target: Digital Transformation Text: اذا قرارات غير مكتمله زاي مقولت الوزير يتخذ قرارات بمناي عن الواقع كان لابد من ايقاف الدراسة في وقت سابق لقراره كان لابد من ان يبدا تطوير التعليم من مرحلة التعليم الاساسي وليس الثانوي كان لابد من تجهيز البني التحتية قبل التحول الالكتروني فكر,,,,,,,,,0,2,0.09100342,0.026000977,0.8828125,1,Against,Favor
1868,ويقلك تطبيع وسلام وافلام بيفرضونه على العربان مثل تطعيم كورونا ويا كثر النخبه من الكبار اللي يلهث مثل الجرو ورى بني صهيون ورضاهم  ,Covid Vaccine,ويقلك تطبيع وسلام وافلام بيفرضونه علي العربان مثل تطعيم كورونا ويا كثر النخبه من الكبار اللي يلهث مثل الجرو وري بني صهيون ورضاهم,Covid Vaccine,Against,0,Negative,0,No,0,,A_Implicit,,Target: Covid Vaccine Text: ويقلك تطبيع وسلام وافلام بيفرضونه علي العربان مثل تطعيم كورونا ويا كثر النخبه من الكبار اللي يلهث مثل الجرو وري بني صهيون ورضاهم,,,,,,,,,0,2,0.3005371,0.1538086,0.54541016,1,Against,Favor
1884,#NAME?,Covid Vaccine,#NAME?,Covid Vaccine,Against,0,Negative,0,No,0,,A_Explicit,,Target: Covid Vaccine Text: #NAME?,,,,,,,,,0,1,0.4189453,0.5332031,0.047607422,1,Against,None
1909,في التأني السلامة   و في العجلة الندامة   #لقاح_فايزر  #تطعيم_كورونا #تم_التطعيم  💉💉💉💉,Covid Vaccine,في التاني السلامة و في العجلة الندامة #لقاح فايزر #تطعيم كورونا #تم التطعيم 💉💉,Covid Vaccine,,1,Neutral,1,No,0,,,Not clear,Target: Covid Vaccine Text: في التاني السلامة و في العجلة الندامة #لقاح فايزر #تطعيم كورونا #تم التطعيم 💉💉,,,,,,,,,1,2,0.007598877,0.016235352,0.9760742,1,None,Favor
1924,MENTION MENTION MENTION ما قد سمعت احد مات وقالوا بسبب انه اخذ جرعة تطعيم  كل من مات قالوا بسبب كورونا! كلنا بنموت مهما اختلفت الأسباب لكن الغريب  ربط موت كل إنسان بكورونا! اسأل الله ان يعافينا ويحفظنا من الامراض والاسقام ويرفع عنا البلاء,Covid Vaccine,مستخدم مستخدم مستخدم ما قد سمعت احد مات وقالوا بسبب انه اخذ جرعة تطعيم كل من مات قالوا بسبب كورونا! كلنا بنموت مهما اختلفت الاسباب لكن الغريب ربط موت كل انسان بكورونا! اسال الله ان يعافينا ويحفظنا من الامراض والاسقام ويرفع عنا البلاء,Covid Vaccine,,1,Neutral,1,No,0,,,Not clear,Target: Covid Vaccine Text: مستخدم مستخدم مستخدم ما قد سمعت احد مات وقالوا بسبب انه اخذ جرعة تطعيم كل من مات قالوا بسبب كورونا! كلنا بنموت مهما اختلفت الاسباب لكن الغريب ربط موت كل انسان بكورونا! اسال الله ان يعافينا ويحفظنا من الامراض والاسقام ويرفع عنا البلاء,,,,,,,,,1,0,0.9746094,0.015731812,0.009605408,1,None,Against
1974,كأنه من مضاعفات تطعيم كورونا  انه نبطل نعرف ندرس🙄,Covid Vaccine,كانه من مضاعفات تطعيم كورونا انه نبطل نعرف ندرس🙄,Covid Vaccine,,1,Neutral,1,Yes,1,,,Not clear,Target: Covid Vaccine Text: كانه من مضاعفات تطعيم كورونا انه نبطل نعرف ندرس🙄,,,,,,,,,1,0,0.6611328,0.3317871,0.0073509216,1,None,Against
1981, اي سمعته   ادوية وليست لقاحات   بعد كم شهر من تطعيم كورونا، فاجؤوا الناس وقالوا لهم ممكن تحتاجون جرعة ثالثة 😏  مع هذا اللقاح توقع الغير متوقع,Covid Vaccine,اي سمعته ادوية وليست لقاحات بعد كم شهر من تطعيم كورونا، فاجؤوا الناس وقالوا لهم ممكن تحتاجون جرعة ثالثة 😏 مع هذا اللقاح توقع الغير متوقع,Covid Vaccine,,1,Neutral,1,No,0,,,Not clear,Target: Covid Vaccine Text: اي سمعته ادوية وليست لقاحات بعد كم شهر من تطعيم كورونا، فاجؤوا الناس وقالوا لهم ممكن تحتاجون جرعة ثالثة 😏 مع هذا اللقاح توقع الغير متوقع,,,,,,,,,1,0,0.99072266,0.007347107,0.0017557144,1,None,Against
1998,MENTION الي اخذ جرعة كورونا حول العالم ٣ مليار شخص  الكويتيين ٣ مليون ومو مقتنعين انه يحتاج تطعيم  هذا الشعب كيف تفهمه او تتفاهم معه,Covid Vaccine,مستخدم الي اخذ جرعة كورونا حول العالم ٣ مليار شخص الكويتيين ٣ مليون ومو مقتنعين انه يحتاج تطعيم هذا الشعب كيف تفهمه او تتفاهم معه,Covid Vaccine,Favor,2,Neutral,1,No,0,F_Implicit,,,Target: Covid Vaccine Text: مستخدم الي اخذ جرعة كورونا حول العالم ٣ مليار شخص الكويتيين ٣ مليون ومو مقتنعين انه يحتاج تطعيم هذا الشعب كيف تفهمه او تتفاهم معه,,,,,,,,,2,0,0.6796875,0.2631836,0.057434082,1,Favor,Against
2041,   الاهلي اصبح من اسوأ البنوك خدمات سيئه للغايه واغلب خدماتهم عن طريق الفروع بالرغم من التحول الالكتروني لجميع البنوك ..,Digital Transformation,الاهلي اصبح من اسوا البنوك خدمات سيئه للغايه واغلب خدماتهم عن طريق الفروع بالرغم من التحول الالكتروني لجميع البنوك ..,Digital Transformation,Favor,2,Neutral,1,No,0,F_Explicit,,,Target: Digital Transformation Text: الاهلي اصبح من اسوا البنوك خدمات سيئه للغايه واغلب خدماتهم عن طريق الفروع بالرغم من التحول الالكتروني لجميع البنوك ..,,,,,,,,,2,0,0.64697266,0.013519287,0.33935547,1,Favor,Against
2074,فى اطار مبادرة لننمو معا ينظم الاقليم الكشفى جلسه حواريه عن التحول الرقمى فى ضوء ازمة الكورونا غزا الاثنين الساعه ٣ عصرا بتوقيت القاهرة  بمشاركه د. خالد العطار نائب وزير الاتصالات المصرى للتحول الرقمى URL,Digital Transformation,في اطار مبادرة لننمو معا ينظم الاقليم الكشفي جلسه حواريه عن التحول الرقمي في ضوء ازمة الكورونا غزا الاثنين الساعه ٣ عصرا بتوقيت القاهرة بمشاركه د. خالد العطار نائب وزير الاتصالات المصري للتحول الرقمي,Digital Transformation,Favor,2,Positive,2,No,0,F_Explicit,,,Target: Digital Transformation Text: في اطار مبادرة لننمو معا ينظم الاقليم الكشفي جلسه حواريه عن التحول الرقمي في ضوء ازمة الكورونا غزا الاثنين الساعه ٣ عصرا بتوقيت القاهرة بمشاركه د. خالد العطار نائب وزير الاتصالات المصري للتحول الرقمي,,,,,,,,,2,1,0.010223389,0.49682617,0.49291992,1,Favor,None
2083,  اصلاً هم سبب عدم التحول الالكتروني في المعاملات. ويوم راحوا واستلموها شباب الكويت صارت اغلب الجهات الحكومية عندهم معاملات الكترونية. فاقد الشي ء لا يعطيه,Digital Transformation,اصلاً هم سبب عدم التحول الالكتروني في المعاملات. ويوم راحوا واستلموها شباب الكويت صارت اغلب الجهات الحكومية عندهم معاملات الكترونية. فاقد الشي ء لا يعطيه,Digital Transformation,,1,Neutral,1,No,0,,,Not clear,Target: Digital Transformation Text: اصلاً هم سبب عدم التحول الالكتروني في المعاملات. ويوم راحوا واستلموها شباب الكويت صارت اغلب الجهات الحكومية عندهم معاملات الكترونية. فاقد الشي ء لا يعطيه,,,,,,,,,1,2,0.004714966,0.0033931732,0.9916992,1,None,Favor
2147, الحمد لله  ولكن يجب علينا ان نعلم أن التحول الإلكتروني لا يعني بالضرورة تطور وتحسين الخدمة بل في بعض الأحيان تكون الخدمة أسوأ من قبل. هذا حسب خبرتي في إستخدام الخدمات الإلكترونية.,Digital Transformation,الحمد لله ولكن يجب علينا ان نعلم ان التحول الالكتروني لا يعني بالضرورة تطور وتحسين الخدمة بل في بعض الاحيان تكون الخدمة اسوا من قبل. هذا حسب خبرتي في استخدام الخدمات الالكترونية.,Digital Transformation,Against,0,Negative,0,No,0,,A_Explicit,,Target: Digital Transformation Text: الحمد لله ولكن يجب علينا ان نعلم ان التحول الالكتروني لا يعني بالضرورة تطور وتحسين الخدمة بل في بعض الاحيان تكون الخدمة اسوا من قبل. هذا حسب خبرتي في استخدام الخدمات الالكترونية.,,,,,,,,,0,2,0.07965088,0.013069153,0.90722656,1,Against,Favor
2210,#كورونا لن ينتهي قبل تطعيم 70% من سكان العالم! #لقاح_كورونا  URL,Covid Vaccine,#كورونا لن ينتهي قبل تطعيم 70% من سكان العالم! #لقاح كورونا,Covid Vaccine,Favor,2,Neutral,1,No,0,F_Explicit,,,Target: Covid Vaccine Text: #كورونا لن ينتهي قبل تطعيم 70% من سكان العالم! #لقاح كورونا,,,,,,,,,2,1,0.13647461,0.7885742,0.07495117,1,Favor,None
2216,"في ظل ابتكار تقنيات جديدة لتقديم الخدمات بشكل عام حول العالم   بدأت المملكة و بالخصوص في المجالات القانونية و الحقوقية و الإدارية بتطبيق هذا التحول التقني تدريجيًا   ستختفي مهنة ""المعقب"" وستقل المحاماة التقليدية المقتصرة على الترافع فقط",Digital Transformation,"في ظل ابتكار تقنيات جديدة لتقديم الخدمات بشكل عام حول العالم بدات المملكة و بالخصوص في المجالات القانونية و الحقوقية و الادارية بتطبيق هذا التحول التقني تدريجيًا ستختفي مهنة ""المعقب"" وستقل المحاماة التقليدية المقتصرة علي الترافع فقط",Digital Transformation,,1,Neutral,1,No,0,,,Not clear,"Target: Digital Transformation Text: في ظل ابتكار تقنيات جديدة لتقديم الخدمات بشكل عام حول العالم بدات المملكة و بالخصوص في المجالات القانونية و الحقوقية و الادارية بتطبيق هذا التحول التقني تدريجيًا ستختفي مهنة ""المعقب"" وستقل المحاماة التقليدية المقتصرة علي الترافع فقط",,,,,,,,,1,2,0.0036697388,0.0044403076,0.9916992,1,None,Favor
2220,يالله #لقاح_جونسون_أند_جونسون وقفته اوروبا لان يسوي جلطات بعد اسبوعين من اخذه…!!   وتبوني اتلقح بعد…🙃✋  #وزارة_الصحة #تطعيم #كورونا #جسمي_ملكي #رمضان URL,Covid Vaccine,يالله #لقاح جونسون اند جونسون وقفته اوروبا لان يسوي جلطات بعد اسبوعين من اخذه…!! وتبوني اتلقح بعد…🙃✋ #وزارة الصحة #تطعيم #كورونا #جسمي ملكي #رمضان,Covid Vaccine,Against,0,Negative,0,No,0,,A_Explicit,,Target: Covid Vaccine Text: يالله #لقاح جونسون اند جونسون وقفته اوروبا لان يسوي جلطات بعد اسبوعين من اخذه…!! وتبوني اتلقح بعد…🙃✋ #وزارة الصحة #تطعيم #كورونا #جسمي ملكي #رمضان,,,,,,,,,0,2,0.41430664,0.15905762,0.4267578,1,Against,Favor
2239,كيف يمكن لمؤسسة أن تنجح في مشاريع #التحول_الرقمي بينما لا يزال يتعين القيام بكل شيء من خلال القنوات التقليدية (المكالمات الهاتفية  رسائل البريد الإلكتروني - إن وجد   والاجتماعات في مقر العمل)  إضافة إلى التقنية الدخيله على #بيئة_العمل وهي مجموعات الواتساب!!,Digital Transformation,كيف يمكن لمؤسسة ان تنجح في مشاريع #التحول الرقمي بينما لا يزال يتعين القيام بكل شيء من خلال القنوات التقليدية (المكالمات الهاتفية رسائل البريد الالكتروني - ان وجد والاجتماعات في مقر العمل) اضافة الي التقنية الدخيله علي #بيئة العمل وهي مجموعات الواتساب!!,Digital Transformation,,1,Neutral,1,No,0,,,Not clear,Target: Digital Transformation Text: كيف يمكن لمؤسسة ان تنجح في مشاريع #التحول الرقمي بينما لا يزال يتعين القيام بكل شيء من خلال القنوات التقليدية (المكالمات الهاتفية رسائل البريد الالكتروني - ان وجد والاجتماعات في مقر العمل) اضافة الي التقنية الدخيله علي #بيئة العمل وهي مجموعات الواتساب!!,,,,,,,,,1,0,0.71484375,0.27246094,0.0129470825,1,None,Against
2291,بيل غيتس   ولله الحمد ( شبع )   صرّح بأن كورونا سوف تنتهي في ٢٠٢٢   لكن كل سنة في ( تطعيم )  😂😂😂😂 URL,Covid Vaccine,بيل غيتس ولله الحمد ( شبع ) صرّح بان كورونا سوف تنتهي في ٢٠٢٢ لكن كل سنة في ( تطعيم ) 😂😂,Covid Vaccine,,1,Neutral,1,Yes,1,,,Not clear,Target: Covid Vaccine Text: بيل غيتس ولله الحمد ( شبع ) صرّح بان كورونا سوف تنتهي في ٢٠٢٢ لكن كل سنة في ( تطعيم ) 😂😂,,,,,,,,,1,2,0.3095703,0.12145996,0.56884766,1,None,Favor
2380,"لم تسجِّل بعد!🤔 لا تفوِّت محاضرتنا الشيقة والقيّمة بمعلوماتها  على #ويبينار_التحول_التقني  بعنوان ""تحليل البيانات باستخدام POWER BI""  انتظرونا غدًا 🤩  سجِّل الآن   URL URL",Digital Transformation,"لم تسجِّل بعد!🤔 لا تفوِّت محاضرتنا الشيقة والقيّمة بمعلوماتها علي #ويبينار التحول التقني بعنوان ""تحليل البيانات باستخدام POWER BI"" انتظرونا غدًا 🤩 سجِّل الان",Digital Transformation,Favor,2,Positive,2,No,0,F_Explicit,,,"Target: Digital Transformation Text: لم تسجِّل بعد!🤔 لا تفوِّت محاضرتنا الشيقة والقيّمة بمعلوماتها علي #ويبينار التحول التقني بعنوان ""تحليل البيانات باستخدام POWER BI"" انتظرونا غدًا 🤩 سجِّل الان",,,,,,,,,2,1,0.029144287,0.9003906,0.07055664,1,Favor,None
2488, اذكر لما كنا صغار قبل نسجل بالمدرسه اخذنا تطعيم .. الاعراض اللي صارت بعده هي نفس الاعراض اللي جتني بعد لقاح استرازنيكا .. مادري ليش هاللغط كله,Covid Vaccine,اذكر لما كنا صغار قبل نسجل بالمدرسه اخذنا تطعيم .. الاعراض اللي صارت بعده هي نفس الاعراض اللي جتني بعد لقاح استرازنيكا .. مادري ليش هاللغط كله,Covid Vaccine,Favor,2,Neutral,1,No,0,F_Implicit,,,Target: Covid Vaccine Text: اذكر لما كنا صغار قبل نسجل بالمدرسه اخذنا تطعيم .. الاعراض اللي صارت بعده هي نفس الاعراض اللي جتني بعد لقاح استرازنيكا .. مادري ليش هاللغط كله,,,,,,,,,2,0,0.8647461,0.068481445,0.06677246,1,Favor,Against
2505,(2030)  رؤية المستقبل و التطور و التحول الإلكتروني رؤية طموحه من قائد حالم طموح انها رؤية سيدي الامير محمد بن سلمان بن عبدالعزيز آل سعود حفظه الله ورعاه 🙏💚💚 URL,Digital Transformation,(2030) رؤية المستقبل و التطور و التحول الالكتروني رؤية طموحه من قائد حالم طموح انها رؤية سيدي الامير محمد بن سلمان بن عبدالعزيز ال سعود حفظه الله ورعاه 🙏💚💚,Digital Transformation,,1,Positive,2,No,0,,,Not clear,Target: Digital Transformation Text: (2030) رؤية المستقبل و التطور و التحول الالكتروني رؤية طموحه من قائد حالم طموح انها رؤية سيدي الامير محمد بن سلمان بن عبدالعزيز ال سعود حفظه الله ورعاه 🙏💚💚,,,,,,,,,1,2,0.003736496,0.004863739,0.99121094,1,None,Favor
2559,كلام نهائي........... تطعيم فيروس كورونا زي عدمه ولكنه طرق لأبواب مسبب الأسباب. ,Covid Vaccine,كلام نهائي.. تطعيم فيروس كورونا زي عدمه ولكنه طرق لابواب مسبب الاسباب.,Covid Vaccine,,1,Neutral,1,No,0,,,Not clear,Target: Covid Vaccine Text: كلام نهائي.. تطعيم فيروس كورونا زي عدمه ولكنه طرق لابواب مسبب الاسباب.,,,,,,,,,1,0,0.84765625,0.12207031,0.030395508,1,None,Against
2612,الضغط واسترجاع الكرة في ملعب المنافس ثم التحول الهجومي السريع ولكن يظهر  الجانب  التقني لخدمة التكتيك برونو لم يسيطر على الكرة ⚽️ وكانت هجمة تشكل فرصة للاختراق تفاصيل مهمة✅📝 URL,Digital Transformation,الضغط واسترجاع الكرة في ملعب المنافس ثم التحول الهجومي السريع ولكن يظهر الجانب التقني لخدمة التكتيك برونو لم يسيطر علي الكرة ⚽️ وكانت هجمة تشكل فرصة للاختراق تفاصيل مهمة✅📝,Digital Transformation,,1,Positive,2,No,0,,,Not clear,Target: Digital Transformation Text: الضغط واسترجاع الكرة في ملعب المنافس ثم التحول الهجومي السريع ولكن يظهر الجانب التقني لخدمة التكتيك برونو لم يسيطر علي الكرة ⚽️ وكانت هجمة تشكل فرصة للاختراق تفاصيل مهمة✅📝,,,,,,,,,1,0,0.66259766,0.16564941,0.171875,1,None,Against
2731,تحت شعار ” مجتمع رقمي تفاعلي”….مبادرة وزارة الاتصالات وتكنولوجيا المعلومات لتدريب شباب الخريجين على تكنولوجيات التحول الرقمي URL,Digital Transformation,تحت شعار ” مجتمع رقمي تفاعلي”….مبادرة وزارة الاتصالات وتكنولوجيا المعلومات لتدريب شباب الخريجين علي تكنولوجيات التحول الرقمي,Digital Transformation,Favor,2,Neutral,1,No,0,F_Explicit,,,Target: Digital Transformation Text: تحت شعار ” مجتمع رقمي تفاعلي”….مبادرة وزارة الاتصالات وتكنولوجيا المعلومات لتدريب شباب الخريجين علي تكنولوجيات التحول الرقمي,,,,,,,,,2,1,0.016464233,0.55810547,0.4255371,1,Favor,None
2962,بالنسبه للي بياخذون تطعيم كورونا   أقولهم   انتم السابقون ..ونحن اللاحقون   بس مو الحين,Covid Vaccine,بالنسبه للي بياخذون تطعيم كورونا اقولهم انتم السابقون ..ونحن اللاحقون بس مو الحين,Covid Vaccine,,1,Neutral,1,No,0,,,Not clear,Target: Covid Vaccine Text: بالنسبه للي بياخذون تطعيم كورونا اقولهم انتم السابقون ..ونحن اللاحقون بس مو الحين,,,,,,,,,1,2,0.16845703,0.15344238,0.67822266,1,None,Favor
2966,متى حيطلعو تطعيم ضد الغباء متل كورونا هيك بتطعم الواحد بصير يعرف يفكر,Covid Vaccine,متي حيطلعو تطعيم ضد الغباء متل كورونا هيك بتطعم الواحد بصير يعرف يفكر,Covid Vaccine,,1,Neutral,1,Yes,1,,,Not Related,Target: Covid Vaccine Text: متي حيطلعو تطعيم ضد الغباء متل كورونا هيك بتطعم الواحد بصير يعرف يفكر,,,,,,,,,1,2,0.13427734,0.12322998,0.7426758,1,None,Favor
3002, هل توجد ايه طريقه للتواصل مع عنصر بشري في الخدمات؟ معظم اجهزه اصدار بطاقه مدى لا تعمل.. التحويل من خلال التطبيق لا يعمل.. التواصل مع عنصر بشري شبه مستحيل! التحول التقني لا يعني ان نعاني من عدم وجود خدمات,Digital Transformation,هل توجد ايه طريقه للتواصل مع عنصر بشري في الخدمات؟ معظم اجهزه اصدار بطاقه مدي لا تعمل.. التحويل من خلال التطبيق لا يعمل.. التواصل مع عنصر بشري شبه مستحيل! التحول التقني لا يعني ان نعاني من عدم وجود خدمات,Digital Transformation,Against,0,Neutral,1,No,0,,A_Explicit,,Target: Digital Transformation Text: هل توجد ايه طريقه للتواصل مع عنصر بشري في الخدمات؟ معظم اجهزه اصدار بطاقه مدي لا تعمل.. التحويل من خلال التطبيق لا يعمل.. التواصل مع عنصر بشري شبه مستحيل! التحول التقني لا يعني ان نعاني من عدم وجود خدمات,,,,,,,,,0,2,0.12756348,0.033203125,0.83935547,1,Against,Favor
3009, اكبر كذبة بالتاريخ  انك تقول للناس ان في تطعيم ضد الفيروسات يجعلك محصن بالكاااامل     كل من روج تلك الكذبة  سيتحمل ذنب عذابات من صدقه  من الناس الفيروسات تتحور لايمكن ايجاد لقاح   لفيروس بشكل نهائي,Covid Vaccine,اكبر كذبة بالتاريخ انك تقول للناس ان في تطعيم ضد الفيروسات يجعلك محصن بالكاامل كل من روج تلك الكذبة سيتحمل ذنب عذابات من صدقه من الناس الفيروسات تتحور لايمكن ايجاد لقاح لفيروس بشكل نهائي,Covid Vaccine,Favor,2,Negative,0,No,0,F_Explicit,,,Target: Covid Vaccine Text: اكبر كذبة بالتاريخ انك تقول للناس ان في تطعيم ضد الفيروسات يجعلك محصن بالكاامل كل من روج تلك الكذبة سيتحمل ذنب عذابات من صدقه من الناس الفيروسات تتحور لايمكن ايجاد لقاح لفيروس بشكل نهائي,,,,,,,,,2,0,0.99072266,0.0059432983,0.003446579,1,Favor,Against
3052,MENTION لو بنختار بنفسنا كل دوا ناخذه وكل تطعيم عيل لازم الكل يدرس ويختص بكل تخصصات الطب عشان يفهم. احنا ناخذ أدوية ما نعرف مكوناتها و تطعمنا من صغرنا تطعيمات ماندري شنو اهيا وقفت على تطعيم كورونا؟,Covid Vaccine,مستخدم لو بنختار بنفسنا كل دوا ناخذه وكل تطعيم عيل لازم الكل يدرس ويختص بكل تخصصات الطب عشان يفهم. احنا ناخذ ادوية ما نعرف مكوناتها و تطعمنا من صغرنا تطعيمات ماندري شنو اهيا وقفت علي تطعيم كورونا؟,Covid Vaccine,Favor,2,Neutral,1,No,0,F_Explicit,,,Target: Covid Vaccine Text: مستخدم لو بنختار بنفسنا كل دوا ناخذه وكل تطعيم عيل لازم الكل يدرس ويختص بكل تخصصات الطب عشان يفهم. احنا ناخذ ادوية ما نعرف مكوناتها و تطعمنا من صغرنا تطعيمات ماندري شنو اهيا وقفت علي تطعيم كورونا؟,,,,,,,,,2,1,0.28222656,0.64990234,0.06781006,1,Favor,None
3068,  أستاذه يبالنا قبل دورة الموظفين وبعدها تحول رقمي تراه اذا البعض متقاعس هل بيفيد التحول الإلكتروني,Digital Transformation,استاذه يبالنا قبل دورة الموظفين وبعدها تحول رقمي تراه اذا البعض متقاعس هل بيفيد التحول الالكتروني,Digital Transformation,,1,Negative,0,No,0,,,Not clear,Target: Digital Transformation Text: استاذه يبالنا قبل دورة الموظفين وبعدها تحول رقمي تراه اذا البعض متقاعس هل بيفيد التحول الالكتروني,,,,,,,,,1,2,0.019363403,0.082458496,0.8979492,1,None,Favor
3249,بكرا رايحة آخد تطعيم كورونا ويااااه آخر تطعيم أخدته كان تطعيم صف تاسع,Covid Vaccine,بكرا رايحة اخد تطعيم كورونا ويااه اخر تطعيم اخدته كان تطعيم صف تاسع,Covid Vaccine,Favor,2,Neutral,1,No,0,,,,Target: Covid Vaccine Text: بكرا رايحة اخد تطعيم كورونا ويااه اخر تطعيم اخدته كان تطعيم صف تاسع,,,,,,,,,2,1,0.18884277,0.7182617,0.0927124,1,Favor,None
3349,قررت اني ما اناقش اليوم بموضوع اللقاح و كورونا لانه الكذابين صاروا قليلين ادب وانا مالي خلق عوار راس 😂  الاجوبة كالآتي: ليش منت مطعم؟ مو شغلك ليش تبي تطعم؟ مو شغلك ليش طالعين ساحة الارادة؟ مو شغلك مع ولا ضد قرارات الحكومة؟ مو شغلك,Covid Vaccine,قررت اني ما اناقش اليوم بموضوع اللقاح و كورونا لانه الكذابين صاروا قليلين ادب وانا مالي خلق عوار راس 😂 الاجوبة كالاتي: ليش منت مطعم؟ مو شغلك ليش تبي تطعم؟ مو شغلك ليش طالعين ساحة الارادة؟ مو شغلك مع ولا ضد قرارات الحكومة؟ مو شغلك,Covid Vaccine,,1,Neutral,1,No,0,,,Not clear,Target: Covid Vaccine Text: قررت اني ما اناقش اليوم بموضوع اللقاح و كورونا لانه الكذابين صاروا قليلين ادب وانا مالي خلق عوار راس 😂 الاجوبة كالاتي: ليش منت مطعم؟ مو شغلك ليش تبي تطعم؟ مو شغلك ليش طالعين ساحة الارادة؟ مو شغلك مع ولا ضد قرارات الحكومة؟ مو شغلك,,,,,,,,,1,0,0.6298828,0.35961914,0.01071167,1,None,Against
3401, لا تستطيع تلبية احتياجات مواطنينها كيف لها ان توفر احتياجات التحول للعمل الالكتروني بكافة الجهات الحكومية 🤔,Digital Transformation,لا تستطيع تلبية احتياجات مواطنينها كيف لها ان توفر احتياجات التحول للعمل الالكتروني بكافة الجهات الحكومية 🤔,Digital Transformation,Against,0,Negative,0,No,0,,A_Explicit,,Target: Digital Transformation Text: لا تستطيع تلبية احتياجات مواطنينها كيف لها ان توفر احتياجات التحول للعمل الالكتروني بكافة الجهات الحكومية 🤔,,,,,,,,,0,2,0.066711426,0.14819336,0.78515625,1,Against,Favor
3404,التحول الى التعليم الالكتروني  عن بعد لمدة 14 يوم URL,Digital Transformation,التحول الي التعليم الالكتروني عن بعد لمدة 14 يوم,Digital Transformation,,1,Negative,0,No,0,,,Not clear,Target: Digital Transformation Text: التحول الي التعليم الالكتروني عن بعد لمدة 14 يوم,,,,,,,,,1,2,0.027496338,0.16577148,0.8066406,1,None,Favor
3408, أسخف حاجة حصلت للحب التحول الإلكتروني ده ..مبقاش حب أصلا,Digital Transformation,اسخف حاجة حصلت للحب التحول الالكتروني ده ..مبقاش حب اصلا,Digital Transformation,,1,Neutral,1,Yes,1,,,Not clear,Target: Digital Transformation Text: اسخف حاجة حصلت للحب التحول الالكتروني ده ..مبقاش حب اصلا,,,,,,,,,1,0,0.90966797,0.08526611,0.0049819946,1,None,Against
3427,MENTION الي بالتعليقات ..مسوين فيها اذكياء ومانبي نطعم😅 ذكروني بالعيال الصغار لما يعاندون على شيء مابي مابي😅😂 بفهم يعني شنو بمخوخكم انتوا؟ اذا انتوا ضد تطعيم كورونا ليش تطعمون عيالكم الصغار من الامراض الثانيه؟ ياعالم بليز صحصحوا,Covid Vaccine,مستخدم الي بالتعليقات ..مسوين فيها اذكياء ومانبي نطعم😅 ذكروني بالعيال الصغار لما يعاندون علي شيء مابي مابي😅😂 بفهم يعني شنو بمخوخكم انتوا؟ اذا انتوا ضد تطعيم كورونا ليش تطعمون عيالكم الصغار من الامراض الثانيه؟ ياعالم بليز صحصحوا,Covid Vaccine,Favor,2,Neutral,1,No,0,F_Explicit,,,Target: Covid Vaccine Text: مستخدم الي بالتعليقات ..مسوين فيها اذكياء ومانبي نطعم😅 ذكروني بالعيال الصغار لما يعاندون علي شيء مابي مابي😅😂 بفهم يعني شنو بمخوخكم انتوا؟ اذا انتوا ضد تطعيم كورونا ليش تطعمون عيالكم الصغار من الامراض الثانيه؟ ياعالم بليز صحصحوا,,,,,,,,,2,1,0.35473633,0.38745117,0.25756836,1,Favor,None
3432,واحد لا يفقه شيء ينشر خبر الكل يسوي ريتويت للخبر و يطرشون واتس اب يبلشونا ممرض امريكي يحوشه كورونا واهوا ماخذ اللقاح يا حبيبي أمي انت احنا من ننولد ناخذ تطعيمات الجدري مثلاًيحوشنا جدري بس ما يذبحنا ناخذ تطعيم فلو يحوشنا فلو بس مو قوي ولا نموت من الفلو من قالك اللقاح يمنع الإصابه؟,Covid Vaccine,واحد لا يفقه شيء ينشر خبر الكل يسوي ريتويت للخبر و يطرشون واتس اب يبلشونا ممرض امريكي يحوشه كورونا واهوا ماخذ اللقاح يا حبيبي امي انت احنا من ننولد ناخذ تطعيمات الجدري مثلاًيحوشنا جدري بس ما يذبحنا ناخذ تطعيم فلو يحوشنا فلو بس مو قوي ولا نموت من الفلو من قالك اللقاح يمنع الاصابه؟,Covid Vaccine,Favor,2,Neutral,1,No,0,F_Implicit,,,Target: Covid Vaccine Text: واحد لا يفقه شيء ينشر خبر الكل يسوي ريتويت للخبر و يطرشون واتس اب يبلشونا ممرض امريكي يحوشه كورونا واهوا ماخذ اللقاح يا حبيبي امي انت احنا من ننولد ناخذ تطعيمات الجدري مثلاًيحوشنا جدري بس ما يذبحنا ناخذ تطعيم فلو يحوشنا فلو بس مو قوي ولا نموت من الفلو من قالك اللقاح يمنع الاصابه؟,,,,,,,,,2,1,0.38598633,0.45043945,0.16357422,1,Favor,None
3472,MENTION انا ارفض اي معلم يدرس عيالي من غير تطعيم اذا مطعم وحاشه كورونا بقول هذا قضاء وقدر اما مو مطعم وينقله لعيالنا اهني لا اهو معرض اكثر من الي مطعم للعدوى,Covid Vaccine,مستخدم انا ارفض اي معلم يدرس عيالي من غير تطعيم اذا مطعم وحاشه كورونا بقول هذا قضاء وقدر اما مو مطعم وينقله لعيالنا اهني لا اهو معرض اكثر من الي مطعم للعدوي,Covid Vaccine,Favor,2,Neutral,1,No,0,F_Explicit,,,Target: Covid Vaccine Text: مستخدم انا ارفض اي معلم يدرس عيالي من غير تطعيم اذا مطعم وحاشه كورونا بقول هذا قضاء وقدر اما مو مطعم وينقله لعيالنا اهني لا اهو معرض اكثر من الي مطعم للعدوي,,,,,,,,,2,0,0.9238281,0.056427002,0.01966858,1,Favor,Against
3477, التحول الإلكتروني يجب ان يخفض التكاليف لا ان يزيدها,Digital Transformation,التحول الالكتروني يجب ان يخفض التكاليف لا ان يزيدها,Digital Transformation,Against,0,Negative,0,No,0,,A_Explicit,,Target: Digital Transformation Text: التحول الالكتروني يجب ان يخفض التكاليف لا ان يزيدها,,,,,,,,,0,2,0.0146865845,0.0059394836,0.9794922,1,Against,Favor
3479,بم أنه كله هيتحول  رقمي في فكره عبقريه أننا نخلي كل حاجه في شريحه qr code مثلا ملزوقه علي قفا المواطن بحيث أنه ياخد المرتب يتلسع علي قفاه يدفع قسط علي قفاه يدفع اجره التباع ياكله علي قفاه كده يبقي سهلنا التحول الرقمي,Digital Transformation,بم انه كله هيتحول رقمي في فكره عبقريه اننا نخلي كل حاجه في شريحه qr code مثلا ملزوقه علي قفا المواطن بحيث انه ياخد المرتب يتلسع علي قفاه يدفع قسط علي قفاه يدفع اجره التباع ياكله علي قفاه كده يبقي سهلنا التحول الرقمي,Digital Transformation,,1,Negative,0,No,0,,,Not clear,Target: Digital Transformation Text: بم انه كله هيتحول رقمي في فكره عبقريه اننا نخلي كل حاجه في شريحه qr code مثلا ملزوقه علي قفا المواطن بحيث انه ياخد المرتب يتلسع علي قفاه يدفع قسط علي قفاه يدفع اجره التباع ياكله علي قفاه كده يبقي سهلنا التحول الرقمي,,,,,,,,,1,2,0.012916565,0.06439209,0.92285156,1,None,Favor
3494, اوك فهمت 🦦 اول مره اعرف لقاح يطلقون عليه اسم تطعيم 😅,Covid Vaccine,اوك فهمت 🦦 اول مره اعرف لقاح يطلقون عليه اسم تطعيم 😅,Covid Vaccine,,1,Neutral,1,Yes,1,,,Not clear,Target: Covid Vaccine Text: اوك فهمت 🦦 اول مره اعرف لقاح يطلقون عليه اسم تطعيم 😅,,,,,,,,,1,0,0.9223633,0.06976318,0.008117676,1,None,Against
3988,MENTION حاشتنا كورونا وطبنا منها ولله الحمد ومانحتاج تطعيم ولاتحسفنا أبدا,Covid Vaccine,مستخدم حاشتنا كورونا وطبنا منها ولله الحمد ومانحتاج تطعيم ولاتحسفنا ابدا,Covid Vaccine,Against,0,Positive,2,No,0,,A_Explicit,,Target: Covid Vaccine Text: مستخدم حاشتنا كورونا وطبنا منها ولله الحمد ومانحتاج تطعيم ولاتحسفنا ابدا,,,,,,,,,0,2,0.43823242,0.014251709,0.5473633,1,Against,Favor
4036, لجنه ما معها حل غير الحظر الحين اكل لبلدان تسارع بكثره تطعيم ...كثير اعرف اشخاص راحو يريدو ياخذو لقاح ويقول حقهم مخلص او باقي كم جرعه نريدهم حق كبار السن ..دول مجاوره مثل السعوديه والامارات في اليوم الواحد تطعيم فوق ٢٠الف شخص,Covid Vaccine,لجنه ما معها حل غير الحظر الحين اكل لبلدان تسارع بكثره تطعيم ..كثير اعرف اشخاص راحو يريدو ياخذو لقاح ويقول حقهم مخلص او باقي كم جرعه نريدهم حق كبار السن ..دول مجاوره مثل السعوديه والامارات في اليوم الواحد تطعيم فوق ٢٠الف شخص,Covid Vaccine,,1,Neutral,1,No,0,,,Not clear,Target: Covid Vaccine Text: لجنه ما معها حل غير الحظر الحين اكل لبلدان تسارع بكثره تطعيم ..كثير اعرف اشخاص راحو يريدو ياخذو لقاح ويقول حقهم مخلص او باقي كم جرعه نريدهم حق كبار السن ..دول مجاوره مثل السعوديه والامارات في اليوم الواحد تطعيم فوق ٢٠الف شخص,,,,,,,,,1,2,0.3876953,0.07714844,0.53515625,1,None,Favor
4077,  السبب ١- حالات وفيات كورونا تعدت حالات وفيات انفلونزا ٢- لان الدراسات شافت ان تطعيم واحد لا يكفي و ان بعد عدة اشهر من الجرعة ٢ تبدأ تقل المناعة المكتسبة ٣- ٣ تطعيمات بسنة لانها حاليا جائحة عالمية بس تتحول لمرض موسمي راح تصير سنوية و اخ,Covid Vaccine,السبب ١- حالات وفيات كورونا تعدت حالات وفيات انفلونزا ٢- لان الدراسات شافت ان تطعيم واحد لا يكفي و ان بعد عدة اشهر من الجرعة ٢ تبدا تقل المناعة المكتسبة ٣- ٣ تطعيمات بسنة لانها حاليا جائحة عالمية بس تتحول لمرض موسمي راح تصير سنوية و اخ,Covid Vaccine,,1,Neutral,1,No,0,,,Not clear,Target: Covid Vaccine Text: السبب ١- حالات وفيات كورونا تعدت حالات وفيات انفلونزا ٢- لان الدراسات شافت ان تطعيم واحد لا يكفي و ان بعد عدة اشهر من الجرعة ٢ تبدا تقل المناعة المكتسبة ٣- ٣ تطعيمات بسنة لانها حاليا جائحة عالمية بس تتحول لمرض موسمي راح تصير سنوية و اخ,,,,,,,,,1,0,0.9892578,0.009262085,0.0014333725,1,None,Against
4101,يجب أن نميز بين الرقمنة و التحول الرقمي.فالرقمنة تعني تحويل البيانات إلى عالم المعلوماتية وفي مرحلة لاحقة تحويل الإجراءات التقليدية إلى معاملات ألكترونية بينما التحول الرقمي مفهوم أشمل فهو إضافة إلى الجانب التقني يعنى بتغيير المسلكيات في التعامل ما بين مقدم الخدمة و طالب الخدمة.,Digital Transformation,يجب ان نميز بين الرقمنة و التحول الرقمي.فالرقمنة تعني تحويل البيانات الي عالم المعلوماتية وفي مرحلة لاحقة تحويل الاجراءات التقليدية الي معاملات الكترونية بينما التحول الرقمي مفهوم اشمل فهو اضافة الي الجانب التقني يعني بتغيير المسلكيات في التعامل ما بين مقدم الخدمة و طالب الخدمة.,Digital Transformation,,1,Positive,2,No,0,,,Not clear,Target: Digital Transformation Text: يجب ان نميز بين الرقمنة و التحول الرقمي.فالرقمنة تعني تحويل البيانات الي عالم المعلوماتية وفي مرحلة لاحقة تحويل الاجراءات التقليدية الي معاملات الكترونية بينما التحول الرقمي مفهوم اشمل فهو اضافة الي الجانب التقني يعني بتغيير المسلكيات في التعامل ما بين مقدم الخدمة و طالب الخدمة.,,,,,,,,,1,2,0.022735596,0.45483398,0.52246094,1,None,Favor
34,من خلال تقديمي لدورات وورش عمل #التجارة_الالكترونية #التسويق_الألكتروني #التحول_الرقمي هناك تنافس محموم بين #قوقل و #فيسبوك للاستحواذ على سوق الاعمال والأنشطة التجارية والتسويق مع وجود منافسين أقل قوة مثل #تويتر و #مايكروسوفت,Digital Transformation,من خلال تقديمي لدورات وورش عمل #التجارة الالكترونية #التسويق الالكتروني #التحول الرقمي هناك تنافس محموم بين #قوقل و #فيسبوك للاستحواذ علي سوق الاعمال والانشطة التجارية والتسويق مع وجود منافسين اقل قوة مثل #تويتر و #مايكروسوفت,Digital Transformation,Favor,2,Neutral,1,No,0,F_Explicit,,,Target: Digital Transformation Text: من خلال تقديمي لدورات وورش عمل #التجارة الالكترونية #التسويق الالكتروني #التحول الرقمي هناك تنافس محموم بين #قوقل و #فيسبوك للاستحواذ علي سوق الاعمال والانشطة التجارية والتسويق مع وجود منافسين اقل قوة مثل #تويتر و #مايكروسوفت,,,,,,,,,2,1,0.17211914,0.76220703,0.06567383,1,Favor,None
650,   تطعيم كورونا يختلف عن التطعيمات القديمه تقنيته تجرب لاول مره في البشريه,Covid Vaccine,تطعيم كورونا يختلف عن التطعيمات القديمه تقنيته تجرب لاول مره في البشريه,Covid Vaccine,,1,Neutral,1,No,0,,,Not clear,Target: Covid Vaccine Text: تطعيم كورونا يختلف عن التطعيمات القديمه تقنيته تجرب لاول مره في البشريه,,,,,,,,,1,0,0.6669922,0.25830078,0.07470703,1,None,Against
1930,معليش شوي بس تشغل مخها الله يصلحها الحكومات قاعدة تدفع مليارات عشان توصلهم اللقاحات بأسرع وقت عشان تقضي عليهم مثلا  بدول كثير العالم يبون تطعيم و مو قادرين تبعات كورونا كثيرة اهمها تبعات اقتصادية وهذول يجيبون افكار مدري كيف تعبت 😅 ,Covid Vaccine,معليش شوي بس تشغل مخها الله يصلحها الحكومات قاعدة تدفع مليارات عشان توصلهم اللقاحات باسرع وقت عشان تقضي عليهم مثلا بدول كثير العالم يبون تطعيم و مو قادرين تبعات كورونا كثيرة اهمها تبعات اقتصادية وهذول يجيبون افكار مدري كيف تعبت 😅,Covid Vaccine,Against,0,Neutral,1,No,0,,A_Implicit,,Target: Covid Vaccine Text: معليش شوي بس تشغل مخها الله يصلحها الحكومات قاعدة تدفع مليارات عشان توصلهم اللقاحات باسرع وقت عشان تقضي عليهم مثلا بدول كثير العالم يبون تطعيم و مو قادرين تبعات كورونا كثيرة اهمها تبعات اقتصادية وهذول يجيبون افكار مدري كيف تعبت 😅,,,,,,,,,0,2,0.099243164,0.074523926,0.8261719,1,Against,Favor
2354,تأخرت السلطنة في اللقاح رفعتوا هاشتاق وقلتوا مانبي حظر ونبي لقاح حالنا حال الدول كلها .  وصل اللقاح وصار التطعيم اجباري للكل قلتوا مانبي تطعيم ورفعتوا هاشتاق #لا_للتطعيم_الاجباري   ماذا تريدون ايها الشعب العظيم؟ 🤣🤣,Covid Vaccine,تاخرت السلطنة في اللقاح رفعتوا هاشتاق وقلتوا مانبي حظر ونبي لقاح حالنا حال الدول كلها . وصل اللقاح وصار التطعيم اجباري للكل قلتوا مانبي تطعيم ورفعتوا هاشتاق #لا للتطعيم الاجباري ماذا تريدون ايها الشعب العظيم؟ 🤣🤣,Covid Vaccine,Favor,2,Neutral,1,No,0,,,,Target: Covid Vaccine Text: تاخرت السلطنة في اللقاح رفعتوا هاشتاق وقلتوا مانبي حظر ونبي لقاح حالنا حال الدول كلها . وصل اللقاح وصار التطعيم اجباري للكل قلتوا مانبي تطعيم ورفعتوا هاشتاق #لا للتطعيم الاجباري ماذا تريدون ايها الشعب العظيم؟ 🤣🤣,,,,,,,,,2,0,0.8286133,0.022918701,0.14831543,1,Favor,Against
2984,   الوفاة من التطعيمات العادية اكثر بكتير من تطعيم كورونا,Covid Vaccine,الوفاة من التطعيمات العادية اكثر بكتير من تطعيم كورونا,Covid Vaccine,Favor,2,Negative,0,No,0,F_Explicit,,,Target: Covid Vaccine Text: الوفاة من التطعيمات العادية اكثر بكتير من تطعيم كورونا,,,,,,,,,2,0,0.9946289,0.0013399124,0.0041656494,1,Favor,Against
1930,معليش شوي بس تشغل مخها الله يصلحها الحكومات قاعدة تدفع مليارات عشان توصلهم اللقاحات بأسرع وقت عشان تقضي عليهم مثلا  بدول كثير العالم يبون تطعيم و مو قادرين تبعات كورونا كثيرة اهمها تبعات اقتصادية وهذول يجيبون افكار مدري كيف تعبت 😅 ,Covid Vaccine,معليش شوي بس تشغل مخها الله يصلحها الحكومات قاعدة تدفع مليارات عشان توصلهم اللقاحات بأسرع وقت عشان تقضي عليهم مثلا  بدول كثير العالم يبون تطعيم و مو قادرين تبعات كورونا كثيرة اهمها تبعات اقتصادية وهذول يجيبون افكار مدري كيف تعبت 😅,Covid Vaccine,Against,0,Neutral,1,No,0,,A_Implicit,,Target: Covid Vaccine Text: معليش شوي بس تشغل مخها الله يصلحها الحكومات قاعدة تدفع مليارات عشان توصلهم اللقاحات بأسرع وقت عشان تقضي عليهم مثلا  بدول كثير العالم يبون تطعيم و مو قادرين تبعات كورونا كثيرة اهمها تبعات اقتصادية وهذول يجيبون افكار مدري كيف تعبت 😅,,معليش شوي بس تشغل مخها الله يصلحها الحكومات قاعدة تدفع مليارات عشان توصلهم اللقاحات بأسرع وقت عشان تقضي عليهم مثلا  بدول كثير العالم يبون تطعيم و مو قادرين تبعات كورونا كثيرة اهمها تبعات اقتصادية وهذول يجيبون افكار مدري كيف تعبت 😅 ,Covid Vaccine,0.4183,0.6128,0.693,2021-06-20 20:54:59+00:00,20/06/2021,0,2,0.12670898,0.13464355,0.73876953,1,Against,Favor
19,كفل النظام الاساسي حق التقاضي لكافة من يعيش على هذه الارض الطيبة. وعلى نهج التحول الالكتروني في السلطنة تم إطلاق منصة الكترونية خاصة بالمحاكم بغرض تسهيل اجراءات التقاضي. ولكن ننصدم بالصعوبات اليومية المتكررة في المنصة  فأصبح هذا النظام الالكتروني عائقا يحول دون هذا الحق الدستوري.,Digital Transformation,كفل النظام الاساسي حق التقاضي لكافة من يعيش علي هذه الارض الطيبة. وعلي نهج التحول الالكتروني في السلطنة تم اطلاق منصة الكترونية خاصة بالمحاكم بغرض تسهيل اجراءات التقاضي. ولكن ننصدم بالصعوبات اليومية المتكررة في المنصة فاصبح هذا النظام الالكتروني عائقا يحول دون هذا الحق الدستوري.,Digital Transformation,Against,0,Negative,0,No,0,,A_Explicit,,Target: Digital Transformation Text: كفل النظام الاساسي حق التقاضي لكافة من يعيش علي هذه الارض الطيبة. وعلي نهج التحول الالكتروني في السلطنة تم اطلاق منصة الكترونية خاصة بالمحاكم بغرض تسهيل اجراءات التقاضي. ولكن ننصدم بالصعوبات اليومية المتكررة في المنصة فاصبح هذا النظام الالكتروني عائقا يحول دون هذا الحق الدستوري.,,,,,,,,,0,2,0.03668213,0.34692383,0.61621094,2,Against,Favor
112, طريقة بدائية … اعتقد لا تتوافق مع النظام و مع التحول الالكتروني الحاصل. هذا هو الحل الامثل. 👇 URL,Digital Transformation,طريقة بدائية … اعتقد لا تتوافق مع النظام و مع التحول الالكتروني الحاصل. هذا هو الحل الامثل. 👇,Digital Transformation,Favor,2,Negative,0,No,0,F_Explicit,,,Target: Digital Transformation Text: طريقة بدائية … اعتقد لا تتوافق مع النظام و مع التحول الالكتروني الحاصل. هذا هو الحل الامثل. 👇,,,,,,,,,2,0,0.4621582,0.26220703,0.27539062,2,Favor,Against
130,MENTION MENTION MENTION MENTION كل اللقاحات الي اخذناها واحنا صغار فشهادة التطعيم حق اوبئه سابقه معناها برضوا مؤامره؟!! تكفون بس عاد مو كل شي مؤامره ترا لقاح كورونا بعد كم سنه بيصير المواليد يأخذونها للحمايه بعد الله مثل حق شلل الاطفال والحصبه وكذا تطعيم,Covid Vaccine,مستخدم مستخدم مستخدم مستخدم كل اللقاحات الي اخذناها واحنا صغار فشهادة التطعيم حق اوبئه سابقه معناها برضوا مؤامره؟!! تكفون بس عاد مو كل شي مؤامره ترا لقاح كورونا بعد كم سنه بيصير المواليد ياخذونها للحمايه بعد الله مثل حق شلل الاطفال والحصبه وكذا تطعيم,Covid Vaccine,Favor,2,Neutral,1,No,0,F_Explicit,,,Target: Covid Vaccine Text: مستخدم مستخدم مستخدم مستخدم كل اللقاحات الي اخذناها واحنا صغار فشهادة التطعيم حق اوبئه سابقه معناها برضوا مؤامره؟!! تكفون بس عاد مو كل شي مؤامره ترا لقاح كورونا بعد كم سنه بيصير المواليد ياخذونها للحمايه بعد الله مثل حق شلل الاطفال والحصبه وكذا تطعيم,,,,,,,,,2,0,0.75097656,0.07739258,0.17163086,2,Favor,Against
277,ما ناخذ تطعيم كورونا عشان ما ننتهي و تفوتنا الحياه ؟ أو ناخذ تطعيم كورونا عشان ما تفوتنا الحياه ؟,Covid Vaccine,ما ناخذ تطعيم كورونا عشان ما ننتهي و تفوتنا الحياه ؟ او ناخذ تطعيم كورونا عشان ما تفوتنا الحياه ؟,Covid Vaccine,,1,Neutral,1,No,0,,,,Target: Covid Vaccine Text: ما ناخذ تطعيم كورونا عشان ما ننتهي و تفوتنا الحياه ؟ او ناخذ تطعيم كورونا عشان ما تفوتنا الحياه ؟,,,,,,,,,1,0,0.609375,0.33203125,0.058654785,2,None,Against
293,التحول الالكتروني تحول عجيب يوم من الايام سوف يصبح العالم عالم الكترونياً  معطل جسدياً وفعال الكترونياً كل شي وله تبعياته في نظري سوف تنتشر الامراض المتعلقه بالبقاء في مكان واحد فتره طويله الحياه متغيره !! #فهد_الماضي,Digital Transformation,التحول الالكتروني تحول عجيب يوم من الايام سوف يصبح العالم عالم الكترونياً معطل جسدياً وفعال الكترونياً كل شي وله تبعياته في نظري سوف تنتشر الامراض المتعلقه بالبقاء في مكان واحد فتره طويله الحياه متغيره !! #فهد الماضي,Digital Transformation,,1,Neutral,1,Yes,1,,,Not clear,Target: Digital Transformation Text: التحول الالكتروني تحول عجيب يوم من الايام سوف يصبح العالم عالم الكترونياً معطل جسدياً وفعال الكترونياً كل شي وله تبعياته في نظري سوف تنتشر الامراض المتعلقه بالبقاء في مكان واحد فتره طويله الحياه متغيره !! #فهد الماضي,,,,,,,,,1,0,0.71777344,0.16784668,0.11413574,2,None,Against
296, التحول الإلكتروني  نفس الحال للصحف,Digital Transformation,التحول الالكتروني نفس الحال للصحف,Digital Transformation,Favor,2,Neutral,1,No,0,F_Explicit,,,Target: Digital Transformation Text: التحول الالكتروني نفس الحال للصحف,,,,,,,,,2,1,0.2709961,0.52783203,0.20117188,2,Favor,None
321,التحول الإلكتروني يساعد على سرعة انجاز المعاملات ولكن في بعض القطاعات أصبح العكس,Digital Transformation,التحول الالكتروني يساعد علي سرعة انجاز المعاملات ولكن في بعض القطاعات اصبح العكس,Digital Transformation,Against,0,Negative,0,No,0,,A_Explicit,,Target: Digital Transformation Text: التحول الالكتروني يساعد علي سرعة انجاز المعاملات ولكن في بعض القطاعات اصبح العكس,,,,,,,,,0,2,0.072265625,0.23059082,0.6972656,2,Against,Favor
364,أمين #الشرقية يدشن خدمة التوقيع الالكتروني للإجراءات الإدارية ضمن برنامج التحول الرقمي - URL URL,Digital Transformation,امين #الشرقية يدشن خدمة التوقيع الالكتروني للاجراءات الادارية ضمن برنامج التحول الرقمي -,Digital Transformation,,1,Neutral,1,No,0,,,Not clear,Target: Digital Transformation Text: امين #الشرقية يدشن خدمة التوقيع الالكتروني للاجراءات الادارية ضمن برنامج التحول الرقمي -,,,,,,,,,1,2,0.016571045,0.4650879,0.5185547,2,None,Favor
384,#تطعيم_كورونا كان لصفوف الاماميه ثم الان اصبح الكويتين فقط !!   والكويتين ليس كلهم هم يطعمون ومقتنعين فيه !!   +  وضف على ذلك  صفوف الاماميه لم يتم الانتهاء منهم الى الان؟؟  السؤال احد يفهمني كيف نصل الى مناعة المجتمعة بهذه طريقه؟!🤔,Covid Vaccine,#تطعيم كورونا كان لصفوف الاماميه ثم الان اصبح الكويتين فقط !! والكويتين ليس كلهم هم يطعمون ومقتنعين فيه !! + وضف علي ذلك صفوف الاماميه لم يتم الانتهاء منهم الي الان؟؟ السؤال احد يفهمني كيف نصل الي مناعة المجتمعة بهذه طريقه؟!🤔,Covid Vaccine,,1,Neutral,1,No,0,,,Not clear,Target: Covid Vaccine Text: #تطعيم كورونا كان لصفوف الاماميه ثم الان اصبح الكويتين فقط !! والكويتين ليس كلهم هم يطعمون ومقتنعين فيه !! + وضف علي ذلك صفوف الاماميه لم يتم الانتهاء منهم الي الان؟؟ السؤال احد يفهمني كيف نصل الي مناعة المجتمعة بهذه طريقه؟!🤔,,,,,,,,,1,0,0.76708984,0.14135742,0.091430664,2,None,Against
457,#بايدن جرب #تطعيم_كورونا من التالي ,Covid Vaccine,#بايدن جرب #تطعيم كورونا من التالي,Covid Vaccine,Favor,2,Neutral,1,No,0,F_Implicit,,,Target: Covid Vaccine Text: #بايدن جرب #تطعيم كورونا من التالي,,,,,,,,,2,1,0.33154297,0.52978516,0.13879395,2,Favor,None
499,"  و أين الحملة الإعلامية ( #لنكن_على_دراية ؟ )  #dirayakw و التي هدفها منذ أشهر توعية المستهلك و العميل المصرفي؟ هل هم على ""دراية"" في هذه الرسوم على #التحول_الرقمي ؟  هناك سياسات و استراتيجيات للتحول الرقمي و ا",Digital Transformation,"و اين الحملة الاعلامية ( #لنكن علي دراية ؟ ) #dirayakw و التي هدفها منذ اشهر توعية المستهلك و العميل المصرفي؟ هل هم علي ""دراية"" في هذه الرسوم علي #التحول الرقمي ؟ هناك سياسات و استراتيجيات للتحول الرقمي و ا",Digital Transformation,Favor,2,Neutral,1,No,0,F_Explicit,,,"Target: Digital Transformation Text: و اين الحملة الاعلامية ( #لنكن علي دراية ؟ ) #dirayakw و التي هدفها منذ اشهر توعية المستهلك و العميل المصرفي؟ هل هم علي ""دراية"" في هذه الرسوم علي #التحول الرقمي ؟ هناك سياسات و استراتيجيات للتحول الرقمي و ا",,,,,,,,,2,1,0.13989258,0.4375,0.42236328,2,Favor,None
535,      المفترض اذا البنك المركزي ماله حكم في هذا كما حصل معي تتحول الشكوى باوراقها وتفاصيلهاللجان الفصل في المنازعات والمخالفات المصرفيه والتمويليه لوجود ظلم وتجاوز وتعدي واضح وحق يجب اخذه وهذ,Digital Transformation,المفترض اذا البنك المركزي ماله حكم في هذا كما حصل معي تتحول الشكوي باوراقها وتفاصيلهاللجان الفصل في المنازعات والمخالفات المصرفيه والتمويليه لوجود ظلم وتجاوز وتعدي واضح وحق يجب اخذه وهذ,Digital Transformation,,1,Neutral,1,No,0,,,Not clear,Target: Digital Transformation Text: المفترض اذا البنك المركزي ماله حكم في هذا كما حصل معي تتحول الشكوي باوراقها وتفاصيلهاللجان الفصل في المنازعات والمخالفات المصرفيه والتمويليه لوجود ظلم وتجاوز وتعدي واضح وحق يجب اخذه وهذ,,,,,,,,,1,0,0.3779297,0.29370117,0.32836914,2,None,Against
572,   انا اتفقت مع زوجتي قبل ان تحمل .. ١.ان زوجتي ما تتطعم  بأي تطعيم سواء حق كورونا او تطعيمات الي تعطى للحامل . ٢.ان لا نطعم اي من اولادنا. ٣.ان يرضع ابني حليب الثدي فقط.ولا نعطيه اي حليب مجفف خاص بالاطفال.  ولكن للاسف شر,Covid Vaccine,انا اتفقت مع زوجتي قبل ان تحمل .. ١.ان زوجتي ما تتطعم باي تطعيم سواء حق كورونا او تطعيمات الي تعطي للحامل . ٢.ان لا نطعم اي من اولادنا. ٣.ان يرضع ابني حليب الثدي فقط.ولا نعطيه اي حليب مجفف خاص بالاطفال. ولكن للاسف شر,Covid Vaccine,,1,Negative,0,No,0,,,Not clear,Target: Covid Vaccine Text: انا اتفقت مع زوجتي قبل ان تحمل .. ١.ان زوجتي ما تتطعم باي تطعيم سواء حق كورونا او تطعيمات الي تعطي للحامل . ٢.ان لا نطعم اي من اولادنا. ٣.ان يرضع ابني حليب الثدي فقط.ولا نعطيه اي حليب مجفف خاص بالاطفال. ولكن للاسف شر,,,,,,,,,1,0,0.87646484,0.06903076,0.054382324,2,None,Against
590,كيف يمكن تحقيق مثل هذه المبادرة؟ تم وضع خطط مختلفة لبناء اقتصاد رقمي وحكومة رقمية ومجتمع رقمي بحيث تقوم كل جهة حكومية او خاصة بتسريع التحول الرقمي مع تجهيز البنية التحتية لذلك و إشراك السكان  في مثل هذه المبادرة.مع مراعاة الجوانب الثقافية وخصوصية المتجمع السنغافوري.,Digital Transformation,كيف يمكن تحقيق مثل هذه المبادرة؟ تم وضع خطط مختلفة لبناء اقتصاد رقمي وحكومة رقمية ومجتمع رقمي بحيث تقوم كل جهة حكومية او خاصة بتسريع التحول الرقمي مع تجهيز البنية التحتية لذلك و اشراك السكان في مثل هذه المبادرة.مع مراعاة الجوانب الثقافية وخصوصية المتجمع السنغافوري.,Digital Transformation,Favor,2,Neutral,1,No,0,F_Explicit,,,Target: Digital Transformation Text: كيف يمكن تحقيق مثل هذه المبادرة؟ تم وضع خطط مختلفة لبناء اقتصاد رقمي وحكومة رقمية ومجتمع رقمي بحيث تقوم كل جهة حكومية او خاصة بتسريع التحول الرقمي مع تجهيز البنية التحتية لذلك و اشراك السكان في مثل هذه المبادرة.مع مراعاة الجوانب الثقافية وخصوصية المتجمع السنغافوري.,,,,,,,,,2,1,0.022125244,0.546875,0.43115234,2,Favor,None
669,هناك فرق بين حملة التطعيم وحملة التوعية بفوائد التطعيم ... التطعيم حق اختياري وأي مساس بحرية الوالدين في أخذ أبنائهم تطعيم كورونا من عدمه سيلحق المسؤوليه بمرتكب الخطأ لذا جرى التنبيه..     URL,Covid Vaccine,هناك فرق بين حملة التطعيم وحملة التوعية بفوائد التطعيم .. التطعيم حق اختياري واي مساس بحرية الوالدين في اخذ ابنائهم تطعيم كورونا من عدمه سيلحق المسؤوليه بمرتكب الخطا لذا جري التنبيه..,Covid Vaccine,,1,Neutral,1,No,0,,,Not clear,Target: Covid Vaccine Text: هناك فرق بين حملة التطعيم وحملة التوعية بفوائد التطعيم .. التطعيم حق اختياري واي مساس بحرية الوالدين في اخذ ابنائهم تطعيم كورونا من عدمه سيلحق المسؤوليه بمرتكب الخطا لذا جري التنبيه..,,,,,,,,,1,2,0.34472656,0.28320312,0.3720703,2,None,Favor
672,تونس تشرع في تطعيم من سنهم أكثر من 65 سنة بالجرعة الرابعة للتلقيح ضد كورونا (وزير الصحة). #وكالة_وات,Covid Vaccine,تونس تشرع في تطعيم من سنهم اكثر من 65 سنة بالجرعة الرابعة للتلقيح ضد كورونا (وزير الصحة). #وكالة وات,Covid Vaccine,Favor,2,Neutral,1,No,0,F_Explicit,,,Target: Covid Vaccine Text: تونس تشرع في تطعيم من سنهم اكثر من 65 سنة بالجرعة الرابعة للتلقيح ضد كورونا (وزير الصحة). #وكالة وات,,,,,,,,,2,1,0.03753662,0.70996094,0.25268555,2,Favor,None
694, مش بس استرازينكا انا اخدت تطعيم فايزر وجالي كورونا بعده,Covid Vaccine,مش بس استرازينكا انا اخدت تطعيم فايزر وجالي كورونا بعده,Covid Vaccine,,1,Negative,0,No,0,,,Not clear,Target: Covid Vaccine Text: مش بس استرازينكا انا اخدت تطعيم فايزر وجالي كورونا بعده,,,,,,,,,1,0,0.8203125,0.115722656,0.06378174,2,None,Against
723,نفسي الناس تدرك خطورة وصعوبة الوضع والله،أنا واحد جالي كورونا قبل كده في الأول خالص وكانت بفقدان شم وتذوق بس وجاتلي تاني من إسبوعين بأعراض أتقل بكتير من المرة الأولي وكمان بعد ما خدت جرعة من التطعيم يعني اتصبت مرة وخدت جرعة تطعيم وجتلي تاني بأعراض أشد،ربنا يحفظنا ويحفظ أهالينا ,Covid Vaccine,نفسي الناس تدرك خطورة وصعوبة الوضع والله،انا واحد جالي كورونا قبل كده في الاول خالص وكانت بفقدان شم وتذوق بس وجاتلي تاني من اسبوعين باعراض اتقل بكتير من المرة الاولي وكمان بعد ما خدت جرعة من التطعيم يعني اتصبت مرة وخدت جرعة تطعيم وجتلي تاني باعراض اشد،ربنا يحفظنا ويحفظ اهالينا,Covid Vaccine,,1,Neutral,1,No,0,,,Not clear,Target: Covid Vaccine Text: نفسي الناس تدرك خطورة وصعوبة الوضع والله،انا واحد جالي كورونا قبل كده في الاول خالص وكانت بفقدان شم وتذوق بس وجاتلي تاني من اسبوعين باعراض اتقل بكتير من المرة الاولي وكمان بعد ما خدت جرعة من التطعيم يعني اتصبت مرة وخدت جرعة تطعيم وجتلي تاني باعراض اشد،ربنا يحفظنا ويحفظ اهالينا,,,,,,,,,1,0,0.7788086,0.122802734,0.09844971,2,None,Against
811, لماذا نثق في تطعيم أطفالنا بشتى اللقاحات التي تعتمدها وزارة الصحه ولا نثق بتقديمهم لقاح كورونا فكروا شوي 🤔,Covid Vaccine,لماذا نثق في تطعيم اطفالنا بشتي اللقاحات التي تعتمدها وزارة الصحه ولا نثق بتقديمهم لقاح كورونا فكروا شوي 🤔,Covid Vaccine,Favor,2,Neutral,1,No,0,F_Implicit,,,Target: Covid Vaccine Text: لماذا نثق في تطعيم اطفالنا بشتي اللقاحات التي تعتمدها وزارة الصحه ولا نثق بتقديمهم لقاح كورونا فكروا شوي 🤔,,,,,,,,,2,0,0.6044922,0.25024414,0.14526367,2,Favor,Against
823,  طبيعي الاعراض اي تطعيم ناخذه لازم وراه اعراض ليش مكبرين الموضوع وعادي تموتون من كورونا لكن ماتاخذون اللقاح 🤡,Covid Vaccine,طبيعي الاعراض اي تطعيم ناخذه لازم وراه اعراض ليش مكبرين الموضوع وعادي تموتون من كورونا لكن ماتاخذون اللقاح 🤡,Covid Vaccine,Favor,2,Neutral,1,No,0,F_Implicit,,,Target: Covid Vaccine Text: طبيعي الاعراض اي تطعيم ناخذه لازم وراه اعراض ليش مكبرين الموضوع وعادي تموتون من كورونا لكن ماتاخذون اللقاح 🤡,,,,,,,,,2,0,0.60058594,0.14990234,0.24951172,2,Favor,Against
906,MENTION MENTION التطعيم في كل دول العالم اختياري ولكن ومن خلال مشاهداتي في أمريكا وبعد تطعيم 70 بالمئة من الشعب نقصت حالات الوفاة والإصابات ورجع الوضع إلى ماقبل كورونا تقريبا.. طائرات مملوءة ومطاعم واسواق وووو وبدون كمامات للمتطعمين.. وكنصيحة لمجرب طعموا طعموا طعموا ومحفوظين جميعا,Covid Vaccine,مستخدم مستخدم التطعيم في كل دول العالم اختياري ولكن ومن خلال مشاهداتي في امريكا وبعد تطعيم 70 بالمئة من الشعب نقصت حالات الوفاة والاصابات ورجع الوضع الي ماقبل كورونا تقريبا.. طائرات مملوءة ومطاعم واسواق وو وبدون كمامات للمتطعمين.. وكنصيحة لمجرب طعموا طعموا طعموا ومحفوظين جميعا,Covid Vaccine,Favor,2,Positive,2,No,0,F_Explicit,,,Target: Covid Vaccine Text: مستخدم مستخدم التطعيم في كل دول العالم اختياري ولكن ومن خلال مشاهداتي في امريكا وبعد تطعيم 70 بالمئة من الشعب نقصت حالات الوفاة والاصابات ورجع الوضع الي ماقبل كورونا تقريبا.. طائرات مملوءة ومطاعم واسواق وو وبدون كمامات للمتطعمين.. وكنصيحة لمجرب طعموا طعموا طعموا ومحفوظين جميعا,,,,,,,,,2,0,0.40795898,0.23815918,0.35375977,2,Favor,Against
916, السلام ورحمة الله وبركاته  كيف اقدر اتحقق من صحة شهادة تطعيم كورونا,Covid Vaccine,السلام ورحمة الله وبركاته كيف اقدر اتحقق من صحة شهادة تطعيم كورونا,Covid Vaccine,Favor,2,Neutral,1,No,0,F_Explicit,,,Target: Covid Vaccine Text: السلام ورحمة الله وبركاته كيف اقدر اتحقق من صحة شهادة تطعيم كورونا,,,,,,,,,2,1,0.16003418,0.75927734,0.080566406,2,Favor,None
983,URL من فكرة إلى مستقبل ريادي رقمي #ريادة_الأعمال #التحول_الرقمي,Digital Transformation,من فكرة الي مستقبل ريادي رقمي #ريادة الاعمال #التحول الرقمي,Digital Transformation,Favor,2,Neutral,1,No,0,F_Explicit,,,Target: Digital Transformation Text: من فكرة الي مستقبل ريادي رقمي #ريادة الاعمال #التحول الرقمي,,,,,,,,,2,1,0.037841797,0.5546875,0.40771484,2,Favor,None
1016,إنتصرت لندن بفضل وعي الشعب البريطاني ونجاح إجراءات الحكومة الصارمة التي أتخذتها قبل عام ونيف في مواجهة وباء كورونا الذي اجتاح المملكة المتحدة 🇬🇧 بشكل رهيب تطعيم ما يقرب %80 من المواطنين  عادت الحياة إلى هذه المدينة الساحرة هذه قصة نجاح باهرة تستحق التعميم  في بقية بلدان العالم 👍 URL,Covid Vaccine,انتصرت لندن بفضل وعي الشعب البريطاني ونجاح اجراءات الحكومة الصارمة التي اتخذتها قبل عام ونيف في مواجهة وباء كورونا الذي اجتاح المملكة المتحدة 🇬🇧 بشكل رهيب تطعيم ما يقرب %80 من المواطنين عادت الحياة الي هذه المدينة الساحرة هذه قصة نجاح باهرة تستحق التعميم في بقية بلدان العالم 👍,Covid Vaccine,Favor,2,Positive,2,No,0,F_Implicit,,,Target: Covid Vaccine Text: انتصرت لندن بفضل وعي الشعب البريطاني ونجاح اجراءات الحكومة الصارمة التي اتخذتها قبل عام ونيف في مواجهة وباء كورونا الذي اجتاح المملكة المتحدة 🇬🇧 بشكل رهيب تطعيم ما يقرب %80 من المواطنين عادت الحياة الي هذه المدينة الساحرة هذه قصة نجاح باهرة تستحق التعميم في بقية بلدان العالم 👍,,,,,,,,,2,1,0.048217773,0.6098633,0.34204102,2,Favor,None
1017, امي اخذت تطعيم كورونا اليوم 👍🏻,Covid Vaccine,امي اخذت تطعيم كورونا اليوم 👍🏻,Covid Vaccine,Favor,2,Positive,2,No,0,F_Explicit,,,Target: Covid Vaccine Text: امي اخذت تطعيم كورونا اليوم 👍🏻,,,,,,,,,2,1,0.08538818,0.5673828,0.34716797,2,Favor,None
1021,#احقنها_وتوكل #تطعيم_كورونا  صديق جيب واحد رابط تطعيم 🏃🏻‍♂️,Covid Vaccine,#احقنها وتوكل #تطعيم كورونا صديق جيب واحد رابط تطعيم 🏃🏻‍♂️,Covid Vaccine,Favor,2,Neutral,1,No,0,F_Explicit,,,Target: Covid Vaccine Text: #احقنها وتوكل #تطعيم كورونا صديق جيب واحد رابط تطعيم 🏃🏻‍♂️,,,,,,,,,2,1,0.17333984,0.51220703,0.31420898,2,Favor,None
1058,امس حاولت اعدل في بعض بياناتي الكترونيا لين ما يوصل دوري  الموقع فيه اخطاء تقنيه  حجم الملفات جدا جدا صغير و حتى بعد تعديلي عليها ما يقبل كل الملفات  التحول الالكتروني ممتاز و لكن ما زال على وزارة الاسكان شوط كبير تقطعه لين ممكن نقول انه يمكن الوثوق فيه URL,Digital Transformation,امس حاولت اعدل في بعض بياناتي الكترونيا لين ما يوصل دوري الموقع فيه اخطاء تقنيه حجم الملفات جدا جدا صغير و حتي بعد تعديلي عليها ما يقبل كل الملفات التحول الالكتروني ممتاز و لكن ما زال علي وزارة الاسكان شوط كبير تقطعه لين ممكن نقول انه يمكن الوثوق فيه,Digital Transformation,Favor,2,Positive,2,No,0,F_Explicit,,,Target: Digital Transformation Text: امس حاولت اعدل في بعض بياناتي الكترونيا لين ما يوصل دوري الموقع فيه اخطاء تقنيه حجم الملفات جدا جدا صغير و حتي بعد تعديلي عليها ما يقبل كل الملفات التحول الالكتروني ممتاز و لكن ما زال علي وزارة الاسكان شوط كبير تقطعه لين ممكن نقول انه يمكن الوثوق فيه,,,,,,,,,2,0,0.51904297,0.12524414,0.3557129,2,Favor,Against
1145,   أستسمحك أصلح معلوماتك التحول الرقمى بدء التفكير فيه2016 وبدء التطبيق ف2021 زى الشهر العقارى والمرور والبريد..إلخ على أن ينتهى تماما 2030مش من20سنه زى ماحضرتك بتقول  وبدأ الإنتقال للعاصمه ف3/2022 من 20 سنه مكناش نعرف ي,Digital Transformation,استسمحك اصلح معلوماتك التحول الرقمي بدء التفكير فيه2016 وبدء التطبيق ف2021 زي الشهر العقاري والمرور والبريد..الخ علي ان ينتهي تماما 2030مش من20سنه زي ماحضرتك بتقول وبدا الانتقال للعاصمه ف3/2022 من 20 سنه مكناش نعرف ي,Digital Transformation,Favor,2,Neutral,1,No,0,F_Explicit,,,Target: Digital Transformation Text: استسمحك اصلح معلوماتك التحول الرقمي بدء التفكير فيه2016 وبدء التطبيق ف2021 زي الشهر العقاري والمرور والبريد..الخ علي ان ينتهي تماما 2030مش من20سنه زي ماحضرتك بتقول وبدا الانتقال للعاصمه ف3/2022 من 20 سنه مكناش نعرف ي,,,,,,,,,2,1,0.1899414,0.42895508,0.38110352,2,Favor,None
1150,اخبار التعداد السكاني شنو؟ مفروض يكون قبل الانتخابات.  ومفروض يكون رقمي والكتروني ١٠٠% منعا للتلاعب.  ومفروض يبدأ بالكتير مع بداية ٢٠٢٢ لانو الزمن ضيق جدا!!! نداء لكل ضباع التحول الرقمي.,Digital Transformation,اخبار التعداد السكاني شنو؟ مفروض يكون قبل الانتخابات. ومفروض يكون رقمي والكتروني ١٠٠% منعا للتلاعب. ومفروض يبدا بالكتير مع بداية ٢٠٢٢ لانو الزمن ضيق جدا!! نداء لكل ضباع التحول الرقمي.,Digital Transformation,Favor,2,Neutral,1,No,0,F_Explicit,,,Target: Digital Transformation Text: اخبار التعداد السكاني شنو؟ مفروض يكون قبل الانتخابات. ومفروض يكون رقمي والكتروني ١٠٠% منعا للتلاعب. ومفروض يبدا بالكتير مع بداية ٢٠٢٢ لانو الزمن ضيق جدا!! نداء لكل ضباع التحول الرقمي.,,,,,,,,,2,0,0.3942871,0.26220703,0.34375,2,Favor,Against
1153,"معادو التحول الإلكتروني في الحكومة كُثر والسبب أن وجودهم من عدمه سيكون واحداً في حال نجح تطبيق ""سهل"" بإذن الله",Digital Transformation,"معادو التحول الالكتروني في الحكومة كُثر والسبب ان وجودهم من عدمه سيكون واحداً في حال نجح تطبيق ""سهل"" باذن الله",Digital Transformation,Favor,2,Positive,2,No,0,F_Explicit,,,"Target: Digital Transformation Text: معادو التحول الالكتروني في الحكومة كُثر والسبب ان وجودهم من عدمه سيكون واحداً في حال نجح تطبيق ""سهل"" باذن الله",,,,,,,,,2,1,0.1026001,0.4621582,0.43530273,2,Favor,None
1247,   قصدك هذا التطعيم ؟؟  ترى مافي شي اسمه تطعمي وخلاص تقدري تستفسري من ادارة المدرسة اذا هالكلام صدق وانا معلمة واقولك مافي تطعيم اجباري او تطعيم كورونا بالمدارس URL,Covid Vaccine,قصدك هذا التطعيم ؟؟ تري مافي شي اسمه تطعمي وخلاص تقدري تستفسري من ادارة المدرسة اذا هالكلام صدق وانا معلمة واقولك مافي تطعيم اجباري او تطعيم كورونا بالمدارس,Covid Vaccine,,1,Neutral,1,No,0,,,Not clear,Target: Covid Vaccine Text: قصدك هذا التطعيم ؟؟ تري مافي شي اسمه تطعمي وخلاص تقدري تستفسري من ادارة المدرسة اذا هالكلام صدق وانا معلمة واقولك مافي تطعيم اجباري او تطعيم كورونا بالمدارس,,,,,,,,,1,0,0.6933594,0.1505127,0.15625,2,None,Against
1291, ترا بالنهايه يوم دخلت المطار حقهم محد طلبه مني ابددااا ولا احد جاب طاري بس كان معي تحليل كورونا ورقة تطعيم بس بالاخير وريتهم التطعيم بس ومشوني,Covid Vaccine,ترا بالنهايه يوم دخلت المطار حقهم محد طلبه مني ابدداا ولا احد جاب طاري بس كان معي تحليل كورونا ورقة تطعيم بس بالاخير وريتهم التطعيم بس ومشوني,Covid Vaccine,,1,Neutral,1,No,0,,,Not clear,Target: Covid Vaccine Text: ترا بالنهايه يوم دخلت المطار حقهم محد طلبه مني ابدداا ولا احد جاب طاري بس كان معي تحليل كورونا ورقة تطعيم بس بالاخير وريتهم التطعيم بس ومشوني,,,,,,,,,1,0,0.5078125,0.2770996,0.21520996,2,None,Against
1314,"سرنا الإعلان عن فوز نور تكافل بجائزة ""أفضل مشروع تحول رقمي للعام"" مساء الاثنين الموافق  27 سبتمبر 2021!   #نور_تكافل #جائزة #التحول_الرقمي",Digital Transformation,"سرنا الاعلان عن فوز نور تكافل بجائزة ""افضل مشروع تحول رقمي للعام"" مساء الاثنين الموافق 27 سبتمبر 2021! #نور تكافل #جائزة #التحول الرقمي",Digital Transformation,Favor,2,Positive,2,No,0,F_Explicit,,,"Target: Digital Transformation Text: سرنا الاعلان عن فوز نور تكافل بجائزة ""افضل مشروع تحول رقمي للعام"" مساء الاثنين الموافق 27 سبتمبر 2021! #نور تكافل #جائزة #التحول الرقمي",,,,,,,,,2,1,0.012138367,0.5600586,0.42797852,2,Favor,None
1324,مشكلة التحول الرقمي في الاردن هي عدم وجود جهة مركزية تخطط لعمليات تبادل البيانات بين الجهات المختلفة لتسهيل عملية اعادة هندسة كافة العمليات والاجراءات الحكومية لتحول رقمي فعال  اللي بيصير حاليا هو تغيير في طريقة تقديم الخدمة من خلال نفس الروتين الحكومي العقيم.,Digital Transformation,مشكلة التحول الرقمي في الاردن هي عدم وجود جهة مركزية تخطط لعمليات تبادل البيانات بين الجهات المختلفة لتسهيل عملية اعادة هندسة كافة العمليات والاجراءات الحكومية لتحول رقمي فعال اللي بيصير حاليا هو تغيير في طريقة تقديم الخدمة من خلال نفس الروتين الحكومي العقيم.,Digital Transformation,Against,0,Negative,0,No,0,,A_Explicit,,Target: Digital Transformation Text: مشكلة التحول الرقمي في الاردن هي عدم وجود جهة مركزية تخطط لعمليات تبادل البيانات بين الجهات المختلفة لتسهيل عملية اعادة هندسة كافة العمليات والاجراءات الحكومية لتحول رقمي فعال اللي بيصير حاليا هو تغيير في طريقة تقديم الخدمة من خلال نفس الروتين الحكومي العقيم.,,,,,,,,,0,2,0.21276855,0.36669922,0.4206543,2,Against,Favor
1340, أكثر من 100 دولة لم تبدأ بعد في تطعيم كورونا منها اليابان المشككة في اللقاح  ,Covid Vaccine,اكثر من 100 دولة لم تبدا بعد في تطعيم كورونا منها اليابان المشككة في اللقاح,Covid Vaccine,,1,Negative,0,No,0,,,Not clear,Target: Covid Vaccine Text: اكثر من 100 دولة لم تبدا بعد في تطعيم كورونا منها اليابان المشككة في اللقاح,,,,,,,,,1,0,0.61083984,0.32421875,0.06524658,2,None,Against
1351,2️⃣ إنخفض معدل الدخول للمستشفى بسبب #كورونا بهذه النسب: ٩١٪ بعد ٤ أسابيع من تطعيم فايزر.  ٨٨٪ بعد ٤ أسابيع من تطعيم أسترازينكا.  و فالكم طيب.   ,Covid Vaccine,2️⃣ انخفض معدل الدخول للمستشفي بسبب #كورونا بهذه النسب: ٩١٪ بعد ٤ اسابيع من تطعيم فايزر. ٨٨٪ بعد ٤ اسابيع من تطعيم استرازينكا. و فالكم طيب.,Covid Vaccine,Favor,2,Positive,2,No,0,,,,Target: Covid Vaccine Text: 2️⃣ انخفض معدل الدخول للمستشفي بسبب #كورونا بهذه النسب: ٩١٪ بعد ٤ اسابيع من تطعيم فايزر. ٨٨٪ بعد ٤ اسابيع من تطعيم استرازينكا. و فالكم طيب.,,,,,,,,,2,1,0.32080078,0.35864258,0.32055664,2,Favor,None
1376, مشاكل القضاء ظهرت بعد التحول الرقمي لانه من الخطأ تنفذ تحول رقمي و انت عندك ثغرات بالانظمة و سلطة تقديريه فضفاضه  انت هنا زدت النار بنزين بس لازم محلل نظم شاطر + تغير و تعديل المواد  لتصبح من مدونات قضائية  الى قانون مقننه و ملزمه +تضيق السلطة,Digital Transformation,مشاكل القضاء ظهرت بعد التحول الرقمي لانه من الخطا تنفذ تحول رقمي و انت عندك ثغرات بالانظمة و سلطة تقديريه فضفاضه انت هنا زدت النار بنزين بس لازم محلل نظم شاطر + تغير و تعديل المواد لتصبح من مدونات قضائية الي قانون مقننه و ملزمه +تضيق السلطة,Digital Transformation,Against,0,Negative,0,No,0,,A_Explicit,,Target: Digital Transformation Text: مشاكل القضاء ظهرت بعد التحول الرقمي لانه من الخطا تنفذ تحول رقمي و انت عندك ثغرات بالانظمة و سلطة تقديريه فضفاضه انت هنا زدت النار بنزين بس لازم محلل نظم شاطر + تغير و تعديل المواد لتصبح من مدونات قضائية الي قانون مقننه و ملزمه +تضيق السلطة,,,,,,,,,0,2,0.3371582,0.19396973,0.46875,2,Against,Favor
1380,يا تطعم او عنايه مركزه....  اختياركم   #تطعيم_كورونا,Covid Vaccine,يا تطعم او عنايه مركزه.. اختياركم #تطعيم كورونا,Covid Vaccine,Favor,2,Neutral,1,No,0,F_Explicit,,,Target: Covid Vaccine Text: يا تطعم او عنايه مركزه.. اختياركم #تطعيم كورونا,,,,,,,,,2,1,0.18847656,0.50878906,0.30297852,2,Favor,None
1391,cant wait  لنرمي كلنا سوا بنفس اللحظة كماماتنا لفوق بالهوا لما يتطعم ال٧٠%  #كورونا #كورونا_لبنان #تطعيم_كورونا #لقاح_فايزر URL,Covid Vaccine,cant wait لنرمي كلنا سوا بنفس اللحظة كماماتنا لفوق بالهوا لما يتطعم ال٧٠% #كورونا #كورونا لبنان #تطعيم كورونا #لقاح فايزر,Covid Vaccine,Favor,2,Neutral,1,No,0,F_Explicit,,,Target: Covid Vaccine Text: cant wait لنرمي كلنا سوا بنفس اللحظة كماماتنا لفوق بالهوا لما يتطعم ال٧٠% #كورونا #كورونا لبنان #تطعيم كورونا #لقاح فايزر,,,,,,,,,2,1,0.2052002,0.5029297,0.29174805,2,Favor,None
1413,MENTION  في فرق بين الادويه وبين اللقاح  اللقاح دوره يمنع المرض مو يخفف الاصابه  تطعيمات شهادة الميلاد كلها تمنع الاصابه شمعنى تطعيم كورونا مايمنع ؟,Covid Vaccine,مستخدم في فرق بين الادويه وبين اللقاح اللقاح دوره يمنع المرض مو يخفف الاصابه تطعيمات شهادة الميلاد كلها تمنع الاصابه شمعني تطعيم كورونا مايمنع ؟,Covid Vaccine,,1,Neutral,1,No,0,,,Not clear,Target: Covid Vaccine Text: مستخدم في فرق بين الادويه وبين اللقاح اللقاح دوره يمنع المرض مو يخفف الاصابه تطعيمات شهادة الميلاد كلها تمنع الاصابه شمعني تطعيم كورونا مايمنع ؟,,,,,,,,,1,0,0.6064453,0.17810059,0.2154541,2,None,Against
1415, الوسواس من تطعيم كورونا,Covid Vaccine,الوسواس من تطعيم كورونا,Covid Vaccine,,1,Neutral,1,No,0,,,Not clear,Target: Covid Vaccine Text: الوسواس من تطعيم كورونا,,,,,,,,,1,0,0.5019531,0.4260254,0.071899414,2,None,Against
1497,MENTION MENTION جيت برد عليك بس ماشاء الله البنات ماقصروا اتمنى انك معاد تحارشين السعوديات 😌✌🏻 وروحي اوقفي في ساحة الاراده واعتصمي ضد تطعيم ڤايروس كورونا 😂💔😩,Covid Vaccine,مستخدم مستخدم جيت برد عليك بس ماشاء الله البنات ماقصروا اتمني انك معاد تحارشين السعوديات 😌✌🏻 وروحي اوقفي في ساحة الاراده واعتصمي ضد تطعيم ڤايروس كورونا 😂💔😩,Covid Vaccine,,1,Neutral,1,Yes,1,,,Not clear,Target: Covid Vaccine Text: مستخدم مستخدم جيت برد عليك بس ماشاء الله البنات ماقصروا اتمني انك معاد تحارشين السعوديات 😌✌🏻 وروحي اوقفي في ساحة الاراده واعتصمي ضد تطعيم ڤايروس كورونا 😂💔😩,,,,,,,,,1,2,0.3828125,0.1842041,0.43286133,2,None,Favor
1500,جائحة كوفيد الآن أصبحت : 🛑جائحة كوفيد لغير المطعمين  ( دخول مستشفيات   عنايات مركزة  ووفيات) وذلك بنسبة عالية جداً.  المجادلة تضييع فرص النجاة من هذه الجائحة. سارعوا بالتطعيم لكم ولأسركم و لمن تحبون. #تطعيم_كورونا #جائحة_كورونا_لغير_المطعمين,Covid Vaccine,جائحة كوفيد الان اصبحت : 🛑جائحة كوفيد لغير المطعمين ( دخول مستشفيات عنايات مركزة ووفيات) وذلك بنسبة عالية جداً. المجادلة تضييع فرص النجاة من هذه الجائحة. سارعوا بالتطعيم لكم ولاسركم و لمن تحبون. #تطعيم كورونا #جائحة كورونا لغير المطعمين,Covid Vaccine,Favor,2,Neutral,1,No,0,F_Explicit,,,Target: Covid Vaccine Text: جائحة كوفيد الان اصبحت : 🛑جائحة كوفيد لغير المطعمين ( دخول مستشفيات عنايات مركزة ووفيات) وذلك بنسبة عالية جداً. المجادلة تضييع فرص النجاة من هذه الجائحة. سارعوا بالتطعيم لكم ولاسركم و لمن تحبون. #تطعيم كورونا #جائحة كورونا لغير المطعمين,,,,,,,,,2,0,0.49682617,0.20019531,0.30297852,2,Favor,Against
1556,اللهم انفع فيه ورفع عنا هذا الوباء والبلاء 🤲🏼 #تطعيم_كورونا,Covid Vaccine,اللهم انفع فيه ورفع عنا هذا الوباء والبلاء 🤲🏼 #تطعيم كورونا,Covid Vaccine,Favor,2,Neutral,1,No,0,F_Explicit,,,Target: Covid Vaccine Text: اللهم انفع فيه ورفع عنا هذا الوباء والبلاء 🤲🏼 #تطعيم كورونا,,,,,,,,,2,1,0.15673828,0.46801758,0.37524414,2,Favor,None
1562, تطعيم كورونا ، راضيه بأيييي نوع آخده بس أبغى أتطعم 😭💔,Covid Vaccine,تطعيم كورونا ، راضيه بايي نوع اخده بس ابغي اتطعم 😭💔,Covid Vaccine,Favor,2,Neutral,1,No,0,F_Explicit,,,Target: Covid Vaccine Text: تطعيم كورونا ، راضيه بايي نوع اخده بس ابغي اتطعم 😭💔,,,,,,,,,2,0,0.4802246,0.32739258,0.19262695,2,Favor,Against
1626,الكيان الصهيوني المحتل لأرض فلسطين طعموا كل اليهود ضد كورونا بأسرع ما يمكن...دافعهم لذلك أنهم شعب يخاف من الانقراض و الموت...فهم حريصون على الحياة والبقاء ويستخدمون لذلك كل الطرق والوسائل.  اليوم أو أمس أعلنوا إزالة الكمامات...والعودة للحياة الطبيعية...بعد تطعيم أغلب اليهود,Covid Vaccine,الكيان الصهيوني المحتل لارض فلسطين طعموا كل اليهود ضد كورونا باسرع ما يمكن..دافعهم لذلك انهم شعب يخاف من الانقراض و الموت..فهم حريصون علي الحياة والبقاء ويستخدمون لذلك كل الطرق والوسائل. اليوم او امس اعلنوا ازالة الكمامات..والعودة للحياة الطبيعية..بعد تطعيم اغلب اليهود,Covid Vaccine,Favor,2,Neutral,1,No,0,F_Explicit,,,Target: Covid Vaccine Text: الكيان الصهيوني المحتل لارض فلسطين طعموا كل اليهود ضد كورونا باسرع ما يمكن..دافعهم لذلك انهم شعب يخاف من الانقراض و الموت..فهم حريصون علي الحياة والبقاء ويستخدمون لذلك كل الطرق والوسائل. اليوم او امس اعلنوا ازالة الكمامات..والعودة للحياة الطبيعية..بعد تطعيم اغلب اليهود,,,,,,,,,2,0,0.4519043,0.2775879,0.2705078,2,Favor,Against
1628,#كورونا شهر يونيو هو شهر بداية الإنفراجة بإذن الله تعالى  أتوقع إنكسار ذروة الموجة الثالثة خلال الشهر القادم بناءآ على عوامل وشواهد عديدة منها إقبال ملحوظ على تلقي اللقاح بالإضافة إلى أن عدد كبير من الشعب أصيب بالڤيروس وكلاهما يعطي مناعة مؤقتة تجعلنا نسرع في تطعيم أكبر عدد ممكن👇,Covid Vaccine,#كورونا شهر يونيو هو شهر بداية الانفراجة باذن الله تعالي اتوقع انكسار ذروة الموجة الثالثة خلال الشهر القادم بناءا علي عوامل وشواهد عديدة منها اقبال ملحوظ علي تلقي اللقاح بالاضافة الي ان عدد كبير من الشعب اصيب بالڤيروس وكلاهما يعطي مناعة مؤقتة تجعلنا نسرع في تطعيم اكبر عدد ممكن👇,Covid Vaccine,Favor,2,Neutral,1,No,0,F_Explicit,,,Target: Covid Vaccine Text: #كورونا شهر يونيو هو شهر بداية الانفراجة باذن الله تعالي اتوقع انكسار ذروة الموجة الثالثة خلال الشهر القادم بناءا علي عوامل وشواهد عديدة منها اقبال ملحوظ علي تلقي اللقاح بالاضافة الي ان عدد كبير من الشعب اصيب بالڤيروس وكلاهما يعطي مناعة مؤقتة تجعلنا نسرع في تطعيم اكبر عدد ممكن👇,,,,,,,,,2,1,0.06939697,0.51660156,0.4140625,2,Favor,None
1674,"""ضريبة التأخير في الحصول على اللقاح تتضاعف يومياً"" | وام     #لقاح_كورونا #تطعيم #دكتورة_فريدة #صحة #الامارات ",Covid Vaccine,"""ضريبة التاخير في الحصول علي اللقاح تتضاعف يومياً"" | وام #لقاح كورونا #تطعيم #دكتورة فريدة #صحة #الامارات",Covid Vaccine,Favor,2,Positive,2,No,0,F_Implicit,,,"Target: Covid Vaccine Text: ""ضريبة التاخير في الحصول علي اللقاح تتضاعف يومياً"" | وام #لقاح كورونا #تطعيم #دكتورة فريدة #صحة #الامارات",,,,,,,,,2,1,0.20788574,0.53222656,0.26000977,2,Favor,None
1755, واضح أنه فقط تجميع للخدمات الموجودة حاليا اونلاين ولكن في تطبيق واحد  هذا لا يسمى تحول رقمي! لا يوجد شي اسمه حجز و انتظار مواعيد للحضور وانجاز معاملتك ورقيا   هذا تعطيل و استخفاف بالعقول! التحول الرقمي يحتاج الى تغيير بالواقع !,Digital Transformation,واضح انه فقط تجميع للخدمات الموجودة حاليا اونلاين ولكن في تطبيق واحد هذا لا يسمي تحول رقمي! لا يوجد شي اسمه حجز و انتظار مواعيد للحضور وانجاز معاملتك ورقيا هذا تعطيل و استخفاف بالعقول! التحول الرقمي يحتاج الي تغيير بالواقع !,Digital Transformation,Favor,2,Neutral,1,No,0,F_Explicit,,,Target: Digital Transformation Text: واضح انه فقط تجميع للخدمات الموجودة حاليا اونلاين ولكن في تطبيق واحد هذا لا يسمي تحول رقمي! لا يوجد شي اسمه حجز و انتظار مواعيد للحضور وانجاز معاملتك ورقيا هذا تعطيل و استخفاف بالعقول! التحول الرقمي يحتاج الي تغيير بالواقع !,,,,,,,,,2,0,0.60009766,0.13684082,0.26293945,2,Favor,Against
1795,لا شيء يبقى على حاله  لكن التحول التقني جرى بسرعة وفي غفلة مني  كان عليّ أن أحجز مقعداً على متن الطائرة  سأحاول فعل ذلك فيما تبقى من الرحلة  سيكون هذا أفضل من سماع ضحكات أولادي المكتومة وأنا أشتعل غضباً بسبب فشل محاولتي لتنزيل الفيديو على الكمبيوتر. أحمد الحامد,Digital Transformation,لا شيء يبقي علي حاله لكن التحول التقني جري بسرعة وفي غفلة مني كان عليّ ان احجز مقعداً علي متن الطائرة ساحاول فعل ذلك فيما تبقي من الرحلة سيكون هذا افضل من سماع ضحكات اولادي المكتومة وانا اشتعل غضباً بسبب فشل محاولتي لتنزيل الفيديو علي الكمبيوتر. احمد الحامد,Digital Transformation,Favor,2,Positive,2,No,0,F_Explicit,,,Target: Digital Transformation Text: لا شيء يبقي علي حاله لكن التحول التقني جري بسرعة وفي غفلة مني كان عليّ ان احجز مقعداً علي متن الطائرة ساحاول فعل ذلك فيما تبقي من الرحلة سيكون هذا افضل من سماع ضحكات اولادي المكتومة وانا اشتعل غضباً بسبب فشل محاولتي لتنزيل الفيديو علي الكمبيوتر. احمد الحامد,,,,,,,,,2,0,0.40161133,0.32006836,0.2783203,2,Favor,Against
1862,MENTION فلم كورونا متى يخلص صار اجزاء .... باقي تطعيم الرضيع صح URL,Covid Vaccine,مستخدم فلم كورونا متي يخلص صار اجزاء .. باقي تطعيم الرضيع صح,Covid Vaccine,Against,0,Negative,0,No,0,,A_Explicit,,Target: Covid Vaccine Text: مستخدم فلم كورونا متي يخلص صار اجزاء .. باقي تطعيم الرضيع صح,,,,,,,,,0,1,0.39111328,0.42993164,0.17895508,2,Against,None
1871,MENTION نفس الموضوع في بيتنا اختي تأخر موعد تطعيمها والعائلة كلها ماخذ تطعيم    ياتها كورونا قوية واحنى مافينا اعراض كللللللللش اللهم لك الحمد,Covid Vaccine,مستخدم نفس الموضوع في بيتنا اختي تاخر موعد تطعيمها والعائلة كلها ماخذ تطعيم ياتها كورونا قوية واحني مافينا اعراض كللش اللهم لك الحمد,Covid Vaccine,Favor,2,Positive,2,No,0,F_Explicit,,,Target: Covid Vaccine Text: مستخدم نفس الموضوع في بيتنا اختي تاخر موعد تطعيمها والعائلة كلها ماخذ تطعيم ياتها كورونا قوية واحني مافينا اعراض كللش اللهم لك الحمد,,,,,,,,,2,0,0.7294922,0.14831543,0.12249756,2,Favor,Against
1899,مدري ليش فجاة غيرت رايي بشان تطعيم كورونا  ناوية اخذها ان شاء الله واحجز لي دور وعلى الله فليتوكل المتوكلون,Covid Vaccine,مدري ليش فجاة غيرت رايي بشان تطعيم كورونا ناوية اخذها ان شاء الله واحجز لي دور وعلي الله فليتوكل المتوكلون,Covid Vaccine,Favor,2,Positive,2,No,0,F_Implicit,,,Target: Covid Vaccine Text: مدري ليش فجاة غيرت رايي بشان تطعيم كورونا ناوية اخذها ان شاء الله واحجز لي دور وعلي الله فليتوكل المتوكلون,,,,,,,,,2,0,0.4519043,0.26879883,0.27954102,2,Favor,Against
1971,      لقاح كورونا ما بيمنع المرض سوزي متله متل اي تطعيم تاني. بس المرض بكون أخف,Covid Vaccine,لقاح كورونا ما بيمنع المرض سوزي متله متل اي تطعيم تاني. بس المرض بكون اخف,Covid Vaccine,Favor,2,Positive,2,No,0,F_Explicit,,,Target: Covid Vaccine Text: لقاح كورونا ما بيمنع المرض سوزي متله متل اي تطعيم تاني. بس المرض بكون اخف,,,,,,,,,2,0,0.42651367,0.32836914,0.24511719,2,Favor,Against
2004,#كورونا_فيروس اختصر سنوات عديدة على  في مهنة #المحاماة . URL,Digital Transformation,#كورونا فيروس اختصر سنوات عديدة علي في مهنة #المحاماة .,Digital Transformation,Favor,2,Positive,2,No,0,F_Explicit,,,Target: Digital Transformation Text: #كورونا فيروس اختصر سنوات عديدة علي في مهنة #المحاماة .,,,,,,,,,2,1,0.11981201,0.48217773,0.39794922,2,Favor,None
2049,الثقافة لا تعني تحول الإنسان إلى كائن رقمي مع استراتيجية التحول الرقمي لأنها انتهاك لخصوصية الإنسان فضلا عن ادميته. ونقصد بالكائن الرقمي بأن تتم إدارته رقميا من خلال العالم الرقمي ع الانترنت.,Digital Transformation,الثقافة لا تعني تحول الانسان الي كائن رقمي مع استراتيجية التحول الرقمي لانها انتهاك لخصوصية الانسان فضلا عن ادميته. ونقصد بالكائن الرقمي بان تتم ادارته رقميا من خلال العالم الرقمي ع الانترنت.,Digital Transformation,,1,Negative,0,No,0,,,Not clear,Target: Digital Transformation Text: الثقافة لا تعني تحول الانسان الي كائن رقمي مع استراتيجية التحول الرقمي لانها انتهاك لخصوصية الانسان فضلا عن ادميته. ونقصد بالكائن الرقمي بان تتم ادارته رقميا من خلال العالم الرقمي ع الانترنت.,,,,,,,,,1,0,0.64160156,0.22094727,0.13757324,2,None,Against
2053,فيه ناس يعتقدون ان التحول الإلكتروني للوزارات قضى على الفساد وهذا غير صحيح؛ الفاسدين للحين موجودين لكن طرق فسادهم تغيرت. URL,Digital Transformation,فيه ناس يعتقدون ان التحول الالكتروني للوزارات قضي علي الفساد وهذا غير صحيح؛ الفاسدين للحين موجودين لكن طرق فسادهم تغيرت.,Digital Transformation,,1,Neutral,1,No,0,,,Not clear,Target: Digital Transformation Text: فيه ناس يعتقدون ان التحول الالكتروني للوزارات قضي علي الفساد وهذا غير صحيح؛ الفاسدين للحين موجودين لكن طرق فسادهم تغيرت.,,,,,,,,,1,2,0.33154297,0.30004883,0.3684082,2,None,Favor
2075,عدد التطبيقات اليوم في متاجر google play و Apple store تخطت حاجز الـ 5 مليون تطبيق.  التحول الرقمي اللي نشهده في الفترة الحالية ضخم جدا ونلاحظ أيضا ان الدولة أصبح توجهها رقمي بحت من خلال التطبيقات اللي تطلقها في فترة كورونا وما قبلها أيضا,Digital Transformation,عدد التطبيقات اليوم في متاجر google play و Apple store تخطت حاجز ال 5 مليون تطبيق. التحول الرقمي اللي نشهده في الفترة الحالية ضخم جدا ونلاحظ ايضا ان الدولة اصبح توجهها رقمي بحت من خلال التطبيقات اللي تطلقها في فترة كورونا وما قبلها ايضا,Digital Transformation,Favor,2,Positive,2,No,0,F_Explicit,,,Target: Digital Transformation Text: عدد التطبيقات اليوم في متاجر google play و Apple store تخطت حاجز ال 5 مليون تطبيق. التحول الرقمي اللي نشهده في الفترة الحالية ضخم جدا ونلاحظ ايضا ان الدولة اصبح توجهها رقمي بحت من خلال التطبيقات اللي تطلقها في فترة كورونا وما قبلها ايضا,,,,,,,,,2,1,0.042144775,0.4958496,0.46191406,2,Favor,None
2082, يابشر سواء طعمتوا ولا ماطعمتوا اجلكم معلوم والموت حق وعلى الكل ولا تقطونها براس تطعيم وخصوصا ان ملايين تطعموا من فايزر واكسفورد وماحاشهم شي!!   وبالنسبه للجلطات والسكتات القلبيه ترى من قبل كورونا وبدون تطعيم كانوا يموتون بالآلاف باليوم الواحد .,Covid Vaccine,يابشر سواء طعمتوا ولا ماطعمتوا اجلكم معلوم والموت حق وعلي الكل ولا تقطونها براس تطعيم وخصوصا ان ملايين تطعموا من فايزر واكسفورد وماحاشهم شي!! وبالنسبه للجلطات والسكتات القلبيه تري من قبل كورونا وبدون تطعيم كانوا يموتون بالالاف باليوم الواحد .,Covid Vaccine,Favor,2,Neutral,1,No,0,F_Implicit,,,Target: Covid Vaccine Text: يابشر سواء طعمتوا ولا ماطعمتوا اجلكم معلوم والموت حق وعلي الكل ولا تقطونها براس تطعيم وخصوصا ان ملايين تطعموا من فايزر واكسفورد وماحاشهم شي!! وبالنسبه للجلطات والسكتات القلبيه تري من قبل كورونا وبدون تطعيم كانوا يموتون بالالاف باليوم الواحد .,,,,,,,,,2,0,0.79589844,0.053955078,0.15026855,2,Favor,Against
2086, راضين والله يحطونه بالخاص ويتطعمون بفلوسهم عشان لانرهق ميزانيه الدوله بس طعموهم !؟؟؟ الوضع بالديره خطر الوباء منتشر....  #تطعيم_كورونا   #تجنيس_أبناء_الكويتيات,Covid Vaccine,راضين والله يحطونه بالخاص ويتطعمون بفلوسهم عشان لانرهق ميزانيه الدوله بس طعموهم !؟؟ الوضع بالديره خطر الوباء منتشر.. #تطعيم كورونا #تجنيس ابناء الكويتيات,Covid Vaccine,Favor,2,Neutral,1,No,0,F_Explicit,,,Target: Covid Vaccine Text: راضين والله يحطونه بالخاص ويتطعمون بفلوسهم عشان لانرهق ميزانيه الدوله بس طعموهم !؟؟ الوضع بالديره خطر الوباء منتشر.. #تطعيم كورونا #تجنيس ابناء الكويتيات,,,,,,,,,2,0,0.64208984,0.13391113,0.22399902,2,Favor,Against
2089,لم يعد السؤال المناسب  هل يقاوم التطعيم تحورات الكورونا  بل السؤال ما هو الحال مع تحورات الكورونا من غير التطعيم والإجابة قطعا  تحورات كورونا من غير تطعيم = كارثة صحية اللقاحات توفر حماية ممتازة ضد دخول المستشفى والوفاة,Covid Vaccine,لم يعد السؤال المناسب هل يقاوم التطعيم تحورات الكورونا بل السؤال ما هو الحال مع تحورات الكورونا من غير التطعيم والاجابة قطعا تحورات كورونا من غير تطعيم = كارثة صحية اللقاحات توفر حماية ممتازة ضد دخول المستشفي والوفاة,Covid Vaccine,Favor,2,Neutral,1,No,0,F_Explicit,,,Target: Covid Vaccine Text: لم يعد السؤال المناسب هل يقاوم التطعيم تحورات الكورونا بل السؤال ما هو الحال مع تحورات الكورونا من غير التطعيم والاجابة قطعا تحورات كورونا من غير تطعيم = كارثة صحية اللقاحات توفر حماية ممتازة ضد دخول المستشفي والوفاة,,,,,,,,,2,0,0.76904297,0.15441895,0.07635498,2,Favor,Against
2094, التعليم التفليدي هو الافضل دايما اما التعليم الالكتروني هذا بتحصله سعادتك ناجح في اليابان وأمريكا ..والدول الاوربية اما نحن فلدينا مشاكل انا كموظفة تابعه للوزارة اجد صعوبة في اتمام عملى لان البوابة فيها مشاكل تعرقل سير العمل فكيف اذا تم التحول,Digital Transformation,التعليم التفليدي هو الافضل دايما اما التعليم الالكتروني هذا بتحصله سعادتك ناجح في اليابان وامريكا ..والدول الاوربية اما نحن فلدينا مشاكل انا كموظفة تابعه للوزارة اجد صعوبة في اتمام عملي لان البوابة فيها مشاكل تعرقل سير العمل فكيف اذا تم التحول,Digital Transformation,Against,0,Negative,0,No,0,,A_Explicit,,Target: Digital Transformation Text: التعليم التفليدي هو الافضل دايما اما التعليم الالكتروني هذا بتحصله سعادتك ناجح في اليابان وامريكا ..والدول الاوربية اما نحن فلدينا مشاكل انا كموظفة تابعه للوزارة اجد صعوبة في اتمام عملي لان البوابة فيها مشاكل تعرقل سير العمل فكيف اذا تم التحول,,,,,,,,,0,2,0.17663574,0.20959473,0.61376953,2,Against,Favor
2165,  صحيح  كورونا مسرع للتحول الرقمي  بس التحول الرقمي السريع بدون أساس رصين بييسقط لا محالة!   مثال التعلم الالكتروني في المدارس  هل استطاع انه يشمل جميع الطلبة؟ الكثير من الناس ما عندهم كمبيوترات أو انترنت منزلي!  وأيضا هل هي اصلا مش,Digital Transformation,صحيح كورونا مسرع للتحول الرقمي بس التحول الرقمي السريع بدون اساس رصين بييسقط لا محالة! مثال التعلم الالكتروني في المدارس هل استطاع انه يشمل جميع الطلبة؟ الكثير من الناس ما عندهم كمبيوترات او انترنت منزلي! وايضا هل هي اصلا مش,Digital Transformation,,1,Negative,0,Yes,1,,,Not clear,Target: Digital Transformation Text: صحيح كورونا مسرع للتحول الرقمي بس التحول الرقمي السريع بدون اساس رصين بييسقط لا محالة! مثال التعلم الالكتروني في المدارس هل استطاع انه يشمل جميع الطلبة؟ الكثير من الناس ما عندهم كمبيوترات او انترنت منزلي! وايضا هل هي اصلا مش,,,,,,,,,1,0,0.6401367,0.1796875,0.18005371,2,None,Against
2214,ردا على رقم ٢ و ٣ في تقريركم الصحفي  خاطب العاقل بما يعقل  اولا انتوا وزارة الصحة من وزير لا تجاوبون المواطنين ولا تردون على شكواهم  ثانيا هل من يموت خلال ٢٤ ساعة او بعدها يطلع لكم من القبر يكتب لكم على المنصة انه مات بسبب تطعيم #كورونا وتلفونه مقفول برقم سري واهله ما يعرفونه !؟ URL,Covid Vaccine,ردا علي رقم ٢ و ٣ في تقريركم الصحفي خاطب العاقل بما يعقل اولا انتوا وزارة الصحة من وزير لا تجاوبون المواطنين ولا تردون علي شكواهم ثانيا هل من يموت خلال ٢٤ ساعة او بعدها يطلع لكم من القبر يكتب لكم علي المنصة انه مات بسبب تطعيم #كورونا وتلفونه مقفول برقم سري واهله ما يعرفونه !؟,Covid Vaccine,,1,Negative,0,No,0,,,Not clear,Target: Covid Vaccine Text: ردا علي رقم ٢ و ٣ في تقريركم الصحفي خاطب العاقل بما يعقل اولا انتوا وزارة الصحة من وزير لا تجاوبون المواطنين ولا تردون علي شكواهم ثانيا هل من يموت خلال ٢٤ ساعة او بعدها يطلع لكم من القبر يكتب لكم علي المنصة انه مات بسبب تطعيم #كورونا وتلفونه مقفول برقم سري واهله ما يعرفونه !؟,,,,,,,,,1,0,0.67089844,0.19470215,0.13427734,2,None,Against
2227,MENTION MENTION MENTION يا عزيزي تطعيم كورونا هي نفس تطعيمات اللي ياخذه ولدك وهي نفسها تطعيمات الانفلونزا الموسمية هل يوم اخذت التطعيمات يوم كنت صغير طلع ولدك مشتوه ولا نبتتلك رجل ثالثه ؟؟,Covid Vaccine,مستخدم مستخدم مستخدم يا عزيزي تطعيم كورونا هي نفس تطعيمات اللي ياخذه ولدك وهي نفسها تطعيمات الانفلونزا الموسمية هل يوم اخذت التطعيمات يوم كنت صغير طلع ولدك مشتوه ولا نبتتلك رجل ثالثه ؟؟,Covid Vaccine,Favor,2,Positive,2,No,0,F_Implicit,,,Target: Covid Vaccine Text: مستخدم مستخدم مستخدم يا عزيزي تطعيم كورونا هي نفس تطعيمات اللي ياخذه ولدك وهي نفسها تطعيمات الانفلونزا الموسمية هل يوم اخذت التطعيمات يوم كنت صغير طلع ولدك مشتوه ولا نبتتلك رجل ثالثه ؟؟,,,,,,,,,2,0,0.7128906,0.16821289,0.11895752,2,Favor,Against
2270,   اي رقمي ..!!  لا تركزون على الشكليات وامور قد لا تكون مهمة حاليا بالله عليك ايهم اولى المطالبة با #التحول_الرقمي  في التعليم او في حل مشكلة التكدس بالفصول الفصل الواحد يوجد فيه اكثر من 50 طالب وضم المدارس وحشرهم في م,Digital Transformation,اي رقمي ..!! لا تركزون علي الشكليات وامور قد لا تكون مهمة حاليا بالله عليك ايهم اولي المطالبة با #التحول الرقمي في التعليم او في حل مشكلة التكدس بالفصول الفصل الواحد يوجد فيه اكثر من 50 طالب وضم المدارس وحشرهم في م,Digital Transformation,Against,0,Negative,0,Yes,1,,A_Explicit,,Target: Digital Transformation Text: اي رقمي ..!! لا تركزون علي الشكليات وامور قد لا تكون مهمة حاليا بالله عليك ايهم اولي المطالبة با #التحول الرقمي في التعليم او في حل مشكلة التكدس بالفصول الفصل الواحد يوجد فيه اكثر من 50 طالب وضم المدارس وحشرهم في م,,,,,,,,,0,2,0.2109375,0.2401123,0.5488281,2,Against,Favor
2293,MENTION MENTION الجلطات القلبية اكثر عند غير المطعمين بسبب مضاعفات كورونا على القلب   اللي تحوشهم كورونا تخترب عضلة القلب عندهم وتحوشهم جلطة  فاللي يخاف تحوشة جلطة من كورونا خل ياخذ تطعيم  الخلاصة ان التطعيم يقي من الجلطات اللي ممكن تسببها كورونا  اسمعوا كلام الدكاترة مو كلام الجهلة المفترين,Covid Vaccine,مستخدم مستخدم الجلطات القلبية اكثر عند غير المطعمين بسبب مضاعفات كورونا علي القلب اللي تحوشهم كورونا تخترب عضلة القلب عندهم وتحوشهم جلطة فاللي يخاف تحوشة جلطة من كورونا خل ياخذ تطعيم الخلاصة ان التطعيم يقي من الجلطات اللي ممكن تسببها كورونا اسمعوا كلام الدكاترة مو كلام الجهلة المفترين,Covid Vaccine,Favor,2,Neutral,1,No,0,F_Explicit,,,Target: Covid Vaccine Text: مستخدم مستخدم الجلطات القلبية اكثر عند غير المطعمين بسبب مضاعفات كورونا علي القلب اللي تحوشهم كورونا تخترب عضلة القلب عندهم وتحوشهم جلطة فاللي يخاف تحوشة جلطة من كورونا خل ياخذ تطعيم الخلاصة ان التطعيم يقي من الجلطات اللي ممكن تسببها كورونا اسمعوا كلام الدكاترة مو كلام الجهلة المفترين,,,,,,,,,2,0,0.66796875,0.115478516,0.21655273,2,Favor,Against
2294,MENTION MENTION الجلطة لانهم مو ماخذين تطعيم لأن مضاعفات كورونا تضعف عضلة القلب! ما في دليل يربط اللقاح بالجلطات واحياناً الجلطات من غير أي شي او يكون الشخص مريض جداً ,Covid Vaccine,مستخدم مستخدم الجلطة لانهم مو ماخذين تطعيم لان مضاعفات كورونا تضعف عضلة القلب! ما في دليل يربط اللقاح بالجلطات واحياناً الجلطات من غير اي شي او يكون الشخص مريض جداً,Covid Vaccine,Favor,2,Positive,2,No,0,F_Implicit,,,Target: Covid Vaccine Text: مستخدم مستخدم الجلطة لانهم مو ماخذين تطعيم لان مضاعفات كورونا تضعف عضلة القلب! ما في دليل يربط اللقاح بالجلطات واحياناً الجلطات من غير اي شي او يكون الشخص مريض جداً,,,,,,,,,2,0,0.8666992,0.050994873,0.082336426,2,Favor,Against
2377,بكرا آخذ اللقاح ان شاءالله...لسه سارية المفعول هبة الصور عند التطعيم 😂🤣🤦‍♀️ #كوفيد_19  #تطعيم_كورونا,Covid Vaccine,بكرا اخذ اللقاح ان شاءالله..لسه سارية المفعول هبة الصور عند التطعيم 😂🤣🤦‍♀️ #كوفيد 19 #تطعيم كورونا,Covid Vaccine,Favor,2,Neutral,1,Yes,1,F_Explicit,,,Target: Covid Vaccine Text: بكرا اخذ اللقاح ان شاءالله..لسه سارية المفعول هبة الصور عند التطعيم 😂🤣🤦‍♀️ #كوفيد 19 #تطعيم كورونا,,,,,,,,,2,1,0.09857178,0.46044922,0.44091797,2,Favor,None
2384, انا لو ادري باخذ تطعيم وبعدها تسوون عليهم حظر اقسم بالله مااخذه شنو فايده اخذ لقاح وبعدها حاكرنا بالبيت ؟ دمرتنا وتعبت نفسياتنا اقسم بالله,Covid Vaccine,انا لو ادري باخذ تطعيم وبعدها تسوون عليهم حظر اقسم بالله مااخذه شنو فايده اخذ لقاح وبعدها حاكرنا بالبيت ؟ دمرتنا وتعبت نفسياتنا اقسم بالله,Covid Vaccine,,1,Negative,0,No,0,,,Not clear,Target: Covid Vaccine Text: انا لو ادري باخذ تطعيم وبعدها تسوون عليهم حظر اقسم بالله مااخذه شنو فايده اخذ لقاح وبعدها حاكرنا بالبيت ؟ دمرتنا وتعبت نفسياتنا اقسم بالله,,,,,,,,,1,0,0.9296875,0.03286743,0.037506104,2,None,Against
2417,#لا_للتطعيم_الاجباري١٨  صح لسانكم شوفو كيف تحمون نفسكم من كورونا بدون تطعيم 🔥🔥🔥 URL,Covid Vaccine,#لا للتطعيم الاجباري١٨ صح لسانكم شوفو كيف تحمون نفسكم من كورونا بدون تطعيم 🔥🔥,Covid Vaccine,Favor,2,Negative,0,No,0,F_Implicit,,,Target: Covid Vaccine Text: #لا للتطعيم الاجباري١٨ صح لسانكم شوفو كيف تحمون نفسكم من كورونا بدون تطعيم 🔥🔥,,,,,,,,,2,0,0.87353516,0.04675293,0.079711914,2,Favor,Against
2428,MENTION 🤨يامسلم من يوم الله خلقنا واحنا نتطعم ولا ندري جات على  تطعيم كورونا روح خذ التطعيم وانتا ساكت 🤣🤪🏃🏽‍♀️🏃🏽‍♀️,Covid Vaccine,مستخدم 🤨يامسلم من يوم الله خلقنا واحنا نتطعم ولا ندري جات علي تطعيم كورونا روح خذ التطعيم وانتا ساكت 🤣🤪🏃🏽‍♀️🏃🏽‍♀️,Covid Vaccine,Favor,2,Neutral,1,Yes,1,F_Explicit,,,Target: Covid Vaccine Text: مستخدم 🤨يامسلم من يوم الله خلقنا واحنا نتطعم ولا ندري جات علي تطعيم كورونا روح خذ التطعيم وانتا ساكت 🤣🤪🏃🏽‍♀️🏃🏽‍♀️,,,,,,,,,2,0,0.6591797,0.15356445,0.18713379,2,Favor,Against
2462,MENTION MENTION تدري ان في ناس يتكلمون ويقولون تطعيم كورونا عشان بيل غيتس يتحكم فيك من كمبيوتره في البيت ؟؟؟,Covid Vaccine,مستخدم مستخدم تدري ان في ناس يتكلمون ويقولون تطعيم كورونا عشان بيل غيتس يتحكم فيك من كمبيوتره في البيت ؟؟,Covid Vaccine,Favor,2,Neutral,1,No,0,F_Implicit,,,Target: Covid Vaccine Text: مستخدم مستخدم تدري ان في ناس يتكلمون ويقولون تطعيم كورونا عشان بيل غيتس يتحكم فيك من كمبيوتره في البيت ؟؟,,,,,,,,,2,0,0.66064453,0.18200684,0.1574707,2,Favor,Against
2465,MENTION 😂😂😂 سمعته هذا الي بكندا .. عالم الماني كشف انه في شركة دواء عالميه قبل جائحه كورونا اطلبوا كمية انابيب تطعيم حق الكورونا وبعدها ب٧ اشهر اعلنوا انه في مرض اسمه الكورونا ياخالي لعبه بلعبه,Covid Vaccine,مستخدم 😂😂 سمعته هذا الي بكندا .. عالم الماني كشف انه في شركة دواء عالميه قبل جائحه كورونا اطلبوا كمية انابيب تطعيم حق الكورونا وبعدها ب٧ اشهر اعلنوا انه في مرض اسمه الكورونا ياخالي لعبه بلعبه,Covid Vaccine,,1,Neutral,1,Yes,1,,,Not clear,Target: Covid Vaccine Text: مستخدم 😂😂 سمعته هذا الي بكندا .. عالم الماني كشف انه في شركة دواء عالميه قبل جائحه كورونا اطلبوا كمية انابيب تطعيم حق الكورونا وبعدها ب٧ اشهر اعلنوا انه في مرض اسمه الكورونا ياخالي لعبه بلعبه,,,,,,,,,1,0,0.7758789,0.13317871,0.09106445,2,None,Against
2466, أخوي سعود  أنا ضد رجوع الطلبة للمدارس إلا لعد تطعيم ٧٠% من الشعب بحيث بكون هناك مناعة مجتمعية  أما بخصوص الإمتحانات فهي من قبل #كورونا يطبق التباعد!  وتوزيع طلبة ١٢ على المدرسة بأكملها سيكونون بأمان اكثر من تجمعاتهم مع أهلهم و ربعهم لا تباعد ولا كم,Covid Vaccine,اخوي سعود انا ضد رجوع الطلبة للمدارس الا لعد تطعيم ٧٠% من الشعب بحيث بكون هناك مناعة مجتمعية اما بخصوص الامتحانات فهي من قبل #كورونا يطبق التباعد! وتوزيع طلبة ١٢ علي المدرسة باكملها سيكونون بامان اكثر من تجمعاتهم مع اهلهم و ربعهم لا تباعد ولا كم,Covid Vaccine,Favor,2,Neutral,1,No,0,F_Explicit,,,Target: Covid Vaccine Text: اخوي سعود انا ضد رجوع الطلبة للمدارس الا لعد تطعيم ٧٠% من الشعب بحيث بكون هناك مناعة مجتمعية اما بخصوص الامتحانات فهي من قبل #كورونا يطبق التباعد! وتوزيع طلبة ١٢ علي المدرسة باكملها سيكونون بامان اكثر من تجمعاتهم مع اهلهم و ربعهم لا تباعد ولا كم,,,,,,,,,2,0,0.45751953,0.20703125,0.33544922,2,Favor,Against
2481,وان كان تطعيم كورونا سنوي ما المانع من ذلك ؟ قدر الله هذا الامر وان نعيش هذه الجائحه فلا سبيل بعد توفيق الله الا بإتباع تعليمات الاطباء فان قرروا الجرعه الثالثه والرابعه حتى وان صارت سنويه فما المانع ان كانت امنه ولا اضرار جانبيه لها ومتوفره بالمجان؟ #مطعم_جرعتين_وارفض_الثالثه !,Covid Vaccine,وان كان تطعيم كورونا سنوي ما المانع من ذلك ؟ قدر الله هذا الامر وان نعيش هذه الجائحه فلا سبيل بعد توفيق الله الا باتباع تعليمات الاطباء فان قرروا الجرعه الثالثه والرابعه حتي وان صارت سنويه فما المانع ان كانت امنه ولا اضرار جانبيه لها ومتوفره بالمجان؟ #مطعم جرعتين وارفض الثالثه !,Covid Vaccine,Favor,2,Positive,2,No,0,F_Explicit,,,Target: Covid Vaccine Text: وان كان تطعيم كورونا سنوي ما المانع من ذلك ؟ قدر الله هذا الامر وان نعيش هذه الجائحه فلا سبيل بعد توفيق الله الا باتباع تعليمات الاطباء فان قرروا الجرعه الثالثه والرابعه حتي وان صارت سنويه فما المانع ان كانت امنه ولا اضرار جانبيه لها ومتوفره بالمجان؟ #مطعم جرعتين وارفض الثالثه !,,,,,,,,,2,0,0.76123047,0.109802246,0.12902832,2,Favor,Against
2542,هل الهدف من التحول الإلكتروني هو تسهيل المعاملات وتسريعها ام هي موضه او هبه لازم نمشي معها..؟  لماذا لا نعيد صياغة الإجراءات لتتناسب مع التحول الإلكتروني بدلا من تحويل المعاملات الورقية إلى إلكترونية وحسب!      ,Digital Transformation,هل الهدف من التحول الالكتروني هو تسهيل المعاملات وتسريعها ام هي موضه او هبه لازم نمشي معها..؟ لماذا لا نعيد صياغة الاجراءات لتتناسب مع التحول الالكتروني بدلا من تحويل المعاملات الورقية الي الكترونية وحسب!,Digital Transformation,Favor,2,Positive,2,No,0,F_Explicit,,,Target: Digital Transformation Text: هل الهدف من التحول الالكتروني هو تسهيل المعاملات وتسريعها ام هي موضه او هبه لازم نمشي معها..؟ لماذا لا نعيد صياغة الاجراءات لتتناسب مع التحول الالكتروني بدلا من تحويل المعاملات الورقية الي الكترونية وحسب!,,,,,,,,,2,1,0.3046875,0.39379883,0.30151367,2,Favor,None
2684,صداااع و حراره الله المستعان 🤒🤕 #تطعيم_كورونا,Covid Vaccine,صدااع و حراره الله المستعان 🤒🤕 #تطعيم كورونا,Covid Vaccine,,1,Negative,0,No,0,,,Not clear,Target: Covid Vaccine Text: صدااع و حراره الله المستعان 🤒🤕 #تطعيم كورونا,,,,,,,,,1,0,0.82177734,0.12158203,0.056640625,2,None,Against
2711,قوة التكنولوجيا و استعمال الذكاء الاصطناعي اللي موجودة لسه محدود الانتشار.....التحول الالكتروني حالياً متعطل علي قدرة و شجاعة الناس في التغيير...التغيير في انك تتخلص من القديم وتستعمل الجديد...{ تتخلص من القديم بكل انواعة للاسف...} #digitaltransformation   #obstacles,Digital Transformation,قوة التكنولوجيا و استعمال الذكاء الاصطناعي اللي موجودة لسه محدود الانتشار..التحول الالكتروني حالياً متعطل علي قدرة و شجاعة الناس في التغيير..التغيير في انك تتخلص من القديم وتستعمل الجديد..{ تتخلص من القديم بكل انواعة للاسف..} #digitaltransformation #obstacles,Digital Transformation,Favor,2,Neutral,1,No,0,F_Explicit,,,Target: Digital Transformation Text: قوة التكنولوجيا و استعمال الذكاء الاصطناعي اللي موجودة لسه محدود الانتشار..التحول الالكتروني حالياً متعطل علي قدرة و شجاعة الناس في التغيير..التغيير في انك تتخلص من القديم وتستعمل الجديد..{ تتخلص من القديم بكل انواعة للاسف..} #digitaltransformation #obstacles,,,,,,,,,2,0,0.66064453,0.14404297,0.19519043,2,Favor,Against
2739,حرجع الجيم بعد يوم الأحد القادم بإذن الله، الأحد هو موعدى لأخذ الجرعه الثانيه من تطعيم كورونا ثم نعود للحياه ونسافر مصر ونشوف الاهل والأحباب والوطن باذن الله تعالى..😊❤,Covid Vaccine,حرجع الجيم بعد يوم الاحد القادم باذن الله، الاحد هو موعدي لاخذ الجرعه الثانيه من تطعيم كورونا ثم نعود للحياه ونسافر مصر ونشوف الاهل والاحباب والوطن باذن الله تعالي..😊❤,Covid Vaccine,Favor,2,Positive,2,No,0,F_Explicit,,,Target: Covid Vaccine Text: حرجع الجيم بعد يوم الاحد القادم باذن الله، الاحد هو موعدي لاخذ الجرعه الثانيه من تطعيم كورونا ثم نعود للحياه ونسافر مصر ونشوف الاهل والاحباب والوطن باذن الله تعالي..😊❤,,,,,,,,,2,1,0.07232666,0.5073242,0.42016602,2,Favor,None
2741,التقرير السنوي لإنجازات التحول الرقمي في المملكة العربية السعودية المعتمد من اللجنة الوطنية للتحول الرقمي👇🏻 بوركت الجهـــود 🙏🏻🙏🏻 URL,Digital Transformation,التقرير السنوي لانجازات التحول الرقمي في المملكة العربية السعودية المعتمد من اللجنة الوطنية للتحول الرقمي👇🏻 بوركت الجهود 🙏🏻🙏🏻,Digital Transformation,Favor,2,Positive,2,No,0,F_Explicit,,,Target: Digital Transformation Text: التقرير السنوي لانجازات التحول الرقمي في المملكة العربية السعودية المعتمد من اللجنة الوطنية للتحول الرقمي👇🏻 بوركت الجهود 🙏🏻🙏🏻,,,,,,,,,2,1,0.013549805,0.5214844,0.46484375,2,Favor,None
2758,حيث ستجري عملية التحول في محافظتي المفرق وإربد خلال الأسبوع المقبل.  #البنك_الوطني_لتمويل_المشاريع_الصغيرة #المحافظ_الإلكترونية #التحول_الإلكتروني #الدفع_الإلكتروني  #خدمات_مالية #خدمات_إلكترونية #FinTech #Microfinanace #Digitalization #EWallet #FinancialServices,Digital Transformation,حيث ستجري عملية التحول في محافظتي المفرق واربد خلال الاسبوع المقبل. #البنك الوطني لتمويل المشاريع الصغيرة #المحافظ الالكترونية #التحول الالكتروني #الدفع الالكتروني #خدمات مالية #خدمات الكترونية #FinTech #Microfinanace #Digitalization #EWallet #FinancialServices,Digital Transformation,Favor,2,Positive,2,No,0,F_Explicit,,,Target: Digital Transformation Text: حيث ستجري عملية التحول في محافظتي المفرق واربد خلال الاسبوع المقبل. #البنك الوطني لتمويل المشاريع الصغيرة #المحافظ الالكترونية #التحول الالكتروني #الدفع الالكتروني #خدمات مالية #خدمات الكترونية #FinTech #Microfinanace #Digitalization #EWallet #FinancialServices,,,,,,,,,2,1,0.043914795,0.58251953,0.37353516,2,Favor,None
2769,   التحول التقني المفروض من اول وخاصة من الشركات الكبيرة... بصراحة لم تكن على قدر المسؤولية واصبحت تعاني بسبب الطلب الهائل,Digital Transformation,التحول التقني المفروض من اول وخاصة من الشركات الكبيرة.. بصراحة لم تكن علي قدر المسؤولية واصبحت تعاني بسبب الطلب الهائل,Digital Transformation,Against,0,Negative,0,No,0,,A_Explicit,,Target: Digital Transformation Text: التحول التقني المفروض من اول وخاصة من الشركات الكبيرة.. بصراحة لم تكن علي قدر المسؤولية واصبحت تعاني بسبب الطلب الهائل,,,,,,,,,0,2,0.36206055,0.20397949,0.43408203,2,Against,Favor
2836,بما ان بعض المعاملات ما زالت لا تتم الا بتوقيع شيخ المنطقة الذي في اغلب الاحيان لا يعرف عن اهل المنطقة شي في الوقت الحاضر.. يبقى شعار التحول الالكتروني تسويقي لا اكثر في معظم المؤسسات الخدمية.. هذا احد الامثلة فقط URL,Digital Transformation,بما ان بعض المعاملات ما زالت لا تتم الا بتوقيع شيخ المنطقة الذي في اغلب الاحيان لا يعرف عن اهل المنطقة شي في الوقت الحاضر.. يبقي شعار التحول الالكتروني تسويقي لا اكثر في معظم المؤسسات الخدمية.. هذا احد الامثلة فقط,Digital Transformation,,1,Negative,0,No,0,,,Not clear,Target: Digital Transformation Text: بما ان بعض المعاملات ما زالت لا تتم الا بتوقيع شيخ المنطقة الذي في اغلب الاحيان لا يعرف عن اهل المنطقة شي في الوقت الحاضر.. يبقي شعار التحول الالكتروني تسويقي لا اكثر في معظم المؤسسات الخدمية.. هذا احد الامثلة فقط,,,,,,,,,1,0,0.46264648,0.27856445,0.25854492,2,None,Against
2863, وصلت لقناعة أن تعد  الأحزاب في الدولة مضر  خاصة في زمن التحول التقني,Digital Transformation,وصلت لقناعة ان تعد الاحزاب في الدولة مضر خاصة في زمن التحول التقني,Digital Transformation,,1,Positive,2,No,0,,,Not clear,Target: Digital Transformation Text: وصلت لقناعة ان تعد الاحزاب في الدولة مضر خاصة في زمن التحول التقني,,,,,,,,,1,0,0.47460938,0.20739746,0.31811523,2,None,Against
2869, الناس اللي بتحكي اللقاح مؤامرة ورح يموتو لو اخدوه ، يعني خايفين يموتو من اللقاح ومس هايفين يموتو من الفايروس!، بعد لقاح زي اي تطعيم كنا ناخده واحنا صغار ضد الامراض ، الله يهديهم اللي بفكرو غلط,Covid Vaccine,الناس اللي بتحكي اللقاح مؤامرة ورح يموتو لو اخدوه ، يعني خايفين يموتو من اللقاح ومس هايفين يموتو من الفايروس!، بعد لقاح زي اي تطعيم كنا ناخده واحنا صغار ضد الامراض ، الله يهديهم اللي بفكرو غلط,Covid Vaccine,Favor,2,Positive,2,Yes,1,F_Explicit,,,Target: Covid Vaccine Text: الناس اللي بتحكي اللقاح مؤامرة ورح يموتو لو اخدوه ، يعني خايفين يموتو من اللقاح ومس هايفين يموتو من الفايروس!، بعد لقاح زي اي تطعيم كنا ناخده واحنا صغار ضد الامراض ، الله يهديهم اللي بفكرو غلط,,,,,,,,,2,0,0.7138672,0.1340332,0.15209961,2,Favor,Against
2889, وهل صار عالمياً مسموح للأطفال ؟! إللي أعرفه من سن ١٦سنة!!..ودعواتك ألقى واسطة واتطعم بسرعة.. لأني خايفة من انتشار كورونا ولا يتفاعل مع تاريخي المرضي السابق في الصغر مع الربو💔 عشان كذا مداومة يومياً اتصل يمكن ألقى فرصة تطعيم!..والله يبعد المرض عنا ,Covid Vaccine,وهل صار عالمياً مسموح للاطفال ؟! اللي اعرفه من سن ١٦سنة!!..ودعواتك القي واسطة واتطعم بسرعة.. لاني خايفة من انتشار كورونا ولا يتفاعل مع تاريخي المرضي السابق في الصغر مع الربو💔 عشان كذا مداومة يومياً اتصل يمكن القي فرصة تطعيم!..والله يبعد المرض عنا,Covid Vaccine,Favor,2,Negative,0,No,0,F_Implicit,,,Target: Covid Vaccine Text: وهل صار عالمياً مسموح للاطفال ؟! اللي اعرفه من سن ١٦سنة!!..ودعواتك القي واسطة واتطعم بسرعة.. لاني خايفة من انتشار كورونا ولا يتفاعل مع تاريخي المرضي السابق في الصغر مع الربو💔 عشان كذا مداومة يومياً اتصل يمكن القي فرصة تطعيم!..والله يبعد المرض عنا,,,,,,,,,2,0,0.60791016,0.18310547,0.20910645,2,Favor,Against
2979,  التغيير بحاجة لرجل دولة صاحب قرار على أرض الواقع قبل التحول الالكتروني!!,Digital Transformation,التغيير بحاجة لرجل دولة صاحب قرار علي ارض الواقع قبل التحول الالكتروني!!,Digital Transformation,Favor,2,Positive,2,No,0,F_Explicit,,,Target: Digital Transformation Text: التغيير بحاجة لرجل دولة صاحب قرار علي ارض الواقع قبل التحول الالكتروني!!,,,,,,,,,2,1,0.11590576,0.5644531,0.31958008,2,Favor,None
2989,اللي ماقدرت تسويه الحكومة في ١٣ سنه سوته #كورونا في اسبوعين 😅 #التحول_الرقمي #العمل_عن_بعد #التعليم_الإلكتروني  #اللجنة_العليا  #خليك_في_البيت   #كوفيد19,Digital Transformation,اللي ماقدرت تسويه الحكومة في ١٣ سنه سوته #كورونا في اسبوعين 😅 #التحول الرقمي #العمل عن بعد #التعليم الالكتروني #اللجنة العليا #خليك في البيت #كوفيد19,Digital Transformation,Favor,2,Positive,2,No,0,F_Explicit,,,Target: Digital Transformation Text: اللي ماقدرت تسويه الحكومة في ١٣ سنه سوته #كورونا في اسبوعين 😅 #التحول الرقمي #العمل عن بعد #التعليم الالكتروني #اللجنة العليا #خليك في البيت #كوفيد19,,,,,,,,,2,1,0.27661133,0.5385742,0.18481445,2,Favor,None
3081,MENTION شنو المشكلة ان يكون في جرعة ثالثة  احنا ماعندنا تحفظ على التطعيم عشان جذي نتقبل فكرة جرعة تنشيطية  الناس اللي رافضة الجرعة الثالثة اساسا عندها مشكلة بالتطعيم. ومن بداي الازمة وموضوع الجرعات التنشيطية كان مطروح. لو كان في التزام وتوسع بالتطعيم من البداية جان ما احتجنا جرعة اضافية,Covid Vaccine,مستخدم شنو المشكلة ان يكون في جرعة ثالثة احنا ماعندنا تحفظ علي التطعيم عشان جذي نتقبل فكرة جرعة تنشيطية الناس اللي رافضة الجرعة الثالثة اساسا عندها مشكلة بالتطعيم. ومن بداي الازمة وموضوع الجرعات التنشيطية كان مطروح. لو كان في التزام وتوسع بالتطعيم من البداية جان ما احتجنا جرعة اضافية,Covid Vaccine,Favor,2,Neutral,1,No,0,F_Implicit,,,Target: Covid Vaccine Text: مستخدم شنو المشكلة ان يكون في جرعة ثالثة احنا ماعندنا تحفظ علي التطعيم عشان جذي نتقبل فكرة جرعة تنشيطية الناس اللي رافضة الجرعة الثالثة اساسا عندها مشكلة بالتطعيم. ومن بداي الازمة وموضوع الجرعات التنشيطية كان مطروح. لو كان في التزام وتوسع بالتطعيم من البداية جان ما احتجنا جرعة اضافية,,,,,,,,,2,0,0.58691406,0.1850586,0.22802734,2,Favor,Against
3149, كلامك مش صحيح.   بغض النظر عن مصدر كورونا مصنع ام طبيعي    و لكن هناك تطعيم تم تجربته و فحصته منظمة الصحة العالمية و اقرته  كما ان جميع الدول اقرته و طالبت شعوبها بأخذه ليحموا المجتمعات و البشرية . على المواطنيين اتباع توجيهات المختصين . ,Covid Vaccine,كلامك مش صحيح. بغض النظر عن مصدر كورونا مصنع ام طبيعي و لكن هناك تطعيم تم تجربته و فحصته منظمة الصحة العالمية و اقرته كما ان جميع الدول اقرته و طالبت شعوبها باخذه ليحموا المجتمعات و البشرية . علي المواطنيين اتباع توجيهات المختصين .,Covid Vaccine,Favor,2,Positive,2,No,0,F_Explicit,,,Target: Covid Vaccine Text: كلامك مش صحيح. بغض النظر عن مصدر كورونا مصنع ام طبيعي و لكن هناك تطعيم تم تجربته و فحصته منظمة الصحة العالمية و اقرته كما ان جميع الدول اقرته و طالبت شعوبها باخذه ليحموا المجتمعات و البشرية . علي المواطنيين اتباع توجيهات المختصين .,,,,,,,,,2,0,0.34204102,0.32421875,0.33374023,2,Favor,Against
3219, يارجال مسويين حملات ضد تطعيم كورونا وانه وهم ماعاد وقفت على ذي,Covid Vaccine,يارجال مسويين حملات ضد تطعيم كورونا وانه وهم ماعاد وقفت علي ذي,Covid Vaccine,Favor,2,Neutral,1,No,0,F_Implicit,,,Target: Covid Vaccine Text: يارجال مسويين حملات ضد تطعيم كورونا وانه وهم ماعاد وقفت علي ذي,,,,,,,,,2,0,0.6035156,0.17016602,0.22607422,2,Favor,Against
3243,ختامًا .. يجب أن نعي أن توفير اللقاح ليس الحل الوحيد لعبور جائحة كورونا بسلام، بل الإجراءات الاحترازية عاملًا مهمًا كذلك. فهناك دول لديها نسبة تطعيم عالية، ولجأت للإغلاق وفرض قرارات تشددية. كما أننا نسمع يوميًا بوجود عيوب في بعض اللقاحات، ولكن ما زالت إيجابياتها أكثر من سلبياتها.,Covid Vaccine,ختامًا .. يجب ان نعي ان توفير اللقاح ليس الحل الوحيد لعبور جائحة كورونا بسلام، بل الاجراءات الاحترازية عاملًا مهمًا كذلك. فهناك دول لديها نسبة تطعيم عالية، ولجات للاغلاق وفرض قرارات تشددية. كما اننا نسمع يوميًا بوجود عيوب في بعض اللقاحات، ولكن ما زالت ايجابياتها اكثر من سلبياتها.,Covid Vaccine,Favor,2,Neutral,1,No,0,,,,Target: Covid Vaccine Text: ختامًا .. يجب ان نعي ان توفير اللقاح ليس الحل الوحيد لعبور جائحة كورونا بسلام، بل الاجراءات الاحترازية عاملًا مهمًا كذلك. فهناك دول لديها نسبة تطعيم عالية، ولجات للاغلاق وفرض قرارات تشددية. كما اننا نسمع يوميًا بوجود عيوب في بعض اللقاحات، ولكن ما زالت ايجابياتها اكثر من سلبياتها.,,,,,,,,,2,0,0.4855957,0.32006836,0.19433594,2,Favor,Against
3312,#ارفعو_قيود_السفر_للسعودي تكفون اعطوني رأيكم الاربعاء موعدي تطعيم لقاح كرونا اخذ اللقاح ولا مانخذه  انا متردد  وخايف يفتحو السفر يقولو لابد من أخذ اللقاح  عطوني تكفون رأيكم,Covid Vaccine,#ارفعو قيود السفر للسعودي تكفون اعطوني رايكم الاربعاء موعدي تطعيم لقاح كرونا اخذ اللقاح ولا مانخذه انا متردد وخايف يفتحو السفر يقولو لابد من اخذ اللقاح عطوني تكفون رايكم,Covid Vaccine,,1,Neutral,1,No,0,,,Not clear,Target: Covid Vaccine Text: #ارفعو قيود السفر للسعودي تكفون اعطوني رايكم الاربعاء موعدي تطعيم لقاح كرونا اخذ اللقاح ولا مانخذه انا متردد وخايف يفتحو السفر يقولو لابد من اخذ اللقاح عطوني تكفون رايكم,,,,,,,,,1,0,0.48901367,0.37670898,0.13439941,2,None,Against
3376, حتى لو يقولون لقاح اكسفورد طعم ماعليك من الكلام اللي يقولونه  انا مطعم اكسفورد خوش تطعيم,Covid Vaccine,حتي لو يقولون لقاح اكسفورد طعم ماعليك من الكلام اللي يقولونه انا مطعم اكسفورد خوش تطعيم,Covid Vaccine,Favor,2,Neutral,1,No,0,F_Explicit,,,Target: Covid Vaccine Text: حتي لو يقولون لقاح اكسفورد طعم ماعليك من الكلام اللي يقولونه انا مطعم اكسفورد خوش تطعيم,,,,,,,,,2,0,0.41430664,0.22387695,0.3618164,2,Favor,Against
3393,MENTION أخذها وناخوك   لان كما سمعنا قبل فترة ان الجميع راح ياخذ الجرعة التنشيطية الثالثة لتزيد مناعتك  وبعدها راح تكون الجرعات تعطى مرة واحدة بالسنة ليصبح حالها حال جرعة الانفلونزا الموسمية التي ناخذها مرة واحدة كل سنة!!,Covid Vaccine,مستخدم اخذها وناخوك لان كما سمعنا قبل فترة ان الجميع راح ياخذ الجرعة التنشيطية الثالثة لتزيد مناعتك وبعدها راح تكون الجرعات تعطي مرة واحدة بالسنة ليصبح حالها حال جرعة الانفلونزا الموسمية التي ناخذها مرة واحدة كل سنة!!,Covid Vaccine,Favor,2,Neutral,1,No,0,F_Implicit,,,Target: Covid Vaccine Text: مستخدم اخذها وناخوك لان كما سمعنا قبل فترة ان الجميع راح ياخذ الجرعة التنشيطية الثالثة لتزيد مناعتك وبعدها راح تكون الجرعات تعطي مرة واحدة بالسنة ليصبح حالها حال جرعة الانفلونزا الموسمية التي ناخذها مرة واحدة كل سنة!!,,,,,,,,,2,0,0.70410156,0.17321777,0.122558594,2,Favor,Against
3394,اخدت تطعيم كورونا عقبال تذكره السفر,Covid Vaccine,اخدت تطعيم كورونا عقبال تذكره السفر,Covid Vaccine,Favor,2,Positive,2,No,0,F_Explicit,,,Target: Covid Vaccine Text: اخدت تطعيم كورونا عقبال تذكره السفر,,,,,,,,,2,1,0.17346191,0.4411621,0.38549805,2,Favor,None
3403,توي اخذت تطعيم كورونا ( فايزر )  في مركز معارض الرياض ، شغل جبار وتنظيم رهيب ، غير اني استغرقت فقط ٢٠ دقيقة ، هذا وانا جاي الساعة 10 يعني عز الزحمة ، ولكن ماشاء الله جهد جبار #السعودية #كورونا #فايزر,Covid Vaccine,توي اخذت تطعيم كورونا ( فايزر ) في مركز معارض الرياض ، شغل جبار وتنظيم رهيب ، غير اني استغرقت فقط ٢٠ دقيقة ، هذا وانا جاي الساعة 10 يعني عز الزحمة ، ولكن ماشاء الله جهد جبار #السعودية #كورونا #فايزر,Covid Vaccine,,1,Positive,2,Yes,1,,,Not clear,Target: Covid Vaccine Text: توي اخذت تطعيم كورونا ( فايزر ) في مركز معارض الرياض ، شغل جبار وتنظيم رهيب ، غير اني استغرقت فقط ٢٠ دقيقة ، هذا وانا جاي الساعة 10 يعني عز الزحمة ، ولكن ماشاء الله جهد جبار #السعودية #كورونا #فايزر,,,,,,,,,1,2,0.06390381,0.21899414,0.71728516,2,None,Favor
3435,#لا_للتطعيم_الاجباري80 تطعيم كورونا مثل التطعيمات الأخرى في شهادة تطعيم كل مواطن . الامر بسيط . من يأخذ اللقاح تقل فرص الإصابة بإذن الله وإذا اصيب فكأنه انفلونزا عادية . والحمدلله على فضله,Covid Vaccine,#لا للتطعيم الاجباري80 تطعيم كورونا مثل التطعيمات الاخري في شهادة تطعيم كل مواطن . الامر بسيط . من ياخذ اللقاح تقل فرص الاصابة باذن الله واذا اصيب فكانه انفلونزا عادية . والحمدلله علي فضله,Covid Vaccine,Favor,2,Neutral,1,No,0,F_Explicit,,,Target: Covid Vaccine Text: #لا للتطعيم الاجباري80 تطعيم كورونا مثل التطعيمات الاخري في شهادة تطعيم كل مواطن . الامر بسيط . من ياخذ اللقاح تقل فرص الاصابة باذن الله واذا اصيب فكانه انفلونزا عادية . والحمدلله علي فضله,,,,,,,,,2,0,0.4194336,0.21887207,0.3618164,2,Favor,Against
3440,  التحول التقني للمجتمع أثر سلباً على رعاية بعض كبار السن  وعلى العلاقات الاجتماعية داخل الأسرة  فنجد أفراد الأسرة جميعهم منشغلين عنه وكل فرد من أفراد الأسرة في عالمه الخاص  وفي تواصل مع الآخرين خارج المنزل عبر استخدام الأجهزة الذكية أدى إلى شعور,Digital Transformation,التحول التقني للمجتمع اثر سلباً علي رعاية بعض كبار السن وعلي العلاقات الاجتماعية داخل الاسرة فنجد افراد الاسرة جميعهم منشغلين عنه وكل فرد من افراد الاسرة في عالمه الخاص وفي تواصل مع الاخرين خارج المنزل عبر استخدام الاجهزة الذكية ادي الي شعور,Digital Transformation,,1,Neutral,1,Yes,1,,,Not clear,Target: Digital Transformation Text: التحول التقني للمجتمع اثر سلباً علي رعاية بعض كبار السن وعلي العلاقات الاجتماعية داخل الاسرة فنجد افراد الاسرة جميعهم منشغلين عنه وكل فرد من افراد الاسرة في عالمه الخاص وفي تواصل مع الاخرين خارج المنزل عبر استخدام الاجهزة الذكية ادي الي شعور,,,,,,,,,1,2,0.15441895,0.3190918,0.5263672,2,None,Favor
3484, نركز على تطعيم الناس بدل الاغلاق وغيره لان قبل كذا صار اغلاق ولا تغير شي وثاني شي دام عندنا لقاح متوفر ليش ما نشدد في تطعيم الناس و اذا كانت الفئه المستهدفه ما تتجاوب نجاوزها و نبداء بتلقيح الجميع بكذا نتخلص من هذي القرارات الي غير مدروسه,Covid Vaccine,نركز علي تطعيم الناس بدل الاغلاق وغيره لان قبل كذا صار اغلاق ولا تغير شي وثاني شي دام عندنا لقاح متوفر ليش ما نشدد في تطعيم الناس و اذا كانت الفئه المستهدفه ما تتجاوب نجاوزها و نبداء بتلقيح الجميع بكذا نتخلص من هذي القرارات الي غير مدروسه,Covid Vaccine,Favor,2,Neutral,1,No,0,F_Explicit,,,Target: Covid Vaccine Text: نركز علي تطعيم الناس بدل الاغلاق وغيره لان قبل كذا صار اغلاق ولا تغير شي وثاني شي دام عندنا لقاح متوفر ليش ما نشدد في تطعيم الناس و اذا كانت الفئه المستهدفه ما تتجاوب نجاوزها و نبداء بتلقيح الجميع بكذا نتخلص من هذي القرارات الي غير مدروسه,,,,,,,,,2,0,0.5073242,0.20983887,0.28271484,2,Favor,Against
3498,MENTION يادكتور  المانيا من الدول الغنيه ولم يتم تطعيم سوى٦٠٪من الشعب بسبب شكوك المواطن الالمانى في اللقاح واضرار اللقاح والجرعتين مئات العلماء حول العالم من جنسيات مختلفه لهم فيدوهات منتشره بيشككون بجدوى اللقاح  علماء متخصيين يشككون في فاعليه #لقاحات_كورونا فما بالك بالعوام ماذا يقولون؟,Covid Vaccine,مستخدم يادكتور المانيا من الدول الغنيه ولم يتم تطعيم سوي٦٠٪من الشعب بسبب شكوك المواطن الالماني في اللقاح واضرار اللقاح والجرعتين مئات العلماء حول العالم من جنسيات مختلفه لهم فيدوهات منتشره بيشككون بجدوي اللقاح علماء متخصيين يشككون في فاعليه #لقاحات كورونا فما بالك بالعوام ماذا يقولون؟,Covid Vaccine,,1,Neutral,1,No,0,,,Not clear,Target: Covid Vaccine Text: مستخدم يادكتور المانيا من الدول الغنيه ولم يتم تطعيم سوي٦٠٪من الشعب بسبب شكوك المواطن الالماني في اللقاح واضرار اللقاح والجرعتين مئات العلماء حول العالم من جنسيات مختلفه لهم فيدوهات منتشره بيشككون بجدوي اللقاح علماء متخصيين يشككون في فاعليه #لقاحات كورونا فما بالك بالعوام ماذا يقولون؟,,,,,,,,,1,0,0.66796875,0.17028809,0.1619873,2,None,Against
3504, التطعيم نفس تطعيم الجدري مثلا واحنا صغار او الحصبه او اي تطعيم يقلل الاعراض فقط لكن مايمنع انتشاره..فعلا زوج خالتي رئتينه تعبانه بشكل مو طبيعي ع وشك تنتهي الله يعافيه وجاه كورونا وربي نجاه منه والله ماكأنه جاه اعراض زكام خفيفه جدا ... لانه تطعم مر,Covid Vaccine,التطعيم نفس تطعيم الجدري مثلا واحنا صغار او الحصبه او اي تطعيم يقلل الاعراض فقط لكن مايمنع انتشاره..فعلا زوج خالتي رئتينه تعبانه بشكل مو طبيعي ع وشك تنتهي الله يعافيه وجاه كورونا وربي نجاه منه والله ماكانه جاه اعراض زكام خفيفه جدا .. لانه تطعم مر,Covid Vaccine,Favor,2,Neutral,1,No,0,F_Implicit,,,Target: Covid Vaccine Text: التطعيم نفس تطعيم الجدري مثلا واحنا صغار او الحصبه او اي تطعيم يقلل الاعراض فقط لكن مايمنع انتشاره..فعلا زوج خالتي رئتينه تعبانه بشكل مو طبيعي ع وشك تنتهي الله يعافيه وجاه كورونا وربي نجاه منه والله ماكانه جاه اعراض زكام خفيفه جدا .. لانه تطعم مر,,,,,,,,,2,0,0.75634766,0.06854248,0.17504883,2,Favor,Against
3569,من يوم 10 أكتوبر سوف يسمح فقط لمن تلقوا جرعتى تطعيم ضد فيروس كورونا بدخول المصالح الحكومية و الخاصة و ركوب المواصلات العامة و الطائرات فى السعودية .. عقبالنا أن شاء الله,Covid Vaccine,من يوم 10 اكتوبر سوف يسمح فقط لمن تلقوا جرعتي تطعيم ضد فيروس كورونا بدخول المصالح الحكومية و الخاصة و ركوب المواصلات العامة و الطائرات في السعودية .. عقبالنا ان شاء الله,Covid Vaccine,Favor,2,Neutral,1,No,0,F_Explicit,,,Target: Covid Vaccine Text: من يوم 10 اكتوبر سوف يسمح فقط لمن تلقوا جرعتي تطعيم ضد فيروس كورونا بدخول المصالح الحكومية و الخاصة و ركوب المواصلات العامة و الطائرات في السعودية .. عقبالنا ان شاء الله,,,,,,,,,2,1,0.04046631,0.55908203,0.40039062,2,Favor,None
3602,  سهله هذي بكرا قدام الكاميرات ياخذون ابرة فيتامين او تطعيم انفلونزا ولقاح كورونا لها ناسها واهلها الطيبيين الحليلين,Covid Vaccine,سهله هذي بكرا قدام الكاميرات ياخذون ابرة فيتامين او تطعيم انفلونزا ولقاح كورونا لها ناسها واهلها الطيبيين الحليلين,Covid Vaccine,Against,0,Neutral,1,No,0,,A_Implicit,,Target: Covid Vaccine Text: سهله هذي بكرا قدام الكاميرات ياخذون ابرة فيتامين او تطعيم انفلونزا ولقاح كورونا لها ناسها واهلها الطيبيين الحليلين,,,,,,,,,0,1,0.2310791,0.40551758,0.36328125,2,Against,None
3697,طابور تطعيم كورونا بالكويت   شكراً حكومتنا الرشيدة 🇸🇦🇸🇦🇸🇦 ,Covid Vaccine,طابور تطعيم كورونا بالكويت شكراً حكومتنا الرشيدة 🇸🇦🇸🇦🇸🇦,Covid Vaccine,Favor,2,Positive,2,No,0,F_Explicit,,,Target: Covid Vaccine Text: طابور تطعيم كورونا بالكويت شكراً حكومتنا الرشيدة 🇸🇦🇸🇦🇸🇦,,,,,,,,,2,1,0.05444336,0.60791016,0.33740234,2,Favor,None
3762, وش ذا الخراط الي تقوله  يا جاهل الرؤية لها هدف وهو خطة مابعد النفط وهذي كلها حية طيب وين راح التقدم التقني الي جالس نشوفه ومشاريع تشجير ومشروع الرياض الخضراء و افتتاح محطة سكاكا للطاقة الشمسية وين راح مشروع سدير للطاقة الشمسية برنامج التحول ا,Digital Transformation,وش ذا الخراط الي تقوله يا جاهل الرؤية لها هدف وهو خطة مابعد النفط وهذي كلها حية طيب وين راح التقدم التقني الي جالس نشوفه ومشاريع تشجير ومشروع الرياض الخضراء و افتتاح محطة سكاكا للطاقة الشمسية وين راح مشروع سدير للطاقة الشمسية برنامج التحول ا,Digital Transformation,Favor,2,Neutral,1,No,0,F_Explicit,,,Target: Digital Transformation Text: وش ذا الخراط الي تقوله يا جاهل الرؤية لها هدف وهو خطة مابعد النفط وهذي كلها حية طيب وين راح التقدم التقني الي جالس نشوفه ومشاريع تشجير ومشروع الرياض الخضراء و افتتاح محطة سكاكا للطاقة الشمسية وين راح مشروع سدير للطاقة الشمسية برنامج التحول ا,,,,,,,,,2,1,0.21154785,0.42749023,0.36108398,2,Favor,None
3848,متابعينى اللى ماخذين تطعيم لقاح كورونا بلوك,Covid Vaccine,متابعيني اللي ماخذين تطعيم لقاح كورونا بلوك,Covid Vaccine,Favor,2,Neutral,1,No,0,F_Explicit,,,Target: Covid Vaccine Text: متابعيني اللي ماخذين تطعيم لقاح كورونا بلوك,,,,,,,,,2,1,0.33862305,0.47265625,0.1887207,2,Favor,None
3994,#لا_للتطعيم_الاجباري يثق في البياع ومايثق في  تطعيم كورونا اللي الحكومه توصي عليه 😂😂,Covid Vaccine,#لا للتطعيم الاجباري يثق في البياع ومايثق في تطعيم كورونا اللي الحكومه توصي عليه 😂😂,Covid Vaccine,Favor,2,Neutral,1,Yes,1,F_Implicit,,,Target: Covid Vaccine Text: #لا للتطعيم الاجباري يثق في البياع ومايثق في تطعيم كورونا اللي الحكومه توصي عليه 😂😂,,,,,,,,,2,0,0.79345703,0.08746338,0.119262695,2,Favor,Against
4027, ١/ فيروس كورونا يتحور لذلك لقاحات تقل فاعليتها و دليل ذلك نسبة حالات حرجة على رغم من تطعيم نسبة كبيرة مثل في السعودية او  الكويت.   ٢/ لقاحات تحتاج الى سنوات من تجارب. لقاح فايزر تم ترخيص له تحت بند طارئ مع ذلك تم تطعيم ملايين و لم يتم ترخي,Covid Vaccine,١/ فيروس كورونا يتحور لذلك لقاحات تقل فاعليتها و دليل ذلك نسبة حالات حرجة علي رغم من تطعيم نسبة كبيرة مثل في السعودية او الكويت. ٢/ لقاحات تحتاج الي سنوات من تجارب. لقاح فايزر تم ترخيص له تحت بند طارئ مع ذلك تم تطعيم ملايين و لم يتم ترخي,Covid Vaccine,,1,Neutral,1,No,0,,,Not clear,Target: Covid Vaccine Text: ١/ فيروس كورونا يتحور لذلك لقاحات تقل فاعليتها و دليل ذلك نسبة حالات حرجة علي رغم من تطعيم نسبة كبيرة مثل في السعودية او الكويت. ٢/ لقاحات تحتاج الي سنوات من تجارب. لقاح فايزر تم ترخيص له تحت بند طارئ مع ذلك تم تطعيم ملايين و لم يتم ترخي,,,,,,,,,1,0,0.6958008,0.15454102,0.1496582,2,None,Against
4046, اللقاح مايقتل ابدا بالعكس ينقذ من الموت عارفه اللي جاتهم اعراض قويه يتحمدون الله لأن اللي يتعب من جزء معطل من الفايروس وهو الغشاء البروتيني للفايروس فقط كيف كان راح يصير فيه لو جاته كورونا من غير تطعيم,Covid Vaccine,اللقاح مايقتل ابدا بالعكس ينقذ من الموت عارفه اللي جاتهم اعراض قويه يتحمدون الله لان اللي يتعب من جزء معطل من الفايروس وهو الغشاء البروتيني للفايروس فقط كيف كان راح يصير فيه لو جاته كورونا من غير تطعيم,Covid Vaccine,Favor,2,Neutral,1,No,0,F_Explicit,,,Target: Covid Vaccine Text: اللقاح مايقتل ابدا بالعكس ينقذ من الموت عارفه اللي جاتهم اعراض قويه يتحمدون الله لان اللي يتعب من جزء معطل من الفايروس وهو الغشاء البروتيني للفايروس فقط كيف كان راح يصير فيه لو جاته كورونا من غير تطعيم,,,,,,,,,2,0,0.7294922,0.0947876,0.17578125,2,Favor,Against
4050, للأسف الشائعات أضرت بكثير من المواطنين بالوقت الحالي .. لتأثرهم بالرسائل التي تتطرق الى تطعيم كورونا وأنه مضر .. بينما قد يتسبب في وفاة شخص مسن أو لديه مشكلة صحية لعدم أخذه التطعيم .. متأثراً بالشائعات التي ليس لها مصدر حقيقي !!,Covid Vaccine,للاسف الشائعات اضرت بكثير من المواطنين بالوقت الحالي .. لتاثرهم بالرسائل التي تتطرق الي تطعيم كورونا وانه مضر .. بينما قد يتسبب في وفاة شخص مسن او لديه مشكلة صحية لعدم اخذه التطعيم .. متاثراً بالشائعات التي ليس لها مصدر حقيقي !!,Covid Vaccine,Favor,2,Neutral,1,No,0,F_Explicit,,,Target: Covid Vaccine Text: للاسف الشائعات اضرت بكثير من المواطنين بالوقت الحالي .. لتاثرهم بالرسائل التي تتطرق الي تطعيم كورونا وانه مضر .. بينما قد يتسبب في وفاة شخص مسن او لديه مشكلة صحية لعدم اخذه التطعيم .. متاثراً بالشائعات التي ليس لها مصدر حقيقي !!,,,,,,,,,2,0,0.7709961,0.07525635,0.15368652,2,Favor,Against
4073,"الاتصالات وتقنية المعلومات  وحسب قولها فإن ""وحدة التحوّل الرقمي تؤدي دورًا جوهريًا في مسيرة المملكة لبناء مستقبل رقمي مسترشدةً بخريطة طريق رؤية التحوّل الرقمي بهدف الارتقاء بمكانة السعودية رقميًا بين دول العالم"".",Digital Transformation,"الاتصالات وتقنية المعلومات وحسب قولها فان ""وحدة التحوّل الرقمي تؤدي دورًا جوهريًا في مسيرة المملكة لبناء مستقبل رقمي مسترشدةً بخريطة طريق رؤية التحوّل الرقمي بهدف الارتقاء بمكانة السعودية رقميًا بين دول العالم"".",Digital Transformation,Against,0,Negative,0,No,0,,A_Explicit,,"Target: Digital Transformation Text: الاتصالات وتقنية المعلومات وحسب قولها فان ""وحدة التحوّل الرقمي تؤدي دورًا جوهريًا في مسيرة المملكة لبناء مستقبل رقمي مسترشدةً بخريطة طريق رؤية التحوّل الرقمي بهدف الارتقاء بمكانة السعودية رقميًا بين دول العالم"".",,,,,,,,,0,2,0.01272583,0.34960938,0.6376953,2,Against,Favor
4103, خيرة تأخير التطعيم بالكويت  الى اليوم تطعيم اقل من مليون من ٤ملايين  طلعنا اذكى من الفيروس كورونا ناطرين update للتطعيم الذكي,Covid Vaccine,خيرة تاخير التطعيم بالكويت الي اليوم تطعيم اقل من مليون من ٤ملايين طلعنا اذكي من الفيروس كورونا ناطرين update للتطعيم الذكي,Covid Vaccine,Favor,2,Positive,2,Yes,1,F_Explicit,,,Target: Covid Vaccine Text: خيرة تاخير التطعيم بالكويت الي اليوم تطعيم اقل من مليون من ٤ملايين طلعنا اذكي من الفيروس كورونا ناطرين update للتطعيم الذكي,,,,,,,,,2,0,0.41918945,0.21911621,0.36157227,2,Favor,Against
4105,#طعم اخلص  #تطعيم_كورونا   ,Covid Vaccine,#طعم اخلص #تطعيم كورونا,Covid Vaccine,Favor,2,Neutral,1,No,0,,,,Target: Covid Vaccine Text: #طعم اخلص #تطعيم كورونا,,,,,,,,,2,1,0.22290039,0.5366211,0.24047852,2,Favor,None
4110, أكاد أجزم أنه لا توجد مؤسسة حكومية نجحت في موضوع التعلم عن بعد علاوة على محدودية التجربة  والأسباب كثيرة منها عدم جاهزية البنية التحتية نحو التحول الإلكتروني    لذلك نحن متأخرين في هذا الأمر وعليه أقترح أن يتم العمل والإهتمام بموضوع التعليم عن,Digital Transformation,اكاد اجزم انه لا توجد مؤسسة حكومية نجحت في موضوع التعلم عن بعد علاوة علي محدودية التجربة والاسباب كثيرة منها عدم جاهزية البنية التحتية نحو التحول الالكتروني لذلك نحن متاخرين في هذا الامر وعليه اقترح ان يتم العمل والاهتمام بموضوع التعليم عن,Digital Transformation,Against,0,Negative,0,No,0,,A_Explicit,,Target: Digital Transformation Text: اكاد اجزم انه لا توجد مؤسسة حكومية نجحت في موضوع التعلم عن بعد علاوة علي محدودية التجربة والاسباب كثيرة منها عدم جاهزية البنية التحتية نحو التحول الالكتروني لذلك نحن متاخرين في هذا الامر وعليه اقترح ان يتم العمل والاهتمام بموضوع التعليم عن,,,,,,,,,0,2,0.18310547,0.34277344,0.4741211,2,Against,Favor
91,   ثانيا انا ما قلت ان النظام الالكتروني او التحول الرقمي ما ينجح انا قلت يحتاج اشياء لدعمة اكثر.. و لتمهيد له.. الانتقال الالكتروني مجاله كبير و واسع التدريب الصح وتقوية الانترنت والشبكة الداخلية الرابطة كل الجهات مهمة ج,Digital Transformation,ثانيا انا ما قلت ان النظام الالكتروني او التحول الرقمي ما ينجح انا قلت يحتاج اشياء لدعمة اكثر.. و لتمهيد له.. الانتقال الالكتروني مجاله كبير و واسع التدريب الصح وتقوية الانترنت والشبكة الداخلية الرابطة كل الجهات مهمة ج,Digital Transformation,,1,Neutral,1,No,0,,,Not clear,Target: Digital Transformation Text: ثانيا انا ما قلت ان النظام الالكتروني او التحول الرقمي ما ينجح انا قلت يحتاج اشياء لدعمة اكثر.. و لتمهيد له.. الانتقال الالكتروني مجاله كبير و واسع التدريب الصح وتقوية الانترنت والشبكة الداخلية الرابطة كل الجهات مهمة ج,,,,,,,,,1,2,0.07116699,0.32958984,0.5991211,2,None,Favor
110,  يا ذكاء هو نفسه نفس تطعيم الانفلونزا اللي نأخذها كل موسم مع ذلك يجينا المرض و ما يمنعه لكن تكون اعراضه اخف و الايام تكون اقل بإذن الله ، و مافي اي لقاح في العالم يحمي من الاصابة و بالنسبة للشيخ جته لكن بدون اعراض,Covid Vaccine,يا ذكاء هو نفسه نفس تطعيم الانفلونزا اللي ناخذها كل موسم مع ذلك يجينا المرض و ما يمنعه لكن تكون اعراضه اخف و الايام تكون اقل باذن الله ، و مافي اي لقاح في العالم يحمي من الاصابة و بالنسبة للشيخ جته لكن بدون اعراض,Covid Vaccine,Favor,2,Negative,0,Yes,1,F_Explicit,,,Target: Covid Vaccine Text: يا ذكاء هو نفسه نفس تطعيم الانفلونزا اللي ناخذها كل موسم مع ذلك يجينا المرض و ما يمنعه لكن تكون اعراضه اخف و الايام تكون اقل باذن الله ، و مافي اي لقاح في العالم يحمي من الاصابة و بالنسبة للشيخ جته لكن بدون اعراض,,,,,,,,,2,0,0.64501953,0.17358398,0.18139648,2,Favor,Against
148,#كلمه_للحب_الالكتروني ٤جي ما عاد تتحمل التعامل مع الحب الالكتروني لانها ضعيفه وبثها مو ثابت  يجب التحول فورا لخدمه ٥ جي لمواكبة السرعه ٠ URL,Digital Transformation,#كلمه للحب الالكتروني ٤جي ما عاد تتحمل التعامل مع الحب الالكتروني لانها ضعيفه وبثها مو ثابت يجب التحول فورا لخدمه ٥ جي لمواكبة السرعه ٠,Digital Transformation,Favor,2,Negative,0,No,0,F_Explicit,,,Target: Digital Transformation Text: #كلمه للحب الالكتروني ٤جي ما عاد تتحمل التعامل مع الحب الالكتروني لانها ضعيفه وبثها مو ثابت يجب التحول فورا لخدمه ٥ جي لمواكبة السرعه ٠,,,,,,,,,2,0,0.60009766,0.18566895,0.2142334,2,Favor,Against
229, ما كان فيه استراتيجية بس سوو كم مركز زي امن المعلومات والامن الإلكتروني وعشان التحول الرقمي بدأ العمل على الامن السيبراني من 4-5 سنين لا اكثر,Digital Transformation,ما كان فيه استراتيجية بس سوو كم مركز زي امن المعلومات والامن الالكتروني وعشان التحول الرقمي بدا العمل علي الامن السيبراني من 4-5 سنين لا اكثر,Digital Transformation,,1,Neutral,1,No,0,,,Not clear,Target: Digital Transformation Text: ما كان فيه استراتيجية بس سوو كم مركز زي امن المعلومات والامن الالكتروني وعشان التحول الرقمي بدا العمل علي الامن السيبراني من 4-5 سنين لا اكثر,,,,,,,,,1,2,0.27612305,0.3227539,0.40112305,2,None,Favor
530,  للاسف خدماتكم سيئة للغاية  نريد نسجل لازم نروح مكتب سند و بعدها نرجع مكتبكم نريد نلغي روح مكتب سند وبعدها نرجع معكم أين التحول الإلكتروني,Digital Transformation,للاسف خدماتكم سيئة للغاية نريد نسجل لازم نروح مكتب سند و بعدها نرجع مكتبكم نريد نلغي روح مكتب سند وبعدها نرجع معكم اين التحول الالكتروني,Digital Transformation,Favor,2,Positive,2,No,0,F_Explicit,,,Target: Digital Transformation Text: للاسف خدماتكم سيئة للغاية نريد نسجل لازم نروح مكتب سند و بعدها نرجع مكتبكم نريد نلغي روح مكتب سند وبعدها نرجع معكم اين التحول الالكتروني,,,,,,,,,2,0,0.7426758,0.10998535,0.14733887,2,Favor,Against
732,    مشكلة اللقاح الصيني ما يقلل من نسبة العدوى بعكس باقي اللقاحات، وهني المشكلة انك ممكن تعدي شخص مب ماخذ تطعيم وتعرضه للخطر. او ممكن تسافر دولة وتعدي شخص هناك وتعرضه للخطر. لهالسبب في دول ترفض دخول اي شخص ماخذ ل,Covid Vaccine,مشكلة اللقاح الصيني ما يقلل من نسبة العدوي بعكس باقي اللقاحات، وهني المشكلة انك ممكن تعدي شخص مب ماخذ تطعيم وتعرضه للخطر. او ممكن تسافر دولة وتعدي شخص هناك وتعرضه للخطر. لهالسبب في دول ترفض دخول اي شخص ماخذ ل,Covid Vaccine,,1,Negative,0,No,0,,,Not clear,Target: Covid Vaccine Text: مشكلة اللقاح الصيني ما يقلل من نسبة العدوي بعكس باقي اللقاحات، وهني المشكلة انك ممكن تعدي شخص مب ماخذ تطعيم وتعرضه للخطر. او ممكن تسافر دولة وتعدي شخص هناك وتعرضه للخطر. لهالسبب في دول ترفض دخول اي شخص ماخذ ل,,,,,,,,,1,0,0.63623047,0.2388916,0.125,2,None,Against
1172,الحكومة المصرية تستعرض 7 مبادرات للتحول الرقمي #صوت_العرب #كورونا  #مصر #التحول_الرقمي  URL URL,Digital Transformation,الحكومة المصرية تستعرض 7 مبادرات للتحول الرقمي #صوت العرب #كورونا #مصر #التحول الرقمي,Digital Transformation,Favor,2,Positive,2,No,0,F_Explicit,,,Target: Digital Transformation Text: الحكومة المصرية تستعرض 7 مبادرات للتحول الرقمي #صوت العرب #كورونا #مصر #التحول الرقمي,,,,,,,,,2,1,0.023284912,0.7236328,0.25317383,2,Favor,None
1227,على الرغم من التحول الوطني الكامل للتعاملات الالكترونية  اي ان المراسلات اصبحت تتم عن طريق البريد الالكتروني  إلا انني الاحظ ان الهاتف المكتبي المباشر واجهزة الفاكس  مازالت تستخدم في الادارات المختلفة. إلغاء الهاتف والفاكس  سيوفر مبالغ سنويلة طائلة على خزينة الدولة.,Digital Transformation,علي الرغم من التحول الوطني الكامل للتعاملات الالكترونية اي ان المراسلات اصبحت تتم عن طريق البريد الالكتروني الا انني الاحظ ان الهاتف المكتبي المباشر واجهزة الفاكس مازالت تستخدم في الادارات المختلفة. الغاء الهاتف والفاكس سيوفر مبالغ سنويلة طائلة علي خزينة الدولة.,Digital Transformation,,1,Neutral,1,No,0,,,Not clear,Target: Digital Transformation Text: علي الرغم من التحول الوطني الكامل للتعاملات الالكترونية اي ان المراسلات اصبحت تتم عن طريق البريد الالكتروني الا انني الاحظ ان الهاتف المكتبي المباشر واجهزة الفاكس مازالت تستخدم في الادارات المختلفة. الغاء الهاتف والفاكس سيوفر مبالغ سنويلة طائلة علي خزينة الدولة.,,,,,,,,,1,2,0.13903809,0.33374023,0.52685547,2,None,Favor
1445,الصورة التي تجلب السلام ❤💉  تطعيم أسطورة التدريب البرازيلي زاغالوا البالغ من العمر 89 عام ضد فيروس كورونا في ريو دي جانيرو. ,Covid Vaccine,الصورة التي تجلب السلام ❤💉 تطعيم اسطورة التدريب البرازيلي زاغالوا البالغ من العمر 89 عام ضد فيروس كورونا في ريو دي جانيرو.,Covid Vaccine,Favor,2,Positive,2,No,0,,,,Target: Covid Vaccine Text: الصورة التي تجلب السلام ❤💉 تطعيم اسطورة التدريب البرازيلي زاغالوا البالغ من العمر 89 عام ضد فيروس كورونا في ريو دي جانيرو.,,,,,,,,,2,1,0.026306152,0.68896484,0.28466797,2,Favor,None
1680,وحتى الأعراض الجانبية مقارنة مثلا بحاجات زي حبوب منع الحمل أو التدخين أو حتى اللحوم المصنعة فهي نسبتها تعتبر قليلة لكن من حق الناس تفكر فيها وتوزن الريسك اللي فيه، إنما تقول تطعيم من المرض بيجيب المرض نفسه 😂 ده بتوع ال 5G بيجيب كورونا عندهم منطق عنك,Covid Vaccine,وحتي الاعراض الجانبية مقارنة مثلا بحاجات زي حبوب منع الحمل او التدخين او حتي اللحوم المصنعة فهي نسبتها تعتبر قليلة لكن من حق الناس تفكر فيها وتوزن الريسك اللي فيه، انما تقول تطعيم من المرض بيجيب المرض نفسه 😂 ده بتوع ال 5G بيجيب كورونا عندهم منطق عنك,Covid Vaccine,,1,Negative,0,Yes,1,,,Not Related,Target: Covid Vaccine Text: وحتي الاعراض الجانبية مقارنة مثلا بحاجات زي حبوب منع الحمل او التدخين او حتي اللحوم المصنعة فهي نسبتها تعتبر قليلة لكن من حق الناس تفكر فيها وتوزن الريسك اللي فيه، انما تقول تطعيم من المرض بيجيب المرض نفسه 😂 ده بتوع ال 5G بيجيب كورونا عندهم منطق عنك,,,,,,,,,1,0,0.71533203,0.14245605,0.14208984,2,None,Against
1836,MENTION كذلك مرض كورونا قتل اكثر بكثير من باقي الامراض الاخرى ... للمعلوميه ببريطانيا من بدت الجائحة والوفيات يومياً تو ما صفرت الوفيات من بعد ما استخدموا اللقاح هذا وفقط تم تطعيم الكبار توهم يوصلوا لعمر ٤٠ سنة فكيف لو تم تطعيم الجميع #نعم_للتطعيم,Covid Vaccine,مستخدم كذلك مرض كورونا قتل اكثر بكثير من باقي الامراض الاخري .. للمعلوميه ببريطانيا من بدت الجائحة والوفيات يومياً تو ما صفرت الوفيات من بعد ما استخدموا اللقاح هذا وفقط تم تطعيم الكبار توهم يوصلوا لعمر ٤٠ سنة فكيف لو تم تطعيم الجميع #نعم للتطعيم,Covid Vaccine,Favor,2,Neutral,1,No,0,F_Explicit,,,Target: Covid Vaccine Text: مستخدم كذلك مرض كورونا قتل اكثر بكثير من باقي الامراض الاخري .. للمعلوميه ببريطانيا من بدت الجائحة والوفيات يومياً تو ما صفرت الوفيات من بعد ما استخدموا اللقاح هذا وفقط تم تطعيم الكبار توهم يوصلوا لعمر ٤٠ سنة فكيف لو تم تطعيم الجميع #نعم للتطعيم,,,,,,,,,2,0,0.45214844,0.18981934,0.35791016,2,Favor,Against
1902,انا اقول غيرو اسم سهل الى صعب وايد ابرك في السابق كنا نروح الوزارة ربع ساعة تكون مجدد رخصة الاستيراد مع التحول الالكتروني المعامله صار لها اسبوع عند الموظف خووووش تحول الكتروني  ومسمي اسم منصته سهل  انتوا وين والتطور وين,Digital Transformation,انا اقول غيرو اسم سهل الي صعب وايد ابرك في السابق كنا نروح الوزارة ربع ساعة تكون مجدد رخصة الاستيراد مع التحول الالكتروني المعامله صار لها اسبوع عند الموظف خووش تحول الكتروني ومسمي اسم منصته سهل انتوا وين والتطور وين,Digital Transformation,Favor,2,Negative,0,No,0,F_Explicit,,,Target: Digital Transformation Text: انا اقول غيرو اسم سهل الي صعب وايد ابرك في السابق كنا نروح الوزارة ربع ساعة تكون مجدد رخصة الاستيراد مع التحول الالكتروني المعامله صار لها اسبوع عند الموظف خووش تحول الكتروني ومسمي اسم منصته سهل انتوا وين والتطور وين,,,,,,,,,2,0,0.47070312,0.14196777,0.38720703,2,Favor,Against
1957,❌ ما نلعب رياضة إلا بتطعيم ❌ ما نسافر إلا بتطعيم ❌ ما ندخل السينما إلا بتطعيم . بس ندخل المول عادي ✔️ ونسكن بالفنادق ✔️ وناكل بالمطاعم ✔️ ونركب التكاسي والباصات ✔️ ونروح الجمعيات ✔️ ونخلص معاملاتنا بالوزارات ✔️  #الكويت #كورونا #تطعيم #دمج_لقاحين #عشوائية #قرارات_غريبة #تطعيم,Covid Vaccine,❌ ما نلعب رياضة الا بتطعيم ❌ ما نسافر الا بتطعيم ❌ ما ندخل السينما الا بتطعيم . بس ندخل المول عادي ✔️ ونسكن بالفنادق ✔️ وناكل بالمطاعم ✔️ ونركب التكاسي والباصات ✔️ ونروح الجمعيات ✔️ ونخلص معاملاتنا بالوزارات ✔️ #الكويت #كورونا #تطعيم #دمج لقاحين #عشوائية #قرارات غريبة #تطعيم,Covid Vaccine,,1,Neutral,1,No,0,,,Not clear,Target: Covid Vaccine Text: ❌ ما نلعب رياضة الا بتطعيم ❌ ما نسافر الا بتطعيم ❌ ما ندخل السينما الا بتطعيم . بس ندخل المول عادي ✔️ ونسكن بالفنادق ✔️ وناكل بالمطاعم ✔️ ونركب التكاسي والباصات ✔️ ونروح الجمعيات ✔️ ونخلص معاملاتنا بالوزارات ✔️ #الكويت #كورونا #تطعيم #دمج لقاحين #عشوائية #قرارات غريبة #تطعيم,,,,,,,,,1,0,0.76660156,0.14367676,0.089904785,2,None,Against
2052,#كوفيد_19 #كورونا هي واقع سيبقى معنا الى ان يشاء الله   الحل مش باقفال الحدود و لكن باتخاذ الاجراءات اللازمة من تطعيم و عزل للمصابين و فحص المسافرين القادمين واعادة التكيف مع واقع جديد علينا تقبله و التعايش معه. الله يسهل امور الناس,Covid Vaccine,#كوفيد 19 #كورونا هي واقع سيبقي معنا الي ان يشاء الله الحل مش باقفال الحدود و لكن باتخاذ الاجراءات اللازمة من تطعيم و عزل للمصابين و فحص المسافرين القادمين واعادة التكيف مع واقع جديد علينا تقبله و التعايش معه. الله يسهل امور الناس,Covid Vaccine,Favor,2,Neutral,1,No,0,F_Explicit,,,Target: Covid Vaccine Text: #كوفيد 19 #كورونا هي واقع سيبقي معنا الي ان يشاء الله الحل مش باقفال الحدود و لكن باتخاذ الاجراءات اللازمة من تطعيم و عزل للمصابين و فحص المسافرين القادمين واعادة التكيف مع واقع جديد علينا تقبله و التعايش معه. الله يسهل امور الناس,,,,,,,,,2,1,0.2998047,0.46557617,0.23461914,2,Favor,None
2060,  هذا لقاح يعني تطعيم مثل تطعيم الشوكيه في الحج والانوفلونزا الموسميه ماهو علاج لكورونا  ماحد جابر احد(همسه الله يخارجنا من بعض المدرعمين),Covid Vaccine,هذا لقاح يعني تطعيم مثل تطعيم الشوكيه في الحج والانوفلونزا الموسميه ماهو علاج لكورونا ماحد جابر احد(همسه الله يخارجنا من بعض المدرعمين),Covid Vaccine,Favor,2,Neutral,1,No,0,F_Explicit,,,Target: Covid Vaccine Text: هذا لقاح يعني تطعيم مثل تطعيم الشوكيه في الحج والانوفلونزا الموسميه ماهو علاج لكورونا ماحد جابر احد(همسه الله يخارجنا من بعض المدرعمين),,,,,,,,,2,0,0.62646484,0.18469238,0.18896484,2,Favor,Against
2376,عجباً وحزناً على من يعتقد إلى الآن أن تطعيم كورونا مؤامرة.,Covid Vaccine,عجباً وحزناً علي من يعتقد الي الان ان تطعيم كورونا مؤامرة.,Covid Vaccine,Favor,2,Neutral,1,No,0,F_Explicit,,,Target: Covid Vaccine Text: عجباً وحزناً علي من يعتقد الي الان ان تطعيم كورونا مؤامرة.,,,,,,,,,2,0,0.53222656,0.3017578,0.16589355,2,Favor,Against
2918,اللهم ألبسني عـــافيتك  وجللني عافيتك 🤲🏼🤲🏼 وحصني بعافيتك وأكرمني بعافيتك 🤲🏼 وعافني عافية كافية شافيـة نامية عافية  توَّلد في بدني عافية الدنيا والآخرة 🤲🏼     💉🦠 تطعيم الجرعـ❶ـة 🦠💉  #نعم_للتطعيم #كورونا #رمضان_كريم ,Covid Vaccine,اللهم البسني عافيتك وجللني عافيتك 🤲🏼🤲🏼 وحصني بعافيتك واكرمني بعافيتك 🤲🏼 وعافني عافية كافية شافية نامية عافية توَّلد في بدني عافية الدنيا والاخرة 🤲🏼 💉🦠 تطعيم الجرع❶ة 🦠💉 #نعم للتطعيم #كورونا #رمضان كريم,Covid Vaccine,Favor,2,Neutral,1,No,0,F_Explicit,,,Target: Covid Vaccine Text: اللهم البسني عافيتك وجللني عافيتك 🤲🏼🤲🏼 وحصني بعافيتك واكرمني بعافيتك 🤲🏼 وعافني عافية كافية شافية نامية عافية توَّلد في بدني عافية الدنيا والاخرة 🤲🏼 💉🦠 تطعيم الجرع❶ة 🦠💉 #نعم للتطعيم #كورونا #رمضان كريم,,,,,,,,,2,1,0.12597656,0.44433594,0.4296875,2,Favor,None
2949,للاسف احتمال كبير جدا هنتعايش معاه .. مفيش حاجه اسمها مناعه القطيع .. لان المناعة دي بتتكون في حالة لو الفيروس مش بيتحور .. لكن عيب كورونا انه بيتحور وبسرعه جدا .. الحل الوحيد (زيه زي الانفلونزا) ان ناخد تطعيم سنوي قبل بدايه كل موجه 🤦🏻‍♀️ ,Covid Vaccine,للاسف احتمال كبير جدا هنتعايش معاه .. مفيش حاجه اسمها مناعه القطيع .. لان المناعة دي بتتكون في حالة لو الفيروس مش بيتحور .. لكن عيب كورونا انه بيتحور وبسرعه جدا .. الحل الوحيد (زيه زي الانفلونزا) ان ناخد تطعيم سنوي قبل بدايه كل موجه 🤦🏻‍♀️,Covid Vaccine,Favor,2,Neutral,1,No,0,F_Explicit,,,Target: Covid Vaccine Text: للاسف احتمال كبير جدا هنتعايش معاه .. مفيش حاجه اسمها مناعه القطيع .. لان المناعة دي بتتكون في حالة لو الفيروس مش بيتحور .. لكن عيب كورونا انه بيتحور وبسرعه جدا .. الحل الوحيد (زيه زي الانفلونزا) ان ناخد تطعيم سنوي قبل بدايه كل موجه 🤦🏻‍♀️,,,,,,,,,2,0,0.65283203,0.16430664,0.18310547,2,Favor,Against
3545,📌 هل تطعيم فيروس كورونا آمن لأصحاب الأمراض المزمنة؟   ✅ الإجابة نعم! تقول منظمة الصحة العالمية إنه لقاحات #كوفيد19 آمنة لمعظم الأشخاص يلي تبلغ أعمارهم 18 سنة وأكثر  بما فيهم الناس يلي تعاني من حالات مرضية مثل ارتفاع ضغط الدم والسكري والربو والأمراض الرئوية وأمراض الكبد والكلى. URL,Covid Vaccine,📌 هل تطعيم فيروس كورونا امن لاصحاب الامراض المزمنة؟ ✅ الاجابة نعم! تقول منظمة الصحة العالمية انه لقاحات #كوفيد19 امنة لمعظم الاشخاص يلي تبلغ اعمارهم 18 سنة واكثر بما فيهم الناس يلي تعاني من حالات مرضية مثل ارتفاع ضغط الدم والسكري والربو والامراض الرئوية وامراض الكبد والكلي.,Covid Vaccine,Favor,2,Neutral,1,No,0,F_Explicit,,,Target: Covid Vaccine Text: 📌 هل تطعيم فيروس كورونا امن لاصحاب الامراض المزمنة؟ ✅ الاجابة نعم! تقول منظمة الصحة العالمية انه لقاحات #كوفيد19 امنة لمعظم الاشخاص يلي تبلغ اعمارهم 18 سنة واكثر بما فيهم الناس يلي تعاني من حالات مرضية مثل ارتفاع ضغط الدم والسكري والربو والامراض الرئوية وامراض الكبد والكلي.,,,,,,,,,2,1,0.25854492,0.5410156,0.20031738,2,Favor,None
3563,  هذا انتم يالحريم .. الفيلر والبوتكس وهالخرابيط عندكم تتحملونها عادي حتى شق البطن للولاده عادي ويوم جت ابرة تطعيم كورونا صرتم كلكم تتألمون ؟؟؟   وبعدين 😂😂😂,Covid Vaccine,هذا انتم يالحريم .. الفيلر والبوتكس وهالخرابيط عندكم تتحملونها عادي حتي شق البطن للولاده عادي ويوم جت ابرة تطعيم كورونا صرتم كلكم تتالمون ؟؟ وبعدين 😂😂,Covid Vaccine,,1,Positive,2,Yes,1,,,Not clear,Target: Covid Vaccine Text: هذا انتم يالحريم .. الفيلر والبوتكس وهالخرابيط عندكم تتحملونها عادي حتي شق البطن للولاده عادي ويوم جت ابرة تطعيم كورونا صرتم كلكم تتالمون ؟؟ وبعدين 😂😂,,,,,,,,,1,0,0.5151367,0.2253418,0.25927734,2,None,Against
3662,  مين قالك انه اللقاح يوقف كورونا  هو يعود الجسم على ممانعه هذا الفيروس عشان لو دخل الجسم يقدر يقاومه بشكل افضل من السخص اللي مااخذ تطعيم,Covid Vaccine,مين قالك انه اللقاح يوقف كورونا هو يعود الجسم علي ممانعه هذا الفيروس عشان لو دخل الجسم يقدر يقاومه بشكل افضل من السخص اللي مااخذ تطعيم,Covid Vaccine,Favor,2,Neutral,1,No,0,,,,Target: Covid Vaccine Text: مين قالك انه اللقاح يوقف كورونا هو يعود الجسم علي ممانعه هذا الفيروس عشان لو دخل الجسم يقدر يقاومه بشكل افضل من السخص اللي مااخذ تطعيم,,,,,,,,,2,0,0.6796875,0.14025879,0.18005371,2,Favor,Against
3682, كيف من الممكن ان تنافس عمالقة سوق التجزئة الالكتروني وايجاراتك عاليةوتكاليفك اعلى قواعد التسوق في تغير سريع على الجميع ان يعي ذالك ويواكب هذا التحول ومن لايتاقلم يندثر وتاريخ له عبر واحداث كثير  تبين ان البقاء ليس للاقوي اوالاكبر انما لمن يتغير ,Digital Transformation,كيف من الممكن ان تنافس عمالقة سوق التجزئة الالكتروني وايجاراتك عاليةوتكاليفك اعلي قواعد التسوق في تغير سريع علي الجميع ان يعي ذالك ويواكب هذا التحول ومن لايتاقلم يندثر وتاريخ له عبر واحداث كثير تبين ان البقاء ليس للاقوي اوالاكبر انما لمن يتغير,Digital Transformation,,1,Neutral,1,No,0,,,Not clear,Target: Digital Transformation Text: كيف من الممكن ان تنافس عمالقة سوق التجزئة الالكتروني وايجاراتك عاليةوتكاليفك اعلي قواعد التسوق في تغير سريع علي الجميع ان يعي ذالك ويواكب هذا التحول ومن لايتاقلم يندثر وتاريخ له عبر واحداث كثير تبين ان البقاء ليس للاقوي اوالاكبر انما لمن يتغير,,,,,,,,,1,2,0.22143555,0.3310547,0.44750977,2,None,Favor
4051, بالضبط ومع التحول الرقمي نشوف في السعودية الان كثير من الشركات ما بتحتاج فروع على الارض زي زمان وهذا يقلل من توفر فرص وظائف المكاتب الامامية (اغلاق الفروع -&gt; توظيف اقل -&gt;ارتفاع بطالة). كتبت تدوينة عن المستقبل الوعر للتحول الرقمي في من,Digital Transformation,بالضبط ومع التحول الرقمي نشوف في السعودية الان كثير من الشركات ما بتحتاج فروع علي الارض زي زمان وهذا يقلل من توفر فرص وظائف المكاتب الامامية (اغلاق الفروع -> توظيف اقل ->ارتفاع بطالة). كتبت تدوينة عن المستقبل الوعر للتحول الرقمي في من,Digital Transformation,Favor,2,Positive,2,No,0,F_Explicit,,,Target: Digital Transformation Text: بالضبط ومع التحول الرقمي نشوف في السعودية الان كثير من الشركات ما بتحتاج فروع علي الارض زي زمان وهذا يقلل من توفر فرص وظائف المكاتب الامامية (اغلاق الفروع -> توظيف اقل ->ارتفاع بطالة). كتبت تدوينة عن المستقبل الوعر للتحول الرقمي في من,,,,,,,,,2,0,0.4489746,0.26000977,0.29125977,2,Favor,Against
4067,بعد تطعيم أكثر من ٣٣ مليون بريطاني  ب #لقاح_أسترازينكا  💉🙂  الحياة تعود تدريجيا إلى شوارع لندن    تقرير اليوم - فرانس24   #خذ_الخطوة_خذ_اللقاح        #كورونا #السعودية,Covid Vaccine,بعد تطعيم اكثر من ٣٣ مليون بريطاني ب #لقاح استرازينكا 💉🙂 الحياة تعود تدريجيا الي شوارع لندن تقرير اليوم - فرانس24 #خذ الخطوة خذ اللقاح #كورونا #السعودية,Covid Vaccine,Favor,2,Positive,2,No,0,,,,Target: Covid Vaccine Text: بعد تطعيم اكثر من ٣٣ مليون بريطاني ب #لقاح استرازينكا 💉🙂 الحياة تعود تدريجيا الي شوارع لندن تقرير اليوم - فرانس24 #خذ الخطوة خذ اللقاح #كورونا #السعودية,,,,,,,,,2,1,0.030029297,0.6113281,0.35864258,2,Favor,None
502, التحول الالكتروني لوكان فيه حاجة ماسة مثل التحول الرقمي اللي حصل بالمحاكم والجوازات كانت ضرورة كانت تحولو والتاجر صدقني احرص منا على تجارته لو عارف انها تكسبه فلوس كان سواها,Digital Transformation,التحول الالكتروني لوكان فيه حاجة ماسة مثل التحول الرقمي اللي حصل بالمحاكم والجوازات كانت ضرورة كانت تحولو والتاجر صدقني احرص منا على تجارته لو عارف انها تكسبه فلوس كان سواها,Digital Transformation,,1,Negative,0,No,0,,,Not clear,Target: Digital Transformation Text: التحول الالكتروني لوكان فيه حاجة ماسة مثل التحول الرقمي اللي حصل بالمحاكم والجوازات كانت ضرورة كانت تحولو والتاجر صدقني احرص منا على تجارته لو عارف انها تكسبه فلوس كان سواها,, التحول الالكتروني لوكان فيه حاجة ماسة مثل التحول الرقمي اللي حصل بالمحاكم والجوازات كانت ضرورة كانت تحولو والتاجر صدقني احرص منا على تجارته لو عارف انها تكسبه فلوس كان سواها,Digital Transformation,0.4022,1.0,0.483,2020-03-23 16:57:31+00:00,23/03/2020,1,2,0.16467285,0.24145508,0.59375,2,None,Favor
854,كل مكان في الكويت حاليا مايطلبون لا تطعيم ولا كمامات الا المدارس للحين يلزمون المعلمين والطلاب بلبس الكمامات!!  خلاص ربي لك الحمد الناس نست كورونا ترى.  #كوفيد_19,Covid Vaccine,كل مكان في الكويت حاليا مايطلبون لا تطعيم ولا كمامات الا المدارس للحين يلزمون المعلمين والطلاب بلبس الكمامات!!  خلاص ربي لك الحمد الناس نست كورونا ترى.  #كوفيد_19,Covid Vaccine,,1,Positive,2,No,0,,,Not clear,Target: Covid Vaccine Text: كل مكان في الكويت حاليا مايطلبون لا تطعيم ولا كمامات الا المدارس للحين يلزمون المعلمين والطلاب بلبس الكمامات!!  خلاص ربي لك الحمد الناس نست كورونا ترى.  #كوفيد_19,,كل مكان في الكويت حاليا مايطلبون لا تطعيم ولا كمامات الا المدارس للحين يلزمون المعلمين والطلاب بلبس الكمامات!!  خلاص ربي لك الحمد الناس نست كورونا ترى.  #كوفيد_19,Covid Vaccine,1.0,1.0,0.5119,2022-05-05 09:54:09+00:00,05/05/2022,1,0,0.59033203,0.2746582,0.1348877,2,None,Against
1449,العودة للمدارس واطالتها  ورجوعها الحضوري بنهار رمضان  مالهدف من ذلك إلا تطعيم اطفالكم  لقاح كورونا والورم الحليمي  اني اعرف النفوس الردية واهلها  اللهم اني اعوذ بك من علم لا ينفع  وقلب لا يخشع,Covid Vaccine,العودة للمدارس واطالتها  ورجوعها الحضوري بنهار رمضان  مالهدف من ذلك إلا تطعيم اطفالكم  لقاح كورونا والورم الحليمي  اني اعرف النفوس الردية واهلها  اللهم اني اعوذ بك من علم لا ينفع  وقلب لا يخشع,Covid Vaccine,,1,Negative,0,No,0,,,Not clear,Target: Covid Vaccine Text: العودة للمدارس واطالتها  ورجوعها الحضوري بنهار رمضان  مالهدف من ذلك إلا تطعيم اطفالكم  لقاح كورونا والورم الحليمي  اني اعرف النفوس الردية واهلها  اللهم اني اعوذ بك من علم لا ينفع  وقلب لا يخشع,,العودة للمدارس واطالتها  ورجوعها الحضوري بنهار رمضان  مالهدف من ذلك إلا تطعيم اطفالكم  لقاح كورونا والورم الحليمي  اني اعرف النفوس الردية واهلها  اللهم اني اعوذ بك من علم لا ينفع  وقلب لا يخشع,Covid Vaccine,0.7592,1.0,0.7844,2022-04-04 18:16:50+00:00,04/04/2022,1,0,0.7939453,0.1381836,0.067871094,2,None,Against
2458,صار عندي حرقان بالمريئ بسبب سوالف تطعيم كورونا تعبنا يا ناس ياليت هذا كابوس و نصحى منه,Covid Vaccine,صار عندي حرقان بالمريئ بسبب سوالف تطعيم كورونا تعبنا يا ناس ياليت هذا كابوس و نصحى منه,Covid Vaccine,,1,Negative,0,No,0,,,Not clear,Target: Covid Vaccine Text: صار عندي حرقان بالمريئ بسبب سوالف تطعيم كورونا تعبنا يا ناس ياليت هذا كابوس و نصحى منه,,صار عندي حرقان بالمريئ بسبب سوالف تطعيم كورونا تعبنا يا ناس ياليت هذا كابوس و نصحى منه,Covid Vaccine,0.59,1.0,0.6006,2021-10-02 18:12:57+00:00,02/10/2021,1,0,0.79589844,0.13647461,0.06762695,2,None,Against
148,#كلمه_للحب_الالكتروني ٤جي ما عاد تتحمل التعامل مع الحب الالكتروني لانها ضعيفه وبثها مو ثابت  يجب التحول فورا لخدمه ٥ جي لمواكبة السرعه ٠ URL,Digital Transformation,#كلمه_للحب_الالكتروني ٤جي ما عاد تتحمل التعامل مع الحب الالكتروني لانها ضعيفه وبثها مو ثابت  يجب التحول فورا لخدمه ٥ جي لمواكبة السرعه ٠ URL,Digital Transformation,Favor,2,Negative,0,No,0,F_Explicit,,,Target: Digital Transformation Text: #كلمه_للحب_الالكتروني ٤جي ما عاد تتحمل التعامل مع الحب الالكتروني لانها ضعيفه وبثها مو ثابت  يجب التحول فورا لخدمه ٥ جي لمواكبة السرعه ٠ URL,,#كلمه_للحب_الالكتروني ٤جي ما عاد تتحمل التعامل مع الحب الالكتروني لانها ضعيفه وبثها مو ثابت  يجب التحول فورا لخدمه ٥ جي لمواكبة السرعه ٠ URL,Digital Transformation,0.4294,0.7324,0.5187,2021-03-10 00:10:27+00:00,10/03/2021,2,0,0.69140625,0.17565918,0.13293457,2,Favor,Against
3476,التحول التقني السريع سوف يغير خارطة صناعة السيارات وسوف تنتهي مصانع كبرى وسيخلفها شركات السيارات الكهربائية ( القيادة الذاتية قادمة),Digital Transformation,التحول التقني السريع سوف يغير خارطة صناعة السيارات وسوف تنتهي مصانع كبرى وسيخلفها شركات السيارات الكهربائية ( القيادة الذاتية قادمة),Digital Transformation,Favor,2,Neutral,1,No,0,F_Explicit,,,Target: Digital Transformation Text: التحول التقني السريع سوف يغير خارطة صناعة السيارات وسوف تنتهي مصانع كبرى وسيخلفها شركات السيارات الكهربائية ( القيادة الذاتية قادمة),,التحول التقني السريع سوف يغير خارطة صناعة السيارات وسوف تنتهي مصانع كبرى وسيخلفها شركات السيارات الكهربائية ( القيادة الذاتية قادمة),Digital Transformation,0.7567,1.0,0.598,2020-05-17 15:06:34+00:00,17/05/2020,2,1,0.15063477,0.46655273,0.3828125,2,Favor,None
1427,اتمنى ان ارى الاعلان عن  تحصيل الوظائف منح الاراضي منح العلاوات والترقيات وظبط مواعيد المستشفيات كما ارى الاعلان والحرص على تطعيم كورونا.,Covid Vaccine,اتمنى ان ارى الاعلان عن  تحصيل الوظائف منح الاراضي منح العلاوات والترقيات وظبط مواعيد المستشفيات كما ارى الاعلان والحرص على تطعيم كورونا.,Covid Vaccine,Favor,2,Neutral,1,No,0,F_Explicit,,,Target: Covid Vaccine Text: اتمنى ان ارى الاعلان عن  تحصيل الوظائف منح الاراضي منح العلاوات والترقيات وظبط مواعيد المستشفيات كما ارى الاعلان والحرص على تطعيم كورونا.,,اتمنى ان ارى الاعلان عن  تحصيل الوظائف منح الاراضي منح العلاوات والترقيات وظبط مواعيد المستشفيات كما ارى الاعلان والحرص على تطعيم كورونا.,Covid Vaccine,0.6075,0.7504,0.7718,2022-03-30 23:11:55+00:00,30/03/2022,2,1,0.06500244,0.54589844,0.38916016,2,Favor,None
1209,🇸🇦 مـﻧـــ الخاصــ 📩   هل يوجد تطعيم كورونا بدون موعد في معرض اكسبوا بمعارض الظهران,Covid Vaccine,🇸🇦 مـﻧـــ الخاصــ 📩   هل يوجد تطعيم كورونا بدون موعد في معرض اكسبوا بمعارض الظهران,Covid Vaccine,Favor,2,Neutral,1,No,0,F_Explicit,,,Target: Covid Vaccine Text: 🇸🇦 مـﻧـــ الخاصــ 📩   هل يوجد تطعيم كورونا بدون موعد في معرض اكسبوا بمعارض الظهران,,🇸🇦 مـﻧـــ الخاصــ 📩   هل يوجد تطعيم كورونا بدون موعد في معرض اكسبوا بمعارض الظهران,Covid Vaccine,0.7665,1.0,1.0,2022-03-27 09:36:22+00:00,27/03/2022,2,1,0.26098633,0.5800781,0.15881348,2,Favor,None
846,قاتل الله الفقر! قتل الناس في #الهند الناس تموت لعدم وجود الأوكسجين ولا عندهم التطعيم!  وقاتل الله الجهل! قتل الناس في دولنا مع انه تطعيم #كورونا متوفر! ولازال أصحاب #حملة_ضد_التطعيمات يسوقون الناس للموت! قاتلهم الله أنى يؤفكون. احمدوا ربكم وطعموا #الكويت  ,Covid Vaccine,قاتل الله الفقر! قتل الناس في #الهند الناس تموت لعدم وجود الأوكسجين ولا عندهم التطعيم!  وقاتل الله الجهل! قتل الناس في دولنا مع انه تطعيم #كورونا متوفر! ولازال أصحاب #حملة_ضد_التطعيمات يسوقون الناس للموت! قاتلهم الله أنى يؤفكون. احمدوا ربكم وطعموا #الكويت,Covid Vaccine,Favor,2,Positive,2,No,0,F_Explicit,,,Target: Covid Vaccine Text: قاتل الله الفقر! قتل الناس في #الهند الناس تموت لعدم وجود الأوكسجين ولا عندهم التطعيم!  وقاتل الله الجهل! قتل الناس في دولنا مع انه تطعيم #كورونا متوفر! ولازال أصحاب #حملة_ضد_التطعيمات يسوقون الناس للموت! قاتلهم الله أنى يؤفكون. احمدوا ربكم وطعموا #الكويت,,قاتل الله الفقر! قتل الناس في #الهند الناس تموت لعدم وجود الأوكسجين ولا عندهم التطعيم!  وقاتل الله الجهل! قتل الناس في دولنا مع انه تطعيم #كورونا متوفر! ولازال أصحاب #حملة_ضد_التطعيمات يسوقون الناس للموت! قاتلهم الله أنى يؤفكون. احمدوا ربكم وطعموا #الكويت  ,Covid Vaccine,0.5066,1.0,1.0,2021-04-24 23:51:51+00:00,24/04/2021,2,0,0.55566406,0.18481445,0.25976562,2,Favor,Against
1565,نحن فخورون بالإنجازات التي حققناها ضمن رحلتنا للتحول لاقتصاد رقمي حتى هذه اللحظة الا انها بالتأكيد دون الطموح المرجو و يتوجب علينا الإستفادة من أخطائنا والبناء عليها   #كورونا #جمعية_انتاج #التحول_الرقمي #COVID19 #DigitalTransformation #STS  URL,Digital Transformation,نحن فخورون بالإنجازات التي حققناها ضمن رحلتنا للتحول لاقتصاد رقمي حتى هذه اللحظة الا انها بالتأكيد دون الطموح المرجو و يتوجب علينا الإستفادة من أخطائنا والبناء عليها   #كورونا #جمعية_انتاج #التحول_الرقمي #COVID19 #DigitalTransformation #STS  URL,Digital Transformation,Favor,2,Positive,2,No,0,F_Explicit,,,Target: Digital Transformation Text: نحن فخورون بالإنجازات التي حققناها ضمن رحلتنا للتحول لاقتصاد رقمي حتى هذه اللحظة الا انها بالتأكيد دون الطموح المرجو و يتوجب علينا الإستفادة من أخطائنا والبناء عليها   #كورونا #جمعية_انتاج #التحول_الرقمي #COVID19 #DigitalTransformation #STS  URL,,نحن فخورون بالإنجازات التي حققناها ضمن رحلتنا للتحول لاقتصاد رقمي حتى هذه اللحظة الا انها بالتأكيد دون الطموح المرجو و يتوجب علينا الإستفادة من أخطائنا والبناء عليها   #كورونا #جمعية_انتاج #التحول_الرقمي #COVID19 #DigitalTransformation #STS  URL,Digital Transformation,1.0,1.0,0.7253,2020-05-24 19:38:33+00:00,24/05/2020,2,1,0.07385254,0.5336914,0.39257812,2,Favor,None
3, روح حلل محد يم تطعيم كورونا شف الحرم البارح مليونين بدون شرط تحصين😅,Covid Vaccine,روح حلل محد يم تطعيم كورونا شف الحرم البارح مليونين بدون شرط تحصين😅,Covid Vaccine,,1,Neutral,1,Yes,1,,,Not clear,Target: Covid Vaccine Text: روح حلل محد يم تطعيم كورونا شف الحرم البارح مليونين بدون شرط تحصين😅,,,,,,,,,1,2,0.0064926147,0.029678345,0.9638672,3,None,Favor
37, تطلبون التحول الالكتروني  هذا هو,Digital Transformation,تطلبون التحول الالكتروني هذا هو,Digital Transformation,,1,Neutral,1,No,0,,,Not clear,Target: Digital Transformation Text: تطلبون التحول الالكتروني هذا هو,,,,,,,,,1,2,0.0014238358,0.119262695,0.87939453,3,None,Favor
67, دكتور محمد لماذا لا يتم  تفعيل وسائل الدفع الالكتروني او التحول إلى اقتصاد غير نقدي حاليا يوجد اقتصاديين ظاهر وباطن فإذا لم يسمح بالتعامل بالنقد سوف يصبح الجميع يعملون في نطاق نظام واحد وباذن اذا تم تطبيق التعامل عن طريق الدفع الالكتروني  لجميع ,Digital Transformation,دكتور محمد لماذا لا يتم تفعيل وسائل الدفع الالكتروني او التحول الي اقتصاد غير نقدي حاليا يوجد اقتصاديين ظاهر وباطن فاذا لم يسمح بالتعامل بالنقد سوف يصبح الجميع يعملون في نطاق نظام واحد وباذن اذا تم تطبيق التعامل عن طريق الدفع الالكتروني لجميع,Digital Transformation,Favor,2,Neutral,1,No,0,F_Explicit,,,Target: Digital Transformation Text: دكتور محمد لماذا لا يتم تفعيل وسائل الدفع الالكتروني او التحول الي اقتصاد غير نقدي حاليا يوجد اقتصاديين ظاهر وباطن فاذا لم يسمح بالتعامل بالنقد سوف يصبح الجميع يعملون في نطاق نظام واحد وباذن اذا تم تطبيق التعامل عن طريق الدفع الالكتروني لجميع,,,,,,,,,2,1,0.033172607,0.9628906,0.0040283203,3,Favor,None
126,    تطعيم كورونا بدون حضور !!! وتنزل في توكلنا كمان ..,Covid Vaccine,تطعيم كورونا بدون حضور !! وتنزل في توكلنا كمان ..,Covid Vaccine,Against,0,Neutral,1,No,0,,A_Explicit,,Target: Covid Vaccine Text: تطعيم كورونا بدون حضور !! وتنزل في توكلنا كمان ..,,,,,,,,,0,1,0.16125488,0.7817383,0.05722046,3,Against,None
218,رسمياً...  بدأ اليوم سريان قانون عودة الحياة الطبيعية كما كانت سابقاً قبل كورونا في الدنمارك بعد تطعيم 73% من الشعب بالجرعتين.  لا كمامات  لا تباعد  لا إغلاق  وسيُقام غداً حفل سيضم 50 000 شخص بلا أي إجراءات صحية. URL,Covid Vaccine,رسمياً.. بدا اليوم سريان قانون عودة الحياة الطبيعية كما كانت سابقاً قبل كورونا في الدنمارك بعد تطعيم 73% من الشعب بالجرعتين. لا كمامات لا تباعد لا اغلاق وسيُقام غداً حفل سيضم 50 00 شخص بلا اي اجراءات صحية.,Covid Vaccine,Favor,2,Neutral,1,No,0,F_Implicit,,,Target: Covid Vaccine Text: رسمياً.. بدا اليوم سريان قانون عودة الحياة الطبيعية كما كانت سابقاً قبل كورونا في الدنمارك بعد تطعيم 73% من الشعب بالجرعتين. لا كمامات لا تباعد لا اغلاق وسيُقام غداً حفل سيضم 50 00 شخص بلا اي اجراءات صحية.,,,,,,,,,2,1,0.035369873,0.9638672,0.00084352493,3,Favor,None
247," ويقولش ""التحول الالكتروني"" 🤣",Digital Transformation,"ويقولش ""التحول الالكتروني"" 🤣",Digital Transformation,Against,0,Neutral,1,Yes,1,,A_Explicit,,"Target: Digital Transformation Text: ويقولش ""التحول الالكتروني"" 🤣",,,,,,,,,0,1,0.0020561218,0.9951172,0.0027675629,3,Against,None
249,بعد قليل محاضرة مباشرة بعنوان مهارات استخدام zoom في التعليم الالكتروني مع د. معاذ صفوت⬇️ URL    #ويبينار_التحول_التقني URL,Digital Transformation,بعد قليل محاضرة مباشرة بعنوان مهارات استخدام zoom في التعليم الالكتروني مع د. معاذ صفوت⬇️ #ويبينار التحول التقني,Digital Transformation,,1,Neutral,1,No,0,,,Not clear,Target: Digital Transformation Text: بعد قليل محاضرة مباشرة بعنوان مهارات استخدام zoom في التعليم الالكتروني مع د. معاذ صفوت⬇️ #ويبينار التحول التقني,,,,,,,,,1,2,0.0012054443,0.11663818,0.8823242,3,None,Favor
269,من امبارح ونفسي اسال  امال مين ام الجهات الرقابيه فين؟  كل يوم يطلع مسؤول عرض يقولك الحوكمه وتحول رقمي  هو لو فيه ريحة الحوكمه او التحول الرقمي كان فيه سرقه بالمبلغ دي حصلت!  انتوا فاهمين يعني ايه حوكمه وتحول رقمي   ولا هو هبد وخلاص؟ URL,Digital Transformation,من امبارح ونفسي اسال امال مين ام الجهات الرقابيه فين؟ كل يوم يطلع مسؤول عرض يقولك الحوكمه وتحول رقمي هو لو فيه ريحة الحوكمه او التحول الرقمي كان فيه سرقه بالمبلغ دي حصلت! انتوا فاهمين يعني ايه حوكمه وتحول رقمي ولا هو هبد وخلاص؟,Digital Transformation,,1,Neutral,1,No,0,,,Not clear,Target: Digital Transformation Text: من امبارح ونفسي اسال امال مين ام الجهات الرقابيه فين؟ كل يوم يطلع مسؤول عرض يقولك الحوكمه وتحول رقمي هو لو فيه ريحة الحوكمه او التحول الرقمي كان فيه سرقه بالمبلغ دي حصلت! انتوا فاهمين يعني ايه حوكمه وتحول رقمي ولا هو هبد وخلاص؟,,,,,,,,,1,0,0.9892578,0.010406494,0.00056791306,3,None,Against
322, خوذي حبوب حديد لازم تاخذين لحوم حمراء ولاتنسين زيادة البروتين باكلك اما نشاط الغده ماله دخل بالتكميم ابد اعرف كذا وحده جاهم بعد تطعيم كورونا,Covid Vaccine,خوذي حبوب حديد لازم تاخذين لحوم حمراء ولاتنسين زيادة البروتين باكلك اما نشاط الغده ماله دخل بالتكميم ابد اعرف كذا وحده جاهم بعد تطعيم كورونا,Covid Vaccine,,1,Neutral,1,No,0,,,Not clear,Target: Covid Vaccine Text: خوذي حبوب حديد لازم تاخذين لحوم حمراء ولاتنسين زيادة البروتين باكلك اما نشاط الغده ماله دخل بالتكميم ابد اعرف كذا وحده جاهم بعد تطعيم كورونا,,,,,,,,,1,2,0.006008148,0.002878189,0.99121094,3,None,Favor
328,الحمد لله على نعمة البلوك في تويتر   احسها مثل تطعيم كورونا,Covid Vaccine,الحمد لله علي نعمة البلوك في تويتر احسها مثل تطعيم كورونا,Covid Vaccine,,1,Positive,2,No,0,,,Not clear,Target: Covid Vaccine Text: الحمد لله علي نعمة البلوك في تويتر احسها مثل تطعيم كورونا,,,,,,,,,1,2,0.0005950928,0.0005502701,0.99902344,3,None,Favor
340,  وين الدليل انه راح يصير شي على عيالنا واحفادنا ؟ انا شخصيا جربت الكورونا ودخلت المستشفي عشر ايام تقريبا وتحت الاوكسجين ومعاناة ما وراها معاناه اقسم بالله اول مره يمر على هالشي وحاليا مستعد لو اخذ مليون تطعيم بس ما عيد تجرب,Covid Vaccine,وين الدليل انه راح يصير شي علي عيالنا واحفادنا ؟ انا شخصيا جربت الكورونا ودخلت المستشفي عشر ايام تقريبا وتحت الاوكسجين ومعاناة ما وراها معاناه اقسم بالله اول مره يمر علي هالشي وحاليا مستعد لو اخذ مليون تطعيم بس ما عيد تجرب,Covid Vaccine,Favor,2,Positive,2,No,0,F_Explicit,,,Target: Covid Vaccine Text: وين الدليل انه راح يصير شي علي عيالنا واحفادنا ؟ انا شخصيا جربت الكورونا ودخلت المستشفي عشر ايام تقريبا وتحت الاوكسجين ومعاناة ما وراها معاناه اقسم بالله اول مره يمر علي هالشي وحاليا مستعد لو اخذ مليون تطعيم بس ما عيد تجرب,,,,,,,,,2,0,0.99902344,0.0007739067,9.8109245e-05,3,Favor,Against
396,معلومه مش مهمه خالص بس النهارده اخدت اول جرعه تطعيم كورونا,Covid Vaccine,معلومه مش مهمه خالص بس النهارده اخدت اول جرعه تطعيم كورونا,Covid Vaccine,,1,Neutral,1,No,0,,,Not clear,Target: Covid Vaccine Text: معلومه مش مهمه خالص بس النهارده اخدت اول جرعه تطعيم كورونا,,,,,,,,,1,2,0.0001205802,0.00340271,0.99658203,3,None,Favor
412,ابو محمد نحن في عالم التحول الالكتروني ولكل شيء تضحية وعواقب ونجاحات تخيل عدد السيارات والنقل المدرسي واعباء كثير لاتعد ولاتحصى شكرا لتفاعلك 🌸 URL,Digital Transformation,ابو محمد نحن في عالم التحول الالكتروني ولكل شيء تضحية وعواقب ونجاحات تخيل عدد السيارات والنقل المدرسي واعباء كثير لاتعد ولاتحصي شكرا لتفاعلك 🌸,Digital Transformation,Favor,2,Positive,2,No,0,F_Explicit,,,Target: Digital Transformation Text: ابو محمد نحن في عالم التحول الالكتروني ولكل شيء تضحية وعواقب ونجاحات تخيل عدد السيارات والنقل المدرسي واعباء كثير لاتعد ولاتحصي شكرا لتفاعلك 🌸,,,,,,,,,2,1,0.24121094,0.6767578,0.082214355,3,Favor,None
528,الأولى تطعيم الثانيه تعزيز الثالثه تنشيط الرابعه اتوقع تكثيف   #لقاح_كورونا,Covid Vaccine,الاولي تطعيم الثانيه تعزيز الثالثه تنشيط الرابعه اتوقع تكثيف #لقاح كورونا,Covid Vaccine,,1,Neutral,1,No,0,,,Not clear,Target: Covid Vaccine Text: الاولي تطعيم الثانيه تعزيز الثالثه تنشيط الرابعه اتوقع تكثيف #لقاح كورونا,,,,,,,,,1,2,0.0011501312,0.0031814575,0.99560547,3,None,Favor
562, لا تتعب نفسك وتقارن 🤔  الكل تحول للتجارة الإلكترونية كوايدي مول الخيار الأفضل لتجار التجزئة التحول الإلكتروني يبدأ من هنا ارباح اكثر إنتشار اكبر عملاء اكثر تكلفة اقل  كما تتوفر خدمة الشحن السريع لجميع مناطق المملكة  فقط املأ بيانات العميل عبر ,Digital Transformation,لا تتعب نفسك وتقارن 🤔 الكل تحول للتجارة الالكترونية كوايدي مول الخيار الافضل لتجار التجزئة التحول الالكتروني يبدا من هنا ارباح اكثر انتشار اكبر عملاء اكثر تكلفة اقل كما تتوفر خدمة الشحن السريع لجميع مناطق المملكة فقط املا بيانات العميل عبر,Digital Transformation,Against,0,Positive,2,No,0,,A_Explicit,,Target: Digital Transformation Text: لا تتعب نفسك وتقارن 🤔 الكل تحول للتجارة الالكترونية كوايدي مول الخيار الافضل لتجار التجزئة التحول الالكتروني يبدا من هنا ارباح اكثر انتشار اكبر عملاء اكثر تكلفة اقل كما تتوفر خدمة الشحن السريع لجميع مناطق المملكة فقط املا بيانات العميل عبر,,,,,,,,,0,2,9.661913e-05,0.0003888607,0.9995117,3,Against,Favor
608,الإخوان في   يتم الآن تحصيل رسوم لتراخيص الدفاع المدني سارية المفعول بحجة التحول الإلكتروني فما ذنب أصحاب المؤسسات أن يدفعون الرسوم مرتين بدون سبب لعناية   ,Digital Transformation,الاخوان في يتم الان تحصيل رسوم لتراخيص الدفاع المدني سارية المفعول بحجة التحول الالكتروني فما ذنب اصحاب المؤسسات ان يدفعون الرسوم مرتين بدون سبب لعناية,Digital Transformation,Against,0,Negative,0,No,0,,A_Explicit,,Target: Digital Transformation Text: الاخوان في يتم الان تحصيل رسوم لتراخيص الدفاع المدني سارية المفعول بحجة التحول الالكتروني فما ذنب اصحاب المؤسسات ان يدفعون الرسوم مرتين بدون سبب لعناية,,,,,,,,,0,1,0.42114258,0.5415039,0.037597656,3,Against,None
720, يارباه لجنة مساءلة .. ماهو الجرم اللي اقترفته علشان يسووولك هذا كله .. يعني معقولة عقول تعيش في القرن العشرين ترفض التحول الالكتروني .. هذول يحتاجوا ان يراجعوا مستواهم النفسي والذهني ... في حكومات تبتهج عندما ترى موظفيها يسعوا للتحول الالكترون,Digital Transformation,يارباه لجنة مساءلة .. ماهو الجرم اللي اقترفته علشان يسوولك هذا كله .. يعني معقولة عقول تعيش في القرن العشرين ترفض التحول الالكتروني .. هذول يحتاجوا ان يراجعوا مستواهم النفسي والذهني .. في حكومات تبتهج عندما تري موظفيها يسعوا للتحول الالكترون,Digital Transformation,Favor,2,Positive,2,No,0,F_Explicit,,,Target: Digital Transformation Text: يارباه لجنة مساءلة .. ماهو الجرم اللي اقترفته علشان يسوولك هذا كله .. يعني معقولة عقول تعيش في القرن العشرين ترفض التحول الالكتروني .. هذول يحتاجوا ان يراجعوا مستواهم النفسي والذهني .. في حكومات تبتهج عندما تري موظفيها يسعوا للتحول الالكترون,,,,,,,,,2,0,0.69384766,0.0011138916,0.30493164,3,Favor,Against
727,التحول الرقمي التقني ✅✌🏻  #التعليم_عن_بعد URL,Digital Transformation,التحول الرقمي التقني ✅✌🏻 #التعليم عن بعد,Digital Transformation,Favor,2,Negative,0,No,0,F_Explicit,,,Target: Digital Transformation Text: التحول الرقمي التقني ✅✌🏻 #التعليم عن بعد,,,,,,,,,2,1,0.0010576248,0.74853516,0.25024414,3,Favor,None
740,   ارفع لمعاليكم شكوى لمعاناتنا من برنامج ايجار  للاسف اسوء خدمة حكوميه ولا ترتقي لتطلع القيادة حفظها الله. معاناه شهرية مع الفواتير و الان مع التحول الموقع  الالكتروني غير مكتمل و ناقص. و الله عندي الاستعداد لادارة التحول في ايجار لتقديم خدمه,Digital Transformation,ارفع لمعاليكم شكوي لمعاناتنا من برنامج ايجار للاسف اسوء خدمة حكوميه ولا ترتقي لتطلع القيادة حفظها الله. معاناه شهرية مع الفواتير و الان مع التحول الموقع الالكتروني غير مكتمل و ناقص. و الله عندي الاستعداد لادارة التحول في ايجار لتقديم خدمه,Digital Transformation,Favor,2,Positive,2,No,0,F_Explicit,,,Target: Digital Transformation Text: ارفع لمعاليكم شكوي لمعاناتنا من برنامج ايجار للاسف اسوء خدمة حكوميه ولا ترتقي لتطلع القيادة حفظها الله. معاناه شهرية مع الفواتير و الان مع التحول الموقع الالكتروني غير مكتمل و ناقص. و الله عندي الاستعداد لادارة التحول في ايجار لتقديم خدمه,,,,,,,,,2,0,0.99658203,0.00021004677,0.003320694,3,Favor,Against
757,MENTION MENTION MENTION وانت من طفل إلى سنة سادس تأخذ تطعيمات وش اللي فرق عن تطعيم كورونا؟,Covid Vaccine,مستخدم مستخدم مستخدم وانت من طفل الي سنة سادس تاخذ تطعيمات وش اللي فرق عن تطعيم كورونا؟,Covid Vaccine,Favor,2,Neutral,1,No,0,F_Explicit,,,Target: Covid Vaccine Text: مستخدم مستخدم مستخدم وانت من طفل الي سنة سادس تاخذ تطعيمات وش اللي فرق عن تطعيم كورونا؟,,,,,,,,,2,0,0.95751953,0.0004222393,0.042053223,3,Favor,Against
852,MENTION ياخذون تطعيم من عمرهم يوم والحين رافضين تطعيم ضد كورونا واحد يقول القاح حرام 😱 واحد يقول القاح بيحولنا زومبي واحد يقول القاح سم قاتل 😱  زين مانشوف احد تحول زومبي ليشش😂 والمصيبه مافيهم طبيب كل المعارضين يعارضون بشي ليس في اختصاصه او مجال عمله او معرفة القاح فقط معارض ليش مايدري,Covid Vaccine,مستخدم ياخذون تطعيم من عمرهم يوم والحين رافضين تطعيم ضد كورونا واحد يقول القاح حرام 😱 واحد يقول القاح بيحولنا زومبي واحد يقول القاح سم قاتل 😱 زين مانشوف احد تحول زومبي ليشش😂 والمصيبه مافيهم طبيب كل المعارضين يعارضون بشي ليس في اختصاصه او مجال عمله او معرفة القاح فقط معارض ليش مايدري,Covid Vaccine,Favor,2,Neutral,1,Yes,1,F_Implicit,,,Target: Covid Vaccine Text: مستخدم ياخذون تطعيم من عمرهم يوم والحين رافضين تطعيم ضد كورونا واحد يقول القاح حرام 😱 واحد يقول القاح بيحولنا زومبي واحد يقول القاح سم قاتل 😱 زين مانشوف احد تحول زومبي ليشش😂 والمصيبه مافيهم طبيب كل المعارضين يعارضون بشي ليس في اختصاصه او مجال عمله او معرفة القاح فقط معارض ليش مايدري,,,,,,,,,2,0,0.75097656,0.0070533752,0.24206543,3,Favor,Against
946, طيب الوسيلة تغيّرت والصحافة باقية... سواء ورقي أم إلكتروني... التحول الإلكتروني لا يعني إلغاء المهنة,Digital Transformation,طيب الوسيلة تغيّرت والصحافة باقية.. سواء ورقي ام الكتروني.. التحول الالكتروني لا يعني الغاء المهنة,Digital Transformation,Against,0,Negative,0,No,0,,A_Explicit,,Target: Digital Transformation Text: طيب الوسيلة تغيّرت والصحافة باقية.. سواء ورقي ام الكتروني.. التحول الالكتروني لا يعني الغاء المهنة,,,,,,,,,0,2,0.00025844574,0.0004582405,0.9995117,3,Against,Favor
1027,مشروب سحري لرفع المناعة ويغني عن تطعيم كورونا .. شكرا فاطمة حمد :) ,Covid Vaccine,مشروب سحري لرفع المناعة ويغني عن تطعيم كورونا .. شكرا فاطمة حمد :),Covid Vaccine,,1,Positive,2,No,0,,,Not clear,Target: Covid Vaccine Text: مشروب سحري لرفع المناعة ويغني عن تطعيم كورونا .. شكرا فاطمة حمد :),,,,,,,,,1,2,0.004371643,0.00073480606,0.9951172,3,None,Favor
1071,مي العيدان من قناة سكوب خبر انتشار مرض الكبد الوبائي يربط مع تطعيم الناس ب لقاح كورونا URL,Covid Vaccine,مي العيدان من قناة سكوب خبر انتشار مرض الكبد الوبائي يربط مع تطعيم الناس ب لقاح كورونا,Covid Vaccine,,1,Neutral,1,No,0,,,Not clear,Target: Covid Vaccine Text: مي العيدان من قناة سكوب خبر انتشار مرض الكبد الوبائي يربط مع تطعيم الناس ب لقاح كورونا,,,,,,,,,1,0,0.99853516,0.00094509125,0.00060510635,3,None,Against
1072,في استراليا يتم تطعيم السكان الاصليين  بالقوة رغم ارادتهم لقاح كورونا URL,Covid Vaccine,في استراليا يتم تطعيم السكان الاصليين بالقوة رغم ارادتهم لقاح كورونا,Covid Vaccine,,1,Negative,0,No,0,,,Not clear,Target: Covid Vaccine Text: في استراليا يتم تطعيم السكان الاصليين بالقوة رغم ارادتهم لقاح كورونا,,,,,,,,,1,0,0.9995117,0.0003633499,0.00015497208,3,None,Against
1148,   يعني لابد من العمل بالعمل التقليدي الذي كانوا يعملون عليه اجدادنا قبل ٥٠ سنة وهو مراجعة الوزاره وقد يكون السستم عطلان نحن في زمن التحول الرقمي بالتلفون او بالموقع تخلص موضوعي لكن اتوقع الوزاره تحتاج وقت كبير لتوصل ماوصلت له ا,Digital Transformation,يعني لابد من العمل بالعمل التقليدي الذي كانوا يعملون عليه اجدادنا قبل ٥٠ سنة وهو مراجعة الوزاره وقد يكون السستم عطلان نحن في زمن التحول الرقمي بالتلفون او بالموقع تخلص موضوعي لكن اتوقع الوزاره تحتاج وقت كبير لتوصل ماوصلت له ا,Digital Transformation,Favor,2,Neutral,1,No,0,F_Explicit,,,Target: Digital Transformation Text: يعني لابد من العمل بالعمل التقليدي الذي كانوا يعملون عليه اجدادنا قبل ٥٠ سنة وهو مراجعة الوزاره وقد يكون السستم عطلان نحن في زمن التحول الرقمي بالتلفون او بالموقع تخلص موضوعي لكن اتوقع الوزاره تحتاج وقت كبير لتوصل ماوصلت له ا,,,,,,,,,2,1,0.007789612,0.89160156,0.10046387,3,Favor,None
1193,تأثرت وسائل الإعلام بسبب التحول التقني والانفتاح العالمي على الانترنت والذي أدى إلى دخول أطراف كثيرة في منظومة عمل الإعلام  حيث لم تعد المعلومة تصل من قناة واحدة ولا من وسيلة واحدة  وأصبح معرفة مصادر بث المعلومات معقد ومتداخل.,Digital Transformation,تاثرت وسائل الاعلام بسبب التحول التقني والانفتاح العالمي علي الانترنت والذي ادي الي دخول اطراف كثيرة في منظومة عمل الاعلام حيث لم تعد المعلومة تصل من قناة واحدة ولا من وسيلة واحدة واصبح معرفة مصادر بث المعلومات معقد ومتداخل.,Digital Transformation,Favor,2,Positive,2,No,0,F_Explicit,,,Target: Digital Transformation Text: تاثرت وسائل الاعلام بسبب التحول التقني والانفتاح العالمي علي الانترنت والذي ادي الي دخول اطراف كثيرة في منظومة عمل الاعلام حيث لم تعد المعلومة تصل من قناة واحدة ولا من وسيلة واحدة واصبح معرفة مصادر بث المعلومات معقد ومتداخل.,,,,,,,,,2,1,0.41967773,0.57910156,0.0011415482,3,Favor,None
1237, للأسف موضوع التحول الإلكتروني إن لم يجد اهتمام شخصي من مجلس الوزراء والضغط على الجهات الحكومية لتتحول بشكل صحيح ويتم محاسبة المقصرين ما راح يكون هناك تحول حقيقي,Digital Transformation,للاسف موضوع التحول الالكتروني ان لم يجد اهتمام شخصي من مجلس الوزراء والضغط علي الجهات الحكومية لتتحول بشكل صحيح ويتم محاسبة المقصرين ما راح يكون هناك تحول حقيقي,Digital Transformation,,1,Neutral,1,No,0,,,Not clear,Target: Digital Transformation Text: للاسف موضوع التحول الالكتروني ان لم يجد اهتمام شخصي من مجلس الوزراء والضغط علي الجهات الحكومية لتتحول بشكل صحيح ويتم محاسبة المقصرين ما راح يكون هناك تحول حقيقي,,,,,,,,,1,2,0.00019979477,0.00040602684,0.9995117,3,None,Favor
1273,  التحول الرقمي .. هني القمندة .. مو كلشي رقمي زين يا عيال .. احيانا الامان كله بالاحتفاظ بالقديم 😉,Digital Transformation,التحول الرقمي .. هني القمندة .. مو كلشي رقمي زين يا عيال .. احيانا الامان كله بالاحتفاظ بالقديم 😉,Digital Transformation,Against,0,Negative,0,No,0,,A_Explicit,,Target: Digital Transformation Text: التحول الرقمي .. هني القمندة .. مو كلشي رقمي زين يا عيال .. احيانا الامان كله بالاحتفاظ بالقديم 😉,,,,,,,,,0,1,0.00093889236,0.66845703,0.33032227,3,Against,None
1360,حكومة النمسا 🇦🇹 تقرر ألغاء جميع اشتراطات كورونا بدون فحص وبدون شهادات تطعيم تدخلها مثل قبل الجائحه تقرير سياحي كامل عنها 👇🏻 URL,Covid Vaccine,حكومة النمسا 🇦🇹 تقرر الغاء جميع اشتراطات كورونا بدون فحص وبدون شهادات تطعيم تدخلها مثل قبل الجائحه تقرير سياحي كامل عنها 👇🏻,Covid Vaccine,,1,Neutral,1,No,0,,,Not clear,Target: Covid Vaccine Text: حكومة النمسا 🇦🇹 تقرر الغاء جميع اشتراطات كورونا بدون فحص وبدون شهادات تطعيم تدخلها مثل قبل الجائحه تقرير سياحي كامل عنها 👇🏻,,,,,,,,,1,0,0.98779297,0.011245728,0.0011138916,3,None,Against
1384, لازلت اقول التحول الالكتروني التام افرز سلبيات كثيره وياليته بالتدرج تلافيا للاخطاء والملاحظات  وبعض الخصوم المماطلين والمتحايلين يقول شكرا شكرا من وراء حجاب لانه وجد الثغرات التي يبحث عنها,Digital Transformation,لازلت اقول التحول الالكتروني التام افرز سلبيات كثيره وياليته بالتدرج تلافيا للاخطاء والملاحظات وبعض الخصوم المماطلين والمتحايلين يقول شكرا شكرا من وراء حجاب لانه وجد الثغرات التي يبحث عنها,Digital Transformation,Against,0,Negative,0,No,0,,A_Explicit,,Target: Digital Transformation Text: لازلت اقول التحول الالكتروني التام افرز سلبيات كثيره وياليته بالتدرج تلافيا للاخطاء والملاحظات وبعض الخصوم المماطلين والمتحايلين يقول شكرا شكرا من وراء حجاب لانه وجد الثغرات التي يبحث عنها,,,,,,,,,0,2,0.001964569,0.00025057793,0.9975586,3,Against,Favor
1386,وزير الصحة ينفي إلزامية تلقي الجرعة الرابعة من تطعيم كورونا  URL,Covid Vaccine,وزير الصحة ينفي الزامية تلقي الجرعة الرابعة من تطعيم كورونا,Covid Vaccine,,1,Neutral,1,No,0,,,Not clear,Target: Covid Vaccine Text: وزير الصحة ينفي الزامية تلقي الجرعة الرابعة من تطعيم كورونا,,,,,,,,,1,0,0.7885742,0.21044922,0.000770092,3,None,Against
1392,التحول للدفع الالكتروني تخلف 🤣🤣🤣 URL,Digital Transformation,التحول للدفع الالكتروني تخلف 🤣🤣,Digital Transformation,Against,0,Negative,0,No,0,,A_Explicit,,Target: Digital Transformation Text: التحول للدفع الالكتروني تخلف 🤣🤣,,,,,,,,,0,1,0.070007324,0.79003906,0.14013672,3,Against,None
1403,مين من الشباب اخد تطعيم كورونا ؟ وهل صار ومرضت بالكورونا؟ بعد التطعيم؟ او اعراض جانبية ما زالت موجودة بعد التطعيم؟ اغلب الي بعرفهم عندهم وجع بالضهر في منهم خف وفي عدد أصبح عنده مشاكل بالمعدة مزمنة لليوم هل لاحظتوا اي شي ؟,Covid Vaccine,مين من الشباب اخد تطعيم كورونا ؟ وهل صار ومرضت بالكورونا؟ بعد التطعيم؟ او اعراض جانبية ما زالت موجودة بعد التطعيم؟ اغلب الي بعرفهم عندهم وجع بالضهر في منهم خف وفي عدد اصبح عنده مشاكل بالمعدة مزمنة لليوم هل لاحظتوا اي شي ؟,Covid Vaccine,Against,0,Neutral,1,No,0,,A_Explicit,,Target: Covid Vaccine Text: مين من الشباب اخد تطعيم كورونا ؟ وهل صار ومرضت بالكورونا؟ بعد التطعيم؟ او اعراض جانبية ما زالت موجودة بعد التطعيم؟ اغلب الي بعرفهم عندهم وجع بالضهر في منهم خف وفي عدد اصبح عنده مشاكل بالمعدة مزمنة لليوم هل لاحظتوا اي شي ؟,,,,,,,,,0,1,0.010604858,0.98583984,0.0033435822,3,Against,None
1443,ياجماعة ال140جيجا مبقتش مكفية التحول الالكتروني اللي بيحصل اليومين دول  #Unlimited_Internet_In_Egypt,Digital Transformation,ياجماعة ال140جيجا مبقتش مكفية التحول الالكتروني اللي بيحصل اليومين دول #Unlimited Internet In Egypt,Digital Transformation,Against,0,Negative,0,No,0,,A_Explicit,,Target: Digital Transformation Text: ياجماعة ال140جيجا مبقتش مكفية التحول الالكتروني اللي بيحصل اليومين دول #Unlimited Internet In Egypt,,,,,,,,,0,2,0.037261963,0.4321289,0.5307617,3,Against,Favor
1617,  48 ساعه انتظار والجوال مغلق وبكرة عيد وتطلب منا ننتظر إلى متى.  التحول والتطور الرقمي في السعودية يسعدنا ونشعر بالفخر ولكن الفريق التقني وخدمة العملاء لديكم تشعرنا بالأسى,Digital Transformation,48 ساعه انتظار والجوال مغلق وبكرة عيد وتطلب منا ننتظر الي متي. التحول والتطور الرقمي في السعودية يسعدنا ونشعر بالفخر ولكن الفريق التقني وخدمة العملاء لديكم تشعرنا بالاسي,Digital Transformation,Favor,2,Positive,2,No,0,F_Explicit,,,Target: Digital Transformation Text: 48 ساعه انتظار والجوال مغلق وبكرة عيد وتطلب منا ننتظر الي متي. التحول والتطور الرقمي في السعودية يسعدنا ونشعر بالفخر ولكن الفريق التقني وخدمة العملاء لديكم تشعرنا بالاسي,,,,,,,,,2,0,0.9873047,0.00047421455,0.012435913,3,Favor,Against
1635,MENTION سؤالك غلط ! نعم اللقاح يمنع بصورة كبيره وبنسبة كبيرة مضاعفات كورونا الخطيرة والوفاة بسببها . عطني كم حالة ماتت وهي متطعمه  ( وهذه حالات لها صروفها الخاصة وربما لم تأخذ احتياطياتها حتى يتم تكون الاجسام المضادة .. وقارنها بنسبة غير المتطعميم ! نعم تحتاج شهادة تطعيم وسؤالك غلط !,Covid Vaccine,مستخدم سؤالك غلط ! نعم اللقاح يمنع بصورة كبيره وبنسبة كبيرة مضاعفات كورونا الخطيرة والوفاة بسببها . عطني كم حالة ماتت وهي متطعمه ( وهذه حالات لها صروفها الخاصة وربما لم تاخذ احتياطياتها حتي يتم تكون الاجسام المضادة .. وقارنها بنسبة غير المتطعميم ! نعم تحتاج شهادة تطعيم وسؤالك غلط !,Covid Vaccine,Favor,2,Positive,2,No,0,F_Explicit,,,Target: Covid Vaccine Text: مستخدم سؤالك غلط ! نعم اللقاح يمنع بصورة كبيره وبنسبة كبيرة مضاعفات كورونا الخطيرة والوفاة بسببها . عطني كم حالة ماتت وهي متطعمه ( وهذه حالات لها صروفها الخاصة وربما لم تاخذ احتياطياتها حتي يتم تكون الاجسام المضادة .. وقارنها بنسبة غير المتطعميم ! نعم تحتاج شهادة تطعيم وسؤالك غلط !,,,,,,,,,2,0,0.99658203,0.00020360947,0.003074646,3,Favor,Against
1689, لازم نفرق بين التحول الإلكتروني والكفاءة,Digital Transformation,لازم نفرق بين التحول الالكتروني والكفاءة,Digital Transformation,Favor,2,Positive,2,No,0,F_Explicit,,,Target: Digital Transformation Text: لازم نفرق بين التحول الالكتروني والكفاءة,,,,,,,,,2,1,0.0064735413,0.9667969,0.026870728,3,Favor,None
1750,MENTION عيب التنمر على الناس  يوم تطعمت كان بموافقة ولي امري لاني كنت طفلة وتطعيمات باقي الامراض على الاقل معتمدة مو مثل تطعيم كورونا اللي طلعوه تحت بند الطوارئ ويوقعونك على ورقة اخلاء مسؤوليتهم  حاول تثقف نفسك,Covid Vaccine,مستخدم عيب التنمر علي الناس يوم تطعمت كان بموافقة ولي امري لاني كنت طفلة وتطعيمات باقي الامراض علي الاقل معتمدة مو مثل تطعيم كورونا اللي طلعوه تحت بند الطوارئ ويوقعونك علي ورقة اخلاء مسؤوليتهم حاول تثقف نفسك,Covid Vaccine,Against,0,Negative,0,No,0,,A_Implicit,,Target: Covid Vaccine Text: مستخدم عيب التنمر علي الناس يوم تطعمت كان بموافقة ولي امري لاني كنت طفلة وتطعيمات باقي الامراض علي الاقل معتمدة مو مثل تطعيم كورونا اللي طلعوه تحت بند الطوارئ ويوقعونك علي ورقة اخلاء مسؤوليتهم حاول تثقف نفسك,,,,,,,,,0,2,0.0011177063,0.0004930496,0.99853516,3,Against,Favor
1757, السلام عليكم   هل يستغرق تحديث الصك أكثر من شهرين خصوصاً وأن الصك ليس بالقديم والمساحه ليست كبيره .   عند الدخول للموقع (لايزال تحت الأجراء) منذثلاثه أشهر ... اذا كان الهدف من التحول الالكتروني سرعه الأداء والأنجاز        فهذا مالم يتحقق وهناك  مش,Digital Transformation,السلام عليكم هل يستغرق تحديث الصك اكثر من شهرين خصوصاً وان الصك ليس بالقديم والمساحه ليست كبيره . عند الدخول للموقع (لايزال تحت الاجراء) منذثلاثه اشهر .. اذا كان الهدف من التحول الالكتروني سرعه الاداء والانجاز فهذا مالم يتحقق وهناك مش,Digital Transformation,Against,0,Negative,0,No,0,,A_Explicit,,Target: Digital Transformation Text: السلام عليكم هل يستغرق تحديث الصك اكثر من شهرين خصوصاً وان الصك ليس بالقديم والمساحه ليست كبيره . عند الدخول للموقع (لايزال تحت الاجراء) منذثلاثه اشهر .. اذا كان الهدف من التحول الالكتروني سرعه الاداء والانجاز فهذا مالم يتحقق وهناك مش,,,,,,,,,0,1,0.015045166,0.9838867,0.0010757446,3,Against,None
1944,لنفترض ان السعودية ماحطت القرارات المحفزة لأخذ اللقاح !  طيب اذا ماخذيته مراح تقدر تسافر لأغلب دول العالم او دول الخليج العربي لان الدول هذي تشترط تطعيم كورونا لدخولها يعني انت ماخذه كذا ولا كذا لانه قرار عالمي وليس سعودي فطعم وفكنا من هذرتك 🤐   #لا_للتطعيم_الاجباري #نعم_للتطعيم,Covid Vaccine,لنفترض ان السعودية ماحطت القرارات المحفزة لاخذ اللقاح ! طيب اذا ماخذيته مراح تقدر تسافر لاغلب دول العالم او دول الخليج العربي لان الدول هذي تشترط تطعيم كورونا لدخولها يعني انت ماخذه كذا ولا كذا لانه قرار عالمي وليس سعودي فطعم وفكنا من هذرتك 🤐 #لا للتطعيم الاجباري #نعم للتطعيم,Covid Vaccine,Favor,2,Neutral,1,No,0,F_Explicit,,,Target: Covid Vaccine Text: لنفترض ان السعودية ماحطت القرارات المحفزة لاخذ اللقاح ! طيب اذا ماخذيته مراح تقدر تسافر لاغلب دول العالم او دول الخليج العربي لان الدول هذي تشترط تطعيم كورونا لدخولها يعني انت ماخذه كذا ولا كذا لانه قرار عالمي وليس سعودي فطعم وفكنا من هذرتك 🤐 #لا للتطعيم الاجباري #نعم للتطعيم,,,,,,,,,2,0,0.9946289,0.000110030174,0.005153656,3,Favor,Against
1976,هذا #تعطيل_رقمي وليس #التحول_الرقمي 🤦🏻‍♂️🤦🏻‍♂️🤦🏻‍♂️ حقيقة مع مشاهدتي لكثير من المشاكل في تجربة المستخدم على مستوى الوزارات بميزانياتها وفرق عملها    يزيد احترامي أكثر وأكثر لكل الشركات الناشئة الرائعة المحلية والتي تهتم بتجربة العميل وتحرص على تحسينها في ظل محدودية الموارد  ولو حبة حبة 🐢 URL,Digital Transformation,هذا #تعطيل رقمي وليس #التحول الرقمي 🤦🏻‍♂️🤦🏻‍♂️🤦🏻‍♂️ حقيقة مع مشاهدتي لكثير من المشاكل في تجربة المستخدم علي مستوي الوزارات بميزانياتها وفرق عملها يزيد احترامي اكثر واكثر لكل الشركات الناشئة الرائعة المحلية والتي تهتم بتجربة العميل وتحرص علي تحسينها في ظل محدودية الموارد ولو حبة حبة 🐢,Digital Transformation,Against,0,Negative,0,No,0,,A_Explicit,,Target: Digital Transformation Text: هذا #تعطيل رقمي وليس #التحول الرقمي 🤦🏻‍♂️🤦🏻‍♂️🤦🏻‍♂️ حقيقة مع مشاهدتي لكثير من المشاكل في تجربة المستخدم علي مستوي الوزارات بميزانياتها وفرق عملها يزيد احترامي اكثر واكثر لكل الشركات الناشئة الرائعة المحلية والتي تهتم بتجربة العميل وتحرص علي تحسينها في ظل محدودية الموارد ولو حبة حبة 🐢,,,,,,,,,0,2,0.035461426,0.00021803379,0.96435547,3,Against,Favor
2001, والله فيه استثناءات السنة ذي كورونا ومو كل الناس مناعتهم قوية   مثل تطعيم الحج ضروري حتى لو المناعة قوية,Covid Vaccine,والله فيه استثناءات السنة ذي كورونا ومو كل الناس مناعتهم قوية مثل تطعيم الحج ضروري حتي لو المناعة قوية,Covid Vaccine,,1,Neutral,1,No,0,,,Not clear,Target: Covid Vaccine Text: والله فيه استثناءات السنة ذي كورونا ومو كل الناس مناعتهم قوية مثل تطعيم الحج ضروري حتي لو المناعة قوية,,,,,,,,,1,2,0.00037908554,0.0005021095,0.99902344,3,None,Favor
2007, بعيدين كل البعد عن التحول الرقمي  وخدماتكم مجرد الكترونية دون انجاز ولا جودة  اقترح قبل التحول الرقمي اعادة هيكلة وقيادات ومن ثم تحول رقمي  من اسوء الشركات التي تعاملت معها محليا وعالميا,Digital Transformation,بعيدين كل البعد عن التحول الرقمي وخدماتكم مجرد الكترونية دون انجاز ولا جودة اقترح قبل التحول الرقمي اعادة هيكلة وقيادات ومن ثم تحول رقمي من اسوء الشركات التي تعاملت معها محليا وعالميا,Digital Transformation,Favor,2,Positive,2,No,0,F_Explicit,,,Target: Digital Transformation Text: بعيدين كل البعد عن التحول الرقمي وخدماتكم مجرد الكترونية دون انجاز ولا جودة اقترح قبل التحول الرقمي اعادة هيكلة وقيادات ومن ثم تحول رقمي من اسوء الشركات التي تعاملت معها محليا وعالميا,,,,,,,,,2,0,0.7084961,0.0005531311,0.29077148,3,Favor,Against
2057,  التحول الإلكتروني  أقترح أن تكون فيه جلسة مصارحة  وتقصي لحقيقة الواقع  ومدى فاعليته لدى المتعاملين معه!,Digital Transformation,التحول الالكتروني اقترح ان تكون فيه جلسة مصارحة وتقصي لحقيقة الواقع ومدي فاعليته لدي المتعاملين معه!,Digital Transformation,,1,Negative,0,No,0,,,Not clear,Target: Digital Transformation Text: التحول الالكتروني اقترح ان تكون فيه جلسة مصارحة وتقصي لحقيقة الواقع ومدي فاعليته لدي المتعاملين معه!,,,,,,,,,1,0,0.99853516,0.00029730797,0.00097322464,3,None,Against
2088,خلال فترة التحول إلى التعلم الإلكتروني.. #جامعة_الملك_خالد تعتمد وسائل تقييم بديلة لطلابها بدلاً من الاختبارات  URL URL,Digital Transformation,خلال فترة التحول الي التعلم الالكتروني.. #جامعة الملك خالد تعتمد وسائل تقييم بديلة لطلابها بدلاً من الاختبارات,Digital Transformation,Favor,2,Neutral,1,No,0,F_Explicit,,,Target: Digital Transformation Text: خلال فترة التحول الي التعلم الالكتروني.. #جامعة الملك خالد تعتمد وسائل تقييم بديلة لطلابها بدلاً من الاختبارات,,,,,,,,,2,1,0.002155304,0.94433594,0.053741455,3,Favor,None
2130, اسباب كثيرة تمنعهم من التحول التقني في الانتخابات من ضمنها الخوف من الإختراق الأمني وايضا وجود الكثير من الأمريكان من كبار السن وذوي الاحتياجات الخاصة لا يستطيعون استخدام التقنية.,Digital Transformation,اسباب كثيرة تمنعهم من التحول التقني في الانتخابات من ضمنها الخوف من الاختراق الامني وايضا وجود الكثير من الامريكان من كبار السن وذوي الاحتياجات الخاصة لا يستطيعون استخدام التقنية.,Digital Transformation,Against,0,Neutral,1,No,0,,A_Explicit,,Target: Digital Transformation Text: اسباب كثيرة تمنعهم من التحول التقني في الانتخابات من ضمنها الخوف من الاختراق الامني وايضا وجود الكثير من الامريكان من كبار السن وذوي الاحتياجات الخاصة لا يستطيعون استخدام التقنية.,,,,,,,,,0,2,0.041748047,0.09832764,0.8598633,3,Against,Favor
2148,في ظل التطور الرقمي الهائل وسهولة الاختراق الإلكتروني  كن حذرا على بياناتك وسجلاتك على  الإنترنت. #التواصل_الاجتماعي #التحول_الرقمي URL,Digital Transformation,في ظل التطور الرقمي الهائل وسهولة الاختراق الالكتروني كن حذرا علي بياناتك وسجلاتك علي الانترنت. #التواصل الاجتماعي #التحول الرقمي,Digital Transformation,,1,Negative,0,No,0,,,Not clear,Target: Digital Transformation Text: في ظل التطور الرقمي الهائل وسهولة الاختراق الالكتروني كن حذرا علي بياناتك وسجلاتك علي الانترنت. #التواصل الاجتماعي #التحول الرقمي,,,,,,,,,1,2,0.017608643,0.012779236,0.96972656,3,None,Favor
2150,     انا مو موظفه و لا طالبه وخذيته عن قناعه ولعلمك زوجي جته كورونا ومو ماخذ تطعيم وبغى يموت وانا معه بنفس البيت و بنفس الغرفه وحامل ومطعمه والحمدلله ما صابني منه ولاشي انتي براحتك منتي مجبوره تطعمي,Covid Vaccine,انا مو موظفه و لا طالبه وخذيته عن قناعه ولعلمك زوجي جته كورونا ومو ماخذ تطعيم وبغي يموت وانا معه بنفس البيت و بنفس الغرفه وحامل ومطعمه والحمدلله ما صابني منه ولاشي انتي براحتك منتي مجبوره تطعمي,Covid Vaccine,Favor,2,Neutral,1,No,0,F_Explicit,,,Target: Covid Vaccine Text: انا مو موظفه و لا طالبه وخذيته عن قناعه ولعلمك زوجي جته كورونا ومو ماخذ تطعيم وبغي يموت وانا معه بنفس البيت و بنفس الغرفه وحامل ومطعمه والحمدلله ما صابني منه ولاشي انتي براحتك منتي مجبوره تطعمي,,,,,,,,,2,0,0.99853516,0.0011606216,0.00045967102,3,Favor,Against
2170,التحول الرقمي في الخدمات الحكومية وشركات الخدمات أمر جيد . ولكن الأمر السيء  هو الضعف التقني الذي تعاني منه اغلب الوزارت وشركات الخدمات.  تعطيل مصالح الناس بحجة اتمام العمليات الكترونياً من خلال مواقع معطلة أو غير قادرة على استيعاب اعداد المستخدمين أمر غاية في السوء ولم يعد يطاق.,Digital Transformation,التحول الرقمي في الخدمات الحكومية وشركات الخدمات امر جيد . ولكن الامر السيء هو الضعف التقني الذي تعاني منه اغلب الوزارت وشركات الخدمات. تعطيل مصالح الناس بحجة اتمام العمليات الكترونياً من خلال مواقع معطلة او غير قادرة علي استيعاب اعداد المستخدمين امر غاية في السوء ولم يعد يطاق.,Digital Transformation,Against,0,Negative,0,No,0,,A_Explicit,,Target: Digital Transformation Text: التحول الرقمي في الخدمات الحكومية وشركات الخدمات امر جيد . ولكن الامر السيء هو الضعف التقني الذي تعاني منه اغلب الوزارت وشركات الخدمات. تعطيل مصالح الناس بحجة اتمام العمليات الكترونياً من خلال مواقع معطلة او غير قادرة علي استيعاب اعداد المستخدمين امر غاية في السوء ولم يعد يطاق.,,,,,,,,,0,2,0.18041992,0.000808239,0.81884766,3,Against,Favor
2180,في عصر ما قبل التحول الرقمي وصلنا الي متوسط زمني ساعات و حاليا نتباهي انها أيام و الله ده تحول ورقي ممكن مش رقمي.,Digital Transformation,في عصر ما قبل التحول الرقمي وصلنا الي متوسط زمني ساعات و حاليا نتباهي انها ايام و الله ده تحول ورقي ممكن مش رقمي.,Digital Transformation,Favor,2,Neutral,1,No,0,F_Explicit,,,Target: Digital Transformation Text: في عصر ما قبل التحول الرقمي وصلنا الي متوسط زمني ساعات و حاليا نتباهي انها ايام و الله ده تحول ورقي ممكن مش رقمي.,,,,,,,,,2,0,0.8125,0.1829834,0.004673004,3,Favor,Against
2190, الله يعافيك حبيت أسال تطعيم كورونا الزامي علينا كمعلمات  وأنا لا ارغب بالتطعيم,Covid Vaccine,الله يعافيك حبيت اسال تطعيم كورونا الزامي علينا كمعلمات وانا لا ارغب بالتطعيم,Covid Vaccine,Against,0,Negative,0,No,0,,A_Explicit,,Target: Covid Vaccine Text: الله يعافيك حبيت اسال تطعيم كورونا الزامي علينا كمعلمات وانا لا ارغب بالتطعيم,,,,,,,,,0,1,0.3840332,0.6147461,0.0011281967,3,Against,None
2234,كما ان التحول التقني للصحافة لن يشفع لها دون مواكبة لقضايا المواطن والجمهور عموما.. صحافة العلاقات العامه لم يعد لها مكان اليوم. تطابق المضامين الصحفية افقد الجمهور الثقة في صحافته,Digital Transformation,كما ان التحول التقني للصحافة لن يشفع لها دون مواكبة لقضايا المواطن والجمهور عموما.. صحافة العلاقات العامه لم يعد لها مكان اليوم. تطابق المضامين الصحفية افقد الجمهور الثقة في صحافته,Digital Transformation,,1,Negative,0,Yes,1,,,Not clear,Target: Digital Transformation Text: كما ان التحول التقني للصحافة لن يشفع لها دون مواكبة لقضايا المواطن والجمهور عموما.. صحافة العلاقات العامه لم يعد لها مكان اليوم. تطابق المضامين الصحفية افقد الجمهور الثقة في صحافته,,,,,,,,,1,0,0.9975586,0.00090789795,0.0013237,3,None,Against
2244, اذا انت مطعم وماخذ جرعاتك و ماخذ جرعة التعزيز  و حسب كلام الدكاترة و الخبراء و غيرهم ما عليك خوف من كورونا و متحوراتها . ايش خوفك مني اذا ما خذيت تطعيم . ؟؟؟,Covid Vaccine,اذا انت مطعم وماخذ جرعاتك و ماخذ جرعة التعزيز و حسب كلام الدكاترة و الخبراء و غيرهم ما عليك خوف من كورونا و متحوراتها . ايش خوفك مني اذا ما خذيت تطعيم . ؟؟,Covid Vaccine,,1,Neutral,1,No,0,,,Not clear,Target: Covid Vaccine Text: اذا انت مطعم وماخذ جرعاتك و ماخذ جرعة التعزيز و حسب كلام الدكاترة و الخبراء و غيرهم ما عليك خوف من كورونا و متحوراتها . ايش خوفك مني اذا ما خذيت تطعيم . ؟؟,,,,,,,,,1,2,0.074279785,0.00072288513,0.9248047,3,None,Favor
2259,ومن هم تجار المخدرات الحقيقيين في هذا العالم   أم أنهم يعلمون وكالعادة يمارسون الدجل عبر الاعلام والذباب الالكتروني   كما سارعب بعض الأنظمة بامتداح جيوشها بزعم أنها منعت بلادها من التحول صوب النموذج الطالباني  (9),Digital Transformation,ومن هم تجار المخدرات الحقيقيين في هذا العالم ام انهم يعلمون وكالعادة يمارسون الدجل عبر الاعلام والذباب الالكتروني كما سارعب بعض الانظمة بامتداح جيوشها بزعم انها منعت بلادها من التحول صوب النموذج الطالباني (9),Digital Transformation,Favor,2,Positive,2,No,0,F_Explicit,,,Target: Digital Transformation Text: ومن هم تجار المخدرات الحقيقيين في هذا العالم ام انهم يعلمون وكالعادة يمارسون الدجل عبر الاعلام والذباب الالكتروني كما سارعب بعض الانظمة بامتداح جيوشها بزعم انها منعت بلادها من التحول صوب النموذج الطالباني (9),,,,,,,,,2,1,0.41723633,0.50341797,0.0791626,3,Favor,None
2263,إدارة بايدن تدعم رفع الحماية الفكرية عن تطعيم كورونا لتشجيع إنتاجه عالميا  وين أصحاب نظرية المؤامرات عن السالفة كلها تجارة وشركات أدوية وامتصاص الأموال  🤔🤔🤔 ,Covid Vaccine,ادارة بايدن تدعم رفع الحماية الفكرية عن تطعيم كورونا لتشجيع انتاجه عالميا وين اصحاب نظرية المؤامرات عن السالفة كلها تجارة وشركات ادوية وامتصاص الاموال 🤔🤔,Covid Vaccine,Favor,2,Neutral,1,No,0,F_Implicit,,,Target: Covid Vaccine Text: ادارة بايدن تدعم رفع الحماية الفكرية عن تطعيم كورونا لتشجيع انتاجه عالميا وين اصحاب نظرية المؤامرات عن السالفة كلها تجارة وشركات ادوية وامتصاص الاموال 🤔🤔,,,,,,,,,2,0,0.83154297,0.0004107952,0.16784668,3,Favor,Against
2378,من بعد التحول الالكتروني اللي صار  -نوعا ما-توقعت نتحسن في تطوير المنظومة التعليم #  توقعت نقلل ورقيات ونركز استراتيحيات توقعت نقلل كميات ونركز جودة  توقعت نقلل تلقين ونزيد تجربة الطالب  اللي حصل زادت أحمال المعلمين  وكل يوم قرار يثقل كاهل المعلم. URL,Digital Transformation,من بعد التحول الالكتروني اللي صار -نوعا ما-توقعت نتحسن في تطوير المنظومة التعليم # توقعت نقلل ورقيات ونركز استراتيحيات توقعت نقلل كميات ونركز جودة توقعت نقلل تلقين ونزيد تجربة الطالب اللي حصل زادت احمال المعلمين وكل يوم قرار يثقل كاهل المعلم.,Digital Transformation,Favor,2,Positive,2,No,0,F_Explicit,,,Target: Digital Transformation Text: من بعد التحول الالكتروني اللي صار -نوعا ما-توقعت نتحسن في تطوير المنظومة التعليم # توقعت نقلل ورقيات ونركز استراتيحيات توقعت نقلل كميات ونركز جودة توقعت نقلل تلقين ونزيد تجربة الطالب اللي حصل زادت احمال المعلمين وكل يوم قرار يثقل كاهل المعلم.,,,,,,,,,2,0,0.9995117,0.00025558472,0.0003569126,3,Favor,Against
2408, وكان فيه انسانة ما اخذت التطعيم وجالسة مع ناس مو مطعمين جتها كورونا وظهرت عليها الأعراض اول وحدة والباقي لا  قصة ثانية وحدة من جماعتنا مااخذت تطعيم جا للي معها بالبيت كورونا وخالطتهم وقامت فيهم وتطبخ لهم  وتعتني فيهم بدون كمام بدون شي ولا جاه,Covid Vaccine,وكان فيه انسانة ما اخذت التطعيم وجالسة مع ناس مو مطعمين جتها كورونا وظهرت عليها الاعراض اول وحدة والباقي لا قصة ثانية وحدة من جماعتنا مااخذت تطعيم جا للي معها بالبيت كورونا وخالطتهم وقامت فيهم وتطبخ لهم وتعتني فيهم بدون كمام بدون شي ولا جاه,Covid Vaccine,,1,Neutral,1,No,0,,,Not clear,Target: Covid Vaccine Text: وكان فيه انسانة ما اخذت التطعيم وجالسة مع ناس مو مطعمين جتها كورونا وظهرت عليها الاعراض اول وحدة والباقي لا قصة ثانية وحدة من جماعتنا مااخذت تطعيم جا للي معها بالبيت كورونا وخالطتهم وقامت فيهم وتطبخ لهم وتعتني فيهم بدون كمام بدون شي ولا جاه,,,,,,,,,1,0,0.99365234,0.0044822693,0.0017814636,3,None,Against
2409,كورونا صار له سنة ولي الحين الناس تؤمن بالمؤامرة وان الدكاترة اهما اللي قاعد يذبحون الناس مو المرض وان التطعيم خطة للسيطرة على العالم 😫  زين ليش ما سيطرو علينا بالتطعيمات اللي ناخذها من أول يوم بحياتنا ليش أصنع فيروس عشان أصنع تطعيم أتحكم فيه بالناس  قوى الشر ما تعرف تخطط! 😅,Covid Vaccine,كورونا صار له سنة ولي الحين الناس تؤمن بالمؤامرة وان الدكاترة اهما اللي قاعد يذبحون الناس مو المرض وان التطعيم خطة للسيطرة علي العالم 😫 زين ليش ما سيطرو علينا بالتطعيمات اللي ناخذها من اول يوم بحياتنا ليش اصنع فيروس عشان اصنع تطعيم اتحكم فيه بالناس قوي الشر ما تعرف تخطط! 😅,Covid Vaccine,Favor,2,Negative,0,No,0,F_Implicit,,,Target: Covid Vaccine Text: كورونا صار له سنة ولي الحين الناس تؤمن بالمؤامرة وان الدكاترة اهما اللي قاعد يذبحون الناس مو المرض وان التطعيم خطة للسيطرة علي العالم 😫 زين ليش ما سيطرو علينا بالتطعيمات اللي ناخذها من اول يوم بحياتنا ليش اصنع فيروس عشان اصنع تطعيم اتحكم فيه بالناس قوي الشر ما تعرف تخطط! 😅,,,,,,,,,2,0,0.9995117,0.00013792515,0.00021529198,3,Favor,Against
2475,MENTION MENTION مافيه تطعيم بالعالم يحمي ١٠٠٪ ولا يقوله مسلم  كل شي بأمر الله  لكن كورونا وكل التطعيمات تعطيك حمايه بنسبة كبيرة وتقلل نسبة المخاطر والاصابة هذا كفيل اننا نتجه للتطعيم  وتفعل بالأسباب انا طعمت بالانلفونزا وأصابني لكن خفيفة هنا العبرة هل احارب التطعيم؟ واقول كذب,Covid Vaccine,مستخدم مستخدم مافيه تطعيم بالعالم يحمي ١٠٠٪ ولا يقوله مسلم كل شي بامر الله لكن كورونا وكل التطعيمات تعطيك حمايه بنسبة كبيرة وتقلل نسبة المخاطر والاصابة هذا كفيل اننا نتجه للتطعيم وتفعل بالاسباب انا طعمت بالانلفونزا واصابني لكن خفيفة هنا العبرة هل احارب التطعيم؟ واقول كذب,Covid Vaccine,Favor,2,Neutral,1,No,0,F_Explicit,,,Target: Covid Vaccine Text: مستخدم مستخدم مافيه تطعيم بالعالم يحمي ١٠٠٪ ولا يقوله مسلم كل شي بامر الله لكن كورونا وكل التطعيمات تعطيك حمايه بنسبة كبيرة وتقلل نسبة المخاطر والاصابة هذا كفيل اننا نتجه للتطعيم وتفعل بالاسباب انا طعمت بالانلفونزا واصابني لكن خفيفة هنا العبرة هل احارب التطعيم؟ واقول كذب,,,,,,,,,2,0,0.58935547,0.000729084,0.4099121,3,Favor,Against
2483, هذا العام ليس كالاعوام السابقة  فقد انقطع الطلبة عن التعليم المباشر لعام ونصف تقريبا  ونتج عن التحول للتعليم الإلكتروني فاقد أكثر من السابق خاصة طلبة المرحلة الأولى,Digital Transformation,هذا العام ليس كالاعوام السابقة فقد انقطع الطلبة عن التعليم المباشر لعام ونصف تقريبا ونتج عن التحول للتعليم الالكتروني فاقد اكثر من السابق خاصة طلبة المرحلة الاولي,Digital Transformation,Favor,2,Positive,2,No,0,F_Explicit,,,Target: Digital Transformation Text: هذا العام ليس كالاعوام السابقة فقد انقطع الطلبة عن التعليم المباشر لعام ونصف تقريبا ونتج عن التحول للتعليم الالكتروني فاقد اكثر من السابق خاصة طلبة المرحلة الاولي,,,,,,,,,2,1,0.22607422,0.73876953,0.035186768,3,Favor,None
2651,عدد الوفيات في أمريكا انخفض جدا رغم أنها كانت من البلاد المنكوبة بوباء #كورونا  في أول مرحلة بسبب انهم عملو اضخم حملة تطعيم في العالم لدرجة إنهم كانو بيدو اللقاح للمواطنين في الشوارع والمواصلات.. بالمناسبة أمريكا عددها يفرق ٤٠٠ مليون,Covid Vaccine,عدد الوفيات في امريكا انخفض جدا رغم انها كانت من البلاد المنكوبة بوباء #كورونا في اول مرحلة بسبب انهم عملو اضخم حملة تطعيم في العالم لدرجة انهم كانو بيدو اللقاح للمواطنين في الشوارع والمواصلات.. بالمناسبة امريكا عددها يفرق ٤٠٠ مليون,Covid Vaccine,Favor,2,Positive,2,No,0,F_Explicit,,,Target: Covid Vaccine Text: عدد الوفيات في امريكا انخفض جدا رغم انها كانت من البلاد المنكوبة بوباء #كورونا في اول مرحلة بسبب انهم عملو اضخم حملة تطعيم في العالم لدرجة انهم كانو بيدو اللقاح للمواطنين في الشوارع والمواصلات.. بالمناسبة امريكا عددها يفرق ٤٠٠ مليون,,,,,,,,,2,1,0.05355835,0.7290039,0.21728516,3,Favor,None
2657, الأراشيف والسجلات الورقية الرسمية؛ فيها الكثير من التفاصيل التي تُدرَس.  نأمل عدم تلفها مع التحول التقني.,Digital Transformation,الاراشيف والسجلات الورقية الرسمية؛ فيها الكثير من التفاصيل التي تُدرَس. نامل عدم تلفها مع التحول التقني.,Digital Transformation,Against,0,Negative,0,No,0,,A_Explicit,,Target: Digital Transformation Text: الاراشيف والسجلات الورقية الرسمية؛ فيها الكثير من التفاصيل التي تُدرَس. نامل عدم تلفها مع التحول التقني.,,,,,,,,,0,2,0.00021231174,0.00035476685,0.9995117,3,Against,Favor
2722,   أمر مؤسف. حتى بعد التحول التقني لا بد ان نتربط بمن يقضي اجازته وتتعطل الاعمال.,Digital Transformation,امر مؤسف. حتي بعد التحول التقني لا بد ان نتربط بمن يقضي اجازته وتتعطل الاعمال.,Digital Transformation,,1,Negative,0,No,0,,,Not clear,Target: Digital Transformation Text: امر مؤسف. حتي بعد التحول التقني لا بد ان نتربط بمن يقضي اجازته وتتعطل الاعمال.,,,,,,,,,1,0,0.9902344,0.0005288124,0.009162903,3,None,Against
2854,MENTION الموضوع أبسط من ماهو عليه الله أعطانا مناعة اقوى وأفضل من مية مليون تطعيم يجب علينا دعمها وتقويتها بالاكل الصحي والرياضة والأعشاب والتنفس وهذيك الساعة كورونا ماراح تأثر عليك ابدا ابدا باذن الله,Covid Vaccine,مستخدم الموضوع ابسط من ماهو عليه الله اعطانا مناعة اقوي وافضل من مية مليون تطعيم يجب علينا دعمها وتقويتها بالاكل الصحي والرياضة والاعشاب والتنفس وهذيك الساعة كورونا ماراح تاثر عليك ابدا ابدا باذن الله,Covid Vaccine,Against,0,Neutral,1,No,0,,A_Explicit,,Target: Covid Vaccine Text: مستخدم الموضوع ابسط من ماهو عليه الله اعطانا مناعة اقوي وافضل من مية مليون تطعيم يجب علينا دعمها وتقويتها بالاكل الصحي والرياضة والاعشاب والتنفس وهذيك الساعة كورونا ماراح تاثر عليك ابدا ابدا باذن الله,,,,,,,,,0,2,0.06518555,0.0005226135,0.93408203,3,Against,Favor
2901, المقارنة غير منطقية   السوق الهندي والأمريكي بالضخامة التي يمكن فيها النجاح بإطلاق منتج رقمي وبناء قاعدة عملاء والتوسع (scalability) في قطاع الأعمال B2B   بينما عدد الشركات السعودية التي نجحت في رحلة التحول الرقمي محدود جدا   وبقية الشركات الصغ,Digital Transformation,المقارنة غير منطقية السوق الهندي والامريكي بالضخامة التي يمكن فيها النجاح باطلاق منتج رقمي وبناء قاعدة عملاء والتوسع (scalability) في قطاع الاعمال B2B بينما عدد الشركات السعودية التي نجحت في رحلة التحول الرقمي محدود جدا وبقية الشركات الصغ,Digital Transformation,,1,Neutral,1,No,0,,,Not clear,Target: Digital Transformation Text: المقارنة غير منطقية السوق الهندي والامريكي بالضخامة التي يمكن فيها النجاح باطلاق منتج رقمي وبناء قاعدة عملاء والتوسع (scalability) في قطاع الاعمال B2B بينما عدد الشركات السعودية التي نجحت في رحلة التحول الرقمي محدود جدا وبقية الشركات الصغ,,,,,,,,,1,2,0.10119629,0.03375244,0.8652344,3,None,Favor
2908,لي 17 سنه بقول لكم... يجب التحول إلى النظام الإلكتروني... وانتو رافضين... وكمان بتحاربوا فيا... يا متخلفين... جاء وقت الحساب.,Digital Transformation,لي 17 سنه بقول لكم.. يجب التحول الي النظام الالكتروني.. وانتو رافضين.. وكمان بتحاربوا فيا.. يا متخلفين.. جاء وقت الحساب.,Digital Transformation,Favor,2,Neutral,1,No,0,F_Implicit,,,Target: Digital Transformation Text: لي 17 سنه بقول لكم.. يجب التحول الي النظام الالكتروني.. وانتو رافضين.. وكمان بتحاربوا فيا.. يا متخلفين.. جاء وقت الحساب.,,,,,,,,,2,0,0.7919922,0.00037026405,0.20776367,3,Favor,Against
2910,   ويش فائدة التعداد السكاني الإلكتروني؟ ليش ما يتم الاستعانه به؟  َوين بيانات وزارة الإسكان؟  وين التحول الرقمي؟,Digital Transformation,ويش فائدة التعداد السكاني الالكتروني؟ ليش ما يتم الاستعانه به؟ َوين بيانات وزارة الاسكان؟ وين التحول الرقمي؟,Digital Transformation,Favor,2,Negative,0,No,0,F_Explicit,,,Target: Digital Transformation Text: ويش فائدة التعداد السكاني الالكتروني؟ ليش ما يتم الاستعانه به؟ َوين بيانات وزارة الاسكان؟ وين التحول الرقمي؟,,,,,,,,,2,0,0.99609375,0.003856659,0.0002002716,3,Favor,Against
2945,الخدمة متاحة في الفروع (إربد  غرب إربد  الحصن  بني كنانه  الرمثا  المفرق  الصالحية  الزرقاء  الرصيفة  الرصيفة-الجبل الشمالي  حي معصوم  الهاشمية  العقبة  ماركا) #المحافظ_الإلكترونية #التحول_الإلكتروني #الدفع_الإلكتروني  #خدمات_مالية #خدمات_إلكترونية #FinTech #Microfinanace,Digital Transformation,الخدمة متاحة في الفروع (اربد غرب اربد الحصن بني كنانه الرمثا المفرق الصالحية الزرقاء الرصيفة الرصيفة-الجبل الشمالي حي معصوم الهاشمية العقبة ماركا) #المحافظ الالكترونية #التحول الالكتروني #الدفع الالكتروني #خدمات مالية #خدمات الكترونية #FinTech #Microfinanace,Digital Transformation,,1,Neutral,1,No,0,,,Not clear,Target: Digital Transformation Text: الخدمة متاحة في الفروع (اربد غرب اربد الحصن بني كنانه الرمثا المفرق الصالحية الزرقاء الرصيفة الرصيفة-الجبل الشمالي حي معصوم الهاشمية العقبة ماركا) #المحافظ الالكترونية #التحول الالكتروني #الدفع الالكتروني #خدمات مالية #خدمات الكترونية #FinTech #Microfinanace,,,,,,,,,1,2,0.00079107285,0.04058838,0.9584961,3,None,Favor
2969,شفيهم بعض الدكاترة زعلانين عشان زحمة المباراة ؟ مو على اساس بعد تطعيم ٧٠٪ خلاص مناعة مجتمعية وكل شي طبيعي؟ يعني تناقضون كلامكم و كل شوي فلم وبعدين لما يجذبونكم و ما يصدقونكم تزعلون و تقولون هذيل رجعيين ما يصدقون العلم!   #تطعيم_كورونا,Covid Vaccine,شفيهم بعض الدكاترة زعلانين عشان زحمة المباراة ؟ مو علي اساس بعد تطعيم ٧٠٪ خلاص مناعة مجتمعية وكل شي طبيعي؟ يعني تناقضون كلامكم و كل شوي فلم وبعدين لما يجذبونكم و ما يصدقونكم تزعلون و تقولون هذيل رجعيين ما يصدقون العلم! #تطعيم كورونا,Covid Vaccine,Against,0,Neutral,1,No,0,,A_Explicit,,Target: Covid Vaccine Text: شفيهم بعض الدكاترة زعلانين عشان زحمة المباراة ؟ مو علي اساس بعد تطعيم ٧٠٪ خلاص مناعة مجتمعية وكل شي طبيعي؟ يعني تناقضون كلامكم و كل شوي فلم وبعدين لما يجذبونكم و ما يصدقونكم تزعلون و تقولون هذيل رجعيين ما يصدقون العلم! #تطعيم كورونا,,,,,,,,,0,2,0.015045166,0.045196533,0.9399414,3,Against,Favor
3207,اعتقد وبلا مجاملة ان الحكومة استعجلت في الاعلان عن تطبيق سهل كونه غير جاهز وفيه الكثير من الاخطاء الفنية هذا بالاضافة الى عدم جاهزية العديد من الوزارات والهيئات لمواكبة وتحقيق الرؤية الحكومية في التحول الالكتروني لتسهيل الاجراءات #نصيحة  حاسبوا المقصرين #تطبيق_سهل,Digital Transformation,اعتقد وبلا مجاملة ان الحكومة استعجلت في الاعلان عن تطبيق سهل كونه غير جاهز وفيه الكثير من الاخطاء الفنية هذا بالاضافة الي عدم جاهزية العديد من الوزارات والهيئات لمواكبة وتحقيق الرؤية الحكومية في التحول الالكتروني لتسهيل الاجراءات #نصيحة حاسبوا المقصرين #تطبيق سهل,Digital Transformation,Favor,2,Positive,2,No,0,F_Explicit,,,Target: Digital Transformation Text: اعتقد وبلا مجاملة ان الحكومة استعجلت في الاعلان عن تطبيق سهل كونه غير جاهز وفيه الكثير من الاخطاء الفنية هذا بالاضافة الي عدم جاهزية العديد من الوزارات والهيئات لمواكبة وتحقيق الرؤية الحكومية في التحول الالكتروني لتسهيل الاجراءات #نصيحة حاسبوا المقصرين #تطبيق سهل,,,,,,,,,2,0,0.82958984,0.0007915497,0.1694336,3,Favor,Against
3223,   معاملاتنا يا اخوان متوقفه وين التحول الالكتروني اللي تنادو فيه؟,Digital Transformation,معاملاتنا يا اخوان متوقفه وين التحول الالكتروني اللي تنادو فيه؟,Digital Transformation,,1,Neutral,1,No,0,,,Not clear,Target: Digital Transformation Text: معاملاتنا يا اخوان متوقفه وين التحول الالكتروني اللي تنادو فيه؟,,,,,,,,,1,2,0.08654785,0.29345703,0.6201172,3,None,Favor
3304, يحرمون تطعيم الاطفال عن شلل الاطفال ويقولون هدا امر الله اذا اصابهم اصابهم!!!! بس كورونا ياخذون الدواء حقه والمضادات ذولا هم طالبان🤔,Covid Vaccine,يحرمون تطعيم الاطفال عن شلل الاطفال ويقولون هدا امر الله اذا اصابهم اصابهم!! بس كورونا ياخذون الدواء حقه والمضادات ذولا هم طالبان🤔,Covid Vaccine,,1,Neutral,1,No,0,,,Not clear,Target: Covid Vaccine Text: يحرمون تطعيم الاطفال عن شلل الاطفال ويقولون هدا امر الله اذا اصابهم اصابهم!! بس كورونا ياخذون الدواء حقه والمضادات ذولا هم طالبان🤔,,,,,,,,,1,2,0.47705078,0.0007581711,0.52246094,3,None,Favor
3315,أمريكا تنتهي من كورونا بعد تطعيم شعبها  والهند تدفع ثمن التأخر في التطعيم غاليا. حفظنا الله بحفظه🌷 URL,Covid Vaccine,امريكا تنتهي من كورونا بعد تطعيم شعبها والهند تدفع ثمن التاخر في التطعيم غاليا. حفظنا الله بحفظه🌷,Covid Vaccine,Favor,2,Neutral,1,No,0,F_Implicit,,,Target: Covid Vaccine Text: امريكا تنتهي من كورونا بعد تطعيم شعبها والهند تدفع ثمن التاخر في التطعيم غاليا. حفظنا الله بحفظه🌷,,,,,,,,,2,0,0.51708984,0.003194809,0.47973633,3,Favor,Against
3346,زين بعيداً عن الحظر... تطعيم كورونا مو يمكن داخله شريحه الكترونيه يبون يغرسونها فينا عشان بعدين يتحكمون فينا عن بعد ونصير مثل الروبوتات 🤖,Covid Vaccine,زين بعيداً عن الحظر.. تطعيم كورونا مو يمكن داخله شريحه الكترونيه يبون يغرسونها فينا عشان بعدين يتحكمون فينا عن بعد ونصير مثل الروبوتات 🤖,Covid Vaccine,,1,Negative,0,No,0,,,Not clear,Target: Covid Vaccine Text: زين بعيداً عن الحظر.. تطعيم كورونا مو يمكن داخله شريحه الكترونيه يبون يغرسونها فينا عشان بعدين يتحكمون فينا عن بعد ونصير مثل الروبوتات 🤖,,,,,,,,,1,0,0.9765625,0.020843506,0.0024585724,3,None,Against
3365, ماهو قلنا اول ما شغلوا تطبيق سهل .. الواقع مؤلم   عالجوا الواقع قبل التحول الالكتروني  لا ويقولك صباح الخالد لن أقبل الرجوع للمعاملات الورقية!!,Digital Transformation,ماهو قلنا اول ما شغلوا تطبيق سهل .. الواقع مؤلم عالجوا الواقع قبل التحول الالكتروني لا ويقولك صباح الخالد لن اقبل الرجوع للمعاملات الورقية!!,Digital Transformation,Favor,2,Positive,2,No,0,F_Explicit,,,Target: Digital Transformation Text: ماهو قلنا اول ما شغلوا تطبيق سهل .. الواقع مؤلم عالجوا الواقع قبل التحول الالكتروني لا ويقولك صباح الخالد لن اقبل الرجوع للمعاملات الورقية!!,,,,,,,,,2,0,0.99853516,0.00022053719,0.0010519028,3,Favor,Against
3397,#متابعة |مصدر  الإسرائيلية: انخفاض تدريجي على عدد حالات كورونا النشطة في إسرائيل خلال الأيام الأخيرة  وكذلك على عدد الحالات الخطيرة  ويعزو الخبراء تحسن الحالة الوبائية إلى تقدم عملية تطعيم الأطفال.,Covid Vaccine,#متابعة |مصدر الاسرائيلية: انخفاض تدريجي علي عدد حالات كورونا النشطة في اسرائيل خلال الايام الاخيرة وكذلك علي عدد الحالات الخطيرة ويعزو الخبراء تحسن الحالة الوبائية الي تقدم عملية تطعيم الاطفال.,Covid Vaccine,Favor,2,Positive,2,No,0,F_Implicit,,,Target: Covid Vaccine Text: #متابعة |مصدر الاسرائيلية: انخفاض تدريجي علي عدد حالات كورونا النشطة في اسرائيل خلال الايام الاخيرة وكذلك علي عدد الحالات الخطيرة ويعزو الخبراء تحسن الحالة الوبائية الي تقدم عملية تطعيم الاطفال.,,,,,,,,,2,1,0.31152344,0.41381836,0.2746582,3,Favor,None
3423,MENTION تره فعلا مرينا بهالتجربه حاشتنا كورونا والمطعمين ما حسينا بشي بس اللي ما تطعموا حالتهم صارت جداا سيئه واضطروا يدخلون المستشفي وصارت حالتين وفاة عندنا والسبب رفضهم لاخذ تطعيم,Covid Vaccine,مستخدم تره فعلا مرينا بهالتجربه حاشتنا كورونا والمطعمين ما حسينا بشي بس اللي ما تطعموا حالتهم صارت جداا سيئه واضطروا يدخلون المستشفي وصارت حالتين وفاة عندنا والسبب رفضهم لاخذ تطعيم,Covid Vaccine,Favor,2,Neutral,1,No,0,F_Explicit,,,Target: Covid Vaccine Text: مستخدم تره فعلا مرينا بهالتجربه حاشتنا كورونا والمطعمين ما حسينا بشي بس اللي ما تطعموا حالتهم صارت جداا سيئه واضطروا يدخلون المستشفي وصارت حالتين وفاة عندنا والسبب رفضهم لاخذ تطعيم,,,,,,,,,2,0,0.9980469,0.00053834915,0.0012149811,3,Favor,Against
3425,📍المراجعة والتدقيق  للشركات العاملة في مجال التجارة الالكترونية.  📍 التطور التقني والتكنولوجي و تصميم النظم  📍اثر الحوكمة على جوده التقارير المالية  📍اثر التحول المحاسبي في القطاع الحكومي في تحقيق الرؤية,Digital Transformation,📍المراجعة والتدقيق للشركات العاملة في مجال التجارة الالكترونية. 📍 التطور التقني والتكنولوجي و تصميم النظم 📍اثر الحوكمة علي جوده التقارير المالية 📍اثر التحول المحاسبي في القطاع الحكومي في تحقيق الرؤية,Digital Transformation,Favor,2,Neutral,1,No,0,F_Explicit,,,Target: Digital Transformation Text: 📍المراجعة والتدقيق للشركات العاملة في مجال التجارة الالكترونية. 📍 التطور التقني والتكنولوجي و تصميم النظم 📍اثر الحوكمة علي جوده التقارير المالية 📍اثر التحول المحاسبي في القطاع الحكومي في تحقيق الرؤية,,,,,,,,,2,1,0.0010900497,0.98339844,0.015586853,3,Favor,None
3453, ترا تطعيم كورونا حاله حال التطعيمات الي خذناها و احنا بزران وشو الي تدخل فيروس و تدمر مناعة ولدك و مدري وش,Covid Vaccine,ترا تطعيم كورونا حاله حال التطعيمات الي خذناها و احنا بزران وشو الي تدخل فيروس و تدمر مناعة ولدك و مدري وش,Covid Vaccine,,1,Positive,2,Yes,1,,,Not clear,Target: Covid Vaccine Text: ترا تطعيم كورونا حاله حال التطعيمات الي خذناها و احنا بزران وشو الي تدخل فيروس و تدمر مناعة ولدك و مدري وش,,,,,,,,,1,2,0.0004799366,0.031463623,0.9682617,3,None,Favor
3455,MENTION MENTION بس الحقيقة ان اسرائيل الان خالية تماماً من وباء كورونا وتم تطعيم ٧ مليون مواطن هناك ... فقط للمعلومية,Covid Vaccine,مستخدم مستخدم بس الحقيقة ان اسرائيل الان خالية تماماً من وباء كورونا وتم تطعيم ٧ مليون مواطن هناك .. فقط للمعلومية,Covid Vaccine,Favor,2,Neutral,1,No,0,F_Implicit,,,Target: Covid Vaccine Text: مستخدم مستخدم بس الحقيقة ان اسرائيل الان خالية تماماً من وباء كورونا وتم تطعيم ٧ مليون مواطن هناك .. فقط للمعلومية,,,,,,,,,2,1,0.2854004,0.7084961,0.0061073303,3,Favor,None
3468,#تكاتف_الشعب_السعودي  ايها الامه،، امة محمد،، متى مارجعتم لله بتوبه خالصه رفع كورونا  بلا عقاقير ولا تطعيم .  ترى التوبه ماتكلف شئ التطعيم يكلف مليارات.,Covid Vaccine,#تكاتف الشعب السعودي ايها الامه،، امة محمد،، متي مارجعتم لله بتوبه خالصه رفع كورونا بلا عقاقير ولا تطعيم . تري التوبه ماتكلف شئ التطعيم يكلف مليارات.,Covid Vaccine,Against,0,Neutral,1,No,0,,A_Implicit,,Target: Covid Vaccine Text: #تكاتف الشعب السعودي ايها الامه،، امة محمد،، متي مارجعتم لله بتوبه خالصه رفع كورونا بلا عقاقير ولا تطعيم . تري التوبه ماتكلف شئ التطعيم يكلف مليارات.,,,,,,,,,0,1,0.25512695,0.56347656,0.18151855,3,Against,None
3495,الشرايح اللي في تطعيم كورونا اشتغلت يا رجالة URL,Covid Vaccine,الشرايح اللي في تطعيم كورونا اشتغلت يا رجالة,Covid Vaccine,,1,Neutral,1,No,0,,,Not clear,Target: Covid Vaccine Text: الشرايح اللي في تطعيم كورونا اشتغلت يا رجالة,,,,,,,,,1,2,0.008331299,0.040161133,0.95166016,3,None,Favor
3617,لماذا يتكفل المواطن بشكل عام والطلبة بشكل خاص بتحمل تكاليف خدمات الانترنت ؟ وسط اختيار الدولة التحول الى المعاملات الكترونيا و فرض الاجتماعات اونلاين  و #التعليم_الإلكتروني  المطلوب ان يتوفر الانترنت بالمجان للجميع .  #انترنت_بالمجان,Digital Transformation,لماذا يتكفل المواطن بشكل عام والطلبة بشكل خاص بتحمل تكاليف خدمات الانترنت ؟ وسط اختيار الدولة التحول الي المعاملات الكترونيا و فرض الاجتماعات اونلاين و #التعليم الالكتروني المطلوب ان يتوفر الانترنت بالمجان للجميع . #انترنت بالمجان,Digital Transformation,,1,Negative,0,No,0,,,Not clear,Target: Digital Transformation Text: لماذا يتكفل المواطن بشكل عام والطلبة بشكل خاص بتحمل تكاليف خدمات الانترنت ؟ وسط اختيار الدولة التحول الي المعاملات الكترونيا و فرض الاجتماعات اونلاين و #التعليم الالكتروني المطلوب ان يتوفر الانترنت بالمجان للجميع . #انترنت بالمجان,,,,,,,,,1,2,0.0012760162,0.00046038628,0.9980469,3,None,Favor
3622, الفاسد لا يريد التحول الالكتروني لان راح ينقطع رزقه,Digital Transformation,الفاسد لا يريد التحول الالكتروني لان راح ينقطع رزقه,Digital Transformation,Favor,2,Negative,0,No,0,F_Implicit,,,Target: Digital Transformation Text: الفاسد لا يريد التحول الالكتروني لان راح ينقطع رزقه,,,,,,,,,2,0,0.9243164,0.0011882782,0.07470703,3,Favor,Against
3674, اي تحول رقمي الله يصلحكم وحنا صار لنا سنة كاملة نتابع خلف معاملة مياه راكدة ولا حس ولا خبر ولا استجابه على الإطلاق  إذا لم يكن التطوير يمس الخدمات بشكل مباشر فما جدوى التحول الرقمي,Digital Transformation,اي تحول رقمي الله يصلحكم وحنا صار لنا سنة كاملة نتابع خلف معاملة مياه راكدة ولا حس ولا خبر ولا استجابه علي الاطلاق اذا لم يكن التطوير يمس الخدمات بشكل مباشر فما جدوي التحول الرقمي,Digital Transformation,Favor,2,Positive,2,No,0,F_Explicit,,,Target: Digital Transformation Text: اي تحول رقمي الله يصلحكم وحنا صار لنا سنة كاملة نتابع خلف معاملة مياه راكدة ولا حس ولا خبر ولا استجابه علي الاطلاق اذا لم يكن التطوير يمس الخدمات بشكل مباشر فما جدوي التحول الرقمي,,,,,,,,,2,0,0.99902344,0.00044989586,0.0007081032,3,Favor,Against
3929, فكرة التحول التقني ستزداد كل سنة من بعد كورونا..,Digital Transformation,فكرة التحول التقني ستزداد كل سنة من بعد كورونا..,Digital Transformation,,1,Neutral,1,No,0,,,Not Related,Target: Digital Transformation Text: فكرة التحول التقني ستزداد كل سنة من بعد كورونا..,,,,,,,,,1,2,0.00066137314,0.0001296997,0.99902344,3,None,Favor
3936,هناك عدة أشكال ومستويات للتحول الرقمي  ويعتمد ذلك على مجال المنظمة  ولكن بشكل عام التحول الرقمي هو أتمتة جميع المعاملات والخدمات التي تقدمها المنظمة واعتمادها على الأنظمة الالكترونية.,Digital Transformation,هناك عدة اشكال ومستويات للتحول الرقمي ويعتمد ذلك علي مجال المنظمة ولكن بشكل عام التحول الرقمي هو اتمتة جميع المعاملات والخدمات التي تقدمها المنظمة واعتمادها علي الانظمة الالكترونية.,Digital Transformation,Favor,2,Positive,2,No,0,F_Explicit,,,Target: Digital Transformation Text: هناك عدة اشكال ومستويات للتحول الرقمي ويعتمد ذلك علي مجال المنظمة ولكن بشكل عام التحول الرقمي هو اتمتة جميع المعاملات والخدمات التي تقدمها المنظمة واعتمادها علي الانظمة الالكترونية.,,,,,,,,,2,1,0.0022850037,0.5673828,0.43041992,3,Favor,None
3937, اصلا في وظائف راح تنتهي مع التحوّل الالكتروني   ولا يعني ذلك الاستغناء عن هذه الموارد البشرية  بل تحويلهم لوظائف أخرى  البلد تتوسّع والحاجات تتزايد في كل القطاعات,Digital Transformation,اصلا في وظائف راح تنتهي مع التحوّل الالكتروني ولا يعني ذلك الاستغناء عن هذه الموارد البشرية بل تحويلهم لوظائف اخري البلد تتوسّع والحاجات تتزايد في كل القطاعات,Digital Transformation,Favor,2,Positive,2,No,0,F_Explicit,,,Target: Digital Transformation Text: اصلا في وظائف راح تنتهي مع التحوّل الالكتروني ولا يعني ذلك الاستغناء عن هذه الموارد البشرية بل تحويلهم لوظائف اخري البلد تتوسّع والحاجات تتزايد في كل القطاعات,,,,,,,,,2,0,0.9941406,0.0027236938,0.00289917,3,Favor,Against
4015,الازدحام الذي نراه عند بعض فروع شركات الاتصالات رغم الجائحة وتحول العديد من خدمات القطاعات إلى الخدمات السحابية استغرب منه بشدة  فكيف بشركة اتصالات المفترض انها تسبق الجميع في التحول التقني لا تزال تقبع في نفس الآلية التقليدية في انجاز الاعمال  إما الخلل في التسويق أو في الخدمات,Digital Transformation,الازدحام الذي نراه عند بعض فروع شركات الاتصالات رغم الجائحة وتحول العديد من خدمات القطاعات الي الخدمات السحابية استغرب منه بشدة فكيف بشركة اتصالات المفترض انها تسبق الجميع في التحول التقني لا تزال تقبع في نفس الالية التقليدية في انجاز الاعمال اما الخلل في التسويق او في الخدمات,Digital Transformation,,1,Negative,0,No,0,,,Not clear,Target: Digital Transformation Text: الازدحام الذي نراه عند بعض فروع شركات الاتصالات رغم الجائحة وتحول العديد من خدمات القطاعات الي الخدمات السحابية استغرب منه بشدة فكيف بشركة اتصالات المفترض انها تسبق الجميع في التحول التقني لا تزال تقبع في نفس الالية التقليدية في انجاز الاعمال اما الخلل في التسويق او في الخدمات,,,,,,,,,1,2,0.33276367,0.004432678,0.66259766,3,None,Favor
4028,طالما الفيروس يتحور لن تفيد لقاحات.  افضل توجيه اموال تطعيم لدعم منشآت الصغيرة و المتوسطة. #فيروس_كورونا URL,Covid Vaccine,طالما الفيروس يتحور لن تفيد لقاحات. افضل توجيه اموال تطعيم لدعم منشات الصغيرة و المتوسطة. #فيروس كورونا,Covid Vaccine,Against,0,Neutral,1,No,0,,A_Explicit,,Target: Covid Vaccine Text: طالما الفيروس يتحور لن تفيد لقاحات. افضل توجيه اموال تطعيم لدعم منشات الصغيرة و المتوسطة. #فيروس كورونا,,,,,,,,,0,2,0.17358398,0.0058555603,0.8203125,3,Against,Favor
4035, تطعيم اللقاح لا يقضي على كورونا التطعيم لتقوية المناعة فقط,Covid Vaccine,تطعيم اللقاح لا يقضي علي كورونا التطعيم لتقوية المناعة فقط,Covid Vaccine,,1,Neutral,1,No,0,,,,Target: Covid Vaccine Text: تطعيم اللقاح لا يقضي علي كورونا التطعيم لتقوية المناعة فقط,,,,,,,,,1,2,0.0032310486,0.0010204315,0.99560547,3,None,Favor
4059, يقولك 16 سنه ياخذ تطعيم الانفلونزا تطمنوا اجل لقاح كورونا فعال دام 16 سنه ياخذ تطعيم الانفلونزا,Covid Vaccine,يقولك 16 سنه ياخذ تطعيم الانفلونزا تطمنوا اجل لقاح كورونا فعال دام 16 سنه ياخذ تطعيم الانفلونزا,Covid Vaccine,Favor,2,Positive,2,No,0,F_Explicit,,,Target: Covid Vaccine Text: يقولك 16 سنه ياخذ تطعيم الانفلونزا تطمنوا اجل لقاح كورونا فعال دام 16 سنه ياخذ تطعيم الانفلونزا,,,,,,,,,2,0,0.9873047,0.00015461445,0.012382507,3,Favor,Against
4085,#كورونا #تطعيم_كورونا   شوفوا هو مو اجباري بس في تقييد   لحركة غير المطعمين!!!  عجبي !,Covid Vaccine,#كورونا #تطعيم كورونا شوفوا هو مو اجباري بس في تقييد لحركة غير المطعمين!! عجبي !,Covid Vaccine,,1,Negative,0,No,0,,,Not clear,Target: Covid Vaccine Text: #كورونا #تطعيم كورونا شوفوا هو مو اجباري بس في تقييد لحركة غير المطعمين!! عجبي !,,,,,,,,,1,0,0.83203125,0.10748291,0.060333252,3,None,Against
4090,#الشعب_أقوي المبادرة تطلق مشروع ”الفرق الشعبية لمكافحة العدوى“ • المبادرة توفر دورات للطلاب لسد فجوة التحول للتعليم الالكتروني,Digital Transformation,#الشعب اقوي المبادرة تطلق مشروع ”الفرق الشعبية لمكافحة العدوي“ • المبادرة توفر دورات للطلاب لسد فجوة التحول للتعليم الالكتروني,Digital Transformation,,1,Neutral,1,No,0,,,Not clear,Target: Digital Transformation Text: #الشعب اقوي المبادرة تطلق مشروع ”الفرق الشعبية لمكافحة العدوي“ • المبادرة توفر دورات للطلاب لسد فجوة التحول للتعليم الالكتروني,,,,,,,,,1,2,0.0004222393,0.003932953,0.99560547,3,None,Favor
4104, مافي تطعيم او لقاح ضد المدام ,Covid Vaccine,مافي تطعيم او لقاح ضد المدام,Covid Vaccine,,1,Neutral,1,Yes,1,,,Not Related,Target: Covid Vaccine Text: مافي تطعيم او لقاح ضد المدام,,,,,,,,,1,0,0.99658203,0.0026378632,0.0006546974,3,None,Against
4109,بفكر أطعم ... بس لسه خايفه ومتردده #تطعيم_كورونا,Covid Vaccine,بفكر اطعم .. بس لسه خايفه ومتردده #تطعيم كورونا,Covid Vaccine,,1,Neutral,1,No,0,,,Not clear,Target: Covid Vaccine Text: بفكر اطعم .. بس لسه خايفه ومتردده #تطعيم كورونا,,,,,,,,,1,2,0.22192383,0.0011911392,0.77685547,3,None,Favor
62,#اخذت_جرعه_لقاح_ولا_باقي للاسف ماحولنا مراكز تطعيم اقرب شي بعد ١٥٠ كيلو وان اخذته انا غيري كثير من اهل الديره مايقدرون ياخذونه 🤷🏻‍♀️ ,Covid Vaccine,#اخذت جرعه لقاح ولا باقي للاسف ماحولنا مراكز تطعيم اقرب شي بعد ١٥٠ كيلو وان اخذته انا غيري كثير من اهل الديره مايقدرون ياخذونه 🤷🏻‍♀️,Covid Vaccine,Favor,2,Negative,0,No,0,F_Explicit,,,Target: Covid Vaccine Text: #اخذت جرعه لقاح ولا باقي للاسف ماحولنا مراكز تطعيم اقرب شي بعد ١٥٠ كيلو وان اخذته انا غيري كثير من اهل الديره مايقدرون ياخذونه 🤷🏻‍♀️,,,,,,,,,2,1,0.0025844574,0.82958984,0.16784668,3,Favor,None
274,إختبارات إلكترونية قصيرة عوضاً عن الإختبارات الإعتيادية في #جامعه_الملك_خالد  وذلك خلال فترة التحول إلى التعلم الإلكتروني URL,Digital Transformation,اختبارات الكترونية قصيرة عوضاً عن الاختبارات الاعتيادية في #جامعه الملك خالد وذلك خلال فترة التحول الي التعلم الالكتروني,Digital Transformation,Favor,2,Neutral,1,No,0,F_Explicit,,,Target: Digital Transformation Text: اختبارات الكترونية قصيرة عوضاً عن الاختبارات الاعتيادية في #جامعه الملك خالد وذلك خلال فترة التحول الي التعلم الالكتروني,,,,,,,,,2,1,0.0006971359,0.9814453,0.017822266,3,Favor,None
957, لانريد تطعيم والسلام مافي عندنا شي يعني بالصميل نأخذ لقاح,Covid Vaccine,لانريد تطعيم والسلام مافي عندنا شي يعني بالصميل ناخذ لقاح,Covid Vaccine,Favor,2,Negative,0,Yes,1,F_Implicit,,,Target: Covid Vaccine Text: لانريد تطعيم والسلام مافي عندنا شي يعني بالصميل ناخذ لقاح,,,,,,,,,2,0,0.9995117,0.00013387203,0.0002758503,3,Favor,Against
1277,ملاحظة ______ مثل ماتم تسهيل أعطانا انا وابنائي كروت تطعيم كورونا ارجو تسهيل وضع معاملتنا والاسراع بإنهاء معاناه استمرت اكثر من ٣٥ سنه تقريبا معاناه نتوارثها الآباء ونورثها للأبناء؟؟ الابناء لا يستطيعون التسجيل في الجامعه ولا وظيفة تقبل توظيفهم  حتى المسشفيات لانستطيع الدخول لها URL,Covid Vaccine,ملاحظة مثل ماتم تسهيل اعطانا انا وابنائي كروت تطعيم كورونا ارجو تسهيل وضع معاملتنا والاسراع بانهاء معاناه استمرت اكثر من ٣٥ سنه تقريبا معاناه نتوارثها الاباء ونورثها للابناء؟؟ الابناء لا يستطيعون التسجيل في الجامعه ولا وظيفة تقبل توظيفهم حتي المسشفيات لانستطيع الدخول لها,Covid Vaccine,Favor,2,Negative,0,No,0,F_Explicit,,,Target: Covid Vaccine Text: ملاحظة مثل ماتم تسهيل اعطانا انا وابنائي كروت تطعيم كورونا ارجو تسهيل وضع معاملتنا والاسراع بانهاء معاناه استمرت اكثر من ٣٥ سنه تقريبا معاناه نتوارثها الاباء ونورثها للابناء؟؟ الابناء لا يستطيعون التسجيل في الجامعه ولا وظيفة تقبل توظيفهم حتي المسشفيات لانستطيع الدخول لها,,,,,,,,,2,1,0.004096985,0.9926758,0.0032157898,3,Favor,None
1716, التحول التقني مثل موج البحر .. اذا لم تستعد للجديد من التقنية .. ستتلاعب بك امواج التقنيات .. والنتيجة تخبط إداري وانتاجية سيئة,Digital Transformation,التحول التقني مثل موج البحر .. اذا لم تستعد للجديد من التقنية .. ستتلاعب بك امواج التقنيات .. والنتيجة تخبط اداري وانتاجية سيئة,Digital Transformation,Against,0,Negative,0,No,0,,A_Explicit,,Target: Digital Transformation Text: التحول التقني مثل موج البحر .. اذا لم تستعد للجديد من التقنية .. ستتلاعب بك امواج التقنيات .. والنتيجة تخبط اداري وانتاجية سيئة,,,,,,,,,0,2,0.29736328,0.15734863,0.54541016,3,Against,Favor
3057,الشواربة ..افتتاح 4 مشاريع للباص السريع  و 93 % نسبة الانجاز بمشروع التحول الالكتروني URL,Digital Transformation,الشواربة ..افتتاح 4 مشاريع للباص السريع و 93 % نسبة الانجاز بمشروع التحول الالكتروني,Digital Transformation,,1,Negative,0,No,0,,,Not clear,Target: Digital Transformation Text: الشواربة ..افتتاح 4 مشاريع للباص السريع و 93 % نسبة الانجاز بمشروع التحول الالكتروني,,,,,,,,,1,2,0.007736206,0.24206543,0.75,3,None,Favor
3083,لاحول ولا قوة الابالله  لما الحين فيه بهايم بالسوشل يطلعون لك ويقول مركبينكم الباص مع :#الكرونا السالفة كلها جذبه لايقصون عليكم بالتطعيم !!عطوني واحد👞🥾 😡 #تطعيم_كورونا,Covid Vaccine,لاحول ولا قوة الابالله لما الحين فيه بهايم بالسوشل يطلعون لك ويقول مركبينكم الباص مع :#الكرونا السالفة كلها جذبه لايقصون عليكم بالتطعيم !!عطوني واحد👞🥾 😡 #تطعيم كورونا,Covid Vaccine,Favor,2,Neutral,1,No,0,F_Implicit,,,Target: Covid Vaccine Text: لاحول ولا قوة الابالله لما الحين فيه بهايم بالسوشل يطلعون لك ويقول مركبينكم الباص مع :#الكرونا السالفة كلها جذبه لايقصون عليكم بالتطعيم !!عطوني واحد👞🥾 😡 #تطعيم كورونا,,,,,,,,,2,0,0.93847656,0.00029349327,0.06124878,3,Favor,Against
3239,في تعديل الأخطاء بالأحكام سابقاً كان من خلال مراجعتين ثلاث تستوي  اما بعد التحول الالكتروني فيتم الرد عليك بانه تم تحويل طلبك للجهة المختصة بتعديل هذا الخطإ.. ومن ثم الغموض ثم الغموض والانتظار الى قريب الشهر دون نتيجة واضحة .   #عيوب_العمل_عن_بعد,Digital Transformation,في تعديل الاخطاء بالاحكام سابقاً كان من خلال مراجعتين ثلاث تستوي اما بعد التحول الالكتروني فيتم الرد عليك بانه تم تحويل طلبك للجهة المختصة بتعديل هذا الخطا.. ومن ثم الغموض ثم الغموض والانتظار الي قريب الشهر دون نتيجة واضحة . #عيوب العمل عن بعد,Digital Transformation,Favor,2,Positive,2,No,0,F_Explicit,,,Target: Digital Transformation Text: في تعديل الاخطاء بالاحكام سابقاً كان من خلال مراجعتين ثلاث تستوي اما بعد التحول الالكتروني فيتم الرد عليك بانه تم تحويل طلبك للجهة المختصة بتعديل هذا الخطا.. ومن ثم الغموض ثم الغموض والانتظار الي قريب الشهر دون نتيجة واضحة . #عيوب العمل عن بعد,,,,,,,,,2,0,0.99902344,0.0008459091,0.0001026392,3,Favor,Against
1716, التحول التقني مثل موج البحر .. اذا لم تستعد للجديد من التقنية .. ستتلاعب بك امواج التقنيات .. والنتيجة تخبط إداري وانتاجية سيئة,Digital Transformation,التحول التقني مثل موج البحر .. اذا لم تستعد للجديد من التقنية .. ستتلاعب بك امواج التقنيات .. والنتيجة تخبط إداري وانتاجية سيئة,Digital Transformation,Against,0,Negative,0,No,0,,A_Explicit,,Target: Digital Transformation Text: التحول التقني مثل موج البحر .. اذا لم تستعد للجديد من التقنية .. ستتلاعب بك امواج التقنيات .. والنتيجة تخبط إداري وانتاجية سيئة,, التحول التقني مثل موج البحر .. اذا لم تستعد للجديد من التقنية .. ستتلاعب بك امواج التقنيات .. والنتيجة تخبط إداري وانتاجية سيئة,Digital Transformation,1.0,1.0,1.0,2020-10-02 08:14:26+00:00,02/10/2020,0,2,0.25170898,0.30395508,0.44433594,3,Against,Favor
3057,الشواربة ..افتتاح 4 مشاريع للباص السريع  و 93 % نسبة الانجاز بمشروع التحول الالكتروني URL,Digital Transformation,الشواربة ..افتتاح 4 مشاريع للباص السريع  و 93 % نسبة الانجاز بمشروع التحول الالكتروني URL,Digital Transformation,,1,Negative,0,No,0,,,Not clear,Target: Digital Transformation Text: الشواربة ..افتتاح 4 مشاريع للباص السريع  و 93 % نسبة الانجاز بمشروع التحول الالكتروني URL,,الشواربة ..افتتاح 4 مشاريع للباص السريع  و 93 % نسبة الانجاز بمشروع التحول الالكتروني URL,Digital Transformation,0.595,1.0,1.0,2021-01-02 13:22:43+00:00,02/01/2021,1,2,0.006866455,0.13659668,0.8564453,3,None,Favor
163,وهل استوعبت أن فزعة المعلم وفزّته بتدريب وتطوير ذاته مهنيًا ليست كافية إن لم يتم تهيئة المدارس وتدريب الفئة المستهدفة فيها تدريبًا فعليًا لا ورقيًا ولا صوريًا لهذه المرحلة والنقلة وهذا التحول الإلكتروني؟,Digital Transformation,وهل استوعبت ان فزعة المعلم وفزّته بتدريب وتطوير ذاته مهنيًا ليست كافية ان لم يتم تهيئة المدارس وتدريب الفئة المستهدفة فيها تدريبًا فعليًا لا ورقيًا ولا صوريًا لهذه المرحلة والنقلة وهذا التحول الالكتروني؟,Digital Transformation,Against,0,Negative,0,No,0,,A_Explicit,,Target: Digital Transformation Text: وهل استوعبت ان فزعة المعلم وفزّته بتدريب وتطوير ذاته مهنيًا ليست كافية ان لم يتم تهيئة المدارس وتدريب الفئة المستهدفة فيها تدريبًا فعليًا لا ورقيًا ولا صوريًا لهذه المرحلة والنقلة وهذا التحول الالكتروني؟,,,,,,,,,0,2,0.008323669,0.35913086,0.6328125,4,Against,Favor
166,كيف ممكن تستفيد من بياناتك!🤔 عن طريق تحليلها تستطيع تحقيق أفضل النتائج 👌🏻 في محاضرة مثرية ستتعرف فيها على أفضل الأدوات التحليلية 📊  انتظرونا يوم الأربعاء على #ويبينار_التحول_التقني  سجِّل الآن   URL URL,Digital Transformation,كيف ممكن تستفيد من بياناتك!🤔 عن طريق تحليلها تستطيع تحقيق افضل النتائج 👌🏻 في محاضرة مثرية ستتعرف فيها علي افضل الادوات التحليلية 📊 انتظرونا يوم الاربعاء علي #ويبينار التحول التقني سجِّل الان,Digital Transformation,,1,Neutral,1,No,0,,,Not clear,Target: Digital Transformation Text: كيف ممكن تستفيد من بياناتك!🤔 عن طريق تحليلها تستطيع تحقيق افضل النتائج 👌🏻 في محاضرة مثرية ستتعرف فيها علي افضل الادوات التحليلية 📊 انتظرونا يوم الاربعاء علي #ويبينار التحول التقني سجِّل الان,,,,,,,,,1,2,0.0009803772,0.029907227,0.9692383,4,None,Favor
228, التحول الالكتروني بشكل عام لاغلب الامور..المعاملات الحكومية تطبيقات التوصيل وتوصيل المطاعم والاغراض والسوق الالكتروني الخ..,Digital Transformation,التحول الالكتروني بشكل عام لاغلب الامور..المعاملات الحكومية تطبيقات التوصيل وتوصيل المطاعم والاغراض والسوق الالكتروني الخ..,Digital Transformation,,1,Neutral,1,No,0,,,Not clear,Target: Digital Transformation Text: التحول الالكتروني بشكل عام لاغلب الامور..المعاملات الحكومية تطبيقات التوصيل وتوصيل المطاعم والاغراض والسوق الالكتروني الخ..,,,,,,,,,1,2,6.347895e-05,0.00079631805,0.99902344,4,None,Favor
239, بالذات الحلقة بتاعت التحول الرقمي والتعامل الإلكتروني في المؤسسات الحكومية دا بس زكرني ليك ناس الشبكة قاطعة وزمن الفطور جا,Digital Transformation,بالذات الحلقة بتاعت التحول الرقمي والتعامل الالكتروني في المؤسسات الحكومية دا بس زكرني ليك ناس الشبكة قاطعة وزمن الفطور جا,Digital Transformation,Against,0,Negative,0,No,0,,A_Explicit,,Target: Digital Transformation Text: بالذات الحلقة بتاعت التحول الرقمي والتعامل الالكتروني في المؤسسات الحكومية دا بس زكرني ليك ناس الشبكة قاطعة وزمن الفطور جا,,,,,,,,,0,1,0.00017535686,0.9067383,0.09326172,4,Against,None
244, فهمو التحول الالكتروني للدوله خطأ 😂😂,Digital Transformation,فهمو التحول الالكتروني للدوله خطا 😂😂,Digital Transformation,,1,Neutral,1,No,0,,,Not clear,Target: Digital Transformation Text: فهمو التحول الالكتروني للدوله خطا 😂😂,,,,,,,,,1,2,0.00019335747,0.013839722,0.98583984,4,None,Favor
276,  لماذا لم يتم تطعيم الضباط العسكريين والافراد الجنوبيين من وباء كورونا ؟؟!!,Covid Vaccine,لماذا لم يتم تطعيم الضباط العسكريين والافراد الجنوبيين من وباء كورونا ؟؟!!,Covid Vaccine,,1,Neutral,1,No,0,,,Not clear,Target: Covid Vaccine Text: لماذا لم يتم تطعيم الضباط العسكريين والافراد الجنوبيين من وباء كورونا ؟؟!!,,,,,,,,,1,0,0.63720703,0.31274414,0.050048828,4,None,Against
316, واحد يطعم بالعايله كل العايله تصيبهم كورونا هذا تطعيم ولا نشر الڤايروس ؟؟؟,Covid Vaccine,واحد يطعم بالعايله كل العايله تصيبهم كورونا هذا تطعيم ولا نشر الڤايروس ؟؟,Covid Vaccine,Against,0,Negative,0,No,0,,A_Implicit,,Target: Covid Vaccine Text: واحد يطعم بالعايله كل العايله تصيبهم كورونا هذا تطعيم ولا نشر الڤايروس ؟؟,,,,,,,,,0,1,0.0013122559,0.99853516,6.043911e-05,4,Against,None
348,يتوفر لدينا رواية ( التحول ) للكاتب فرانتس كافكا   يمكنكم الطلب عبر التواصل مع خدمة العملاء 📲+965-51472418 📲 +965-55444374 أو الطلب عن طريق موقعنا الإلكتروني بالضغط على الرابط الموجود في البايو  #مكتبة_آفاق #الكويت #تعاون #تفاؤل #لاتهاون #المرحلة_الرابعة #كتب_مترجمة URL,Digital Transformation,يتوفر لدينا رواية ( التحول ) للكاتب فرانتس كافكا يمكنكم الطلب عبر التواصل مع خدمة العملاء 📲+965-51472418 📲 +965-5544374 او الطلب عن طريق موقعنا الالكتروني بالضغط علي الرابط الموجود في البايو #مكتبة افاق #الكويت #تعاون #تفاؤل #لاتهاون #المرحلة الرابعة #كتب مترجمة,Digital Transformation,,1,Neutral,1,No,0,,,Not clear,Target: Digital Transformation Text: يتوفر لدينا رواية ( التحول ) للكاتب فرانتس كافكا يمكنكم الطلب عبر التواصل مع خدمة العملاء 📲+965-51472418 📲 +965-5544374 او الطلب عن طريق موقعنا الالكتروني بالضغط علي الرابط الموجود في البايو #مكتبة افاق #الكويت #تعاون #تفاؤل #لاتهاون #المرحلة الرابعة #كتب مترجمة,,,,,,,,,1,2,0.0002977848,0.019439697,0.98046875,4,None,Favor
382,حين لا تضع المنظمة خطة للأحتياجات التدريبية لموظفيها خلال فترة التحول الإلكتروني سوف يخلق #نقاط_ضعف في المنظمة بسبب عدم تمكن الاداره من وضع التوقعات المحتمل حدوثها خلال #الخطة_الاستراتيجية .,Digital Transformation,حين لا تضع المنظمة خطة للاحتياجات التدريبية لموظفيها خلال فترة التحول الالكتروني سوف يخلق #نقاط ضعف في المنظمة بسبب عدم تمكن الاداره من وضع التوقعات المحتمل حدوثها خلال #الخطة الاستراتيجية .,Digital Transformation,,1,Negative,0,No,0,,,Not clear,Target: Digital Transformation Text: حين لا تضع المنظمة خطة للاحتياجات التدريبية لموظفيها خلال فترة التحول الالكتروني سوف يخلق #نقاط ضعف في المنظمة بسبب عدم تمكن الاداره من وضع التوقعات المحتمل حدوثها خلال #الخطة الاستراتيجية .,,,,,,,,,1,2,0.0056877136,0.3076172,0.68652344,4,None,Favor
450,بحسب تقرير من فورتسر  يتوقع المدراء التنفيذيين في الشركات الكبرى أن تكون حوالي نصف أرباحهم من الجانب الرقمي من شركاتهم. التحول الرقمي أصبح ضرورياً للتماشي مع التكنولوجيا. الموظفون والعملاء يعيشون في عالم رقمي متسارع و يطبقون معظم ما يخص التحول الرقمي. URL,Digital Transformation,بحسب تقرير من فورتسر يتوقع المدراء التنفيذيين في الشركات الكبري ان تكون حوالي نصف ارباحهم من الجانب الرقمي من شركاتهم. التحول الرقمي اصبح ضرورياً للتماشي مع التكنولوجيا. الموظفون والعملاء يعيشون في عالم رقمي متسارع و يطبقون معظم ما يخص التحول الرقمي.,Digital Transformation,Against,0,Negative,0,No,0,,A_Explicit,,Target: Digital Transformation Text: بحسب تقرير من فورتسر يتوقع المدراء التنفيذيين في الشركات الكبري ان تكون حوالي نصف ارباحهم من الجانب الرقمي من شركاتهم. التحول الرقمي اصبح ضرورياً للتماشي مع التكنولوجيا. الموظفون والعملاء يعيشون في عالم رقمي متسارع و يطبقون معظم ما يخص التحول الرقمي.,,,,,,,,,0,2,0.00011771917,0.00037837029,0.9995117,4,Against,Favor
456, جميل ولكن في دول مثل الصين لازال عندهم كورونا  كيف يسمح لهم بالقدوم من غير فحص او تطعيم؟,Covid Vaccine,جميل ولكن في دول مثل الصين لازال عندهم كورونا كيف يسمح لهم بالقدوم من غير فحص او تطعيم؟,Covid Vaccine,,1,Neutral,1,No,0,,,Not clear,Target: Covid Vaccine Text: جميل ولكن في دول مثل الصين لازال عندهم كورونا كيف يسمح لهم بالقدوم من غير فحص او تطعيم؟,,,,,,,,,1,0,0.6533203,0.3461914,0.00034689903,4,None,Against
460,  بس امورهم طيبه ما في اغلاق ولا حظر... التطعيم اقل شي يطلعك من إجراءات الحظر و الضغط على المستشفيات  لان حتى في حال من تلقى تطعيم و إصابة كورونا يكون خفيف... عكسنا غلق و الاقتصاد ينهار يوم بعد يوم و المستشفيات شبه ممتلئة,Covid Vaccine,بس امورهم طيبه ما في اغلاق ولا حظر.. التطعيم اقل شي يطلعك من اجراءات الحظر و الضغط علي المستشفيات لان حتي في حال من تلقي تطعيم و اصابة كورونا يكون خفيف.. عكسنا غلق و الاقتصاد ينهار يوم بعد يوم و المستشفيات شبه ممتلئة,Covid Vaccine,Against,0,Neutral,1,No,0,,A_Explicit,,Target: Covid Vaccine Text: بس امورهم طيبه ما في اغلاق ولا حظر.. التطعيم اقل شي يطلعك من اجراءات الحظر و الضغط علي المستشفيات لان حتي في حال من تلقي تطعيم و اصابة كورونا يكون خفيف.. عكسنا غلق و الاقتصاد ينهار يوم بعد يوم و المستشفيات شبه ممتلئة,,,,,,,,,0,2,0.0019369125,0.000344038,0.9975586,4,Against,Favor
461, التربية والتعليم لها سنوات والتخبط في القرارات. بسبب الكرونا وغياب اولادنا عن المدارس راحت الوزارة في حيص بيص. التعليم الإلكتروني او عن بعد عملت عليه دول لسنوات لبناء القاعدة الإلكترونية تجهيز المدارس والمعلمون والطالبة لاستخدامه  و ربعنا يبون ,Digital Transformation,التربية والتعليم لها سنوات والتخبط في القرارات. بسبب الكرونا وغياب اولادنا عن المدارس راحت الوزارة في حيص بيص. التعليم الالكتروني او عن بعد عملت عليه دول لسنوات لبناء القاعدة الالكترونية تجهيز المدارس والمعلمون والطالبة لاستخدامه و ربعنا يبون,Digital Transformation,Favor,2,Negative,0,No,0,F_Explicit,,,Target: Digital Transformation Text: التربية والتعليم لها سنوات والتخبط في القرارات. بسبب الكرونا وغياب اولادنا عن المدارس راحت الوزارة في حيص بيص. التعليم الالكتروني او عن بعد عملت عليه دول لسنوات لبناء القاعدة الالكترونية تجهيز المدارس والمعلمون والطالبة لاستخدامه و ربعنا يبون,,,,,,,,,2,0,0.99658203,0.0030822754,0.0004658699,4,Favor,Against
480,  أين المفر #العمل_عن_بعد  #التعليم_عن_بُعد #التحول_الرقمي #التحول_الالكتروني #الثورة_الصناعية_الرابعة #انترنت_الاشياء #التجارة_الالكترونية #التخزين_السحابي #العملات_الرقمية #CloudComputing #VoIP #blockchain   #etc.,Digital Transformation,اين المفر #العمل عن بعد #التعليم عن بُعد #التحول الرقمي #التحول الالكتروني #الثورة الصناعية الرابعة #انترنت الاشياء #التجارة الالكترونية #التخزين السحابي #العملات الرقمية #CloudComputing #VoIP #blockchain #etc.,Digital Transformation,,1,Neutral,1,No,0,,,Not clear,Target: Digital Transformation Text: اين المفر #العمل عن بعد #التعليم عن بُعد #التحول الرقمي #التحول الالكتروني #الثورة الصناعية الرابعة #انترنت الاشياء #التجارة الالكترونية #التخزين السحابي #العملات الرقمية #CloudComputing #VoIP #blockchain #etc.,,,,,,,,,1,2,0.00027132034,0.00057792664,0.99902344,4,None,Favor
520, ااااه يا الشيبة خلفان حتى التحول الالكتروني ما فالحين فيه   المشوار طويل,Digital Transformation,ااه يا الشيبة خلفان حتي التحول الالكتروني ما فالحين فيه المشوار طويل,Digital Transformation,Favor,2,Negative,0,No,0,F_Explicit,,,Target: Digital Transformation Text: ااه يا الشيبة خلفان حتي التحول الالكتروني ما فالحين فيه المشوار طويل,,,,,,,,,2,0,0.9916992,0.005947113,0.002462387,4,Favor,Against
545, أنا عايز أقول نقطه واحده عيش حياتك بمنهج واحد جهل أو علم متبقاش ماشى بالجهل فى كل ما يخص صحتك وجيت عند تطعيم كورونا بقى معاك دكتوراه وتنبهت للمؤامره الكونيه على صحتك اللى إنت أكتر من يهملها .,Covid Vaccine,انا عايز اقول نقطه واحده عيش حياتك بمنهج واحد جهل او علم متبقاش ماشي بالجهل في كل ما يخص صحتك وجيت عند تطعيم كورونا بقي معاك دكتوراه وتنبهت للمؤامره الكونيه علي صحتك اللي انت اكتر من يهملها .,Covid Vaccine,Favor,2,Neutral,1,No,0,F_Explicit,,,Target: Covid Vaccine Text: انا عايز اقول نقطه واحده عيش حياتك بمنهج واحد جهل او علم متبقاش ماشي بالجهل في كل ما يخص صحتك وجيت عند تطعيم كورونا بقي معاك دكتوراه وتنبهت للمؤامره الكونيه علي صحتك اللي انت اكتر من يهملها .,,,,,,,,,2,0,0.99658203,0.00038266182,0.0028305054,4,Favor,Against
614, ولقاح صارله تقريبن ٥ شهور وهو موجود الناس لهم عقل مايبعون عمرهم بسهوله وفحصو رؤساهم بعد لقاح وقالو مافي خطوره وامن وفي دكتور حق العنايه المركزه اخذ الجرعه الثانيه فايزر وفحص نفسه وقال سليم ولافي اعراض وحنا لما كنا صغار ناخذ تطعيم وابر ولاندري م,Covid Vaccine,ولقاح صارله تقريبن ٥ شهور وهو موجود الناس لهم عقل مايبعون عمرهم بسهوله وفحصو رؤساهم بعد لقاح وقالو مافي خطوره وامن وفي دكتور حق العنايه المركزه اخذ الجرعه الثانيه فايزر وفحص نفسه وقال سليم ولافي اعراض وحنا لما كنا صغار ناخذ تطعيم وابر ولاندري م,Covid Vaccine,,1,Positive,2,No,0,,,Not clear,Target: Covid Vaccine Text: ولقاح صارله تقريبن ٥ شهور وهو موجود الناس لهم عقل مايبعون عمرهم بسهوله وفحصو رؤساهم بعد لقاح وقالو مافي خطوره وامن وفي دكتور حق العنايه المركزه اخذ الجرعه الثانيه فايزر وفحص نفسه وقال سليم ولافي اعراض وحنا لما كنا صغار ناخذ تطعيم وابر ولاندري م,,,,,,,,,1,0,0.9970703,9.775162e-05,0.0026550293,4,None,Against
712,MENTION MENTION MENTION يقصد انه لم يأخذ احد اللقاح من قبل علشان يفكر في حماية الآخرين  بمعنى أن كثير من الاشخاص تجيهم كورونا وتروح من غير ما يحس فيها يتم إجباره على أخذ اللقاح علشان يحمي الآخرين بينما المفترض تطعيم الآخرين علشان ما تجيهم كورونا وترك الاصحاء في حالهم,Covid Vaccine,مستخدم مستخدم مستخدم يقصد انه لم ياخذ احد اللقاح من قبل علشان يفكر في حماية الاخرين بمعني ان كثير من الاشخاص تجيهم كورونا وتروح من غير ما يحس فيها يتم اجباره علي اخذ اللقاح علشان يحمي الاخرين بينما المفترض تطعيم الاخرين علشان ما تجيهم كورونا وترك الاصحاء في حالهم,Covid Vaccine,,1,Neutral,1,No,0,,,Not clear,Target: Covid Vaccine Text: مستخدم مستخدم مستخدم يقصد انه لم ياخذ احد اللقاح من قبل علشان يفكر في حماية الاخرين بمعني ان كثير من الاشخاص تجيهم كورونا وتروح من غير ما يحس فيها يتم اجباره علي اخذ اللقاح علشان يحمي الاخرين بينما المفترض تطعيم الاخرين علشان ما تجيهم كورونا وترك الاصحاء في حالهم,,,,,,,,,1,0,0.9995117,0.00010716915,0.00053453445,4,None,Against
715,وزيرة الدولة لشؤون الاتصالات وتكنولوجيا المعلومات د.رنا الفارس وعدت بالتحول الرقمى   ولا زال التحول مصاب بالحول . بابا ما دام فيه مستشارين وافدين سيخسرون مواقعهم فحتما لن يكتب للتحول الرقمي النجاح .. فشلتم فشلا ذريعاً URL,Digital Transformation,وزيرة الدولة لشؤون الاتصالات وتكنولوجيا المعلومات د.رنا الفارس وعدت بالتحول الرقمي ولا زال التحول مصاب بالحول . بابا ما دام فيه مستشارين وافدين سيخسرون مواقعهم فحتما لن يكتب للتحول الرقمي النجاح .. فشلتم فشلا ذريعاً,Digital Transformation,Favor,2,Positive,2,No,0,F_Explicit,,,Target: Digital Transformation Text: وزيرة الدولة لشؤون الاتصالات وتكنولوجيا المعلومات د.رنا الفارس وعدت بالتحول الرقمي ولا زال التحول مصاب بالحول . بابا ما دام فيه مستشارين وافدين سيخسرون مواقعهم فحتما لن يكتب للتحول الرقمي النجاح .. فشلتم فشلا ذريعاً,,,,,,,,,2,0,0.9995117,0.0003912449,0.00023400784,4,Favor,Against
717,    قاعه السينما والمراقص ومراكز الاستجمام والحفلات الغنائية والمهرجانات و الملاعب مافيها لا كورونا ولا تطعيم وفعاليات جده والرياض ونجران خير برهان بينما المسجد الحرام والمسجد النبوي وكافة المساجد يتخللها فيروس كورون,Covid Vaccine,قاعه السينما والمراقص ومراكز الاستجمام والحفلات الغنائية والمهرجانات و الملاعب مافيها لا كورونا ولا تطعيم وفعاليات جده والرياض ونجران خير برهان بينما المسجد الحرام والمسجد النبوي وكافة المساجد يتخللها فيروس كورون,Covid Vaccine,,1,Negative,0,No,0,,,Not clear,Target: Covid Vaccine Text: قاعه السينما والمراقص ومراكز الاستجمام والحفلات الغنائية والمهرجانات و الملاعب مافيها لا كورونا ولا تطعيم وفعاليات جده والرياض ونجران خير برهان بينما المسجد الحرام والمسجد النبوي وكافة المساجد يتخللها فيروس كورون,,,,,,,,,1,0,0.9975586,0.002298355,9.11355e-05,4,None,Against
733, اولا مستحيل تاخد فيروس كورونا من التطعيم و خاصة سينوفارم. ثانيا التطعيم (حتى فايزر) يقلل فقط نسبة حدوث مضاعفات و دخول مستشفي بنسبة ٩٠٪ فى حالة فايزر. لا يمنع اى تطعيم الاصابة بالفيروس او نقله. حرام عليكم كده,Covid Vaccine,اولا مستحيل تاخد فيروس كورونا من التطعيم و خاصة سينوفارم. ثانيا التطعيم (حتي فايزر) يقلل فقط نسبة حدوث مضاعفات و دخول مستشفي بنسبة ٩٠٪ في حالة فايزر. لا يمنع اي تطعيم الاصابة بالفيروس او نقله. حرام عليكم كده,Covid Vaccine,Favor,2,Neutral,1,No,0,F_Implicit,,,Target: Covid Vaccine Text: اولا مستحيل تاخد فيروس كورونا من التطعيم و خاصة سينوفارم. ثانيا التطعيم (حتي فايزر) يقلل فقط نسبة حدوث مضاعفات و دخول مستشفي بنسبة ٩٠٪ في حالة فايزر. لا يمنع اي تطعيم الاصابة بالفيروس او نقله. حرام عليكم كده,,,,,,,,,2,0,0.99902344,0.00022637844,0.0005803108,4,Favor,Against
763,#مركز_الدفاع_الإلكتروني لمن يقولوا انه ضد الذباب الإلكتروني  هل نخاف من الذباب لكي ننشأ ضده مركز للدفاع؟ بهذا الفكر لا نرتقي   المركز مختص لأمن الشبكات و حمايتها  من الاختراق وهذا أهم لأننا نتجه الى التحول الرقمي,Digital Transformation,#مركز الدفاع الالكتروني لمن يقولوا انه ضد الذباب الالكتروني هل نخاف من الذباب لكي ننشا ضده مركز للدفاع؟ بهذا الفكر لا نرتقي المركز مختص لامن الشبكات و حمايتها من الاختراق وهذا اهم لاننا نتجه الي التحول الرقمي,Digital Transformation,,1,Neutral,1,No,0,,,Not clear,Target: Digital Transformation Text: #مركز الدفاع الالكتروني لمن يقولوا انه ضد الذباب الالكتروني هل نخاف من الذباب لكي ننشا ضده مركز للدفاع؟ بهذا الفكر لا نرتقي المركز مختص لامن الشبكات و حمايتها من الاختراق وهذا اهم لاننا نتجه الي التحول الرقمي,,,,,,,,,1,2,7.337332e-05,0.00060892105,0.9995117,4,None,Favor
809,دافع عن  حملة تطعيم #كورونا   وتاخذ  ترخيص #مستشفي,Covid Vaccine,دافع عن حملة تطعيم #كورونا وتاخذ ترخيص #مستشفي,Covid Vaccine,,1,Positive,2,Yes,1,,,Not clear,Target: Covid Vaccine Text: دافع عن حملة تطعيم #كورونا وتاخذ ترخيص #مستشفي,,,,,,,,,1,2,7.665157e-05,0.0013093948,0.99853516,4,None,Favor
843,كثير يسألني متى تنتهي أزمة #كورونا في #الكويت ؟ بظهور التطعيمات في ديسمبر 2020 انتهت الازمة! وكل دولة تستطيع العودة الى الحياة الطبيعية الجديدة بعد تطعيم غالبية سكانها، وكلما صغرت الدولة وقل عدد سكانها سهلت المهمة! فاذا سمعتم عن وصول شحنة بالملايين من التطعيمات فاعلم انها انتهت!,Covid Vaccine,كثير يسالني متي تنتهي ازمة #كورونا في #الكويت ؟ بظهور التطعيمات في ديسمبر 2020 انتهت الازمة! وكل دولة تستطيع العودة الي الحياة الطبيعية الجديدة بعد تطعيم غالبية سكانها، وكلما صغرت الدولة وقل عدد سكانها سهلت المهمة! فاذا سمعتم عن وصول شحنة بالملايين من التطعيمات فاعلم انها انتهت!,Covid Vaccine,,1,Positive,2,No,0,,,Not clear,Target: Covid Vaccine Text: كثير يسالني متي تنتهي ازمة #كورونا في #الكويت ؟ بظهور التطعيمات في ديسمبر 2020 انتهت الازمة! وكل دولة تستطيع العودة الي الحياة الطبيعية الجديدة بعد تطعيم غالبية سكانها، وكلما صغرت الدولة وقل عدد سكانها سهلت المهمة! فاذا سمعتم عن وصول شحنة بالملايين من التطعيمات فاعلم انها انتهت!,,,,,,,,,1,2,0.00018084049,0.0002605915,0.9995117,4,None,Favor
905,تو اللي شاد حيله يخبر الناس كورونا خدعة و مؤامرة ولا حد ياخذ تطعيم وغيره... نبلغ عليه؟ 🙂 هذا ما يعتبر من نشر الإشاعات؟ أو الدعوة لمخالفة قرارات اللجنة العليا ؟  ,Covid Vaccine,تو اللي شاد حيله يخبر الناس كورونا خدعة و مؤامرة ولا حد ياخذ تطعيم وغيره.. نبلغ عليه؟ 🙂 هذا ما يعتبر من نشر الاشاعات؟ او الدعوة لمخالفة قرارات اللجنة العليا ؟,Covid Vaccine,Favor,2,Neutral,1,No,0,F_Explicit,,,Target: Covid Vaccine Text: تو اللي شاد حيله يخبر الناس كورونا خدعة و مؤامرة ولا حد ياخذ تطعيم وغيره.. نبلغ عليه؟ 🙂 هذا ما يعتبر من نشر الاشاعات؟ او الدعوة لمخالفة قرارات اللجنة العليا ؟,,,,,,,,,2,1,0.00035595894,0.99853516,0.0010166168,4,Favor,None
1103,#الإنتاج_التعليمي_الرقمي.     ماشاء الله تبارك الله برنامج تدريبي رائع  يعتبر من البرامج التي تلقى الدعم من حكومتنا الرشيدة لتحقيق هدف التحول من الانتاج الورقي التقليدي الى الانتاج التقني الحديث في جميع تعاملتها  تحت رؤية 2030 واشكر المدربة الرائعة الاستاذة عزة الغامدي,Digital Transformation,#الانتاج التعليمي الرقمي. ماشاء الله تبارك الله برنامج تدريبي رائع يعتبر من البرامج التي تلقي الدعم من حكومتنا الرشيدة لتحقيق هدف التحول من الانتاج الورقي التقليدي الي الانتاج التقني الحديث في جميع تعاملتها تحت رؤية 2030 واشكر المدربة الرائعة الاستاذة عزة الغامدي,Digital Transformation,Against,0,Positive,2,No,0,,A_Explicit,,Target: Digital Transformation Text: #الانتاج التعليمي الرقمي. ماشاء الله تبارك الله برنامج تدريبي رائع يعتبر من البرامج التي تلقي الدعم من حكومتنا الرشيدة لتحقيق هدف التحول من الانتاج الورقي التقليدي الي الانتاج التقني الحديث في جميع تعاملتها تحت رؤية 2030 واشكر المدربة الرائعة الاستاذة عزة الغامدي,,,,,,,,,0,2,8.279085e-05,0.00046133995,0.9995117,4,Against,Favor
1176,المواد 136 137و 138 من قانون المالية جاءت لتقضي على أي أمل في التحول التقني في الجزائر.  فأنا شخصيا كمطور برمجيات أنظمة مدمجة سأضطر إلى دفع أضعاف التكاليف لأجل اقتناء شرائح التطويروالمكونات الإلكترونية. #خليني_نشري,Digital Transformation,المواد 136 137و 138 من قانون المالية جاءت لتقضي علي اي امل في التحول التقني في الجزائر. فانا شخصيا كمطور برمجيات انظمة مدمجة ساضطر الي دفع اضعاف التكاليف لاجل اقتناء شرائح التطويروالمكونات الالكترونية. #خليني نشري,Digital Transformation,Favor,2,Positive,2,No,0,F_Explicit,,,Target: Digital Transformation Text: المواد 136 137و 138 من قانون المالية جاءت لتقضي علي اي امل في التحول التقني في الجزائر. فانا شخصيا كمطور برمجيات انظمة مدمجة ساضطر الي دفع اضعاف التكاليف لاجل اقتناء شرائح التطويروالمكونات الالكترونية. #خليني نشري,,,,,,,,,2,0,0.9995117,0.00012600422,0.0003452301,4,Favor,Against
1257, عشان الماتش ماتلعبش الشرطة دخلت قبضت على لاعيبة البرازيل عشان زوروا شهادة تطعيم كورونا والماتش ماتلعبش! لو كان الشناوي مسك رجلة واستموت لما اتحدفت عليه ازازة ومشينا كان ممكن يتعاد!,Covid Vaccine,عشان الماتش ماتلعبش الشرطة دخلت قبضت علي لاعيبة البرازيل عشان زوروا شهادة تطعيم كورونا والماتش ماتلعبش! لو كان الشناوي مسك رجلة واستموت لما اتحدفت عليه ازازة ومشينا كان ممكن يتعاد!,Covid Vaccine,,1,Neutral,1,No,0,,,Not clear,Target: Covid Vaccine Text: عشان الماتش ماتلعبش الشرطة دخلت قبضت علي لاعيبة البرازيل عشان زوروا شهادة تطعيم كورونا والماتش ماتلعبش! لو كان الشناوي مسك رجلة واستموت لما اتحدفت عليه ازازة ومشينا كان ممكن يتعاد!,,,,,,,,,1,0,0.64160156,0.35717773,0.0012979507,4,None,Against
1615,بعد مليار جرعة تطعيم ولقاح كورونا حول العالم ،،، هل مازال للعاقل شك !؟ ,Covid Vaccine,بعد مليار جرعة تطعيم ولقاح كورونا حول العالم ،، هل مازال للعاقل شك !؟,Covid Vaccine,Favor,2,Neutral,1,No,0,F_Explicit,,,Target: Covid Vaccine Text: بعد مليار جرعة تطعيم ولقاح كورونا حول العالم ،، هل مازال للعاقل شك !؟,,,,,,,,,2,1,0.0060768127,0.99365234,0.00012362003,4,Favor,None
1722,أخدت تطعيم #كورونا وشجعت كل اللي أعرفهم ياخدوه بس أنا ضد شغل الحكومات القذر في حبس الشعوب والحد من حرية تحركهم بل ومراقبتهم. صديق مقيم في أستراليا وصل #مصر بعد حبس سنتين وشوية تقريبا لإن القارة قفلت علي نفسها تماما! سيناريو مريب ماكنتش حأصدقه لو إتعمل فيلم.,Covid Vaccine,اخدت تطعيم #كورونا وشجعت كل اللي اعرفهم ياخدوه بس انا ضد شغل الحكومات القذر في حبس الشعوب والحد من حرية تحركهم بل ومراقبتهم. صديق مقيم في استراليا وصل #مصر بعد حبس سنتين وشوية تقريبا لان القارة قفلت علي نفسها تماما! سيناريو مريب ماكنتش حاصدقه لو اتعمل فيلم.,Covid Vaccine,Favor,2,Neutral,1,No,0,F_Explicit,,,Target: Covid Vaccine Text: اخدت تطعيم #كورونا وشجعت كل اللي اعرفهم ياخدوه بس انا ضد شغل الحكومات القذر في حبس الشعوب والحد من حرية تحركهم بل ومراقبتهم. صديق مقيم في استراليا وصل #مصر بعد حبس سنتين وشوية تقريبا لان القارة قفلت علي نفسها تماما! سيناريو مريب ماكنتش حاصدقه لو اتعمل فيلم.,,,,,,,,,2,0,0.9946289,0.00029087067,0.005306244,4,Favor,Against
1832,MENTION MENTION كل الامراض ممكن تنتقل بس الواحد ياخذ بالاسباب و يتوكل على الله ليش ارفض شي ديرتي مصرحته بعدين لا تعورون راسنا عمركم بحثتو عن باقي التطعيمات الي تعطونها عيالكم والا بس تعترضون لمجرد الاعتراض والله والله لو تقرون عن تطعيمات الاطفال و الاعراض الجانبيه انها اكثر من اعراض تطعيم كورونا,Covid Vaccine,مستخدم مستخدم كل الامراض ممكن تنتقل بس الواحد ياخذ بالاسباب و يتوكل علي الله ليش ارفض شي ديرتي مصرحته بعدين لا تعورون راسنا عمركم بحثتو عن باقي التطعيمات الي تعطونها عيالكم والا بس تعترضون لمجرد الاعتراض والله والله لو تقرون عن تطعيمات الاطفال و الاعراض الجانبيه انها اكثر من اعراض تطعيم كورونا,Covid Vaccine,Favor,2,Positive,2,No,0,F_Implicit,,,Target: Covid Vaccine Text: مستخدم مستخدم كل الامراض ممكن تنتقل بس الواحد ياخذ بالاسباب و يتوكل علي الله ليش ارفض شي ديرتي مصرحته بعدين لا تعورون راسنا عمركم بحثتو عن باقي التطعيمات الي تعطونها عيالكم والا بس تعترضون لمجرد الاعتراض والله والله لو تقرون عن تطعيمات الاطفال و الاعراض الجانبيه انها اكثر من اعراض تطعيم كورونا,,,,,,,,,2,0,0.9370117,0.0005054474,0.062316895,4,Favor,Against
1833,  مافي مقارنه بين هالتطعيمات وتطعيمات كورونا وبعدين التطعيمات السابقه مره كل جم سنه مو الحين تطعيم كورونا كل جم شهر.. اووفر شي موطبيعي,Covid Vaccine,مافي مقارنه بين هالتطعيمات وتطعيمات كورونا وبعدين التطعيمات السابقه مره كل جم سنه مو الحين تطعيم كورونا كل جم شهر.. اووفر شي موطبيعي,Covid Vaccine,Against,0,Neutral,1,No,0,,A_Explicit,,Target: Covid Vaccine Text: مافي مقارنه بين هالتطعيمات وتطعيمات كورونا وبعدين التطعيمات السابقه مره كل جم سنه مو الحين تطعيم كورونا كل جم شهر.. اووفر شي موطبيعي,,,,,,,,,0,1,0.008712769,0.9897461,0.001625061,4,Against,None
1865," غالباً لا يتم الالتفات لحاجات مختلف شرائح المجتمع و مدى استعداد المتعاملين بمن فيهم شريحة كبار المواطنين للتحول الرقمي ...   أحياناً يكون التحول الرقمي بمثابة كابوس لبعض شرائح المجتمع .... ""بمنطق هذا هو الموجود و روح دبر عمرك""",Digital Transformation,"غالباً لا يتم الالتفات لحاجات مختلف شرائح المجتمع و مدي استعداد المتعاملين بمن فيهم شريحة كبار المواطنين للتحول الرقمي .. احياناً يكون التحول الرقمي بمثابة كابوس لبعض شرائح المجتمع .. ""بمنطق هذا هو الموجود و روح دبر عمرك""",Digital Transformation,Against,0,Negative,0,No,0,,A_Explicit,,"Target: Digital Transformation Text: غالباً لا يتم الالتفات لحاجات مختلف شرائح المجتمع و مدي استعداد المتعاملين بمن فيهم شريحة كبار المواطنين للتحول الرقمي .. احياناً يكون التحول الرقمي بمثابة كابوس لبعض شرائح المجتمع .. ""بمنطق هذا هو الموجود و روح دبر عمرك""",,,,,,,,,0,2,0.0052948,0.31079102,0.68408203,4,Against,Favor
1869,دام فايروس كورونا المتجدد كل يوم لابس لنا حله مره صيني ومره بريطاني ومره هندي وكل واحدٍ يغير ويبدع على كيفه ، التطعيم بيكون متجدد ايضاً ؟ 🤣 وكل موجه تطعيم شكل دامه متجدد يبيله تطعيم متخصص ,Covid Vaccine,دام فايروس كورونا المتجدد كل يوم لابس لنا حله مره صيني ومره بريطاني ومره هندي وكل واحدٍ يغير ويبدع علي كيفه ، التطعيم بيكون متجدد ايضاً ؟ 🤣 وكل موجه تطعيم شكل دامه متجدد يبيله تطعيم متخصص,Covid Vaccine,,1,Neutral,1,Yes,1,,,,Target: Covid Vaccine Text: دام فايروس كورونا المتجدد كل يوم لابس لنا حله مره صيني ومره بريطاني ومره هندي وكل واحدٍ يغير ويبدع علي كيفه ، التطعيم بيكون متجدد ايضاً ؟ 🤣 وكل موجه تطعيم شكل دامه متجدد يبيله تطعيم متخصص,,,,,,,,,1,0,0.8881836,0.111694336,0.0003259182,4,None,Against
1922,ياخذون ادوية الدنيا والدين بدون علم الموافقة الدوائيه او المنطمة الغذائيه عادي .. يغزون ابر فيلر وبوتكس مايدرون شنو مكوناتها عادي .. بس ياخذون تطعيم كورونا لاااا ومؤامرة وماعليه دراسات كافية وماوافقت عليه المنظمة الغذائية .. سبحان الله   #التطعيم #التطعيم_واجب_وطني,Covid Vaccine,ياخذون ادوية الدنيا والدين بدون علم الموافقة الدوائيه او المنطمة الغذائيه عادي .. يغزون ابر فيلر وبوتكس مايدرون شنو مكوناتها عادي .. بس ياخذون تطعيم كورونا لاا ومؤامرة وماعليه دراسات كافية وماوافقت عليه المنظمة الغذائية .. سبحان الله #التطعيم #التطعيم واجب وطني,Covid Vaccine,Favor,2,Positive,2,No,0,F_Explicit,,,Target: Covid Vaccine Text: ياخذون ادوية الدنيا والدين بدون علم الموافقة الدوائيه او المنطمة الغذائيه عادي .. يغزون ابر فيلر وبوتكس مايدرون شنو مكوناتها عادي .. بس ياخذون تطعيم كورونا لاا ومؤامرة وماعليه دراسات كافية وماوافقت عليه المنظمة الغذائية .. سبحان الله #التطعيم #التطعيم واجب وطني,,,,,,,,,2,0,0.9995117,0.00017154217,0.00026106834,4,Favor,Against
2026,#لا_للتطعيم_الاجباري205 الي يقولون شفيها ترا من وانت صغير تاخذ تطعيم اي صح من احنا صغار ناخذ وياكثر التطعيمات الي طلعت والناس طعموا ليش؟ لانها بتحميهم من الامراض بأذن الله لكن لما نجي عند لقاح كورونا ليش يقطعون رزقك ورزق عيالك عشان ابره بس !!؟ سالت نفسك ليش اللقاح ذا ماخذ ضجه !؟,Covid Vaccine,#لا للتطعيم الاجباري205 الي يقولون شفيها ترا من وانت صغير تاخذ تطعيم اي صح من احنا صغار ناخذ وياكثر التطعيمات الي طلعت والناس طعموا ليش؟ لانها بتحميهم من الامراض باذن الله لكن لما نجي عند لقاح كورونا ليش يقطعون رزقك ورزق عيالك عشان ابره بس !!؟ سالت نفسك ليش اللقاح ذا ماخذ ضجه !؟,Covid Vaccine,Against,0,Negative,0,No,0,,A_Explicit,,Target: Covid Vaccine Text: #لا للتطعيم الاجباري205 الي يقولون شفيها ترا من وانت صغير تاخذ تطعيم اي صح من احنا صغار ناخذ وياكثر التطعيمات الي طلعت والناس طعموا ليش؟ لانها بتحميهم من الامراض باذن الله لكن لما نجي عند لقاح كورونا ليش يقطعون رزقك ورزق عيالك عشان ابره بس !!؟ سالت نفسك ليش اللقاح ذا ماخذ ضجه !؟,,,,,,,,,0,2,0.00045657158,0.0001502037,0.9995117,4,Against,Favor
2036,قبل التحول والربط الالكتروني   كانت مشكلاتنا موضوعية  ولم نواجه مشكلة الا في صلب المعاملة   لكن عند مواجه مشكلة تقنية تتعطل لما يقارب او يزيد عن ١٥ يوما  ولم ابالغ في هذا الرقم ابدا بل غالبا يزيد URL,Digital Transformation,قبل التحول والربط الالكتروني كانت مشكلاتنا موضوعية ولم نواجه مشكلة الا في صلب المعاملة لكن عند مواجه مشكلة تقنية تتعطل لما يقارب او يزيد عن ١٥ يوما ولم ابالغ في هذا الرقم ابدا بل غالبا يزيد,Digital Transformation,Against,0,Negative,0,No,0,,A_Explicit,,Target: Digital Transformation Text: قبل التحول والربط الالكتروني كانت مشكلاتنا موضوعية ولم نواجه مشكلة الا في صلب المعاملة لكن عند مواجه مشكلة تقنية تتعطل لما يقارب او يزيد عن ١٥ يوما ولم ابالغ في هذا الرقم ابدا بل غالبا يزيد,,,,,,,,,0,2,0.44189453,0.04019165,0.5180664,4,Against,Favor
2071, للأسف كنا ننتظر من التحول الألكتروني المساهمة في العدالة الناجزة   ولكن وصل بنا الحال للعدالة العاجزة   ليس العيب في الفكرة ولكن في التطبيق !,Digital Transformation,للاسف كنا ننتظر من التحول الالكتروني المساهمة في العدالة الناجزة ولكن وصل بنا الحال للعدالة العاجزة ليس العيب في الفكرة ولكن في التطبيق !,Digital Transformation,,1,Neutral,1,No,0,,,Not clear,Target: Digital Transformation Text: للاسف كنا ننتظر من التحول الالكتروني المساهمة في العدالة الناجزة ولكن وصل بنا الحال للعدالة العاجزة ليس العيب في الفكرة ولكن في التطبيق !,,,,,,,,,1,0,0.5991211,0.039520264,0.36132812,4,None,Against
2120,الذين لم يشعروا بالزلزال اليوم كانت نتيجة انهم اخذوا تطعيم فايزر ضد كورونا والان اصبح التطعيم ضد الزلزال ايضا شكرا فايزر 😇,Covid Vaccine,الذين لم يشعروا بالزلزال اليوم كانت نتيجة انهم اخذوا تطعيم فايزر ضد كورونا والان اصبح التطعيم ضد الزلزال ايضا شكرا فايزر 😇,Covid Vaccine,,1,Neutral,1,Yes,1,,,,Target: Covid Vaccine Text: الذين لم يشعروا بالزلزال اليوم كانت نتيجة انهم اخذوا تطعيم فايزر ضد كورونا والان اصبح التطعيم ضد الزلزال ايضا شكرا فايزر 😇,,,,,,,,,1,2,0.0001231432,0.00039434433,0.9995117,4,None,Favor
2140,  صار لي ساعة أحاول أسدد  الآن في ظل التحول الإلكتروني المفروض أسهل شيء عملية السداد وأنتم شكلكم ماتبغونا نسدد,Digital Transformation,صار لي ساعة احاول اسدد الان في ظل التحول الالكتروني المفروض اسهل شيء عملية السداد وانتم شكلكم ماتبغونا نسدد,Digital Transformation,Against,0,Negative,0,No,0,,A_Explicit,,Target: Digital Transformation Text: صار لي ساعة احاول اسدد الان في ظل التحول الالكتروني المفروض اسهل شيء عملية السداد وانتم شكلكم ماتبغونا نسدد,,,,,,,,,0,2,0.019943237,0.0042381287,0.97558594,4,Against,Favor
2209, الكلام كان عن تطعيم الاطفال ب اللقاح و التطعيم الخاص ب فيروس كورونا انت تدري ان مناعة الاطفال قوية جدا بفضل الله سبحانه وتعالى وانهم لا يحتاجون لقاح ضار اتمنى لما تقرا تشغل عقلك وتركز وتستوعب الكلام المكتوب مشكلتك عندك ضعف بالاستيعاب والفهم النقا,Covid Vaccine,الكلام كان عن تطعيم الاطفال ب اللقاح و التطعيم الخاص ب فيروس كورونا انت تدري ان مناعة الاطفال قوية جدا بفضل الله سبحانه وتعالي وانهم لا يحتاجون لقاح ضار اتمني لما تقرا تشغل عقلك وتركز وتستوعب الكلام المكتوب مشكلتك عندك ضعف بالاستيعاب والفهم النقا,Covid Vaccine,Against,0,Negative,0,No,0,,A_Implicit,,Target: Covid Vaccine Text: الكلام كان عن تطعيم الاطفال ب اللقاح و التطعيم الخاص ب فيروس كورونا انت تدري ان مناعة الاطفال قوية جدا بفضل الله سبحانه وتعالي وانهم لا يحتاجون لقاح ضار اتمني لما تقرا تشغل عقلك وتركز وتستوعب الكلام المكتوب مشكلتك عندك ضعف بالاستيعاب والفهم النقا,,,,,,,,,0,2,0.00019919872,0.001666069,0.9980469,4,Against,Favor
2261,بعد التطعيم للحماية من كورونا  نحتاج تطعيم للحماية من سواقة بعض السيدات الفاضلات  وانا اول متبرع لتجربة التطعيم🌷🌷🌷,Covid Vaccine,بعد التطعيم للحماية من كورونا نحتاج تطعيم للحماية من سواقة بعض السيدات الفاضلات وانا اول متبرع لتجربة التطعيم🌷🌷,Covid Vaccine,,1,Neutral,1,Yes,1,,,Not clear,Target: Covid Vaccine Text: بعد التطعيم للحماية من كورونا نحتاج تطعيم للحماية من سواقة بعض السيدات الفاضلات وانا اول متبرع لتجربة التطعيم🌷🌷,,,,,,,,,1,2,8.189678e-05,0.007858276,0.9921875,4,None,Favor
2302,  التطعيم فيك فيك لانه كورونا مو مثل اي انفلونزا لو انها انفلونزا عاديه اقولك اسحب على التطعيم مثل تطعيم الانفلونزا العاديه اما هالمرض الله يكفينا الشر والله غير والله يكتب فيه الخير لنا يارب,Covid Vaccine,التطعيم فيك فيك لانه كورونا مو مثل اي انفلونزا لو انها انفلونزا عاديه اقولك اسحب علي التطعيم مثل تطعيم الانفلونزا العاديه اما هالمرض الله يكفينا الشر والله غير والله يكتب فيه الخير لنا يارب,Covid Vaccine,Against,0,Positive,2,No,0,,,,Target: Covid Vaccine Text: التطعيم فيك فيك لانه كورونا مو مثل اي انفلونزا لو انها انفلونزا عاديه اقولك اسحب علي التطعيم مثل تطعيم الانفلونزا العاديه اما هالمرض الله يكفينا الشر والله غير والله يكتب فيه الخير لنا يارب,,,,,,,,,0,2,0.0018749237,0.00076150894,0.9975586,4,Against,Favor
2307,يثور العالم الآن ضد نظام العمل التقليدي الغير رقمي لأنه لم يتمكن من إسعاف الأعمال بسبب التعطل الناتج عن الجائحة   #لحظة_توقف ماذا لو كانت الجائحة تقنية وتعطلت الأعمال نظرًا لعدم العمل بالشكل التقليدي ؟! هل سيثور العالم ضد التحول الرقمي حينها؟  أنا مع التحول الرقمي بس اهدؤوا 😅,Digital Transformation,يثور العالم الان ضد نظام العمل التقليدي الغير رقمي لانه لم يتمكن من اسعاف الاعمال بسبب التعطل الناتج عن الجائحة #لحظة توقف ماذا لو كانت الجائحة تقنية وتعطلت الاعمال نظرًا لعدم العمل بالشكل التقليدي ؟! هل سيثور العالم ضد التحول الرقمي حينها؟ انا مع التحول الرقمي بس اهدؤوا 😅,Digital Transformation,Favor,2,Positive,2,No,0,F_Explicit,,,Target: Digital Transformation Text: يثور العالم الان ضد نظام العمل التقليدي الغير رقمي لانه لم يتمكن من اسعاف الاعمال بسبب التعطل الناتج عن الجائحة #لحظة توقف ماذا لو كانت الجائحة تقنية وتعطلت الاعمال نظرًا لعدم العمل بالشكل التقليدي ؟! هل سيثور العالم ضد التحول الرقمي حينها؟ انا مع التحول الرقمي بس اهدؤوا 😅,,,,,,,,,2,0,0.9946289,0.00050878525,0.0049705505,4,Favor,Against
2321, تطعيم كورونا راح يحولكم الى زومبي : ,Covid Vaccine,تطعيم كورونا راح يحولكم الي زومبي :,Covid Vaccine,,1,Neutral,1,Yes,1,,,Not clear,Target: Covid Vaccine Text: تطعيم كورونا راح يحولكم الي زومبي :,,,,,,,,,1,0,0.9272461,0.0725708,0.00034499168,4,None,Against
2494,  لو كان الموضوع كله مؤامرة ماسونيه   لماذا يتم تطعيم الاسرائليين حتى الجرعة الرابعة؟ واذكر حضرتك أن من قالوا ان ١١ سبتمبر كان مؤامرة قالوا  تم إبلاغ اليهود بعدم الذهاب إلى برجيي التجارة العالمية ذلك اليوم. فيكون المنطقي منع اللقاح ,Covid Vaccine,لو كان الموضوع كله مؤامرة ماسونيه لماذا يتم تطعيم الاسرائليين حتي الجرعة الرابعة؟ واذكر حضرتك ان من قالوا ان ١١ سبتمبر كان مؤامرة قالوا تم ابلاغ اليهود بعدم الذهاب الي برجيي التجارة العالمية ذلك اليوم. فيكون المنطقي منع اللقاح,Covid Vaccine,Favor,2,Neutral,1,No,0,F_Implicit,,,Target: Covid Vaccine Text: لو كان الموضوع كله مؤامرة ماسونيه لماذا يتم تطعيم الاسرائليين حتي الجرعة الرابعة؟ واذكر حضرتك ان من قالوا ان ١١ سبتمبر كان مؤامرة قالوا تم ابلاغ اليهود بعدم الذهاب الي برجيي التجارة العالمية ذلك اليوم. فيكون المنطقي منع اللقاح,,,,,,,,,2,0,0.9995117,0.00018584728,0.00048685074,4,Favor,Against
2576,لو كان رئيس مجلس الوزراء جاد في تطبيق مفهموم الحكومة الالكترونية حقا  لشكل فريق عمل لتقييم و تطوير ومتابعة وتذليل كافة الصعوبات على ارض الواقع لأجل التحول الالكتروني وتسهيل عمل #تطبيق_سهل  ولكن يبقى الواقع على ماهو عليه ومكانك سر!!,Digital Transformation,لو كان رئيس مجلس الوزراء جاد في تطبيق مفهموم الحكومة الالكترونية حقا لشكل فريق عمل لتقييم و تطوير ومتابعة وتذليل كافة الصعوبات علي ارض الواقع لاجل التحول الالكتروني وتسهيل عمل #تطبيق سهل ولكن يبقي الواقع علي ماهو عليه ومكانك سر!!,Digital Transformation,Against,0,Negative,0,No,0,,A_Explicit,,Target: Digital Transformation Text: لو كان رئيس مجلس الوزراء جاد في تطبيق مفهموم الحكومة الالكترونية حقا لشكل فريق عمل لتقييم و تطوير ومتابعة وتذليل كافة الصعوبات علي ارض الواقع لاجل التحول الالكتروني وتسهيل عمل #تطبيق سهل ولكن يبقي الواقع علي ماهو عليه ومكانك سر!!,,,,,,,,,0,2,0.00028443336,0.0007081032,0.99902344,4,Against,Favor
2626,انا لو يخيروني اخذ التطعيم عشان اسافر ولا اتم قاعد بديرتي ... بتم بديرتي ولا اخذه ... و اذا الديرة شرطت علي اخذه فرض ... بطلع لجوء ✌️... #الكويت #تطعيم_كورونا #كورونا,Covid Vaccine,انا لو يخيروني اخذ التطعيم عشان اسافر ولا اتم قاعد بديرتي .. بتم بديرتي ولا اخذه .. و اذا الديرة شرطت علي اخذه فرض .. بطلع لجوء ✌️.. #الكويت #تطعيم كورونا #كورونا,Covid Vaccine,Against,0,Neutral,1,No,0,,A_Explicit,,Target: Covid Vaccine Text: انا لو يخيروني اخذ التطعيم عشان اسافر ولا اتم قاعد بديرتي .. بتم بديرتي ولا اخذه .. و اذا الديرة شرطت علي اخذه فرض .. بطلع لجوء ✌️.. #الكويت #تطعيم كورونا #كورونا,,,,,,,,,0,1,0.25073242,0.7480469,0.0013017654,4,Against,None
2666,دكتوري أخذ تطعيم كورونا .. وصار له أسبوع تعبان ومريض ما عطانا ولا محاضره .. كل يوم الصبح يدز لنا انه تعبان وحرارته مرتفعه وضغط الدم عنده نازل .. أنا حيييل متضايقه عليه .. يارب انك تشافيه وتعافيه يارب🙏🏻♥️,Covid Vaccine,دكتوري اخذ تطعيم كورونا .. وصار له اسبوع تعبان ومريض ما عطانا ولا محاضره .. كل يوم الصبح يدز لنا انه تعبان وحرارته مرتفعه وضغط الدم عنده نازل .. انا حييل متضايقه عليه .. يارب انك تشافيه وتعافيه يارب🙏🏻♥️,Covid Vaccine,Against,0,Neutral,1,No,0,,A_Implicit,,Target: Covid Vaccine Text: دكتوري اخذ تطعيم كورونا .. وصار له اسبوع تعبان ومريض ما عطانا ولا محاضره .. كل يوم الصبح يدز لنا انه تعبان وحرارته مرتفعه وضغط الدم عنده نازل .. انا حييل متضايقه عليه .. يارب انك تشافيه وتعافيه يارب🙏🏻♥️,,,,,,,,,0,2,0.0013189316,0.12963867,0.8691406,4,Against,Favor
2773, #التحول_الرقمي مفهوم واسع ويجب التعامل معه على انه اطار للتحول في الاعمال المستقبلية وليس هو التحول ذاته فالتحول الرقمي قد لايعني انتاج تطبيقات وبرامج فقط. بل هو قدرة مؤسسات الاعمال على التعامل مع التطورات المستقبلية ذات الطابع الرقمي,Digital Transformation,#التحول الرقمي مفهوم واسع ويجب التعامل معه علي انه اطار للتحول في الاعمال المستقبلية وليس هو التحول ذاته فالتحول الرقمي قد لايعني انتاج تطبيقات وبرامج فقط. بل هو قدرة مؤسسات الاعمال علي التعامل مع التطورات المستقبلية ذات الطابع الرقمي,Digital Transformation,,1,Neutral,1,No,0,,,Not clear,Target: Digital Transformation Text: #التحول الرقمي مفهوم واسع ويجب التعامل معه علي انه اطار للتحول في الاعمال المستقبلية وليس هو التحول ذاته فالتحول الرقمي قد لايعني انتاج تطبيقات وبرامج فقط. بل هو قدرة مؤسسات الاعمال علي التعامل مع التطورات المستقبلية ذات الطابع الرقمي,,,,,,,,,1,2,6.7055225e-05,0.00058174133,0.9995117,4,None,Favor
2788, تطعيم كورونا راح يحولكم زومبي: ,Covid Vaccine,تطعيم كورونا راح يحولكم زومبي:,Covid Vaccine,Against,0,Negative,0,Yes,1,,,,Target: Covid Vaccine Text: تطعيم كورونا راح يحولكم زومبي:,,,,,,,,,0,1,0.31396484,0.6855469,0.0003633499,4,Against,None
2802,اللي فاكر اننا بنعمل نهضة تحول رقمي وحوكمة ذكية وفخور بالنظام مايتفرجش على برنامج الشقيري خصوصا حلقة التحول الرقمي في السعودية عشان هيتجلط,Digital Transformation,اللي فاكر اننا بنعمل نهضة تحول رقمي وحوكمة ذكية وفخور بالنظام مايتفرجش علي برنامج الشقيري خصوصا حلقة التحول الرقمي في السعودية عشان هيتجلط,Digital Transformation,Against,0,Negative,0,No,0,,A_Explicit,,Target: Digital Transformation Text: اللي فاكر اننا بنعمل نهضة تحول رقمي وحوكمة ذكية وفخور بالنظام مايتفرجش علي برنامج الشقيري خصوصا حلقة التحول الرقمي في السعودية عشان هيتجلط,,,,,,,,,0,2,0.0970459,0.06829834,0.83447266,4,Against,Favor
2803,والحل مع السلات المتروكه مع كل نشر بحساباتي يدخلوا الموقع ويطلبوا لين يوصلوا عن الدفع يكنسلوا ويرجعوا يطلبوا دفع عن الاستلام 😒 مع كل هذا التحول التقني للان في ناس عالقه بالدفع عند الاستلام يهوووه URL,Digital Transformation,والحل مع السلات المتروكه مع كل نشر بحساباتي يدخلوا الموقع ويطلبوا لين يوصلوا عن الدفع يكنسلوا ويرجعوا يطلبوا دفع عن الاستلام 😒 مع كل هذا التحول التقني للان في ناس عالقه بالدفع عند الاستلام يهووه,Digital Transformation,Against,0,Negative,0,No,0,,A_Explicit,,Target: Digital Transformation Text: والحل مع السلات المتروكه مع كل نشر بحساباتي يدخلوا الموقع ويطلبوا لين يوصلوا عن الدفع يكنسلوا ويرجعوا يطلبوا دفع عن الاستلام 😒 مع كل هذا التحول التقني للان في ناس عالقه بالدفع عند الاستلام يهووه,,,,,,,,,0,1,0.0029563904,0.99560547,0.0014009476,4,Against,None
2807,MENTION MENTION الصغار نفسهم عندهم كرت تطعيم من هو رضيع والان نرفض لقاح كورونا ؟,Covid Vaccine,مستخدم مستخدم الصغار نفسهم عندهم كرت تطعيم من هو رضيع والان نرفض لقاح كورونا ؟,Covid Vaccine,Favor,2,Neutral,1,Yes,1,F_Implicit,,,Target: Covid Vaccine Text: مستخدم مستخدم الصغار نفسهم عندهم كرت تطعيم من هو رضيع والان نرفض لقاح كورونا ؟,,,,,,,,,2,0,0.9941406,0.00016379356,0.0054969788,4,Favor,Against
2822, سمعتِ … ولذلك لن تأخذيه … منطق نظرية المؤامرة … نفس ما سمعناه عن لقاح الأنفلونزا عندما ظهر …  صار لي ١٣ سنة أأخذ تطعيم الأنفلونزا ولم أصاب بها مرة واحدة خلال هذه الفترة وكانت تحبني كثيراً قبل ذلك … أصاب رشح بسيط أحيانا لمدة يوم …  المهم أن عقلي ,Covid Vaccine,سمعتِ … ولذلك لن تاخذيه … منطق نظرية المؤامرة … نفس ما سمعناه عن لقاح الانفلونزا عندما ظهر … صار لي ١٣ سنة ااخذ تطعيم الانفلونزا ولم اصاب بها مرة واحدة خلال هذه الفترة وكانت تحبني كثيراً قبل ذلك … اصاب رشح بسيط احيانا لمدة يوم … المهم ان عقلي,Covid Vaccine,,1,Neutral,1,No,0,,,Not clear,Target: Covid Vaccine Text: سمعتِ … ولذلك لن تاخذيه … منطق نظرية المؤامرة … نفس ما سمعناه عن لقاح الانفلونزا عندما ظهر … صار لي ١٣ سنة ااخذ تطعيم الانفلونزا ولم اصاب بها مرة واحدة خلال هذه الفترة وكانت تحبني كثيراً قبل ذلك … اصاب رشح بسيط احيانا لمدة يوم … المهم ان عقلي,,,,,,,,,1,0,0.9980469,0.000187397,0.0018692017,4,None,Against
2825, كل الأشخاص من عائلتي ومن معارفي ماتوا في المستشفى بسبب كورونا ما كانو ملقحين ولا أخدو اي تطعيم  ..🤷‍♀️,Covid Vaccine,كل الاشخاص من عائلتي ومن معارفي ماتوا في المستشفي بسبب كورونا ما كانو ملقحين ولا اخدو اي تطعيم ..🤷‍♀️,Covid Vaccine,Favor,2,Neutral,1,No,0,F_Explicit,,,Target: Covid Vaccine Text: كل الاشخاص من عائلتي ومن معارفي ماتوا في المستشفي بسبب كورونا ما كانو ملقحين ولا اخدو اي تطعيم ..🤷‍♀️,,,,,,,,,2,0,0.8046875,0.0020503998,0.19311523,4,Favor,Against
2847,هناك فرق شاسع بين #التحول_الرقمي و #الأتمتة  اغلب المنصات الحكومية الموجودة اليوم هي #اتمته وليست #تحول_رقمي  والمسؤولين معتدين بها كثيرا  الأتمتة مكلفه اكثر من التحول الرقمي وعائد الاستثمار عليها بالسالب لأنك ستجد نفسك بنهاية المطاف في دوامه من المشاكل لا يحلها الا التحول الرقمي,Digital Transformation,هناك فرق شاسع بين #التحول الرقمي و #الاتمتة اغلب المنصات الحكومية الموجودة اليوم هي #اتمته وليست #تحول رقمي والمسؤولين معتدين بها كثيرا الاتمتة مكلفه اكثر من التحول الرقمي وعائد الاستثمار عليها بالسالب لانك ستجد نفسك بنهاية المطاف في دوامه من المشاكل لا يحلها الا التحول الرقمي,Digital Transformation,Favor,2,Positive,2,No,0,F_Explicit,,,Target: Digital Transformation Text: هناك فرق شاسع بين #التحول الرقمي و #الاتمتة اغلب المنصات الحكومية الموجودة اليوم هي #اتمته وليست #تحول رقمي والمسؤولين معتدين بها كثيرا الاتمتة مكلفه اكثر من التحول الرقمي وعائد الاستثمار عليها بالسالب لانك ستجد نفسك بنهاية المطاف في دوامه من المشاكل لا يحلها الا التحول الرقمي,,,,,,,,,2,0,0.6176758,0.00060606,0.3815918,4,Favor,Against
2942, وحده امس اقولها بحجز لموعد تطعيم قالت ترى بعد سنتين بتتحولون زومبي او تموتون بعد شهرين لان كورونا جابوها في الافلام بعد وصارت 😂😂,Covid Vaccine,وحده امس اقولها بحجز لموعد تطعيم قالت تري بعد سنتين بتتحولون زومبي او تموتون بعد شهرين لان كورونا جابوها في الافلام بعد وصارت 😂😂,Covid Vaccine,,1,Positive,2,Yes,1,,,Not clear,Target: Covid Vaccine Text: وحده امس اقولها بحجز لموعد تطعيم قالت تري بعد سنتين بتتحولون زومبي او تموتون بعد شهرين لان كورونا جابوها في الافلام بعد وصارت 😂😂,,,,,,,,,1,0,0.9975586,0.0009918213,0.0012960434,4,None,Against
2951,MENTION MENTION MENTION الصراحه ابي جرعة ثالثه وافضل يكون تطعيم دوري لان الدراسات الاخيره لفايزر تقول خلال خمس شهور تنزل فعالية اللقاح يعني تخف وانا بعد ٦ شهور من فايزر صادني كورونا مع كل الأعراض وتعبت تعب ما ابي ارجع اتعب فاتمنى اخذه,Covid Vaccine,مستخدم مستخدم مستخدم الصراحه ابي جرعة ثالثه وافضل يكون تطعيم دوري لان الدراسات الاخيره لفايزر تقول خلال خمس شهور تنزل فعالية اللقاح يعني تخف وانا بعد ٦ شهور من فايزر صادني كورونا مع كل الاعراض وتعبت تعب ما ابي ارجع اتعب فاتمني اخذه,Covid Vaccine,Favor,2,Neutral,1,No,0,F_Explicit,,,Target: Covid Vaccine Text: مستخدم مستخدم مستخدم الصراحه ابي جرعة ثالثه وافضل يكون تطعيم دوري لان الدراسات الاخيره لفايزر تقول خلال خمس شهور تنزل فعالية اللقاح يعني تخف وانا بعد ٦ شهور من فايزر صادني كورونا مع كل الاعراض وتعبت تعب ما ابي ارجع اتعب فاتمني اخذه,,,,,,,,,2,0,0.59375,0.0023155212,0.40405273,4,Favor,Against
2994,من المفارقات العجيبة والإنجازات الصادمة في عملية التحول الإلكتروني  لبلدية مسقط    * كان الترخيص البلدي للسيارات (للمعدات الثقيلة) يخلص في غضون 10 دقائق * بعد التحول الإلكتروني صار يخلص بعد 24 ساعة * في ظل الجائحة وتقليص عدد الموظفين صار بعد 7 أيام  😂 😂 😂 😂,Digital Transformation,من المفارقات العجيبة والانجازات الصادمة في عملية التحول الالكتروني لبلدية مسقط * كان الترخيص البلدي للسيارات (للمعدات الثقيلة) يخلص في غضون 10 دقائق * بعد التحول الالكتروني صار يخلص بعد 24 ساعة * في ظل الجائحة وتقليص عدد الموظفين صار بعد 7 ايام 😂 😂 😂 😂,Digital Transformation,Against,0,Negative,0,No,0,,A_Explicit,,Target: Digital Transformation Text: من المفارقات العجيبة والانجازات الصادمة في عملية التحول الالكتروني لبلدية مسقط * كان الترخيص البلدي للسيارات (للمعدات الثقيلة) يخلص في غضون 10 دقائق * بعد التحول الالكتروني صار يخلص بعد 24 ساعة * في ظل الجائحة وتقليص عدد الموظفين صار بعد 7 ايام 😂 😂 😂 😂,,,,,,,,,0,1,0.000166893,0.9975586,0.002319336,4,Against,None
3000, عجبا، مرة يقولون لقاح استرازينيكا غير فعال و تارة يتهافتون عليه، ما الأمر، و لماذا دول كثيرة علقت تطعيم مواطنيها بهذا اللقاح...؟ أم صارت نكهة السياسة تلقي بضلالها حتى في مجال تسويق الأدوية و اللقاحات...!,Covid Vaccine,عجبا، مرة يقولون لقاح استرازينيكا غير فعال و تارة يتهافتون عليه، ما الامر، و لماذا دول كثيرة علقت تطعيم مواطنيها بهذا اللقاح..؟ ام صارت نكهة السياسة تلقي بضلالها حتي في مجال تسويق الادوية و اللقاحات..!,Covid Vaccine,,1,Negative,0,No,0,,,Not clear,Target: Covid Vaccine Text: عجبا، مرة يقولون لقاح استرازينيكا غير فعال و تارة يتهافتون عليه، ما الامر، و لماذا دول كثيرة علقت تطعيم مواطنيها بهذا اللقاح..؟ ام صارت نكهة السياسة تلقي بضلالها حتي في مجال تسويق الادوية و اللقاحات..!,,,,,,,,,1,0,0.97509766,0.009773254,0.015098572,4,None,Against
3011, بنك مريض ايش فايدة التحول الالكتروني والاون لاين وعلى ابسط شي يقوللي روح الفرع,Digital Transformation,بنك مريض ايش فايدة التحول الالكتروني والاون لاين وعلي ابسط شي يقوللي روح الفرع,Digital Transformation,,1,Negative,0,No,0,,,Not clear,Target: Digital Transformation Text: بنك مريض ايش فايدة التحول الالكتروني والاون لاين وعلي ابسط شي يقوللي روح الفرع,,,,,,,,,1,0,0.99853516,0.00070524216,0.00058698654,4,None,Against
3012, التحول التقني ساعد كثير من الدول في حل كثير من المشاكل في مجال تقديم الخدمة للمواطن مما يجعله يشعر بالرضا ويدفعه للمشاركة في مجالات التنمية المتعددة فلماذا لا تتبني مصر هذة الفكرة ؟,Digital Transformation,التحول التقني ساعد كثير من الدول في حل كثير من المشاكل في مجال تقديم الخدمة للمواطن مما يجعله يشعر بالرضا ويدفعه للمشاركة في مجالات التنمية المتعددة فلماذا لا تتبني مصر هذة الفكرة ؟,Digital Transformation,Against,0,Negative,0,No,0,,A_Explicit,,Target: Digital Transformation Text: التحول التقني ساعد كثير من الدول في حل كثير من المشاكل في مجال تقديم الخدمة للمواطن مما يجعله يشعر بالرضا ويدفعه للمشاركة في مجالات التنمية المتعددة فلماذا لا تتبني مصر هذة الفكرة ؟,,,,,,,,,0,2,7.879734e-05,0.0013904572,0.99853516,4,Against,Favor
3280, لسه عارفة خبر محزن  ٢ قرايبي ماتو بسبب كورونا وآخذين جرعتين تطعيم منهم واحدة شابة,Covid Vaccine,لسه عارفة خبر محزن ٢ قرايبي ماتو بسبب كورونا واخذين جرعتين تطعيم منهم واحدة شابة,Covid Vaccine,Against,0,Negative,0,No,0,,A_Implicit,,Target: Covid Vaccine Text: لسه عارفة خبر محزن ٢ قرايبي ماتو بسبب كورونا واخذين جرعتين تطعيم منهم واحدة شابة,,,,,,,,,0,1,0.052001953,0.9472656,0.0005903244,4,Against,None
3306,  التحول الالكتروني لن يفيد إذا كانت عقول [ بعض] الموظفين متحجرة...!  نحتاج تحول للعقول أولاً.  #التحول_الالكتروني #التحول_المؤسسي #الحكومة_الإلكترونية,Digital Transformation,التحول الالكتروني لن يفيد اذا كانت عقول [ بعض] الموظفين متحجرة..! نحتاج تحول للعقول اولاً. #التحول الالكتروني #التحول المؤسسي #الحكومة الالكترونية,Digital Transformation,Against,0,Negative,0,No,0,,A_Explicit,,Target: Digital Transformation Text: التحول الالكتروني لن يفيد اذا كانت عقول [ بعض] الموظفين متحجرة..! نحتاج تحول للعقول اولاً. #التحول الالكتروني #التحول المؤسسي #الحكومة الالكترونية,,,,,,,,,0,2,8.666515e-05,0.0015668869,0.99853516,4,Against,Favor
3363,MENTION MENTION MENTION انا عندي اصدقاء حاشهم كورونا بدون تطعيم وادخلو عنايه مركزه !!واصدقاء حاشهم كورونا مع تطعيم واعراض ضعيفة!!!,Covid Vaccine,مستخدم مستخدم مستخدم انا عندي اصدقاء حاشهم كورونا بدون تطعيم وادخلو عنايه مركزه !!واصدقاء حاشهم كورونا مع تطعيم واعراض ضعيفة!!,Covid Vaccine,Favor,2,Negative,0,No,0,F_Implicit,,,Target: Covid Vaccine Text: مستخدم مستخدم مستخدم انا عندي اصدقاء حاشهم كورونا بدون تطعيم وادخلو عنايه مركزه !!واصدقاء حاشهم كورونا مع تطعيم واعراض ضعيفة!!,,,,,,,,,2,0,0.9169922,0.0009570122,0.08190918,4,Favor,Against
3409, لان كل ما زاد الاعتماد على الاوراق زادت فرص الواسطات و التنفيع والمصالح  كثير اطراف مو من مصلحتهم التحول الالكتروني الكامل,Digital Transformation,لان كل ما زاد الاعتماد علي الاوراق زادت فرص الواسطات و التنفيع والمصالح كثير اطراف مو من مصلحتهم التحول الالكتروني الكامل,Digital Transformation,Favor,2,Positive,2,No,0,F_Explicit,,,Target: Digital Transformation Text: لان كل ما زاد الاعتماد علي الاوراق زادت فرص الواسطات و التنفيع والمصالح كثير اطراف مو من مصلحتهم التحول الالكتروني الكامل,,,,,,,,,2,0,0.7246094,0.0036716461,0.27148438,4,Favor,Against
3465,#لا_للتطعيم_الاجباري105 علي الطواري  الدنمارك تقرر رسميا انهاء جميع قيود كورونا ابتداءا من أول اكتوبر.  اذن .. لا حقن اجبارية  لا كمامات  لا شهادات تطعيم و لا فحص  URL URL,Covid Vaccine,#لا للتطعيم الاجباري105 علي الطواري الدنمارك تقرر رسميا انهاء جميع قيود كورونا ابتداءا من اول اكتوبر. اذن .. لا حقن اجبارية لا كمامات لا شهادات تطعيم و لا فحص,Covid Vaccine,,1,Neutral,1,No,0,,,Not clear,Target: Covid Vaccine Text: #لا للتطعيم الاجباري105 علي الطواري الدنمارك تقرر رسميا انهاء جميع قيود كورونا ابتداءا من اول اكتوبر. اذن .. لا حقن اجبارية لا كمامات لا شهادات تطعيم و لا فحص,,,,,,,,,1,0,0.99902344,0.00087690353,8.779764e-05,4,None,Against
3471,تم وضع شريحة جينات الشواذي المعدلة وراثياً. من الحين مشتهية موز. 🍌🐒 #تطعيم_كورونا,Covid Vaccine,تم وضع شريحة جينات الشواذي المعدلة وراثياً. من الحين مشتهية موز. 🍌🐒 #تطعيم كورونا,Covid Vaccine,,1,Neutral,1,Yes,1,,,Not Related,Target: Covid Vaccine Text: تم وضع شريحة جينات الشواذي المعدلة وراثياً. من الحين مشتهية موز. 🍌🐒 #تطعيم كورونا,,,,,,,,,1,0,0.9980469,0.0015125275,0.00042414665,4,None,Against
3522,شعبنا غريب !!   تقوله  حظر واغلاق ؟   لا مانبي حظر واغلاق   حلو   تعال اخذ تطعيم ؟   لا ماابي اخذ تطعيم !  ومايبي ينصاب بكورونا !!   تعال اجمعهم ثلاثتهم عاد 😂 عدم اصابة بكورونا مع بدون اغلاق وبدون لقاح !,Covid Vaccine,شعبنا غريب !! تقوله حظر واغلاق ؟ لا مانبي حظر واغلاق حلو تعال اخذ تطعيم ؟ لا ماابي اخذ تطعيم ! ومايبي ينصاب بكورونا !! تعال اجمعهم ثلاثتهم عاد 😂 عدم اصابة بكورونا مع بدون اغلاق وبدون لقاح !,Covid Vaccine,Favor,2,Neutral,1,No,0,,,,Target: Covid Vaccine Text: شعبنا غريب !! تقوله حظر واغلاق ؟ لا مانبي حظر واغلاق حلو تعال اخذ تطعيم ؟ لا ماابي اخذ تطعيم ! ومايبي ينصاب بكورونا !! تعال اجمعهم ثلاثتهم عاد 😂 عدم اصابة بكورونا مع بدون اغلاق وبدون لقاح !,,,,,,,,,2,0,0.9975586,0.00066947937,0.0016965866,4,Favor,Against
3694,إحدى موظفات الطاقم الطبي في ألاسكا الأمريكية  تعرضت لحالة حساسية غريبة في ملامح وجهها بعد أن أخذت تطعيم فريزر ضد كورونا ,Covid Vaccine,احدي موظفات الطاقم الطبي في الاسكا الامريكية تعرضت لحالة حساسية غريبة في ملامح وجهها بعد ان اخذت تطعيم فريزر ضد كورونا,Covid Vaccine,Against,0,Neutral,1,No,0,,A_Implicit,,Target: Covid Vaccine Text: احدي موظفات الطاقم الطبي في الاسكا الامريكية تعرضت لحالة حساسية غريبة في ملامح وجهها بعد ان اخذت تطعيم فريزر ضد كورونا,,,,,,,,,0,1,0.005268097,0.99365234,0.0008802414,4,Against,None
3727,#لقاح_كورونا  #السفر_الدولي لم نعهد في يوم من الأيام على مستوى العالم أن مُنع انسان من السفر بسبب عدم رغبته في تطعيم أو دواء  أو لقاح من يُمنع من السفر يكون بحكم قضائي أو بقرار وزاري من جهة مخوّلة بذلك والأغلب ممن يتم منعهم مُدانون بقضايا أو مُطالبون  فلما التعسّف ؟  فقط,Covid Vaccine,#لقاح كورونا #السفر الدولي لم نعهد في يوم من الايام علي مستوي العالم ان مُنع انسان من السفر بسبب عدم رغبته في تطعيم او دواء او لقاح من يُمنع من السفر يكون بحكم قضائي او بقرار وزاري من جهة مخوّلة بذلك والاغلب ممن يتم منعهم مُدانون بقضايا او مُطالبون فلما التعسّف ؟ فقط,Covid Vaccine,,1,Neutral,1,No,0,,,Not clear,Target: Covid Vaccine Text: #لقاح كورونا #السفر الدولي لم نعهد في يوم من الايام علي مستوي العالم ان مُنع انسان من السفر بسبب عدم رغبته في تطعيم او دواء او لقاح من يُمنع من السفر يكون بحكم قضائي او بقرار وزاري من جهة مخوّلة بذلك والاغلب ممن يتم منعهم مُدانون بقضايا او مُطالبون فلما التعسّف ؟ فقط,,,,,,,,,1,0,0.99072266,0.009025574,0.00037646294,4,None,Against
3761,سلسلة محاضرات ثرية و مجانية بانتظارك على #ويبينار_التحول_التقني 🌐 ستعينك على رفع كفاءة أعمالك و إدارتها و تقييمها في منظمتك غير الربحية ↗️🤩  🗓️ من 16 - 2 - 2022 إلى 28 - 2 - 2022 سجّل الآن👇🏼  URL URL,Digital Transformation,سلسلة محاضرات ثرية و مجانية بانتظارك علي #ويبينار التحول التقني 🌐 ستعينك علي رفع كفاءة اعمالك و ادارتها و تقييمها في منظمتك غير الربحية ↗️🤩 🗓️ من 16 - 2 - 2022 الي 28 - 2 - 2022 سجّل الان👇🏼,Digital Transformation,,1,Positive,2,No,0,,,Not clear,Target: Digital Transformation Text: سلسلة محاضرات ثرية و مجانية بانتظارك علي #ويبينار التحول التقني 🌐 ستعينك علي رفع كفاءة اعمالك و ادارتها و تقييمها في منظمتك غير الربحية ↗️🤩 🗓️ من 16 - 2 - 2022 الي 28 - 2 - 2022 سجّل الان👇🏼,,,,,,,,,1,2,0.00016355515,0.00157547,0.9980469,4,None,Favor
3791,من أهم المؤشرات التي استند اليها المسح هو مؤشر رأس المال البشري والذي يعتبر الاداة الحقيقية في تفعيل #الحكومة الالكترونية واذا كان رأس المال البشري غير مؤهل وغير قابل للتغير فهذي اكبر معظلة تواجهها الحكومة للتحول الرقمي او التحول الي الحكومة الذكية,Digital Transformation,من اهم المؤشرات التي استند اليها المسح هو مؤشر راس المال البشري والذي يعتبر الاداة الحقيقية في تفعيل #الحكومة الالكترونية واذا كان راس المال البشري غير مؤهل وغير قابل للتغير فهذي اكبر معظلة تواجهها الحكومة للتحول الرقمي او التحول الي الحكومة الذكية,Digital Transformation,,1,Neutral,1,No,0,,,Not clear,Target: Digital Transformation Text: من اهم المؤشرات التي استند اليها المسح هو مؤشر راس المال البشري والذي يعتبر الاداة الحقيقية في تفعيل #الحكومة الالكترونية واذا كان راس المال البشري غير مؤهل وغير قابل للتغير فهذي اكبر معظلة تواجهها الحكومة للتحول الرقمي او التحول الي الحكومة الذكية,,,,,,,,,1,2,0.0013933182,0.0064353943,0.9921875,4,None,Favor
3798,  متى سنضع خطه استراتيجيه واضحه و بالشراكة مع القطاع الخاص لنخرج من دوامة الحكومه الالكترونيه  التحول الرقمي و اردن رقمي   الى آخر هذه المسميات . طبعاً طلب جلالة الملك بحكومه لا ورقيه 2020 اصبح مستحيل التحقيق وهذا ما أوضحت عدم حدوثه بتاريخ 15/1,Digital Transformation,متي سنضع خطه استراتيجيه واضحه و بالشراكة مع القطاع الخاص لنخرج من دوامة الحكومه الالكترونيه التحول الرقمي و اردن رقمي الي اخر هذه المسميات . طبعاً طلب جلالة الملك بحكومه لا ورقيه 2020 اصبح مستحيل التحقيق وهذا ما اوضحت عدم حدوثه بتاريخ 15/1,Digital Transformation,,1,Neutral,1,No,0,,,Not clear,Target: Digital Transformation Text: متي سنضع خطه استراتيجيه واضحه و بالشراكة مع القطاع الخاص لنخرج من دوامة الحكومه الالكترونيه التحول الرقمي و اردن رقمي الي اخر هذه المسميات . طبعاً طلب جلالة الملك بحكومه لا ورقيه 2020 اصبح مستحيل التحقيق وهذا ما اوضحت عدم حدوثه بتاريخ 15/1,,,,,,,,,1,0,0.9838867,0.013954163,0.0021572113,4,None,Against
3927, في سباق مع الزمن .. #السعودية تتخطى حاجز 3 ملايين جرعة من #لقاح_كورونا  تم تقديمها للمواطنين والمقيمين على أرضها ، ولازالت الحملة مستمرة على أمل تطعيم اكبر عدد ممكن و الحصول على المناعة المجتمعية بإذن الله ، وانتهاء هذا الوباء . #كورونا ((منقول)),Covid Vaccine,في سباق مع الزمن .. #السعودية تتخطي حاجز 3 ملايين جرعة من #لقاح كورونا تم تقديمها للمواطنين والمقيمين علي ارضها ، ولازالت الحملة مستمرة علي امل تطعيم اكبر عدد ممكن و الحصول علي المناعة المجتمعية باذن الله ، وانتهاء هذا الوباء . #كورونا ((منقول)),Covid Vaccine,,1,Positive,2,No,0,,,Not clear,Target: Covid Vaccine Text: في سباق مع الزمن .. #السعودية تتخطي حاجز 3 ملايين جرعة من #لقاح كورونا تم تقديمها للمواطنين والمقيمين علي ارضها ، ولازالت الحملة مستمرة علي امل تطعيم اكبر عدد ممكن و الحصول علي المناعة المجتمعية باذن الله ، وانتهاء هذا الوباء . #كورونا ((منقول)),,,,,,,,,1,2,6.777048e-05,0.0015983582,0.99853516,4,None,Favor
3984,تطعيم كورونا كانهم حاطين لي هواء مو تطعيم ماامداني اجلس الا قالت لي خلصنا  سحب الدم احس فيه أكثر،الله ينفع به ♥️,Covid Vaccine,تطعيم كورونا كانهم حاطين لي هواء مو تطعيم ماامداني اجلس الا قالت لي خلصنا سحب الدم احس فيه اكثر،الله ينفع به ♥️,Covid Vaccine,Favor,2,Negative,0,No,0,F_Implicit,,,Target: Covid Vaccine Text: تطعيم كورونا كانهم حاطين لي هواء مو تطعيم ماامداني اجلس الا قالت لي خلصنا سحب الدم احس فيه اكثر،الله ينفع به ♥️,,,,,,,,,2,0,0.72509766,0.0033836365,0.27172852,4,Favor,Against
4107,في 2009 ما عانينا مع النقل المباشر زي كذا..! المملكة تشهد عصر التحول التقني في جميع الأصعدة.. ماعدا الرياضة ونقلها المباشر والذي فشل فشلاً ذريعاً ورجعنا لعصور قديمة..!        #الرياضة_على_شاهد_وGOBX   URL,Digital Transformation,في 2009 ما عانينا مع النقل المباشر زي كذا..! المملكة تشهد عصر التحول التقني في جميع الاصعدة.. ماعدا الرياضة ونقلها المباشر والذي فشل فشلاً ذريعاً ورجعنا لعصور قديمة..! #الرياضة علي شاهد وGOBX,Digital Transformation,Favor,2,Positive,2,No,0,F_Explicit,,,Target: Digital Transformation Text: في 2009 ما عانينا مع النقل المباشر زي كذا..! المملكة تشهد عصر التحول التقني في جميع الاصعدة.. ماعدا الرياضة ونقلها المباشر والذي فشل فشلاً ذريعاً ورجعنا لعصور قديمة..! #الرياضة علي شاهد وGOBX,,,,,,,,,2,0,0.97021484,0.0005030632,0.029052734,4,Favor,Against
4120,ياجماعه الخير  هل يعقل اليوم جهة خدمية تذهب لانجاز معاملة تجد الرد ان السيستم عطلان من يومين وفوقهم اجازة نهاية الاسبوع نحن اليوم نتكلم عن الخدمات و التحول الالكتروني ومازلنا في عزلة عن الغير اقرار القرارات سهل على ارض ترى العكس,Digital Transformation,ياجماعه الخير هل يعقل اليوم جهة خدمية تذهب لانجاز معاملة تجد الرد ان السيستم عطلان من يومين وفوقهم اجازة نهاية الاسبوع نحن اليوم نتكلم عن الخدمات و التحول الالكتروني ومازلنا في عزلة عن الغير اقرار القرارات سهل علي ارض تري العكس,Digital Transformation,Favor,2,Positive,2,No,0,F_Explicit,,,Target: Digital Transformation Text: ياجماعه الخير هل يعقل اليوم جهة خدمية تذهب لانجاز معاملة تجد الرد ان السيستم عطلان من يومين وفوقهم اجازة نهاية الاسبوع نحن اليوم نتكلم عن الخدمات و التحول الالكتروني ومازلنا في عزلة عن الغير اقرار القرارات سهل علي ارض تري العكس,,,,,,,,,2,0,0.7607422,0.23596191,0.0031700134,4,Favor,Against
286,اللي استغربه من حقين الانت فاكسز انهم يقولوا راح ناخذ تطعيم كورونا الين نموت على اساس انه شي جديد ذا مو تطعيمات الانفلونزا كل سنة وبعض التطعيمات كل كم سنة معينة وانه الموضوع تجارة وشغل الله يقهرهم ماعندهم حاجة صاحية يحاججون الناس فيها,Covid Vaccine,اللي استغربه من حقين الانت فاكسز انهم يقولوا راح ناخذ تطعيم كورونا الين نموت علي اساس انه شي جديد ذا مو تطعيمات الانفلونزا كل سنة وبعض التطعيمات كل كم سنة معينة وانه الموضوع تجارة وشغل الله يقهرهم ماعندهم حاجة صاحية يحاججون الناس فيها,Covid Vaccine,Favor,2,Positive,2,No,0,F_Implicit,,,Target: Covid Vaccine Text: اللي استغربه من حقين الانت فاكسز انهم يقولوا راح ناخذ تطعيم كورونا الين نموت علي اساس انه شي جديد ذا مو تطعيمات الانفلونزا كل سنة وبعض التطعيمات كل كم سنة معينة وانه الموضوع تجارة وشغل الله يقهرهم ماعندهم حاجة صاحية يحاججون الناس فيها,,,,,,,,,2,0,0.91845703,0.076171875,0.0052337646,4,Favor,Against
1485,#كلوب_هاوس   يعني الحين شهادة تطعيم كورونا ل #ابو_سعبولة او #تيمورلنك  أهم من شهادة الدكتوراة للهامات والقامات السعودية   #جارح  #الطيار URL,Covid Vaccine,#كلوب هاوس يعني الحين شهادة تطعيم كورونا ل #ابو سعبولة او #تيمورلنك اهم من شهادة الدكتوراة للهامات والقامات السعودية #جارح #الطيار,Covid Vaccine,Favor,2,Neutral,1,No,0,F_Explicit,,,Target: Covid Vaccine Text: #كلوب هاوس يعني الحين شهادة تطعيم كورونا ل #ابو سعبولة او #تيمورلنك اهم من شهادة الدكتوراة للهامات والقامات السعودية #جارح #الطيار,,,,,,,,,2,1,0.00466156,0.9951172,0.00038862228,4,Favor,None
1829,أقوى صاروخ سمعته عن تطعيم كورونا  أن التطعيم يدخل في جيناتنا ويحولنا زومي 😭😭😭😭😭😭😭😭💔💔💔💔💔💔💔💔💔💔 لاااااااا والله مب جذي  حجي فاهم الموضوع وايد غللللللططططط!!!!😭💔 المشكلة أن مقتنع!!!😭😭 مافكرت ولو لثانية أني اناقشه صراحة 🙂,Covid Vaccine,اقوي صاروخ سمعته عن تطعيم كورونا ان التطعيم يدخل في جيناتنا ويحولنا زومي 😭😭💔💔 لاا والله مب جذي حجي فاهم الموضوع وايد غللطط!!😭💔 المشكلة ان مقتنع!!😭😭 مافكرت ولو لثانية اني اناقشه صراحة 🙂,Covid Vaccine,Favor,2,Negative,0,Yes,1,F_Implicit,,,Target: Covid Vaccine Text: اقوي صاروخ سمعته عن تطعيم كورونا ان التطعيم يدخل في جيناتنا ويحولنا زومي 😭😭💔💔 لاا والله مب جذي حجي فاهم الموضوع وايد غللطط!!😭💔 المشكلة ان مقتنع!!😭😭 مافكرت ولو لثانية اني اناقشه صراحة 🙂,,,,,,,,,2,0,0.8041992,0.18811035,0.007896423,4,Favor,Against
2911,ودي اقترح على لجنه كورونا ... الي عنده شهاده تطعيم فتحوله كل شي اما الي ماعنده فرضوا عليه الحظر 🥲,Covid Vaccine,ودي اقترح علي لجنه كورونا .. الي عنده شهاده تطعيم فتحوله كل شي اما الي ماعنده فرضوا عليه الحظر 🥲,Covid Vaccine,Favor,2,Neutral,1,No,0,F_Implicit,,,Target: Covid Vaccine Text: ودي اقترح علي لجنه كورونا .. الي عنده شهاده تطعيم فتحوله كل شي اما الي ماعنده فرضوا عليه الحظر 🥲,,,,,,,,,2,1,0.0038013458,0.9951172,0.0013046265,4,Favor,None
1307,  وألف سلامة عليكم ربي يعديكم الشر بس هذا تصريح واحد من بورد شركة لقاح اكسفورد - وان ما حصلت مضاعفات آنية وقد تحصل لكن بعد اربع سنوات او اكثر هم ذاتهم لا يعلمون ترا اللي قاعد يصير الحين تطعيم تجريبي من حقكم تعرفون ,Covid Vaccine,وألف سلامة عليكم ربي يعديكم الشر بس هذا تصريح واحد من بورد شركة لقاح اكسفورد - وان ما حصلت مضاعفات آنية وقد تحصل لكن بعد اربع سنوات او اكثر هم ذاتهم لا يعلمون ترا اللي قاعد يصير الحين تطعيم تجريبي من حقكم تعرفون,Covid Vaccine,Against,0,Neutral,1,No,0,,A_Implicit,,Target: Covid Vaccine Text: وألف سلامة عليكم ربي يعديكم الشر بس هذا تصريح واحد من بورد شركة لقاح اكسفورد - وان ما حصلت مضاعفات آنية وقد تحصل لكن بعد اربع سنوات او اكثر هم ذاتهم لا يعلمون ترا اللي قاعد يصير الحين تطعيم تجريبي من حقكم تعرفون,,  وألف سلامة عليكم ربي يعديكم الشر بس هذا تصريح واحد من بورد شركة لقاح اكسفورد - وان ما حصلت مضاعفات آنية وقد تحصل لكن بعد اربع سنوات او اكثر هم ذاتهم لا يعلمون ترا اللي قاعد يصير الحين تطعيم تجريبي من حقكم تعرفون ,Covid Vaccine,0.5984,1.0,0.3634,2021-03-19 11:51:53+00:00,19/03/2021,0,1,0.15991211,0.8261719,0.013671875,4,Against,None
26,    كلامك غير صحيح   وهناك أجانب يستلمون ٥٠ و ١٠٠ ألف في الشهر ! وهذا تخصصه مطلوب ومهم في القطاع العام والخاص خصوصاً مع التحول للتعامل الالكتروني  أنا أتعجب اذا هذا ما لقى وظيفة أجل وشلون حال أصحاب أهل الاخصصات النظر,Digital Transformation,كلامك غير صحيح وهناك اجانب يستلمون ٥٠ و ١٠٠ الف في الشهر ! وهذا تخصصه مطلوب ومهم في القطاع العام والخاص خصوصاً مع التحول للتعامل الالكتروني انا اتعجب اذا هذا ما لقي وظيفة اجل وشلون حال اصحاب اهل الاخصصات النظر,Digital Transformation,,1,Neutral,1,No,0,,,Not clear,Target: Digital Transformation Text: كلامك غير صحيح وهناك اجانب يستلمون ٥٠ و ١٠٠ الف في الشهر ! وهذا تخصصه مطلوب ومهم في القطاع العام والخاص خصوصاً مع التحول للتعامل الالكتروني انا اتعجب اذا هذا ما لقي وظيفة اجل وشلون حال اصحاب اهل الاخصصات النظر,,,,,,,,,1,2,2.6881695e-05,0.0002169609,1.0,5,None,Favor
95, والله انا لانجهل ذلك لكن اليوم اصبح حكم القوى على الضعيف هوه المسيطر.عندما تذهب وتريد دفع كاش ويقال لك لااقبل الا الكتروني .وعندما الدوله تلزم المتاجر وغيرها بوجود الدفع الالكتروني فأن التحول سيكون اجباريا .,Digital Transformation,والله انا لانجهل ذلك لكن اليوم اصبح حكم القوي علي الضعيف هوه المسيطر.عندما تذهب وتريد دفع كاش ويقال لك لااقبل الا الكتروني .وعندما الدوله تلزم المتاجر وغيرها بوجود الدفع الالكتروني فان التحول سيكون اجباريا .,Digital Transformation,Against,0,Negative,0,No,0,,A_Explicit,,Target: Digital Transformation Text: والله انا لانجهل ذلك لكن اليوم اصبح حكم القوي علي الضعيف هوه المسيطر.عندما تذهب وتريد دفع كاش ويقال لك لااقبل الا الكتروني .وعندما الدوله تلزم المتاجر وغيرها بوجود الدفع الالكتروني فان التحول سيكون اجباريا .,,,,,,,,,0,2,0.00013232231,0.0007658005,0.99902344,5,Against,Favor
213, كله من تطعيم كورونا😞,Covid Vaccine,كله من تطعيم كورونا😞,Covid Vaccine,Against,0,Negative,0,No,0,,A_Explicit,,Target: Covid Vaccine Text: كله من تطعيم كورونا😞,,,,,,,,,0,1,0.0005021095,0.99902344,0.00051116943,5,Against,None
240,  لا عاد الحمدلله انا ما اعرف واحد ما تطعم #تطعيم_كورونا,Covid Vaccine,لا عاد الحمدلله انا ما اعرف واحد ما تطعم #تطعيم كورونا,Covid Vaccine,,1,Neutral,1,No,0,,,Not clear,Target: Covid Vaccine Text: لا عاد الحمدلله انا ما اعرف واحد ما تطعم #تطعيم كورونا,,,,,,,,,1,2,3.9875507e-05,0.0007762909,0.99902344,5,None,Favor
242,  مثل مافي تطعيم انفلونزا سنوي  راح يصير تطعيم كورونا سنوي. مادري مستغربين ليه! 🤔,Covid Vaccine,مثل مافي تطعيم انفلونزا سنوي راح يصير تطعيم كورونا سنوي. مادري مستغربين ليه! 🤔,Covid Vaccine,Favor,2,Neutral,1,No,0,F_Implicit,,,Target: Covid Vaccine Text: مثل مافي تطعيم انفلونزا سنوي راح يصير تطعيم كورونا سنوي. مادري مستغربين ليه! 🤔,,,,,,,,,2,1,0.00014662743,0.9926758,0.007083893,5,Favor,None
284,صحيح  جدا   لذلك  الكل  يحارب الاتمتة  المؤسسة نفسها تحارب  التحول للنظام الالكتروني  لان رئيس القسم اشترى المنصب الذي يشغله مفتش الكمارك مستقرض حتى يشتري منصبة  لن يسمحوا بالسرعة  و لا الاتمتة URL,Digital Transformation,صحيح جدا لذلك الكل يحارب الاتمتة المؤسسة نفسها تحارب التحول للنظام الالكتروني لان رئيس القسم اشتري المنصب الذي يشغله مفتش الكمارك مستقرض حتي يشتري منصبة لن يسمحوا بالسرعة و لا الاتمتة,Digital Transformation,Against,0,Negative,0,No,0,,A_Explicit,,Target: Digital Transformation Text: صحيح جدا لذلك الكل يحارب الاتمتة المؤسسة نفسها تحارب التحول للنظام الالكتروني لان رئيس القسم اشتري المنصب الذي يشغله مفتش الكمارك مستقرض حتي يشتري منصبة لن يسمحوا بالسرعة و لا الاتمتة,,,,,,,,,0,2,0.0021953583,8.696318e-05,0.9975586,5,Against,Favor
424, اسوء شي التحول الكامل للدفع الالكتروني,Digital Transformation,اسوء شي التحول الكامل للدفع الالكتروني,Digital Transformation,,1,Neutral,1,No,0,,,Not clear,Target: Digital Transformation Text: اسوء شي التحول الكامل للدفع الالكتروني,,,,,,,,,1,0,0.9995117,0.00041246414,9.661913e-05,5,None,Against
438,بحضور رئيس المجلس الإشرافي لمركز جمعية البر بالجبيل #الأحساء أ.حسين اليحيى ومدير المركز أ.حبيب العيسى ومدراء الأقسام في المركز تم التعريف ب #نظام_رافد_الإلكتروني وأهمية #التحول_الرقمي في العمل الخيري ضمن مبادرة تشجيع الجمعيات الخيرية على #رقمنة_العمل_الخيري ل  URL,Digital Transformation,بحضور رئيس المجلس الاشرافي لمركز جمعية البر بالجبيل #الاحساء ا.حسين اليحيي ومدير المركز ا.حبيب العيسي ومدراء الاقسام في المركز تم التعريف ب #نظام رافد الالكتروني واهمية #التحول الرقمي في العمل الخيري ضمن مبادرة تشجيع الجمعيات الخيرية علي #رقمنة العمل الخيري ل,Digital Transformation,,1,Neutral,1,No,0,,,Not clear,Target: Digital Transformation Text: بحضور رئيس المجلس الاشرافي لمركز جمعية البر بالجبيل #الاحساء ا.حسين اليحيي ومدير المركز ا.حبيب العيسي ومدراء الاقسام في المركز تم التعريف ب #نظام رافد الالكتروني واهمية #التحول الرقمي في العمل الخيري ضمن مبادرة تشجيع الجمعيات الخيرية علي #رقمنة العمل الخيري ل,,,,,,,,,1,2,3.9577484e-05,7.545948e-05,1.0,5,None,Favor
475,التعليم عن بُعد جميل و ممتع بكل تفاصيله و آثاره . للطالب  للأسرة للمجمتع  المأمول هو التحول الالكتروني بالكامل   المسابقات   النشاطات   تحدي الابداع  الارشاد والتوجيه و الدعم النفسي ( مهمة جدا جدا) و لدينا في كل منطقة خبراء و خبيرات في هذا الشأن  #التعليم_عن_بعد #مدرستي,Digital Transformation,التعليم عن بُعد جميل و ممتع بكل تفاصيله و اثاره . للطالب للاسرة للمجمتع المامول هو التحول الالكتروني بالكامل المسابقات النشاطات تحدي الابداع الارشاد والتوجيه و الدعم النفسي ( مهمة جدا جدا) و لدينا في كل منطقة خبراء و خبيرات في هذا الشان #التعليم عن بعد #مدرستي,Digital Transformation,Favor,2,Positive,2,No,0,F_Explicit,,,Target: Digital Transformation Text: التعليم عن بُعد جميل و ممتع بكل تفاصيله و اثاره . للطالب للاسرة للمجمتع المامول هو التحول الالكتروني بالكامل المسابقات النشاطات تحدي الابداع الارشاد والتوجيه و الدعم النفسي ( مهمة جدا جدا) و لدينا في كل منطقة خبراء و خبيرات في هذا الشان #التعليم عن بعد #مدرستي,,,,,,,,,2,1,8.493662e-05,1.0,0.00012660027,5,Favor,None
503,جرير تستهدف زيادة معارضها بأكثر من 70 معرض   مخالفه بذلك كثير من الاطروحات المبالغ فيها بشأن التحول الالكتروني للشركات والمتاجر .  يتضح هنا الفرق بين الطرح التحليلي وبين الواقع المبني على الدراسات والاستراتيجيات . URL,Digital Transformation,جرير تستهدف زيادة معارضها باكثر من 70 معرض مخالفه بذلك كثير من الاطروحات المبالغ فيها بشان التحول الالكتروني للشركات والمتاجر . يتضح هنا الفرق بين الطرح التحليلي وبين الواقع المبني علي الدراسات والاستراتيجيات .,Digital Transformation,,1,Neutral,1,No,0,,,Not clear,Target: Digital Transformation Text: جرير تستهدف زيادة معارضها باكثر من 70 معرض مخالفه بذلك كثير من الاطروحات المبالغ فيها بشان التحول الالكتروني للشركات والمتاجر . يتضح هنا الفرق بين الطرح التحليلي وبين الواقع المبني علي الدراسات والاستراتيجيات .,,,,,,,,,1,2,9.894371e-05,4.7385693e-05,1.0,5,None,Favor
509, أنا المناعة عندى كانت الحمدلله قوية والبرد يجيلى فى الشتاء من ٢ ل ٣ مرات لحد رمضان اللى فات جاتلى كورونا واخدت ٣ جرعات اللقاح والبرد مش سايبنى تقريبا بس لو تطعيم الانفلونزا ممكن يحل الموضوع كده اجربه ان شاء الله,Covid Vaccine,انا المناعة عندي كانت الحمدلله قوية والبرد يجيلي في الشتاء من ٢ ل ٣ مرات لحد رمضان اللي فات جاتلي كورونا واخدت ٣ جرعات اللقاح والبرد مش سايبني تقريبا بس لو تطعيم الانفلونزا ممكن يحل الموضوع كده اجربه ان شاء الله,Covid Vaccine,Against,0,Negative,0,No,0,,A_Explicit,,Target: Covid Vaccine Text: انا المناعة عندي كانت الحمدلله قوية والبرد يجيلي في الشتاء من ٢ ل ٣ مرات لحد رمضان اللي فات جاتلي كورونا واخدت ٣ جرعات اللقاح والبرد مش سايبني تقريبا بس لو تطعيم الانفلونزا ممكن يحل الموضوع كده اجربه ان شاء الله,,,,,,,,,0,1,0.00019717216,0.97265625,0.026977539,5,Against,None
629,#البحث_العلمي #إلى_كل_باحث_و_باحثةسوف    مع الأحداث الراهنة و التحول نحو التعليم الإلكتروني وتعليق الحضور لمقرات العمل   ماهو تأثير #الحجر_المنزلي على مستوى الأداء و التواصل مع المشرفين بالبحوث العلمية؟,Digital Transformation,#البحث العلمي #الي كل باحث و باحثةسوف مع الاحداث الراهنة و التحول نحو التعليم الالكتروني وتعليق الحضور لمقرات العمل ماهو تاثير #الحجر المنزلي علي مستوي الاداء و التواصل مع المشرفين بالبحوث العلمية؟,Digital Transformation,Favor,2,Neutral,1,No,0,F_Explicit,,,Target: Digital Transformation Text: #البحث العلمي #الي كل باحث و باحثةسوف مع الاحداث الراهنة و التحول نحو التعليم الالكتروني وتعليق الحضور لمقرات العمل ماهو تاثير #الحجر المنزلي علي مستوي الاداء و التواصل مع المشرفين بالبحوث العلمية؟,,,,,,,,,2,1,3.7133694e-05,1.0,8.922815e-05,5,Favor,None
648,سوو دعايه من اليوم ليه بعد سنه تطعيييم نوووووووووووو #تطعيم_كورونا,Covid Vaccine,سوو دعايه من اليوم ليه بعد سنه تطعييم نوو #تطعيم كورونا,Covid Vaccine,Against,0,Neutral,1,No,0,,A_Explicit,,Target: Covid Vaccine Text: سوو دعايه من اليوم ليه بعد سنه تطعييم نوو #تطعيم كورونا,,,,,,,,,0,2,0.0015077591,0.32250977,0.67626953,5,Against,Favor
654,MENTION MENTION شلون كورونا لعبة و ٧٥٪ من الشعب السويدي مطعم  وشلون لعبة واكثر من ٨٠٪ من اوربا مطعمين ! منو يلعب على منو ! او انتوا بس فاهمين اللعبة واوربا وامريكا مساكين مو فاهمين وطايحين له تطعيم ! في شعوبهم,Covid Vaccine,مستخدم مستخدم شلون كورونا لعبة و ٧٥٪ من الشعب السويدي مطعم وشلون لعبة واكثر من ٨٠٪ من اوربا مطعمين ! منو يلعب علي منو ! او انتوا بس فاهمين اللعبة واوربا وامريكا مساكين مو فاهمين وطايحين له تطعيم ! في شعوبهم,Covid Vaccine,Favor,2,Positive,2,Yes,1,F_Explicit,,,Target: Covid Vaccine Text: مستخدم مستخدم شلون كورونا لعبة و ٧٥٪ من الشعب السويدي مطعم وشلون لعبة واكثر من ٨٠٪ من اوربا مطعمين ! منو يلعب علي منو ! او انتوا بس فاهمين اللعبة واوربا وامريكا مساكين مو فاهمين وطايحين له تطعيم ! في شعوبهم,,,,,,,,,2,0,0.9995117,6.812811e-05,0.0002090931,5,Favor,Against
670,العالم يسابق الزمن لإنهاء كابوس #كورونا بتسجيل مليار جرعة #تطعيم ,Covid Vaccine,العالم يسابق الزمن لانهاء كابوس #كورونا بتسجيل مليار جرعة #تطعيم,Covid Vaccine,,1,Neutral,1,No,0,,,Not clear,Target: Covid Vaccine Text: العالم يسابق الزمن لانهاء كابوس #كورونا بتسجيل مليار جرعة #تطعيم,,,,,,,,,1,2,1.5556812e-05,0.00021529198,1.0,5,None,Favor
692, تطعيم كورونا غير  ماله علاقة بالتطعيمات اللي نعرفها من ناحية التقنية والسرعة اللي ظهر فيها. اما عن نفسي فكنت اثق بالسيستم ثقة عمياء واطعّم عيالي  بس الحين اي شي اسمه تطعيم بشك وبسأل وبدوّر. عيب علي اذا ما سويت جذي,Covid Vaccine,تطعيم كورونا غير ماله علاقة بالتطعيمات اللي نعرفها من ناحية التقنية والسرعة اللي ظهر فيها. اما عن نفسي فكنت اثق بالسيستم ثقة عمياء واطعّم عيالي بس الحين اي شي اسمه تطعيم بشك وبسال وبدوّر. عيب علي اذا ما سويت جذي,Covid Vaccine,Against,0,Neutral,1,No,0,,A_Implicit,,Target: Covid Vaccine Text: تطعيم كورونا غير ماله علاقة بالتطعيمات اللي نعرفها من ناحية التقنية والسرعة اللي ظهر فيها. اما عن نفسي فكنت اثق بالسيستم ثقة عمياء واطعّم عيالي بس الحين اي شي اسمه تطعيم بشك وبسال وبدوّر. عيب علي اذا ما سويت جذي,,,,,,,,,0,2,0.0004916191,7.349253e-05,0.9995117,5,Against,Favor
870,#وطن_طموح_وطن_رقمي نشر الثقافة الرقمية في مرحلة #التحول_الرقمي تجعل التغيير أقل مقاومة من اَي وقت اخر URL,Digital Transformation,#وطن طموح وطن رقمي نشر الثقافة الرقمية في مرحلة #التحول الرقمي تجعل التغيير اقل مقاومة من اَي وقت اخر,Digital Transformation,Against,0,Negative,0,No,0,,A_Explicit,,Target: Digital Transformation Text: #وطن طموح وطن رقمي نشر الثقافة الرقمية في مرحلة #التحول الرقمي تجعل التغيير اقل مقاومة من اَي وقت اخر,,,,,,,,,0,2,2.5093555e-05,0.00012660027,1.0,5,Against,Favor
878,والله التخبط الالكتروني في عصر التحول الرقمي URL,Digital Transformation,والله التخبط الالكتروني في عصر التحول الرقمي,Digital Transformation,Against,0,Negative,0,No,0,,A_Explicit,,Target: Digital Transformation Text: والله التخبط الالكتروني في عصر التحول الرقمي,,,,,,,,,0,1,0.037475586,0.96191406,0.00084495544,5,Against,None
1060,سؤال وجواب حول #الجواز_الإلكتروني الذي أطلقته المملكة ضمن رحلة التحول الرقمي. #التواصل_الحكومي URL,Digital Transformation,سؤال وجواب حول #الجواز الالكتروني الذي اطلقته المملكة ضمن رحلة التحول الرقمي. #التواصل الحكومي,Digital Transformation,,1,Positive,2,No,0,,,Not clear,Target: Digital Transformation Text: سؤال وجواب حول #الجواز الالكتروني الذي اطلقته المملكة ضمن رحلة التحول الرقمي. #التواصل الحكومي,,,,,,,,,1,2,2.7537346e-05,0.014472961,0.98535156,5,None,Favor
1061,بعد اليوم لا تحتاج إلى الحضور شخصيًا حتى توقع مستنداتك! #تقدم_بذكاء واجعلها إلكترونيًا 👌 تعرّف على الأدوات التي تساعدك على ذلك مع #انفوجرافيك_مزن 🔻  URL URL,Digital Transformation,بعد اليوم لا تحتاج الي الحضور شخصيًا حتي توقع مستنداتك! #تقدم بذكاء واجعلها الكترونيًا 👌 تعرّف علي الادوات التي تساعدك علي ذلك مع #انفوجرافيك مزن 🔻,Digital Transformation,,1,Positive,2,No,0,,,Not clear,Target: Digital Transformation Text: بعد اليوم لا تحتاج الي الحضور شخصيًا حتي توقع مستنداتك! #تقدم بذكاء واجعلها الكترونيًا 👌 تعرّف علي الادوات التي تساعدك علي ذلك مع #انفوجرافيك مزن 🔻,,,,,,,,,1,2,2.7298927e-05,9.185076e-05,1.0,5,None,Favor
1090,انزين التطعيم له شغل بضرس العقل ولا قاعده ابالغ؟ 😭  #فايزر #تطعيم #الجرعه_الثالثه #كورونا,Covid Vaccine,انزين التطعيم له شغل بضرس العقل ولا قاعده ابالغ؟ 😭 #فايزر #تطعيم #الجرعه الثالثه #كورونا,Covid Vaccine,,1,Neutral,1,No,0,,,Not clear,Target: Covid Vaccine Text: انزين التطعيم له شغل بضرس العقل ولا قاعده ابالغ؟ 😭 #فايزر #تطعيم #الجرعه الثالثه #كورونا,,,,,,,,,1,0,0.77734375,0.2220459,0.00049495697,5,None,Against
1136,MENTION أخذت اللقاح مش معناته إنك ماراح تصاب ب كورونا! معناها إنك سوف تصاب ولكن بدرجة أقل وأيضا يمكنك نقل الفيروس للاخرين  عشان كده تلبس كمامة إلا اذا تم تطعيم ١٠٠٪ من الشعب مثل دولة جزر القمر خذ راحتك ونزل الكمامات,Covid Vaccine,مستخدم اخذت اللقاح مش معناته انك ماراح تصاب ب كورونا! معناها انك سوف تصاب ولكن بدرجة اقل وايضا يمكنك نقل الفيروس للاخرين عشان كده تلبس كمامة الا اذا تم تطعيم ١٠٠٪ من الشعب مثل دولة جزر القمر خذ راحتك ونزل الكمامات,Covid Vaccine,Favor,2,Neutral,1,No,0,F_Implicit,,,Target: Covid Vaccine Text: مستخدم اخذت اللقاح مش معناته انك ماراح تصاب ب كورونا! معناها انك سوف تصاب ولكن بدرجة اقل وايضا يمكنك نقل الفيروس للاخرين عشان كده تلبس كمامة الا اذا تم تطعيم ١٠٠٪ من الشعب مثل دولة جزر القمر خذ راحتك ونزل الكمامات,,,,,,,,,2,0,0.9975586,0.0020637512,0.00026226044,5,Favor,Against
1181,عايزين مركز تطعيم كورونا.  #ريتويت,Covid Vaccine,عايزين مركز تطعيم كورونا. #ريتويت,Covid Vaccine,,1,Neutral,1,No,0,,,Not clear,Target: Covid Vaccine Text: عايزين مركز تطعيم كورونا. #ريتويت,,,,,,,,,1,2,4.595518e-05,0.0029296875,0.9970703,5,None,Favor
1310,  الجلطات الدماغية من المضاعفات المذكورة على نشرة اللقاح   كل شي بقدر الله حتى اللي يموت من كورونا بدون تطعيم لو طعم هم راح يموت من كورونا بقدر الله ان كان مقدر عليه   ندري ان كل شي مكتوب ومن باب أولى الثقة بالله 🌹مو بتطعيم ( يضر ,Covid Vaccine,الجلطات الدماغية من المضاعفات المذكورة علي نشرة اللقاح كل شي بقدر الله حتي اللي يموت من كورونا بدون تطعيم لو طعم هم راح يموت من كورونا بقدر الله ان كان مقدر عليه ندري ان كل شي مكتوب ومن باب اولي الثقة بالله 🌹مو بتطعيم ( يضر,Covid Vaccine,Against,0,Neutral,1,No,0,,A_Explicit,,Target: Covid Vaccine Text: الجلطات الدماغية من المضاعفات المذكورة علي نشرة اللقاح كل شي بقدر الله حتي اللي يموت من كورونا بدون تطعيم لو طعم هم راح يموت من كورونا بقدر الله ان كان مقدر عليه ندري ان كل شي مكتوب ومن باب اولي الثقة بالله 🌹مو بتطعيم ( يضر,,,,,,,,,0,2,0.0025234222,9.11355e-05,0.9975586,5,Against,Favor
1356, انا عمري ماشفت تطعيم يعمله دعايه ثلاثه من روؤساء امريكا  مجتمعين بأعلان واحد  ولا أطباء اسنان وتخدير وتجميل وهضم وإعلاميين وسياسيين وممثلين ومطربيين وفاشنيستات زي تطعيم كورونا وبعدها لازم نصدق انه رعايه طبيه وليست دعايه🤔🤔🤔🤔🤔,Covid Vaccine,انا عمري ماشفت تطعيم يعمله دعايه ثلاثه من روؤساء امريكا مجتمعين باعلان واحد ولا اطباء اسنان وتخدير وتجميل وهضم واعلاميين وسياسيين وممثلين ومطربيين وفاشنيستات زي تطعيم كورونا وبعدها لازم نصدق انه رعايه طبيه وليست دعايه🤔🤔,Covid Vaccine,Against,0,Neutral,1,No,0,,A_Implicit,,Target: Covid Vaccine Text: انا عمري ماشفت تطعيم يعمله دعايه ثلاثه من روؤساء امريكا مجتمعين باعلان واحد ولا اطباء اسنان وتخدير وتجميل وهضم واعلاميين وسياسيين وممثلين ومطربيين وفاشنيستات زي تطعيم كورونا وبعدها لازم نصدق انه رعايه طبيه وليست دعايه🤔🤔,,,,,,,,,0,2,0.0029678345,0.00024175644,0.99658203,5,Against,Favor
1382,صيدلي فى أمريكا حقن طفلة عمرها 4 أعوام عن طريق الخطأ بلقاح كورونا بدلا من تطعيم الإنفلونزا  ولم تعان الطفلة كوليت من أي آثار جانبية كبيرة حتى الآن.,Covid Vaccine,صيدلي في امريكا حقن طفلة عمرها 4 اعوام عن طريق الخطا بلقاح كورونا بدلا من تطعيم الانفلونزا ولم تعان الطفلة كوليت من اي اثار جانبية كبيرة حتي الان.,Covid Vaccine,Favor,2,Neutral,1,No,0,F_Implicit,,,Target: Covid Vaccine Text: صيدلي في امريكا حقن طفلة عمرها 4 اعوام عن طريق الخطا بلقاح كورونا بدلا من تطعيم الانفلونزا ولم تعان الطفلة كوليت من اي اثار جانبية كبيرة حتي الان.,,,,,,,,,2,0,1.0,0.00016701221,5.0663948e-05,5,Favor,Against
1401,يعني الحين كورونا بينتهي اذا تطعم الشعب كله!!! ولا بتتوقف الاصابات والوفيات؟  ياخي العالم اللي انتج تطعيم فايزر (التطعيم الاكثر فاعلية) ما اخذه !! متخيل  يوم سألوه ليش ما خذته؟ قال ببساطة انا خمسيني واتمتع بصحة جيدة ما احتاجه🙂  فليش نستغرب اذا شخص شاب رفض يتطعم   قرار شخصي..خلاص,Covid Vaccine,يعني الحين كورونا بينتهي اذا تطعم الشعب كله!! ولا بتتوقف الاصابات والوفيات؟ ياخي العالم اللي انتج تطعيم فايزر (التطعيم الاكثر فاعلية) ما اخذه !! متخيل يوم سالوه ليش ما خذته؟ قال ببساطة انا خمسيني واتمتع بصحة جيدة ما احتاجه🙂 فليش نستغرب اذا شخص شاب رفض يتطعم قرار شخصي..خلاص,Covid Vaccine,,1,Negative,0,No,0,,,Not clear,Target: Covid Vaccine Text: يعني الحين كورونا بينتهي اذا تطعم الشعب كله!! ولا بتتوقف الاصابات والوفيات؟ ياخي العالم اللي انتج تطعيم فايزر (التطعيم الاكثر فاعلية) ما اخذه !! متخيل يوم سالوه ليش ما خذته؟ قال ببساطة انا خمسيني واتمتع بصحة جيدة ما احتاجه🙂 فليش نستغرب اذا شخص شاب رفض يتطعم قرار شخصي..خلاص,,,,,,,,,1,0,0.99658203,8.094311e-05,0.003572464,5,None,Against
1405,   عزيزي تقدر تبحث الحين من اي موقع لاي وزارة صحة بالعالم 80% من الدول المجاورة والغير مجاورة الغت جميع قيود كورونا بدون ماتوصل حتى الى نسبة 70% بالتطعيم ابسط مثال الكويت جنبك الغت كامل القيود ورجعت الحياة طبيعية بعد مطالبات الشع,Covid Vaccine,عزيزي تقدر تبحث الحين من اي موقع لاي وزارة صحة بالعالم 80% من الدول المجاورة والغير مجاورة الغت جميع قيود كورونا بدون ماتوصل حتي الي نسبة 70% بالتطعيم ابسط مثال الكويت جنبك الغت كامل القيود ورجعت الحياة طبيعية بعد مطالبات الشع,Covid Vaccine,Favor,2,Neutral,1,No,0,F_Explicit,,,Target: Covid Vaccine Text: عزيزي تقدر تبحث الحين من اي موقع لاي وزارة صحة بالعالم 80% من الدول المجاورة والغير مجاورة الغت جميع قيود كورونا بدون ماتوصل حتي الي نسبة 70% بالتطعيم ابسط مثال الكويت جنبك الغت كامل القيود ورجعت الحياة طبيعية بعد مطالبات الشع,,,,,,,,,2,0,0.99316406,0.0017461777,0.004901886,5,Favor,Against
1438,سؤال الحين إذا جتني كورونا مرتين لازم بعد تطعيم ولا خلاص تكون صارت عندي مناعة حسبي الله عالصين 🤒,Covid Vaccine,سؤال الحين اذا جتني كورونا مرتين لازم بعد تطعيم ولا خلاص تكون صارت عندي مناعة حسبي الله عالصين 🤒,Covid Vaccine,,1,Negative,0,No,0,,,,Target: Covid Vaccine Text: سؤال الحين اذا جتني كورونا مرتين لازم بعد تطعيم ولا خلاص تكون صارت عندي مناعة حسبي الله عالصين 🤒,,,,,,,,,1,0,0.9995117,0.00036859512,2.95043e-05,5,None,Against
1622,سؤال طبي مالي بحت 😂 ..  الي ما يبي يطعّم يقدر يبيع نصيبه 🏃🏽‍♂️😂  #وزارة_الصحة  #تطعيم_كورونا,Covid Vaccine,سؤال طبي مالي بحت 😂 .. الي ما يبي يطعّم يقدر يبيع نصيبه 🏃🏽‍♂️😂 #وزارة الصحة #تطعيم كورونا,Covid Vaccine,,1,Neutral,1,Yes,1,,,Not clear,Target: Covid Vaccine Text: سؤال طبي مالي بحت 😂 .. الي ما يبي يطعّم يقدر يبيع نصيبه 🏃🏽‍♂️😂 #وزارة الصحة #تطعيم كورونا,,,,,,,,,1,2,0.00025749207,0.016036987,0.9838867,5,None,Favor
1700,رغم التحول التقني اللي قاعد يصير هالأيام وبشكل رهيب؛ إلا أني لازلت أحب البساطة بالأشياء  ما قدرت أستغني عن الورقة والقلم  ماقدرت أستغني عن لوحة المغناطيس بغرفتي أحط عليها ملاحظاتي وأرتب فيها مهامي بطريقة بسيطة ولطيفة  هالأشياء كانت ولازالت من أكثر الأمور اللي تحمسني وتحفزني ♥️,Digital Transformation,رغم التحول التقني اللي قاعد يصير هالايام وبشكل رهيب؛ الا اني لازلت احب البساطة بالاشياء ما قدرت استغني عن الورقة والقلم ماقدرت استغني عن لوحة المغناطيس بغرفتي احط عليها ملاحظاتي وارتب فيها مهامي بطريقة بسيطة ولطيفة هالاشياء كانت ولازالت من اكثر الامور اللي تحمسني وتحفزني ♥️,Digital Transformation,,1,Negative,0,Yes,1,,,Not clear,Target: Digital Transformation Text: رغم التحول التقني اللي قاعد يصير هالايام وبشكل رهيب؛ الا اني لازلت احب البساطة بالاشياء ما قدرت استغني عن الورقة والقلم ماقدرت استغني عن لوحة المغناطيس بغرفتي احط عليها ملاحظاتي وارتب فيها مهامي بطريقة بسيطة ولطيفة هالاشياء كانت ولازالت من اكثر الامور اللي تحمسني وتحفزني ♥️,,,,,,,,,1,2,0.00048017502,0.00011229515,0.9995117,5,None,Favor
1737,التحول التقني بحيث تصبح الأعمال عبر الأنظمة؛ يجب أن يصل إلى حدّ معين  بحيث لا تتغوّل التقنية  وتتعارض مع خصوصيات الناس وحرياتهم وتضعِف قدراتهم العقلية والاجتماعية واليدوية  وهو أمر لا يهم أهل التقنية  بل علماء الاجتماع وفلسفة التقنية. إنه شأن اجتماعي وأخلاقي وإنساني لا تقني فقط.,Digital Transformation,التحول التقني بحيث تصبح الاعمال عبر الانظمة؛ يجب ان يصل الي حدّ معين بحيث لا تتغوّل التقنية وتتعارض مع خصوصيات الناس وحرياتهم وتضعِف قدراتهم العقلية والاجتماعية واليدوية وهو امر لا يهم اهل التقنية بل علماء الاجتماع وفلسفة التقنية. انه شان اجتماعي واخلاقي وانساني لا تقني فقط.,Digital Transformation,Against,0,Negative,0,No,0,,A_Explicit,,Target: Digital Transformation Text: التحول التقني بحيث تصبح الاعمال عبر الانظمة؛ يجب ان يصل الي حدّ معين بحيث لا تتغوّل التقنية وتتعارض مع خصوصيات الناس وحرياتهم وتضعِف قدراتهم العقلية والاجتماعية واليدوية وهو امر لا يهم اهل التقنية بل علماء الاجتماع وفلسفة التقنية. انه شان اجتماعي واخلاقي وانساني لا تقني فقط.,,,,,,,,,0,1,0.0001437664,0.99853516,0.001496315,5,Against,None
1766,   احنا نتعلم شلون ندير أوادم وعلمونا المنطق ونعرف أجسامنا شلون نشتغل  ما نعرف طب لكن نسأل الدكاترة ونتعلم منهم (قبل كورونا) ونفهم المناعة شلون تكون  ولو الدنيا ماشية على التطعيم ما عاش الرسول صلى الله عليه وسلم ولا ال,Covid Vaccine,احنا نتعلم شلون ندير اوادم وعلمونا المنطق ونعرف اجسامنا شلون نشتغل ما نعرف طب لكن نسال الدكاترة ونتعلم منهم (قبل كورونا) ونفهم المناعة شلون تكون ولو الدنيا ماشية علي التطعيم ما عاش الرسول صلي الله عليه وسلم ولا ال,Covid Vaccine,Against,0,Neutral,1,No,0,,A_Explicit,,Target: Covid Vaccine Text: احنا نتعلم شلون ندير اوادم وعلمونا المنطق ونعرف اجسامنا شلون نشتغل ما نعرف طب لكن نسال الدكاترة ونتعلم منهم (قبل كورونا) ونفهم المناعة شلون تكون ولو الدنيا ماشية علي التطعيم ما عاش الرسول صلي الله عليه وسلم ولا ال,,,,,,,,,0,2,0.011436462,0.18286133,0.80566406,5,Against,Favor
1819,#منظمة_الصحة_العالمية 🇺🇳 ... الوباء لن ينتهي قبل تطعيم 70 % من سكان العالم.  #لقاح_كورونا #كورونا_حول_العالم,Covid Vaccine,#منظمة الصحة العالمية 🇺🇳 .. الوباء لن ينتهي قبل تطعيم 70 % من سكان العالم. #لقاح كورونا #كورونا حول العالم,Covid Vaccine,,1,Neutral,1,No,0,,,Not clear,Target: Covid Vaccine Text: #منظمة الصحة العالمية 🇺🇳 .. الوباء لن ينتهي قبل تطعيم 70 % من سكان العالم. #لقاح كورونا #كورونا حول العالم,,,,,,,,,1,2,5.51939e-05,7.6293945e-05,1.0,5,None,Favor
1842,   ولله الحمد اكملنا اكثر من سنه علئ رفع طلب تحديث الصك ولم يتحدث ماشاء الله عليكم وين التحول الالكتروني والمراسل لازال يحمل خطابات البلديه بشكل يدوي,Digital Transformation,ولله الحمد اكملنا اكثر من سنه علئ رفع طلب تحديث الصك ولم يتحدث ماشاء الله عليكم وين التحول الالكتروني والمراسل لازال يحمل خطابات البلديه بشكل يدوي,Digital Transformation,,1,Negative,0,No,0,,,Not clear,Target: Digital Transformation Text: ولله الحمد اكملنا اكثر من سنه علئ رفع طلب تحديث الصك ولم يتحدث ماشاء الله عليكم وين التحول الالكتروني والمراسل لازال يحمل خطابات البلديه بشكل يدوي,,,,,,,,,1,2,0.20703125,0.00078868866,0.79248047,5,None,Favor
1860,MENTION MENTION واحد نعرفه ماخذ جرعتين والحين فيه كورونا وحاجر عمره....  ناس ماخذوا التطعيم ولله الحمد بخير وفي اللي خذوا تطعيم وتدهورت حالتهم,Covid Vaccine,مستخدم مستخدم واحد نعرفه ماخذ جرعتين والحين فيه كورونا وحاجر عمره.. ناس ماخذوا التطعيم ولله الحمد بخير وفي اللي خذوا تطعيم وتدهورت حالتهم,Covid Vaccine,Against,0,Negative,0,No,0,,A_Implicit,,Target: Covid Vaccine Text: مستخدم مستخدم واحد نعرفه ماخذ جرعتين والحين فيه كورونا وحاجر عمره.. ناس ماخذوا التطعيم ولله الحمد بخير وفي اللي خذوا تطعيم وتدهورت حالتهم,,,,,,,,,0,2,0.002664566,5.3346157e-05,0.9970703,5,Against,Favor
1954,الحين شوي شوي تطلع التحذيرات على #تطعيم #ڤايروس #كورونا  والله يا كثر اللي بنفقدهم - بعيد الشر - بتشخيص خاطئ ,Covid Vaccine,الحين شوي شوي تطلع التحذيرات علي #تطعيم #ڤايروس #كورونا والله يا كثر اللي بنفقدهم - بعيد الشر - بتشخيص خاطئ,Covid Vaccine,,1,Negative,0,No,0,,,Not clear,Target: Covid Vaccine Text: الحين شوي شوي تطلع التحذيرات علي #تطعيم #ڤايروس #كورونا والله يا كثر اللي بنفقدهم - بعيد الشر - بتشخيص خاطئ,,,,,,,,,1,0,1.0,3.117323e-05,6.9499016e-05,5,None,Against
1956,التطعيم اختياري عادي لك مطلق الحرية  لكن  ماكو سفر ماكو لعب بالنادي ما تدخل مجمع ما تطلب من مطعم ما تروح الجامعة ما تدش السينما ما تحضر مباريات ما تداوم ما تنجز أي معاملة حكومية ما تدخل بيتكم  بس عادي .. لك مطلق الحرية فيما تريد #تطعيم #كورونا #أوكسفورد #فايزر #لقاح #فايروس,Covid Vaccine,التطعيم اختياري عادي لك مطلق الحرية لكن ماكو سفر ماكو لعب بالنادي ما تدخل مجمع ما تطلب من مطعم ما تروح الجامعة ما تدش السينما ما تحضر مباريات ما تداوم ما تنجز اي معاملة حكومية ما تدخل بيتكم بس عادي .. لك مطلق الحرية فيما تريد #تطعيم #كورونا #اوكسفورد #فايزر #لقاح #فايروس,Covid Vaccine,Favor,2,Negative,0,No,0,,,,Target: Covid Vaccine Text: التطعيم اختياري عادي لك مطلق الحرية لكن ماكو سفر ماكو لعب بالنادي ما تدخل مجمع ما تطلب من مطعم ما تروح الجامعة ما تدش السينما ما تحضر مباريات ما تداوم ما تنجز اي معاملة حكومية ما تدخل بيتكم بس عادي .. لك مطلق الحرية فيما تريد #تطعيم #كورونا #اوكسفورد #فايزر #لقاح #فايروس,,,,,,,,,2,1,0.0003437996,0.9995117,0.00017356873,5,Favor,None
1961,MENTION MENTION MENTION مشكلة عدم التطعيم هي ان يكون الشخص حاضن للفيروس وقد يتسبب ذالك مع الوقت بضهور سلالات للفيروس لا يمكن صنع لقاح لها في الوقت المناسب اسلم حل في رائي هو فرض تطعيم اجباري. فرض حجر علي من لم يطعم. من يمتنع عن التطعيم ولا يرغب في الحجر يحقن ب فيروس كورونا بدون عناية طبيه علي مسؤوليته,Covid Vaccine,مستخدم مستخدم مستخدم مشكلة عدم التطعيم هي ان يكون الشخص حاضن للفيروس وقد يتسبب ذالك مع الوقت بضهور سلالات للفيروس لا يمكن صنع لقاح لها في الوقت المناسب اسلم حل في رائي هو فرض تطعيم اجباري. فرض حجر علي من لم يطعم. من يمتنع عن التطعيم ولا يرغب في الحجر يحقن ب فيروس كورونا بدون عناية طبيه علي مسؤوليته,Covid Vaccine,Favor,2,Neutral,1,No,0,F_Explicit,,,Target: Covid Vaccine Text: مستخدم مستخدم مستخدم مشكلة عدم التطعيم هي ان يكون الشخص حاضن للفيروس وقد يتسبب ذالك مع الوقت بضهور سلالات للفيروس لا يمكن صنع لقاح لها في الوقت المناسب اسلم حل في رائي هو فرض تطعيم اجباري. فرض حجر علي من لم يطعم. من يمتنع عن التطعيم ولا يرغب في الحجر يحقن ب فيروس كورونا بدون عناية طبيه علي مسؤوليته,,,,,,,,,2,0,0.9970703,6.312132e-05,0.0026397705,5,Favor,Against
1969, ماني فاهمة ليش مافي احترام لوجهات النظر في فرق بين التطعيمات المدروسة واللي بتتاخد من سنين ومجربة انا مع التطعيم للاطفال حتى تطعيم الانفلونزا العادية معاه وبناخده بس هذا لا ما باخده الان الا لما يتجرب سنوات الحمد لله من بداية كورونا ٩ شهور انا ب,Covid Vaccine,ماني فاهمة ليش مافي احترام لوجهات النظر في فرق بين التطعيمات المدروسة واللي بتتاخد من سنين ومجربة انا مع التطعيم للاطفال حتي تطعيم الانفلونزا العادية معاه وبناخده بس هذا لا ما باخده الان الا لما يتجرب سنوات الحمد لله من بداية كورونا ٩ شهور انا ب,Covid Vaccine,Against,0,Neutral,1,No,0,,A_Explicit,,Target: Covid Vaccine Text: ماني فاهمة ليش مافي احترام لوجهات النظر في فرق بين التطعيمات المدروسة واللي بتتاخد من سنين ومجربة انا مع التطعيم للاطفال حتي تطعيم الانفلونزا العادية معاه وبناخده بس هذا لا ما باخده الان الا لما يتجرب سنوات الحمد لله من بداية كورونا ٩ شهور انا ب,,,,,,,,,0,2,0.0021820068,0.0001295805,0.9975586,5,Against,Favor
2040,مبدئيا كل شخص حر تماما في أنه يحصل على التطعيم أو لا، حركات رفض التطعيم منتشرة في العالم كله من أول رفض تطعيم الأطفال لحد رفض تطعيم كورونا فدي مش حاجة جديدة، برضوا من حق الأطباء انهم يوافقوا أو يرفضوا انهم يتطعموا بشكل عام طالما موقفهم الشخصي ده مش هيتأثر بيه المرضى,Covid Vaccine,مبدئيا كل شخص حر تماما في انه يحصل علي التطعيم او لا، حركات رفض التطعيم منتشرة في العالم كله من اول رفض تطعيم الاطفال لحد رفض تطعيم كورونا فدي مش حاجة جديدة، برضوا من حق الاطباء انهم يوافقوا او يرفضوا انهم يتطعموا بشكل عام طالما موقفهم الشخصي ده مش هيتاثر بيه المرضي,Covid Vaccine,,1,Neutral,1,No,0,,,,Target: Covid Vaccine Text: مبدئيا كل شخص حر تماما في انه يحصل علي التطعيم او لا، حركات رفض التطعيم منتشرة في العالم كله من اول رفض تطعيم الاطفال لحد رفض تطعيم كورونا فدي مش حاجة جديدة، برضوا من حق الاطباء انهم يوافقوا او يرفضوا انهم يتطعموا بشكل عام طالما موقفهم الشخصي ده مش هيتاثر بيه المرضي,,,,,,,,,1,2,0.06768799,0.012641907,0.9199219,5,None,Favor
2144,#مسابقة_ابوناصر١٤        (2030)  رؤية المستقبل و التطور و التحول الإلكتروني رؤية طموحه من قائد حالم طموح انها رؤية سيدي الامير محمد بن سلمان 💚🤍 URL,Digital Transformation,#مسابقة ابوناصر١٤ (2030) رؤية المستقبل و التطور و التحول الالكتروني رؤية طموحه من قائد حالم طموح انها رؤية سيدي الامير محمد بن سلمان 💚🤍,Digital Transformation,Favor,2,Neutral,1,No,0,F_Explicit,,,Target: Digital Transformation Text: #مسابقة ابوناصر١٤ (2030) رؤية المستقبل و التطور و التحول الالكتروني رؤية طموحه من قائد حالم طموح انها رؤية سيدي الامير محمد بن سلمان 💚🤍,,,,,,,,,2,1,0.0013065338,0.65966797,0.3388672,5,Favor,None
2178,التحول إلى الاقتصاد الإلكتروني يحتاج إلى توفر البنية التحتية الفنية اولا والسيولة ثانيا. #الاقتصاد الرقمي,Digital Transformation,التحول الي الاقتصاد الالكتروني يحتاج الي توفر البنية التحتية الفنية اولا والسيولة ثانيا. #الاقتصاد الرقمي,Digital Transformation,,1,Positive,2,No,0,,,Not clear,Target: Digital Transformation Text: التحول الي الاقتصاد الالكتروني يحتاج الي توفر البنية التحتية الفنية اولا والسيولة ثانيا. #الاقتصاد الرقمي,,,,,,,,,1,2,1.4901161e-05,0.00032114983,0.9995117,5,None,Favor
2421,العجيب أنه في الوقت الذي تحول فيه جهة حكومية خدماتها إلى خدمات إلكترونية و رائدة في هذا التحول  إلا أنها كذلك تتوسع عمرانيا بشكل مبالغ فيه. تذهب لتنجز معاملة المباني شبه فاضية 🤷🏻‍♂️ الشائع أنه مع التحول الإلكتروني يقل التوسع العمراني 🙄,Digital Transformation,العجيب انه في الوقت الذي تحول فيه جهة حكومية خدماتها الي خدمات الكترونية و رائدة في هذا التحول الا انها كذلك تتوسع عمرانيا بشكل مبالغ فيه. تذهب لتنجز معاملة المباني شبه فاضية 🤷🏻‍♂️ الشائع انه مع التحول الالكتروني يقل التوسع العمراني 🙄,Digital Transformation,,1,Positive,2,No,0,,,Not clear,Target: Digital Transformation Text: العجيب انه في الوقت الذي تحول فيه جهة حكومية خدماتها الي خدمات الكترونية و رائدة في هذا التحول الا انها كذلك تتوسع عمرانيا بشكل مبالغ فيه. تذهب لتنجز معاملة المباني شبه فاضية 🤷🏻‍♂️ الشائع انه مع التحول الالكتروني يقل التوسع العمراني 🙄,,,,,,,,,1,2,0.0010480881,0.015945435,0.98291016,5,None,Favor
2491,#الجرعة_الثالثه التنشيطيه       وراها #الجرعه_الرابعه بس شنو راح يكون اسمها؟يا ترئ ...                                                         #خذ_الخطوة_بلغ_عن_أضرار_اللقاح,Covid Vaccine,#الجرعة الثالثه التنشيطيه وراها #الجرعه الرابعه بس شنو راح يكون اسمها؟يا ترئ .. #خذ الخطوة بلغ عن اضرار اللقاح,Covid Vaccine,Against,0,Neutral,1,Yes,1,,A_Explicit,,Target: Covid Vaccine Text: #الجرعة الثالثه التنشيطيه وراها #الجرعه الرابعه بس شنو راح يكون اسمها؟يا ترئ .. #خذ الخطوة بلغ عن اضرار اللقاح,,,,,,,,,0,1,0.00012266636,1.0,3.671646e-05,5,Against,None
2502,  وانا كثير من اصدقاءي واقاربي اصابهم مرض كورونا .. الي اخذوا التطعيم الله نجاهم وتجاوزوا المرض خلال اسبوعين .. والي ما اخذ التطعيم 90٪ توفاهم الله .. والله العظيم ان ما اقوله حق .. هذا شي انا شفته ما احد قالي .. الي يبي يغامر ولا ياخذ ت,Covid Vaccine,وانا كثير من اصدقاءي واقاربي اصابهم مرض كورونا .. الي اخذوا التطعيم الله نجاهم وتجاوزوا المرض خلال اسبوعين .. والي ما اخذ التطعيم 90٪ توفاهم الله .. والله العظيم ان ما اقوله حق .. هذا شي انا شفته ما احد قالي .. الي يبي يغامر ولا ياخذ ت,Covid Vaccine,Favor,2,Neutral,1,No,0,F_Explicit,,,Target: Covid Vaccine Text: وانا كثير من اصدقاءي واقاربي اصابهم مرض كورونا .. الي اخذوا التطعيم الله نجاهم وتجاوزوا المرض خلال اسبوعين .. والي ما اخذ التطعيم 90٪ توفاهم الله .. والله العظيم ان ما اقوله حق .. هذا شي انا شفته ما احد قالي .. الي يبي يغامر ولا ياخذ ت,,,,,,,,,2,0,0.64453125,0.00020170212,0.3552246,5,Favor,Against
2507,#جيل_التسعينات الجيل اللي من عام 85 الي عام 2000 هذا جيل مظلوم انا احس ان هذا الجيل يعيش صراع ثقافي في داخل نفسه التحول السريع التقني والحراك الثقافي الاجتماعي سبب تضارب في المفاهيم عند بعض هذا الجيل,Digital Transformation,#جيل التسعينات الجيل اللي من عام 85 الي عام 200 هذا جيل مظلوم انا احس ان هذا الجيل يعيش صراع ثقافي في داخل نفسه التحول السريع التقني والحراك الثقافي الاجتماعي سبب تضارب في المفاهيم عند بعض هذا الجيل,Digital Transformation,,1,Neutral,1,Yes,1,,,Not clear,Target: Digital Transformation Text: #جيل التسعينات الجيل اللي من عام 85 الي عام 200 هذا جيل مظلوم انا احس ان هذا الجيل يعيش صراع ثقافي في داخل نفسه التحول السريع التقني والحراك الثقافي الاجتماعي سبب تضارب في المفاهيم عند بعض هذا الجيل,,,,,,,,,1,0,0.99853516,0.00017046928,0.0011177063,5,None,Against
2532,هل أخذت تطعيم كورونا؟ — سبيع ما يشملها التطعيم 🔥✌🏼 ,Covid Vaccine,هل اخذت تطعيم كورونا؟ — سبيع ما يشملها التطعيم 🔥✌🏼,Covid Vaccine,Against,0,Neutral,1,No,0,,A_Implicit,,Target: Covid Vaccine Text: هل اخذت تطعيم كورونا؟ — سبيع ما يشملها التطعيم 🔥✌🏼,,,,,,,,,0,1,0.021331787,0.9785156,3.4868717e-05,5,Against,None
2549,#عمان_تواجه_كورونا معادلة صعبة للغاية التزام المواطن والمقيم يتبعه برنامج تطعيم طموح وواضح والأهم من هذا نرفع اكف الضراعة لله ونرجو رحمته بأن يرفع عنا هذا الوباء ويرحمنا برحمته الواسعة اللهم اكشف عنا الضر وانت ارحم الراحمين اللهم اكشف عنا الضر وانت ارحم الراحمين ,Covid Vaccine,#عمان تواجه كورونا معادلة صعبة للغاية التزام المواطن والمقيم يتبعه برنامج تطعيم طموح وواضح والاهم من هذا نرفع اكف الضراعة لله ونرجو رحمته بان يرفع عنا هذا الوباء ويرحمنا برحمته الواسعة اللهم اكشف عنا الضر وانت ارحم الراحمين اللهم اكشف عنا الضر وانت ارحم الراحمين,Covid Vaccine,,1,Negative,0,No,0,,,Not clear,Target: Covid Vaccine Text: #عمان تواجه كورونا معادلة صعبة للغاية التزام المواطن والمقيم يتبعه برنامج تطعيم طموح وواضح والاهم من هذا نرفع اكف الضراعة لله ونرجو رحمته بان يرفع عنا هذا الوباء ويرحمنا برحمته الواسعة اللهم اكشف عنا الضر وانت ارحم الراحمين اللهم اكشف عنا الضر وانت ارحم الراحمين,,,,,,,,,1,2,1.8835068e-05,0.000187397,1.0,5,None,Favor
2574,خدمات هيئة الكهرباء والماء كانت متميزة لغاية ما صار التحول الإلكتروني  وبدأ الانحدار,Digital Transformation,خدمات هيئة الكهرباء والماء كانت متميزة لغاية ما صار التحول الالكتروني وبدا الانحدار,Digital Transformation,Against,0,Negative,0,No,0,,A_Explicit,,Target: Digital Transformation Text: خدمات هيئة الكهرباء والماء كانت متميزة لغاية ما صار التحول الالكتروني وبدا الانحدار,,,,,,,,,0,2,0.007888794,0.0006785393,0.99121094,5,Against,Favor
2661,   التزامن لا يساوي التوافق، تراه تطعيم ضد كورونا مو تطعيم ضد الموت,Covid Vaccine,التزامن لا يساوي التوافق، تراه تطعيم ضد كورونا مو تطعيم ضد الموت,Covid Vaccine,Favor,2,Neutral,1,No,0,F_Implicit,,,Target: Covid Vaccine Text: التزامن لا يساوي التوافق، تراه تطعيم ضد كورونا مو تطعيم ضد الموت,,,,,,,,,2,1,0.0006594658,0.99902344,0.00034070015,5,Favor,None
2763,#لا_للتطعيم_الاجباري82 #رفض_التطعيم_جريمه  ترفض تطعيم قيمة على الدوله ما يتجاوز 5دولار واذا صار عندك مضاعفات من كورونا تشغل سرير عناية مركزه اولا به مريض غير كورونا و يكلف الدوله اقل شي 3000 دولار باليوم,Covid Vaccine,#لا للتطعيم الاجباري82 #رفض التطعيم جريمه ترفض تطعيم قيمة علي الدوله ما يتجاوز 5دولار واذا صار عندك مضاعفات من كورونا تشغل سرير عناية مركزه اولا به مريض غير كورونا و يكلف الدوله اقل شي 300 دولار باليوم,Covid Vaccine,Favor,2,Neutral,1,No,0,F_Explicit,,,Target: Covid Vaccine Text: #لا للتطعيم الاجباري82 #رفض التطعيم جريمه ترفض تطعيم قيمة علي الدوله ما يتجاوز 5دولار واذا صار عندك مضاعفات من كورونا تشغل سرير عناية مركزه اولا به مريض غير كورونا و يكلف الدوله اقل شي 300 دولار باليوم,,,,,,,,,2,0,1.0,4.7266483e-05,7.903576e-05,5,Favor,Against
2818,#لا_للتطعيم_الاجباري27  لو تطعيم كورونا مضر كان حتى تطعيمات الأطفال مضره كلها تأتى من عندهم توكل على الله وطعم,Covid Vaccine,#لا للتطعيم الاجباري27 لو تطعيم كورونا مضر كان حتي تطعيمات الاطفال مضره كلها تاتي من عندهم توكل علي الله وطعم,Covid Vaccine,Favor,2,Neutral,1,No,0,F_Explicit,,,Target: Covid Vaccine Text: #لا للتطعيم الاجباري27 لو تطعيم كورونا مضر كان حتي تطعيمات الاطفال مضره كلها تاتي من عندهم توكل علي الله وطعم,,,,,,,,,2,0,1.0,2.9087067e-05,0.0002014637,5,Favor,Against
2828,يعدي بس الـ ٦ شهور .. وكل البيت هخليهم ياخدوا تطعيم كورونا تاني 🤭 والبداية أنا  آخر شهر ٧ ان شاء الله 😈 ,Covid Vaccine,يعدي بس ال ٦ شهور .. وكل البيت هخليهم ياخدوا تطعيم كورونا تاني 🤭 والبداية انا اخر شهر ٧ ان شاء الله 😈,Covid Vaccine,Favor,2,Positive,2,No,0,F_Explicit,,,Target: Covid Vaccine Text: يعدي بس ال ٦ شهور .. وكل البيت هخليهم ياخدوا تطعيم كورونا تاني 🤭 والبداية انا اخر شهر ٧ ان شاء الله 😈,,,,,,,,,2,1,0.0021266937,0.69873047,0.2993164,5,Favor,None
2873,  موقع لايرتقي للمأمول ولايواكب التحول الالكتروني للمملكة .. معاملتنا متعطلة بسبب سوء التقنية فيه ولا يوجد تجاوب من المسؤولين فقط انتظر .. نتمنى اعادتنا إلى بلدي أمانة الرياض,Digital Transformation,موقع لايرتقي للمامول ولايواكب التحول الالكتروني للمملكة .. معاملتنا متعطلة بسبب سوء التقنية فيه ولا يوجد تجاوب من المسؤولين فقط انتظر .. نتمني اعادتنا الي بلدي امانة الرياض,Digital Transformation,Against,0,Positive,2,No,0,,A_Explicit,,Target: Digital Transformation Text: موقع لايرتقي للمامول ولايواكب التحول الالكتروني للمملكة .. معاملتنا متعطلة بسبب سوء التقنية فيه ولا يوجد تجاوب من المسؤولين فقط انتظر .. نتمني اعادتنا الي بلدي امانة الرياض,,,,,,,,,0,2,0.000121712685,5.340576e-05,1.0,5,Against,Favor
2944,    مع التحول التقني الذي تشهده المملكة  لماذا لايتم رفع الشكوى الكترونيا؟,Digital Transformation,مع التحول التقني الذي تشهده المملكة لماذا لايتم رفع الشكوي الكترونيا؟,Digital Transformation,,1,Positive,2,No,0,,,Not clear,Target: Digital Transformation Text: مع التحول التقني الذي تشهده المملكة لماذا لايتم رفع الشكوي الكترونيا؟,,,,,,,,,1,2,4.416704e-05,0.031204224,0.96875,5,None,Favor
2976,MENTION MENTION  مدري اشلون تفهمون اكيد بيجي كورونا دام نص الشعب مو متطعم وينقل للمرض لو تبطلون هبالات والكل يتطعم خلاص مابيجي احد زيه زي الحصبة ترا لما الكل تطعم ماعاد جت وللحين تطعيم الحصبة مستمر بس فالحين تخويف واشاعات,Covid Vaccine,مستخدم مستخدم مدري اشلون تفهمون اكيد بيجي كورونا دام نص الشعب مو متطعم وينقل للمرض لو تبطلون هبالات والكل يتطعم خلاص مابيجي احد زيه زي الحصبة ترا لما الكل تطعم ماعاد جت وللحين تطعيم الحصبة مستمر بس فالحين تخويف واشاعات,Covid Vaccine,Favor,2,Neutral,1,No,0,F_Explicit,,,Target: Covid Vaccine Text: مستخدم مستخدم مدري اشلون تفهمون اكيد بيجي كورونا دام نص الشعب مو متطعم وينقل للمرض لو تبطلون هبالات والكل يتطعم خلاص مابيجي احد زيه زي الحصبة ترا لما الكل تطعم ماعاد جت وللحين تطعيم الحصبة مستمر بس فالحين تخويف واشاعات,,,,,,,,,2,0,0.99658203,3.1113625e-05,0.0035438538,5,Favor,Against
3008,  اللقاح لا يقي من الإصابة بالمرض ناس كتير جالها كورونا بعد اللقاح. عموما اللقاح اختياري حتى الآن وتوقيعك على ورقة بتحملك المسؤولية يعني اللقاح في طور التجريب لما يبقى الزامي والدول تتحمل مسؤوليته هبقى آخده زي اي تطعيم الزامي آخر,Covid Vaccine,اللقاح لا يقي من الاصابة بالمرض ناس كتير جالها كورونا بعد اللقاح. عموما اللقاح اختياري حتي الان وتوقيعك علي ورقة بتحملك المسؤولية يعني اللقاح في طور التجريب لما يبقي الزامي والدول تتحمل مسؤوليته هبقي اخده زي اي تطعيم الزامي اخر,Covid Vaccine,Against,0,Negative,0,No,0,,A_Explicit,,Target: Covid Vaccine Text: اللقاح لا يقي من الاصابة بالمرض ناس كتير جالها كورونا بعد اللقاح. عموما اللقاح اختياري حتي الان وتوقيعك علي ورقة بتحملك المسؤولية يعني اللقاح في طور التجريب لما يبقي الزامي والدول تتحمل مسؤوليته هبقي اخده زي اي تطعيم الزامي اخر,,,,,,,,,0,2,0.0018167496,0.0001885891,0.9980469,5,Against,Favor
3087, التركيز فقط على لقاح اكسفورد لانه يباع بسعر التكلفه والكل يحاربه، الملايين خذوا تطعيم استرازينيكا اكسفورد وانا واحد منهم، الي توفوا هذول كان يومهم والاسباب تلقى عندهم مشاكل صحية قبل اللقاح، الالاف يموتون يوميا بالعالم بالجلطات بدون اي تطعيم.,Covid Vaccine,التركيز فقط علي لقاح اكسفورد لانه يباع بسعر التكلفه والكل يحاربه، الملايين خذوا تطعيم استرازينيكا اكسفورد وانا واحد منهم، الي توفوا هذول كان يومهم والاسباب تلقي عندهم مشاكل صحية قبل اللقاح، الالاف يموتون يوميا بالعالم بالجلطات بدون اي تطعيم.,Covid Vaccine,Favor,2,Neutral,1,No,0,F_Explicit,,,Target: Covid Vaccine Text: التركيز فقط علي لقاح اكسفورد لانه يباع بسعر التكلفه والكل يحاربه، الملايين خذوا تطعيم استرازينيكا اكسفورد وانا واحد منهم، الي توفوا هذول كان يومهم والاسباب تلقي عندهم مشاكل صحية قبل اللقاح، الالاف يموتون يوميا بالعالم بالجلطات بدون اي تطعيم.,,,,,,,,,2,0,0.98583984,4.6014786e-05,0.014022827,5,Favor,Against
3329, ايش الي سلب حرية الفرد وانت طفل طعمت فوق ال20 جرعة وجاي على تطعيم فايروس كورونا وسلب حرية الفرد وذي مؤامره ومادري ايش .. انت اما رافضي ام متطرف ام عميل لدولة أمرتك ان تقول هذا الكلام الخزعبلي .,Covid Vaccine,ايش الي سلب حرية الفرد وانت طفل طعمت فوق ال20 جرعة وجاي علي تطعيم فايروس كورونا وسلب حرية الفرد وذي مؤامره ومادري ايش .. انت اما رافضي ام متطرف ام عميل لدولة امرتك ان تقول هذا الكلام الخزعبلي .,Covid Vaccine,Favor,2,Positive,2,Yes,1,F_Implicit,,,Target: Covid Vaccine Text: ايش الي سلب حرية الفرد وانت طفل طعمت فوق ال20 جرعة وجاي علي تطعيم فايروس كورونا وسلب حرية الفرد وذي مؤامره ومادري ايش .. انت اما رافضي ام متطرف ام عميل لدولة امرتك ان تقول هذا الكلام الخزعبلي .,,,,,,,,,2,0,0.9995117,5.3465366e-05,0.00024056435,5,Favor,Against
3366,  العمل عن بعد مسموح حتى الحين  لكن مشكلة معقد لازم يوافق مدير ومسؤول مباشر ووكيل ووزير ولو يترك تحت تقدير المدير والمسؤول المباشر حسب مستجدات التحول الالكتروني ومدى التزام الموظف بالعمل وليس ثابت,Digital Transformation,العمل عن بعد مسموح حتي الحين لكن مشكلة معقد لازم يوافق مدير ومسؤول مباشر ووكيل ووزير ولو يترك تحت تقدير المدير والمسؤول المباشر حسب مستجدات التحول الالكتروني ومدي التزام الموظف بالعمل وليس ثابت,Digital Transformation,Favor,2,Neutral,1,No,0,F_Explicit,,,Target: Digital Transformation Text: العمل عن بعد مسموح حتي الحين لكن مشكلة معقد لازم يوافق مدير ومسؤول مباشر ووكيل ووزير ولو يترك تحت تقدير المدير والمسؤول المباشر حسب مستجدات التحول الالكتروني ومدي التزام الموظف بالعمل وليس ثابت,,,,,,,,,2,1,0.00015795231,0.99902344,0.00076675415,5,Favor,None
3426,أظهر التحول الإلكتروني للتعليم فجوة بين المعلمين فقد أظهرت دراسة أن المعلمين الأصغر سناً قابلية أكثر على مواكبة التغير لما يتوفر لهم من خبرة مسبقة على ممارسة هذه الوسائل مقارنة بالمعلمين الأكبر سناً الذين اعتادوا على التعليم وجها لوجه ولَم يتأقلموا مع الوضع الجديد بسرعة وكفاءة...,Digital Transformation,اظهر التحول الالكتروني للتعليم فجوة بين المعلمين فقد اظهرت دراسة ان المعلمين الاصغر سناً قابلية اكثر علي مواكبة التغير لما يتوفر لهم من خبرة مسبقة علي ممارسة هذه الوسائل مقارنة بالمعلمين الاكبر سناً الذين اعتادوا علي التعليم وجها لوجه ولَم يتاقلموا مع الوضع الجديد بسرعة وكفاءة..,Digital Transformation,,1,Neutral,1,No,0,,,Not clear,Target: Digital Transformation Text: اظهر التحول الالكتروني للتعليم فجوة بين المعلمين فقد اظهرت دراسة ان المعلمين الاصغر سناً قابلية اكثر علي مواكبة التغير لما يتوفر لهم من خبرة مسبقة علي ممارسة هذه الوسائل مقارنة بالمعلمين الاكبر سناً الذين اعتادوا علي التعليم وجها لوجه ولَم يتاقلموا مع الوضع الجديد بسرعة وكفاءة..,,,,,,,,,1,2,0.36865234,0.015106201,0.61621094,5,None,Favor
3447,اثبت التطعيم ضد فيروس كورونا فعالية ممتازة  ما تدخل المطعم الا متطعم او دخول السينما حتى بالسفر بعد سنة ما تسوي اي اجراء حكومي الا عندك شهادة تطعيم هذا تطعيم ضد الفيروس او كفيل الجديد 😂😂😂,Covid Vaccine,اثبت التطعيم ضد فيروس كورونا فعالية ممتازة ما تدخل المطعم الا متطعم او دخول السينما حتي بالسفر بعد سنة ما تسوي اي اجراء حكومي الا عندك شهادة تطعيم هذا تطعيم ضد الفيروس او كفيل الجديد 😂😂,Covid Vaccine,Against,0,Neutral,1,Yes,1,,A_Explicit,,Target: Covid Vaccine Text: اثبت التطعيم ضد فيروس كورونا فعالية ممتازة ما تدخل المطعم الا متطعم او دخول السينما حتي بالسفر بعد سنة ما تسوي اي اجراء حكومي الا عندك شهادة تطعيم هذا تطعيم ضد الفيروس او كفيل الجديد 😂😂,,,,,,,,,0,2,3.0755997e-05,0.0026931763,0.9970703,5,Against,Favor
3462,"بانتظار رد إدارات المرور في الدول ""البيروقراطية"" على هذا التحول التقني URL",Digital Transformation,"بانتظار رد ادارات المرور في الدول ""البيروقراطية"" علي هذا التحول التقني",Digital Transformation,Favor,2,Neutral,1,No,0,F_Explicit,,,"Target: Digital Transformation Text: بانتظار رد ادارات المرور في الدول ""البيروقراطية"" علي هذا التحول التقني",,,,,,,,,2,1,0.000102460384,0.6591797,0.34057617,5,Favor,None
3463,التحول الالكتروني والتكنولوجيا 📈📈👌,Digital Transformation,التحول الالكتروني والتكنولوجيا 📈📈👌,Digital Transformation,,1,Neutral,1,No,0,,,Not clear,Target: Digital Transformation Text: التحول الالكتروني والتكنولوجيا 📈📈👌,,,,,,,,,1,2,3.874302e-05,4.3213367e-05,1.0,5,None,Favor
3623,معاملات بعض الجهات الحكومية كانت تستغرق دقيقتين إلى ثلاث.. ومع التحول الإلكتروني صارت تاخذ شهرين وفوقهم أسبوع  ولا زلت في الانتظار!,Digital Transformation,معاملات بعض الجهات الحكومية كانت تستغرق دقيقتين الي ثلاث.. ومع التحول الالكتروني صارت تاخذ شهرين وفوقهم اسبوع ولا زلت في الانتظار!,Digital Transformation,Against,0,Neutral,1,No,0,,A_Explicit,,Target: Digital Transformation Text: معاملات بعض الجهات الحكومية كانت تستغرق دقيقتين الي ثلاث.. ومع التحول الالكتروني صارت تاخذ شهرين وفوقهم اسبوع ولا زلت في الانتظار!,,,,,,,,,0,2,0.034454346,0.0002014637,0.96533203,5,Against,Favor
3666,التحول الرقمي او التحول الالكتروني نفس اللي كنا نسمعه من ٢٠ سنه من المسؤولين… #الكويت مركز مالي و تجاري‼️ . . شفتوا شي🤷🏻‍♂️  🌟🌟🌟,Digital Transformation,التحول الرقمي او التحول الالكتروني نفس اللي كنا نسمعه من ٢٠ سنه من المسؤولين… #الكويت مركز مالي و تجاري‼️ . . شفتوا شي🤷🏻‍♂️ 🌟🌟,Digital Transformation,Favor,2,Positive,2,No,0,F_Explicit,,,Target: Digital Transformation Text: التحول الرقمي او التحول الالكتروني نفس اللي كنا نسمعه من ٢٠ سنه من المسؤولين… #الكويت مركز مالي و تجاري‼️ . . شفتوا شي🤷🏻‍♂️ 🌟🌟,,,,,,,,,2,1,0.020751953,0.94091797,0.03845215,5,Favor,None
3734,أتخيل بعد سنة وبعد أن يتم تطعيم 💉 ٩٠٪ من سكان العالم بلقاحات كورونا 🦠 تظهر أعراض مميتة 😳😳ويبقى ١٠٪ من البشر معظمهم بالدول الفقيرة بسبب عدم قدرتهم على دفع 💵 😁وتعود البشرية للعصر الحجري بدون انترنت وهمبورغر 🍔 وبيبسي كولا 🤓,Covid Vaccine,اتخيل بعد سنة وبعد ان يتم تطعيم 💉 ٩٠٪ من سكان العالم بلقاحات كورونا 🦠 تظهر اعراض مميتة 😳😳ويبقي ١٠٪ من البشر معظمهم بالدول الفقيرة بسبب عدم قدرتهم علي دفع 💵 😁وتعود البشرية للعصر الحجري بدون انترنت وهمبورغر 🍔 وبيبسي كولا 🤓,Covid Vaccine,,1,Neutral,1,Yes,1,,,Not clear,Target: Covid Vaccine Text: اتخيل بعد سنة وبعد ان يتم تطعيم 💉 ٩٠٪ من سكان العالم بلقاحات كورونا 🦠 تظهر اعراض مميتة 😳😳ويبقي ١٠٪ من البشر معظمهم بالدول الفقيرة بسبب عدم قدرتهم علي دفع 💵 😁وتعود البشرية للعصر الحجري بدون انترنت وهمبورغر 🍔 وبيبسي كولا 🤓,,,,,,,,,1,0,0.99902344,0.00018334389,0.00065374374,5,None,Against
4024,رقم قياسي اماراتي جديد يثبت مدي الدعم لحقوق الانسان داخل الوطن بقطع الإمارات شوطا كبيرا في مكافحة فيروس كورونا المستجد بعد تطعيم نحو 65% من سكانها المؤهلين ليبلغ معدل توزيع اللقاح 103.07 جرعة لكل 100 شخص بفعالية وامان ❤️🇦🇪👏 ,Covid Vaccine,رقم قياسي اماراتي جديد يثبت مدي الدعم لحقوق الانسان داخل الوطن بقطع الامارات شوطا كبيرا في مكافحة فيروس كورونا المستجد بعد تطعيم نحو 65% من سكانها المؤهلين ليبلغ معدل توزيع اللقاح 103.07 جرعة لكل 100 شخص بفعالية وامان ❤️🇦🇪👏,Covid Vaccine,,1,Positive,2,No,0,,,Not clear,Target: Covid Vaccine Text: رقم قياسي اماراتي جديد يثبت مدي الدعم لحقوق الانسان داخل الوطن بقطع الامارات شوطا كبيرا في مكافحة فيروس كورونا المستجد بعد تطعيم نحو 65% من سكانها المؤهلين ليبلغ معدل توزيع اللقاح 103.07 جرعة لكل 100 شخص بفعالية وامان ❤️🇦🇪👏,,,,,,,,,1,2,4.3570995e-05,0.00011521578,1.0,5,None,Favor
4053,بعد مرور يوم على تطعيم الجرعه الثانيه من لقاح فايزر صج تعب وارهاق وتكاسل وصداع وماكو نوم أعان الله الناس اللي عندهم #كورونا,Covid Vaccine,بعد مرور يوم علي تطعيم الجرعه الثانيه من لقاح فايزر صج تعب وارهاق وتكاسل وصداع وماكو نوم اعان الله الناس اللي عندهم #كورونا,Covid Vaccine,Favor,2,Negative,0,No,0,F_Implicit,,,Target: Covid Vaccine Text: بعد مرور يوم علي تطعيم الجرعه الثانيه من لقاح فايزر صج تعب وارهاق وتكاسل وصداع وماكو نوم اعان الله الناس اللي عندهم #كورونا,,,,,,,,,2,0,0.99853516,0.0011291504,0.00021290779,5,Favor,Against
4060,#صوتك_لتوكلنا توكلنا تطبيق أحدث نقله نوعيه في المجال التقني و أكد على حرص المملكة على التحول في جميع المجالات,Digital Transformation,#صوتك لتوكلنا توكلنا تطبيق احدث نقله نوعيه في المجال التقني و اكد علي حرص المملكة علي التحول في جميع المجالات,Digital Transformation,,1,Neutral,1,No,0,,,Not clear,Target: Digital Transformation Text: #صوتك لتوكلنا توكلنا تطبيق احدث نقله نوعيه في المجال التقني و اكد علي حرص المملكة علي التحول في جميع المجالات,,,,,,,,,1,2,3.695488e-05,8.028746e-05,1.0,5,None,Favor
4082, دكتور طعمنا مليون تطعيم بس يوم ييه حق كورونا الكل صار فني وناقد سياسي ومحقق الكورارث الطبيعيه 😂طعمو فكونا,Covid Vaccine,دكتور طعمنا مليون تطعيم بس يوم ييه حق كورونا الكل صار فني وناقد سياسي ومحقق الكورارث الطبيعيه 😂طعمو فكونا,Covid Vaccine,Favor,2,Neutral,1,Yes,1,F_Implicit,,,Target: Covid Vaccine Text: دكتور طعمنا مليون تطعيم بس يوم ييه حق كورونا الكل صار فني وناقد سياسي ومحقق الكورارث الطبيعيه 😂طعمو فكونا,,,,,,,,,2,0,0.8022461,0.008911133,0.18896484,5,Favor,Against
4117,يا جماعة الخير انا و اهلي حاشتنا كورونا خلصنا من العام الماضي و مطعمين تطعيم كوفيد 19 ليش لازم نلتزم بالحظر المفروض كرت التطعيم بدال الهويه يخلونا نمارس حياتنا . مايصير حالنا حال الجميع .,Covid Vaccine,يا جماعة الخير انا و اهلي حاشتنا كورونا خلصنا من العام الماضي و مطعمين تطعيم كوفيد 19 ليش لازم نلتزم بالحظر المفروض كرت التطعيم بدال الهويه يخلونا نمارس حياتنا . مايصير حالنا حال الجميع .,Covid Vaccine,,1,Positive,2,No,0,,,Not clear,Target: Covid Vaccine Text: يا جماعة الخير انا و اهلي حاشتنا كورونا خلصنا من العام الماضي و مطعمين تطعيم كوفيد 19 ليش لازم نلتزم بالحظر المفروض كرت التطعيم بدال الهويه يخلونا نمارس حياتنا . مايصير حالنا حال الجميع .,,,,,,,,,1,2,0.00020587444,0.22265625,0.77734375,5,None,Favor
32, نقل الاموال مكلفة وخطرة وطبع النقود بعد مكلف عشان كذا التحول للدفع الالكتروني. الكاش يضيع او ينسرق او يتلف,Digital Transformation,نقل الاموال مكلفة وخطرة وطبع النقود بعد مكلف عشان كذا التحول للدفع الالكتروني. الكاش يضيع او ينسرق او يتلف,Digital Transformation,Favor,2,Positive,2,No,0,F_Explicit,,,Target: Digital Transformation Text: نقل الاموال مكلفة وخطرة وطبع النقود بعد مكلف عشان كذا التحول للدفع الالكتروني. الكاش يضيع او ينسرق او يتلف,,,,,,,,,2,0,0.99902344,9.673834e-05,0.0010137558,5,Favor,Against
710,انا ممكن اخد لقاح او تطعيم لأي حاجه في الدنيا إلا لكورونا ,Covid Vaccine,انا ممكن اخد لقاح او تطعيم لاي حاجه في الدنيا الا لكورونا,Covid Vaccine,Against,0,Negative,0,No,0,,A_Explicit,,Target: Covid Vaccine Text: انا ممكن اخد لقاح او تطعيم لاي حاجه في الدنيا الا لكورونا,,,,,,,,,0,2,0.0025138855,0.34765625,0.64990234,5,Against,Favor
839, اتمنى النظر في المادة 77 والاخطر منها التسارع في التحول الرقمي بدون دراسة تبعات . اتمنى ان لايكون هناك تحول رقمي الا بعد دراسة اثاره الاجتماعية والوظيفية الخ    التقنية جميلة لكن ان تقتل وظائف الناس لرفع ارباح وتوفير مصروفات على حساب الالاف ,Digital Transformation,اتمني النظر في المادة 77 والاخطر منها التسارع في التحول الرقمي بدون دراسة تبعات . اتمني ان لايكون هناك تحول رقمي الا بعد دراسة اثاره الاجتماعية والوظيفية الخ التقنية جميلة لكن ان تقتل وظائف الناس لرفع ارباح وتوفير مصروفات علي حساب الالاف,Digital Transformation,Favor,2,Positive,2,No,0,F_Explicit,,,Target: Digital Transformation Text: اتمني النظر في المادة 77 والاخطر منها التسارع في التحول الرقمي بدون دراسة تبعات . اتمني ان لايكون هناك تحول رقمي الا بعد دراسة اثاره الاجتماعية والوظيفية الخ التقنية جميلة لكن ان تقتل وظائف الناس لرفع ارباح وتوفير مصروفات علي حساب الالاف,,,,,,,,,2,0,1.0,0.00011456013,6.502867e-05,5,Favor,Against
1818,السؤال الكبير ؛ لماذا ارتفعت إصابات ووفيات كورونا في العالم رغم تطعيم أكثر من مليار شخص ؟ #كورونا #كوفيد_19,Covid Vaccine,السؤال الكبير ؛ لماذا ارتفعت اصابات ووفيات كورونا في العالم رغم تطعيم اكثر من مليار شخص ؟ #كورونا #كوفيد 19,Covid Vaccine,,1,Neutral,1,No,0,,,Not clear,Target: Covid Vaccine Text: السؤال الكبير ؛ لماذا ارتفعت اصابات ووفيات كورونا في العالم رغم تطعيم اكثر من مليار شخص ؟ #كورونا #كوفيد 19,,,,,,,,,1,0,1.0,8.2194805e-05,4.7922134e-05,5,None,Against
2486,MENTION MENTION MENTION كل الادويه في العالم لها اثار جانبيه ولو نص بالمئه. ومافي دواء او مادة طبيه تخلوا من هذه الاثار. حتئ التطعيمات يلي خذيتها في الصغر لها اثار جات علئ تطعيم كورونا تريده بدون اثار جانبيه ؟؟!!,Covid Vaccine,مستخدم مستخدم مستخدم كل الادويه في العالم لها اثار جانبيه ولو نص بالمئه. ومافي دواء او مادة طبيه تخلوا من هذه الاثار. حتئ التطعيمات يلي خذيتها في الصغر لها اثار جات علئ تطعيم كورونا تريده بدون اثار جانبيه ؟؟!!,Covid Vaccine,Favor,2,Neutral,1,No,0,F_Implicit,,,Target: Covid Vaccine Text: مستخدم مستخدم مستخدم كل الادويه في العالم لها اثار جانبيه ولو نص بالمئه. ومافي دواء او مادة طبيه تخلوا من هذه الاثار. حتئ التطعيمات يلي خذيتها في الصغر لها اثار جات علئ تطعيم كورونا تريده بدون اثار جانبيه ؟؟!!,,,,,,,,,2,0,1.0,4.2796135e-05,0.00013899803,5,Favor,Against
4023,⬅️خذ تطعيم و تحشش و إنسى أنك أخذته و إنسى عدد الجرعات!  فيه كثير منها حتاخذها ⬅️قناة روسيا اليوم/ نشطاء يوزعون الماريجوانا 🤪في وسط نيويورك على من تلقوا لقاح كورونا - عبر تطبيق نبض   ,Covid Vaccine,⬅️خذ تطعيم و تحشش و انسي انك اخذته و انسي عدد الجرعات! فيه كثير منها حتاخذها ⬅️قناة روسيا اليوم/ نشطاء يوزعون الماريجوانا 🤪في وسط نيويورك علي من تلقوا لقاح كورونا - عبر تطبيق نبض,Covid Vaccine,,1,Neutral,1,Yes,1,,,,Target: Covid Vaccine Text: ⬅️خذ تطعيم و تحشش و انسي انك اخذته و انسي عدد الجرعات! فيه كثير منها حتاخذها ⬅️قناة روسيا اليوم/ نشطاء يوزعون الماريجوانا 🤪في وسط نيويورك علي من تلقوا لقاح كورونا - عبر تطبيق نبض,,,,,,,,,1,0,0.99853516,0.0002374649,0.0013093948,5,None,Against
4097,التحول الإلكتروني دا معاه مخاطر إلكترونية كبيرة  وما عندنا عدد كافي من ناس ال Security المؤهلين كلهم اغتربوا..  قال مجلس الأمن والدفاع قال..,Digital Transformation,التحول الالكتروني دا معاه مخاطر الكترونية كبيرة وما عندنا عدد كافي من ناس ال Security المؤهلين كلهم اغتربوا.. قال مجلس الامن والدفاع قال..,Digital Transformation,Favor,2,Positive,2,No,0,F_Explicit,,,Target: Digital Transformation Text: التحول الالكتروني دا معاه مخاطر الكترونية كبيرة وما عندنا عدد كافي من ناس ال Security المؤهلين كلهم اغتربوا.. قال مجلس الامن والدفاع قال..,,,,,,,,,2,0,0.9995117,8.279085e-05,0.0006337166,5,Favor,Against
710,انا ممكن اخد لقاح او تطعيم لأي حاجه في الدنيا إلا لكورونا ,Covid Vaccine,انا ممكن اخد لقاح او تطعيم لأي حاجه في الدنيا إلا لكورونا,Covid Vaccine,Against,0,Negative,0,No,0,,A_Explicit,,Target: Covid Vaccine Text: انا ممكن اخد لقاح او تطعيم لأي حاجه في الدنيا إلا لكورونا,,انا ممكن اخد لقاح او تطعيم لأي حاجه في الدنيا إلا لكورونا ,Covid Vaccine,1.0,1.0,0.5894,2021-04-23 16:13:05+00:00,23/04/2021,0,1,0.025909424,0.89208984,0.08178711,5,Against,None
1818,السؤال الكبير ؛ لماذا ارتفعت إصابات ووفيات كورونا في العالم رغم تطعيم أكثر من مليار شخص ؟ #كورونا #كوفيد_19,Covid Vaccine,السؤال الكبير ؛ لماذا ارتفعت إصابات ووفيات كورونا في العالم رغم تطعيم أكثر من مليار شخص ؟ #كورونا #كوفيد_19,Covid Vaccine,,1,Neutral,1,No,0,,,Not clear,Target: Covid Vaccine Text: السؤال الكبير ؛ لماذا ارتفعت إصابات ووفيات كورونا في العالم رغم تطعيم أكثر من مليار شخص ؟ #كورونا #كوفيد_19,,السؤال الكبير ؛ لماذا ارتفعت إصابات ووفيات كورونا في العالم رغم تطعيم أكثر من مليار شخص ؟ #كورونا #كوفيد_19,Covid Vaccine,1.0,1.0,1.0,2021-04-25 12:05:19+00:00,25/04/2021,1,0,1.0,6.777048e-05,4.9352646e-05,5,None,Against
4023,⬅️خذ تطعيم و تحشش و إنسى أنك أخذته و إنسى عدد الجرعات!  فيه كثير منها حتاخذها ⬅️قناة روسيا اليوم/ نشطاء يوزعون الماريجوانا 🤪في وسط نيويورك على من تلقوا لقاح كورونا - عبر تطبيق نبض   ,Covid Vaccine,⬅️خذ تطعيم و تحشش و إنسى أنك أخذته و إنسى عدد الجرعات!  فيه كثير منها حتاخذها ⬅️قناة روسيا اليوم/ نشطاء يوزعون الماريجوانا 🤪في وسط نيويورك على من تلقوا لقاح كورونا - عبر تطبيق نبض,Covid Vaccine,,1,Neutral,1,Yes,1,,,,Target: Covid Vaccine Text: ⬅️خذ تطعيم و تحشش و إنسى أنك أخذته و إنسى عدد الجرعات!  فيه كثير منها حتاخذها ⬅️قناة روسيا اليوم/ نشطاء يوزعون الماريجوانا 🤪في وسط نيويورك على من تلقوا لقاح كورونا - عبر تطبيق نبض,,⬅️خذ تطعيم و تحشش و إنسى أنك أخذته و إنسى عدد الجرعات!  فيه كثير منها حتاخذها ⬅️قناة روسيا اليوم/ نشطاء يوزعون الماريجوانا 🤪في وسط نيويورك على من تلقوا لقاح كورونا - عبر تطبيق نبض   ,Covid Vaccine,1.0,1.0,0.773,2021-04-21 20:26:29+00:00,21/04/2021,1,0,0.9995117,0.00011384487,0.00027632713,5,None,Against
