ID,true_label,pred_label,p_against,p_none,p_favor,fold,max_probability,prediction_entropy
10,2,2,0.11773682,0.34106445,0.5410156,1,0.5410156,0.9511020580474835
21,1,2,0.17260742,0.2824707,0.5449219,1,0.5449219,0.9911485801363809
24,0,0,0.9926758,0.00504303,0.0023441315,1,0.9926758,0.04816935714533917
33,0,0,0.9941406,0.002319336,0.0033359528,1,0.9941406,0.038937321040028006
35,2,2,0.0075187683,0.0039711,0.98828125,1,0.98828125,0.07037431513353332
43,2,2,0.03463745,0.0078125,0.95751953,1,0.95751953,0.19595110923750292
44,1,2,0.2644043,0.014091492,0.7216797,1,0.7216797,0.6471842616513332
46,2,2,0.0045661926,0.047332764,0.9482422,1,0.9482422,0.2193932793294851
88,1,1,0.061157227,0.8647461,0.074035645,1,0.8647461,0.48928664433664726
101,2,2,0.0016832352,0.00818634,0.9902344,1,0.9902344,0.05980637146859202
109,0,0,0.99072266,0.007129669,0.001950264,1,0.99072266,0.056648861365611085
119,0,1,0.0715332,0.5673828,0.36108398,1,0.5673828,0.878039586865472
134,1,2,0.0025539398,0.024139404,0.97314453,1,0.97314453,0.13163187389765316
135,2,2,0.0019245148,0.0021629333,0.99609375,1,0.99609375,0.029205144252147743
143,0,0,0.96875,0.020721436,0.010414124,1,0.96875,0.1586212221709054
146,2,2,0.014450073,0.0032634735,0.9824219,1,0.9824219,0.0973317232718343
153,2,2,0.0044555664,0.091674805,0.9038086,1,0.9038086,0.33458740374889445
155,1,1,0.040252686,0.79052734,0.16918945,1,0.79052734,0.6157373668319064
164,1,2,0.010978699,0.07312012,0.9160156,1,0.9160156,0.3211450569644245
175,2,2,0.0014438629,0.0060768127,0.9926758,1,0.9926758,0.04775244716188029
181,2,2,0.014633179,0.016983032,0.9682617,1,0.9682617,0.16226159599164897
184,2,2,0.00920105,0.022232056,0.96875,1,0.96875,0.1585151986144425
186,0,1,0.27197266,0.6694336,0.05847168,1,0.6694336,0.7887958557716265
192,2,2,0.003446579,0.00207901,0.9946289,1,0.9946289,0.03773972060327848
202,0,0,0.9838867,0.012001038,0.0039901733,1,0.9838867,0.09110191480733379
206,0,0,0.9951172,0.002784729,0.0022029877,1,0.9951172,0.034732852679631006
235,2,2,0.012176514,0.038360596,0.94970703,1,0.94970703,0.22776693435312356
261,0,0,0.97998047,0.0118637085,0.008323669,1,0.97998047,0.11228384520463519
287,2,2,0.0056037903,0.004676819,0.9897461,1,0.9897461,0.06434472097745043
288,1,2,0.0105896,0.0041542053,0.98535156,1,0.98535156,0.08548102650460783
292,1,0,0.81884766,0.028289795,0.15307617,1,0.81884766,0.5518092874914561
295,2,2,0.0021858215,0.0048294067,0.99316406,1,0.99316406,0.045957726011540134
309,1,2,0.0056991577,0.024795532,0.96972656,1,0.96972656,0.1509318997871323
310,2,2,0.0038013458,0.009765625,0.9863281,1,0.9863281,0.07996460229295031
313,2,2,0.00308609,0.0074386597,0.9892578,1,0.9892578,0.06498187102680664
315,2,2,0.10101318,0.011772156,0.88720703,1,0.88720703,0.39004348222665575
319,0,0,0.98339844,0.006175995,0.010421753,1,0.98339844,0.09544422021898474
325,2,2,0.00894165,0.0034866333,0.98779297,1,0.98779297,0.07404052210879915
333,0,2,0.078125,0.00907135,0.91259766,1,0.91259766,0.3253009858952046
358,0,0,0.9951172,0.0037574768,0.0010843277,1,0.9951172,0.03325512177312691
359,2,2,0.0071029663,0.0024986267,0.9902344,1,0.9902344,0.05982966559576296
370,2,1,0.028915405,0.83691406,0.13439941,1,0.83691406,0.5211888059012383
371,0,2,0.2849121,0.022827148,0.6923828,1,0.6923828,0.6985417502399887
372,1,2,0.0019721985,0.0020980835,0.99609375,1,0.99609375,0.029120975283308474
375,0,0,0.9941406,0.0039253235,0.0018138885,1,0.9941406,0.039039471876143705
376,0,0,0.87841797,0.11651611,0.004878998,1,0.87841797,0.39031942340972475
377,0,0,0.98876953,0.009803772,0.0015516281,1,0.98876953,0.06654612897659852
379,2,2,0.0031032562,0.0036525726,0.99316406,1,0.99316406,0.04523418658292232
383,2,2,0.012214661,0.05267334,0.9350586,1,0.9350586,0.2716442024339061
385,2,2,0.0043525696,0.0049591064,0.99072266,1,0.99072266,0.05921468983347552
393,0,0,0.8017578,0.08050537,0.11773682,1,0.8017578,0.6318498984395994
395,2,2,0.004447937,0.0067100525,0.98876953,1,0.98876953,0.06883224948933415
397,2,2,0.0017852783,0.009780884,0.98828125,1,0.98828125,0.06820671286890362
398,2,2,0.0095825195,0.0026073456,0.98779297,1,0.98779297,0.07218219522319336
399,2,0,0.9658203,0.03173828,0.0024356842,1,0.9658203,0.15775002121275267
403,2,2,0.0063934326,0.004283905,0.9892578,1,0.9892578,0.06634667461636325
407,2,2,0.003353119,0.0052757263,0.99121094,1,0.99121094,0.05552521916381844
453,1,2,0.0132751465,0.30126953,0.6855469,1,0.6855469,0.6776417112259561
482,1,0,0.6401367,0.039916992,0.31982422,1,0.6401367,0.7787132134636003
493,0,0,0.98535156,0.009147644,0.005355835,1,0.98535156,0.08549074015063104
495,2,2,0.009597778,0.0031414032,0.9873047,1,0.9873047,0.07531197061701604
496,2,2,0.01574707,0.10473633,0.87939453,1,0.87939453,0.41470645483587687
501,0,2,0.48632812,0.025375366,0.48828125,1,0.48828125,0.7938398008202008
505,2,2,0.0015058517,0.0063591003,0.9921875,1,0.9921875,0.04973101653633263
506,2,0,0.78808594,0.012519836,0.19934082,1,0.78808594,0.5640083649595726
521,1,2,0.012504578,0.07965088,0.90771484,1,0.90771484,0.3442051729952035
555,2,1,0.032562256,0.79541016,0.17211914,1,0.79541016,0.596435439348722
557,2,2,0.01184845,0.040618896,0.9477539,1,0.9477539,0.23353487523612407
560,2,2,0.0025463104,0.0015907288,0.99609375,1,0.99609375,0.029357963673547045
561,0,0,0.95654297,0.040924072,0.0026245117,1,0.95654297,0.18889073799633574
563,0,2,0.20300293,0.35766602,0.43920898,1,0.43920898,1.052803922512653
564,2,2,0.021697998,0.036743164,0.94140625,1,0.94140625,0.2613497158285508
569,2,2,0.017181396,0.035736084,0.9472656,1,0.9472656,0.2402009277575525
571,2,2,0.0030574799,0.0031909943,0.99365234,1,0.99365234,0.042370774828843535
575,1,2,0.0025482178,0.0018234253,0.99560547,1,0.99560547,0.031104150245151087
579,0,0,0.98046875,0.0072135925,0.0124053955,1,0.98046875,0.10937019045370028
585,0,0,0.74560547,0.20837402,0.045898438,1,0.74560547,0.6871250384648548
596,2,2,0.004333496,0.020492554,0.97509766,1,0.97509766,0.12783864444506007
598,2,2,0.002910614,0.0015897751,0.99560547,1,0.99560547,0.03162584315248522
603,2,2,0.003074646,0.002445221,0.9946289,1,0.9946289,0.03784677029212883
619,2,2,0.015098572,0.1574707,0.8276367,1,0.8276367,0.5109708717319864
624,1,1,0.034820557,0.953125,0.011817932,1,0.953125,0.21512005996187014
644,2,2,0.014465332,0.072143555,0.9135742,1,0.9135742,0.3335261730218058
652,1,1,0.49169922,0.4921875,0.016311646,1,0.4921875,0.7650976543960274
653,2,0,0.6464844,0.328125,0.025497437,1,0.6464844,0.7412047155468077
664,0,0,0.83935547,0.006729126,0.15405273,1,0.83935547,0.4687927176863811
689,2,2,0.0075950623,0.044952393,0.9472656,1,0.9472656,0.2278338133661586
704,2,2,0.28173828,0.11999512,0.59814453,1,0.59814453,0.9187258034477224
728,0,0,0.9472656,0.024871826,0.028015137,1,0.9472656,0.24335025059757104
741,0,0,0.8725586,0.051696777,0.07556152,1,0.8725586,0.46725731932300796
747,2,2,0.00079631805,0.0020828247,0.9970703,1,0.9970703,0.021466963905049652
759,1,2,0.048065186,0.08190918,0.8701172,1,0.8701172,0.47189300784463406
766,2,2,0.004196167,0.0019569397,0.99365234,1,0.99365234,0.041499749206265396
767,2,2,0.0041122437,0.0049362183,0.99072266,1,0.99072266,0.05804298493843949
775,1,1,0.025466919,0.93359375,0.040863037,1,0.93359375,0.2882847632704979
776,2,1,0.0546875,0.7807617,0.16442871,1,0.7807617,0.6489950470198167
778,2,2,0.36669922,0.16809082,0.4650879,1,0.4650879,1.0236638530966145
780,2,2,0.0054244995,0.0053367615,0.9892578,1,0.9892578,0.06691098480803162
781,1,0,0.9848633,0.013458252,0.001789093,1,0.9848633,0.08431978423101232
804,2,2,0.0021266937,0.002407074,0.99560547,1,0.99560547,0.031983879069063775
817,0,0,0.98828125,0.0104904175,0.0011329651,1,0.98828125,0.06714253083735258
829,1,2,0.004714966,0.015792847,0.9794922,1,0.9794922,0.11106605842531507
832,2,1,0.038604736,0.57666016,0.38452148,1,0.57666016,0.8105957267401249
838,2,2,0.0037975311,0.02041626,0.97558594,1,0.97558594,0.1247270737392377
845,2,2,0.011421204,0.0067596436,0.9819336,1,0.9819336,0.10275756125178831
847,2,2,0.0075302124,0.0053253174,0.9873047,1,0.9873047,0.07730785851280243
856,0,2,0.21972656,0.045806885,0.734375,1,0.734375,0.700932292009529
880,2,2,0.006576538,0.24926758,0.7441406,1,0.7441406,0.5992440984988749
882,1,1,0.030456543,0.79541016,0.17407227,1,0.79541016,0.5927328179863387
892,2,2,0.0021190643,0.0044441223,0.99365234,1,0.99365234,0.04344421963953881
902,1,1,0.1282959,0.83740234,0.034179688,1,0.83740234,0.5274372785897623
910,2,2,0.004348755,0.0024814606,0.99316406,1,0.99316406,0.0453465208060941
924,2,2,0.0044288635,0.00422287,0.99121094,1,0.99121094,0.05584049053069527
931,2,2,0.007209778,0.0032806396,0.9897461,1,0.9897461,0.06452638928521993
935,2,2,0.0022964478,0.0036735535,0.9941406,1,0.9941406,0.04039244636371222
944,2,2,0.0031719208,0.00806427,0.98876953,1,0.98876953,0.0682888550572374
950,2,2,0.030380249,0.046173096,0.92333984,1,0.92333984,0.3217899195029391
986,2,2,0.0031719208,0.0042152405,0.9926758,1,0.9926758,0.04860005365384054
996,1,2,0.039367676,0.01121521,0.94921875,1,0.94921875,0.22717817093793807
1025,0,0,0.9941406,0.0025081635,0.003168106,1,0.9941406,0.03909284637471311
1029,2,2,0.0076904297,0.014862061,0.97753906,1,0.97753906,0.12219566814089304
1041,2,2,0.002729416,0.00217247,0.9951172,1,0.9951172,0.034305772694302364
1045,1,1,0.06524658,0.9038086,0.030822754,1,0.9038086,0.37675279740994444
1047,2,2,0.0043525696,0.0027675629,0.9926758,1,0.9926758,0.04726254411872315
1067,0,0,0.9946289,0.0034694672,0.0019779205,1,0.9946289,0.03732081724487656
1078,2,2,0.0076293945,0.003862381,0.98828125,1,0.98828125,0.07031002116214805
1080,0,0,0.9428711,0.052246094,0.004787445,1,0.9428711,0.23525792982040322
1092,0,0,0.50390625,0.019134521,0.47705078,1,0.50390625,0.7741415986679409
1098,2,2,0.002380371,0.0035858154,0.9941406,1,0.9941406,0.040411728111255665
1104,2,2,0.0031261444,0.002248764,0.9946289,1,0.9946289,0.03709966588970739
1105,2,2,0.0018882751,0.0062828064,0.9916992,1,0.9916992,0.05196312903786743
1106,2,2,0.015853882,0.008003235,0.9760742,1,0.9760742,0.12798005287948783
1119,2,2,0.009361267,0.010169983,0.98046875,1,0.98046875,0.10973045696559955
1120,0,0,0.8725586,0.007621765,0.11987305,1,0.8725586,0.4104107175323325
1123,0,0,0.99072266,0.007171631,0.0019426346,1,0.99072266,0.0567742234691547
1141,0,2,0.012229919,0.015563965,0.97216797,1,0.97216797,0.14608967416756158
1151,0,0,0.99072266,0.0061569214,0.0032081604,1,0.99072266,0.05899544186620288
1205,1,2,0.01612854,0.24304199,0.74072266,1,0.74072266,0.6326655082076028
1207,1,1,0.025436401,0.7319336,0.24267578,1,0.7319336,0.6654387725822717
1211,1,1,0.046691895,0.94433594,0.008850098,1,0.94433594,0.23899513718071258
1218,0,0,0.98583984,0.0078048706,0.006134033,1,0.98583984,0.08318269045290591
1220,2,2,0.0035896301,0.03933716,0.95703125,1,0.95703125,0.18951939267655063
1225,2,2,0.082336426,0.10229492,0.8154297,1,0.8154297,0.6051912860381565
1226,0,0,0.9272461,0.050994873,0.02192688,1,0.9272461,0.3055645940561966
1248,1,2,0.06439209,0.2253418,0.7104492,1,0.7104492,0.7552750965669778
1252,2,2,0.013168335,0.0052719116,0.9814453,1,0.9814453,0.10305267601052907
1255,2,2,0.0053634644,0.006122589,0.98828125,1,0.98828125,0.07089009290995715
1266,0,0,0.9946289,0.0020713806,0.0035171509,1,0.9946289,0.038029097329273065
1269,0,0,0.9941406,0.004497528,0.0014123917,1,0.9941406,0.039416643232981094
1270,2,2,0.0012350082,0.0039596558,0.9946289,1,0.9946289,0.035530326382787525
1282,2,2,0.0022907257,0.0027370453,0.9951172,1,0.9951172,0.03494688720636186
1289,2,2,0.0340271,0.0043411255,0.9614258,1,0.9614258,0.1764664872840483
1299,0,2,0.032073975,0.015853882,0.95214844,1,0.95214844,0.222717037075044
1302,2,2,0.048706055,0.050231934,0.9008789,1,0.9008789,0.39147404779782147
1305,0,0,0.8803711,0.115356445,0.004459381,1,0.8803711,0.3854457142393817
1309,0,0,0.9863281,0.00970459,0.0041503906,1,0.9863281,0.08132333878445319
1327,2,2,0.00157547,0.004306793,0.9941406,1,0.9941406,0.0394705464205665
1330,2,2,0.0032615662,0.0036697388,0.99316406,1,0.99316406,0.04606532958650425
1345,0,0,0.9975586,0.001876831,0.0007081032,1,0.9975586,0.019357298852805824
1346,0,0,0.9892578,0.008491516,0.0021896362,1,0.9892578,0.06458705861412824
1364,1,1,0.16186523,0.63671875,0.20117188,1,0.63671875,0.9047856943136923
1368,2,0,0.8666992,0.12261963,0.010803223,1,0.8666992,0.43024679500642415
1406,1,2,0.035125732,0.019821167,0.9448242,1,0.9448242,0.24897351301639986
1421,0,0,0.98779297,0.005432129,0.0065460205,1,0.98779297,0.07338234511229604
1448,2,0,0.81103516,0.17907715,0.009933472,1,0.81103516,0.5236796750527145
1450,0,0,0.8618164,0.1282959,0.00970459,1,0.8618164,0.4365904637860276
1474,0,0,0.9667969,0.019500732,0.0137786865,1,0.9667969,0.16846257468042689
1493,2,2,0.06072998,0.24719238,0.69189453,1,0.69189453,0.7704369744733144
1495,1,0,0.72314453,0.27539062,0.0013170242,1,0.72314453,0.5982735747768448
1498,2,2,0.003364563,0.013305664,0.98339844,1,0.98339844,0.0930970318432454
1501,2,2,0.003643036,0.0069389343,0.9892578,1,0.9892578,0.06563043160855092
1514,2,2,0.0029029846,0.0031490326,0.9941406,1,0.9941406,0.04094198836187375
1519,2,2,0.0018825531,0.0018177032,0.99609375,1,0.99609375,0.02718190649140618
1531,2,2,0.0024585724,0.0027446747,0.9946289,1,0.9946289,0.03631652741470365
1544,0,0,0.99072266,0.0070381165,0.0020446777,1,0.99072266,0.056779693310288516
1560,0,0,0.94921875,0.026763916,0.024017334,1,0.94921875,0.23593376044758185
1589,2,2,0.0026721954,0.011749268,0.98535156,1,0.98535156,0.08258632185365908
1590,1,0,0.9916992,0.005420685,0.0029411316,1,0.9916992,0.0536925970003326
1592,1,2,0.030288696,0.43701172,0.53271484,1,0.53271484,0.8031625140720475
1607,0,0,0.99316406,0.002544403,0.004436493,1,0.99316406,0.046048862741601325
1608,0,0,0.86376953,0.09106445,0.045013428,1,0.86376953,0.48428334676075757
1618,2,2,0.0065460205,0.00198555,0.9916992,1,0.9916992,0.05353933462873715
1619,2,2,0.0024089813,0.00472641,0.9926758,1,0.9926758,0.04712796436024388
1629,0,0,0.95996094,0.038909912,0.0013551712,1,0.95996094,0.1744971688888945
1630,2,2,0.025802612,0.0657959,0.9082031,1,0.9082031,0.36085939665801414
1640,2,0,0.97802734,0.009246826,0.012863159,1,0.97802734,0.12103507235882173
1642,2,2,0.018478394,0.0077323914,0.9736328,1,0.9736328,0.1373640826949984
1643,0,0,0.98828125,0.009262085,0.0023288727,1,0.98828125,0.06913177707607078
1647,2,2,0.0063972473,0.020568848,0.97314453,1,0.97314453,0.13869870780791868
1666,2,2,0.0079956055,0.005077362,0.9868164,1,0.9868164,0.07852951490647889
1673,2,2,0.003894806,0.012763977,0.98339844,1,0.98339844,0.09373714495091004
1677,2,2,0.0030059814,0.005138397,0.9916992,1,0.9916992,0.05280700417348739
1684,2,2,0.008811951,0.11468506,0.87646484,1,0.87646484,0.4056225526810979
1687,2,2,0.002204895,0.011390686,0.9863281,1,0.9863281,0.07803837561696526
1693,2,2,0.03857422,0.054595947,0.9067383,1,0.9067383,0.3730904950314737
1704,2,2,0.0007824898,0.0035591125,0.99560547,1,0.99560547,0.030049177553409624
1707,0,0,0.8798828,0.03213501,0.08807373,1,0.8798828,0.4370518684668072
1708,2,2,0.002506256,0.0057029724,0.9916992,1,0.9916992,0.052742066751519524
1712,0,0,0.9941406,0.0047416687,0.0010766983,1,0.9941406,0.038574606695224084
1724,1,1,0.013450623,0.8979492,0.08874512,1,0.8979492,0.3695514658825785
1739,2,2,0.0056152344,0.006011963,0.98828125,1,0.98828125,0.07149468994400605
1746,2,2,0.020431519,0.039093018,0.9404297,1,0.9404297,0.2639842916705156
1751,0,0,0.98291016,0.0109939575,0.0061683655,1,0.98291016,0.09791684579093872
1760,0,0,0.9897461,0.0037631989,0.006526947,1,0.9897461,0.06405154920585251
1764,0,0,0.8574219,0.013824463,0.12854004,1,0.8574219,0.45478176729800845
1768,0,0,0.99316406,0.00440979,0.0024814606,1,0.99316406,0.045616959613159605
1772,2,2,0.22363281,0.09527588,0.68115234,1,0.68115234,0.8204791394040211
1778,1,0,0.85058594,0.13684082,0.012565613,1,0.85058594,0.46481500039593
1780,0,2,0.007091522,0.038146973,0.95458984,1,0.95458984,0.2040578602157601
1783,2,2,0.007835388,0.02658081,0.9658203,1,0.9658203,0.1680070570772573
1785,1,0,0.95751953,0.033203125,0.009155273,1,0.95751953,0.19759504495142063
1790,2,2,0.0014982224,0.003730774,0.9946289,1,0.9946289,0.035959581177908304
1793,2,2,0.008872986,0.003036499,0.98828125,1,0.98828125,0.07117513885798242
1797,2,2,0.0020828247,0.0039100647,0.9941406,1,0.9941406,0.040379808866020425
1801,2,2,0.00869751,0.0154418945,0.9760742,1,0.9760742,0.12930756646437933
1805,0,0,0.84814453,0.04714966,0.10473633,1,0.84814453,0.520025796893795
1808,2,0,0.98779297,0.011497498,0.00069856644,1,0.98779297,0.06855186250590342
1812,2,2,0.0015459061,0.007423401,0.99121094,1,0.99121094,0.05515346194363185
1821,2,2,0.02935791,0.021209717,0.94921875,1,0.94921875,0.23477718029743277
1822,0,0,0.99365234,0.002216339,0.0042381287,1,0.99365234,0.043029091682952894
1837,2,2,0.0039901733,0.0030269623,0.99316406,1,0.99316406,0.04641089581422039
1844,0,2,0.09100342,0.026000977,0.8828125,1,0.8828125,0.4230519172333776
1849,0,0,0.9921875,0.00472641,0.0028533936,1,0.9921875,0.04980862305149064
1868,0,2,0.3005371,0.1538086,0.54541016,1,0.54541016,0.9798747454047729
1884,0,1,0.4189453,0.5332031,0.047607422,1,0.5332031,0.8447484522012197
1889,0,0,0.9770508,0.014503479,0.008468628,1,0.9770508,0.12448947424410187
1909,1,2,0.007598877,0.016235352,0.9760742,1,0.9760742,0.1276167342984127
1920,2,2,0.002691269,0.0049705505,0.9921875,1,0.9921875,0.05007305607552447
1924,1,0,0.9746094,0.015731812,0.009605408,1,0.9746094,0.1350063268756257
1943,2,2,0.003107071,0.0035991669,0.99316406,1,0.99316406,0.04500568434933238
1955,0,0,0.9926758,0.0053901672,0.002128601,1,0.9926758,0.048546891100193106
1963,0,0,0.99560547,0.0035381317,0.0009851456,1,0.99560547,0.03117451700559886
1965,2,2,0.003627777,0.017745972,0.9785156,1,0.9785156,0.11318151146827735
1973,0,0,0.91064453,0.012969971,0.076171875,1,0.91064453,0.3377193311156088
1974,1,0,0.6611328,0.3317871,0.0073509216,1,0.6611328,0.675739704326483
1975,0,0,0.9711914,0.017578125,0.011207581,1,0.9711914,0.1497596446583103
1978,0,0,0.97265625,0.021850586,0.00573349,1,0.97265625,0.14010578442075008
1979,0,0,0.9941406,0.004386902,0.0016126633,1,0.9941406,0.040028482636225944
1980,0,0,0.98828125,0.00944519,0.0020751953,1,0.98828125,0.06850558354939904
1981,1,0,0.99072266,0.007347107,0.0017557144,1,0.99072266,0.056473600934361906
1991,2,2,0.0014753342,0.001490593,0.9970703,1,0.9970703,0.022244562828412442
1998,2,0,0.6796875,0.2631836,0.057434082,1,0.6796875,0.7778629902265706
2009,0,0,0.9921875,0.006462097,0.0014095306,1,0.9921875,0.04961537390391638
2020,2,2,0.019088745,0.13842773,0.84228516,1,0.84228516,0.4938607350665146
2031,2,2,0.0055885315,0.0014438629,0.99316406,1,0.99316406,0.04524393968609457
2041,2,0,0.64697266,0.013519287,0.33935547,1,0.64697266,0.7066510432179793
2061,2,2,0.0037651062,0.0019683838,0.9941406,1,0.9941406,0.039123043502604704
2073,2,2,0.008575439,0.05154419,0.9399414,1,0.9399414,0.2518719061912386
2074,2,1,0.010223389,0.49682617,0.49291992,1,0.49682617,0.7430877418102444
2083,1,2,0.004714966,0.0033931732,0.9916992,1,0.9916992,0.05281793752549191
2084,2,2,0.003780365,0.002811432,0.99316406,1,0.99316406,0.04441367465400488
2095,2,2,0.009063721,0.003610611,0.9873047,1,0.9873047,0.0755509982129328
2097,2,2,0.038360596,0.010520935,0.9511719,1,0.9511719,0.22061587485442075
2102,2,2,0.2529297,0.053253174,0.69384766,1,0.69384766,0.7574669862773571
2131,2,2,0.0062065125,0.0033817291,0.9902344,1,0.9902344,0.06050012789592234
2136,0,0,0.96484375,0.031585693,0.0037841797,1,0.96484375,0.16476516834112911
2143,0,0,0.75878906,0.124694824,0.11639404,1,0.75878906,0.7193873200725012
2147,0,2,0.07965088,0.013069153,0.90722656,1,0.90722656,0.3465426873524883
2149,2,2,0.017303467,0.0039367676,0.9785156,1,0.9785156,0.11324892018615322
2151,1,1,0.24084473,0.7475586,0.01159668,1,0.7475586,0.6120506930873721
2158,2,2,0.012329102,0.028915405,0.9589844,1,0.9589844,0.19681718660793726
2193,2,2,0.003162384,0.0060653687,0.99072266,1,0.99072266,0.05840288842678866
2208,0,0,0.98876953,0.007446289,0.0038547516,1,0.98876953,0.06908072008614077
2210,2,1,0.13647461,0.7885742,0.07495117,1,0.7885742,0.6533065428137945
2216,1,2,0.0036697388,0.0044403076,0.9916992,1,0.9916992,0.052898094299688024
2220,0,2,0.41430664,0.15905762,0.4267578,1,0.4267578,1.020892243234668
2231,2,2,0.0032176971,0.007434845,0.9892578,1,0.9892578,0.0655934153608354
2232,2,2,0.008422852,0.016189575,0.97558594,1,0.97558594,0.1311038135335032
2238,1,1,0.3310547,0.6401367,0.028930664,1,0.6401367,0.754016723211186
2239,1,0,0.71484375,0.27246094,0.0129470825,1,0.71484375,0.6505163637755562
2242,2,2,0.0103302,0.012435913,0.9770508,1,0.9770508,0.12447899015338457
2249,2,2,0.16662598,0.008728027,0.82470703,1,0.82470703,0.49891919010766483
2257,2,2,0.0014095306,0.0025939941,0.99609375,1,0.99609375,0.028597556556618643
2258,2,2,0.0018787384,0.004005432,0.9941406,1,0.9941406,0.039745732395735256
2262,2,2,0.01651001,0.011314392,0.97216797,1,0.97216797,0.14590214409863944
2269,2,2,0.0020999908,0.016983032,0.98095703,1,0.98095703,0.1010236963497256
2277,0,0,0.96240234,0.03274536,0.00491333,1,0.96240234,0.17495632539256237
2280,0,0,0.39746094,0.29492188,0.30737305,1,0.39746094,1.089439452600412
2291,1,2,0.3095703,0.12145996,0.56884766,1,0.56884766,0.9399623935382334
2299,0,0,0.7871094,0.037597656,0.17553711,1,0.7871094,0.6171933309677183
2304,0,0,0.97216797,0.010925293,0.017105103,1,0.97216797,0.14637710191264597
2309,2,2,0.009918213,0.006652832,0.98339844,1,0.98339844,0.0955682306696732
2310,2,2,0.009437561,0.004386902,0.9863281,1,0.9863281,0.08140297221811979
2320,2,2,0.0037727356,0.007820129,0.98828125,1,0.98828125,0.07063738005759364
2336,2,2,0.0017518997,0.0036716461,0.9946289,1,0.9946289,0.03706339529956449
2337,2,2,0.0038795471,0.0033397675,0.9926758,1,0.9926758,0.047879567778963496
2346,2,2,0.0023231506,0.013725281,0.9838867,1,0.9838867,0.08893337828217428
2363,2,2,0.002702713,0.0015716553,0.99560547,1,0.99560547,0.030513369661125746
2379,0,0,0.9926758,0.0039100647,0.0032043457,1,0.9926758,0.047378848318596664
2380,2,1,0.029144287,0.9003906,0.07055664,1,0.9003906,0.38458405983682237
2387,0,0,0.94970703,0.046295166,0.0039749146,1,0.94970703,0.21323084663393424
2393,0,0,0.9946289,0.0021018982,0.0030384064,1,0.9946289,0.03592655834561817
2412,2,2,0.0012931824,0.0067825317,0.9916992,1,0.9916992,0.050734681642482356
2419,2,2,0.009025574,0.0049552917,0.98583984,1,0.98583984,0.0828482773581801
2425,2,2,0.0047569275,0.016845703,0.9785156,1,0.9785156,0.11548483495992626
2427,2,2,0.0031852722,0.009490967,0.9873047,1,0.9873047,0.07513056418115459
2439,2,2,0.004119873,0.0026359558,0.99316406,1,0.99316406,0.045092236154785935
2445,0,0,0.99365234,0.004272461,0.0022125244,1,0.99365234,0.04316269666709256
2461,2,2,0.0032615662,0.0022716522,0.9946289,1,0.9946289,0.037859012844205564
2474,2,2,0.009925842,0.0027675629,0.9873047,1,0.9873047,0.07469880468874912
2476,0,0,0.9916992,0.0048217773,0.0035858154,1,0.9916992,0.054179466547567466
2480,2,2,0.024551392,0.3071289,0.66845703,1,0.66845703,0.7228168250014253
2488,2,0,0.8647461,0.068481445,0.06677246,1,0.8647461,0.4899935630576484
2503,2,2,0.0067825317,0.008087158,0.98535156,1,0.98535156,0.08736825547513605
2505,1,2,0.003736496,0.004863739,0.99121094,1,0.99121094,0.05553988677379521
2511,2,2,0.004863739,0.0034942627,0.9916992,1,0.9916992,0.053936033931996565
2516,2,2,0.0017347336,0.0036373138,0.9946289,1,0.9946289,0.03681318897085178
2526,2,2,0.0031337738,0.004776001,0.9921875,1,0.9921875,0.051373403567863386
2529,2,2,0.0056266785,0.009681702,0.9848633,1,0.9848633,0.08906814320775552
2531,2,2,0.0055656433,0.008491516,0.98583984,1,0.98583984,0.08344486512159158
2550,0,0,0.9873047,0.00491333,0.007835388,1,0.9873047,0.0767272858069812
2559,1,0,0.84765625,0.12207031,0.030395508,1,0.84765625,0.5030193668510518
2577,0,0,0.9916992,0.0025806427,0.005832672,1,0.9916992,0.053651050587033046
2600,0,0,0.9873047,0.010475159,0.0020980835,1,0.9873047,0.07330630475869843
2605,0,0,0.7792969,0.019485474,0.20117188,1,0.7792969,0.593661766736078
2608,2,2,0.006351471,0.0036411285,0.9902344,1,0.9902344,0.0622969069015451
2610,2,2,0.007698059,0.010360718,0.9819336,1,0.9819336,0.10271274735811438
2612,1,0,0.66259766,0.16564941,0.171875,1,0.66259766,0.8732046203329857
2618,2,2,0.15185547,0.071899414,0.7763672,1,0.7763672,0.6720170094652955
2621,2,2,0.21142578,0.0209198,0.7675781,1,0.7675781,0.6124646195643251
2629,0,0,0.9941406,0.0035171509,0.0021743774,1,0.9941406,0.03904560443398863
2630,0,0,0.9926758,0.006565094,0.00071048737,1,0.9926758,0.04544411933928063
2635,0,0,0.9926758,0.0028934479,0.0041923523,1,0.9926758,0.04716140652690019
2636,0,0,0.5488281,0.24902344,0.20214844,1,0.5488281,0.9986602615641531
2639,2,2,0.006313324,0.0028820038,0.99072266,1,0.99072266,0.058069361530288514
2644,2,2,0.17077637,0.06201172,0.76708984,1,0.76708984,0.6776444891387409
2653,2,2,0.006313324,0.007083893,0.9868164,1,0.9868164,0.0801386711020469
2665,2,2,0.014892578,0.035614014,0.94970703,1,0.94970703,0.2304313078646812
2699,2,2,0.0033111572,0.03060913,0.9663086,1,0.9663086,0.15874299786331275
2710,2,2,0.0019083023,0.0010728836,0.9970703,1,0.9970703,0.022210057870828203
2713,2,2,0.003107071,0.020812988,0.9760742,1,0.9760742,0.1221693235772975
2719,2,2,0.0020656586,0.0038547516,0.9941406,1,0.9941406,0.04003917304938117
2721,2,2,0.0042152405,0.0026931763,0.99316406,1,0.99316406,0.04580149256027757
2726,2,2,0.117126465,0.08123779,0.8017578,1,0.8017578,0.6322624743596198
2731,2,1,0.016464233,0.55810547,0.4255371,1,0.55810547,0.7566828734357158
2733,2,2,0.0018129349,0.006126404,0.9921875,1,0.9921875,0.0504415439853151
2734,2,2,0.11816406,0.02998352,0.8520508,1,0.8520508,0.4939373072553351
2738,2,2,0.0016918182,0.0033798218,0.9951172,1,0.9951172,0.034898918531901676
2740,2,2,0.0052452087,0.027511597,0.96728516,1,0.96728516,0.15856666176754705
2747,0,0,0.99365234,0.0049209595,0.0013313293,1,0.99365234,0.04129418841509899
2754,0,0,0.93408203,0.06402588,0.001821518,1,0.93408203,0.25115937115372733
2775,0,0,0.5932617,0.032043457,0.37451172,1,0.5932617,0.7878243241955254
2794,2,2,0.0021305084,0.004535675,0.99316406,1,0.99316406,0.04439163013175095
2799,2,2,0.004676819,0.018630981,0.9765625,1,0.9765625,0.12245832835101936
2804,2,2,0.12695312,0.013885498,0.8588867,1,0.8588867,0.4520626741688576
2832,2,2,0.014450073,0.014419556,0.9711914,1,0.9711914,0.15074230310245862
2841,2,2,0.0022888184,0.003080368,0.9946289,1,0.9946289,0.03708488693828241
2845,2,2,0.006690979,0.0053138733,0.98779297,1,0.98779297,0.07346498024799367
2849,2,2,0.0015535355,0.010765076,0.98779297,1,0.98779297,0.07096066116661642
2856,0,0,0.9921875,0.006713867,0.00095033646,1,0.9921875,0.047988375620041906
2861,0,0,0.9926758,0.0061683655,0.0010442734,1,0.9926758,0.0458522841930933
2862,2,2,0.023635864,0.01436615,0.96191406,1,0.96191406,0.18682121752275133
2864,2,2,0.0017366409,0.0027427673,0.99560547,1,0.99560547,0.03160160910786086
2868,2,2,0.042938232,0.07397461,0.8833008,1,0.8833008,0.4374099274580663
2871,0,0,0.95751953,0.039245605,0.0031147003,1,0.95751953,0.18661595865667868
2880,2,2,0.004173279,0.0042877197,0.9916992,1,0.9916992,0.05450851915437407
2893,2,2,0.01876831,0.007537842,0.9736328,1,0.9736328,0.13747511971698087
2896,2,2,0.0067863464,0.012336731,0.98095703,1,0.98095703,0.10696573168596912
2897,2,2,0.0017728806,0.0071105957,0.99121094,1,0.99121094,0.05515199621143441
2913,2,2,0.0046539307,0.010421753,0.9848633,1,0.9848633,0.08757678806694418
2917,2,2,0.03942871,0.072631836,0.8876953,1,0.8876953,0.4236977826438555
2925,0,0,0.85058594,0.09411621,0.05529785,1,0.85058594,0.5201564041749656
2933,2,2,0.0028514862,0.0028648376,0.9941406,1,0.9941406,0.03932598875466656
2962,1,2,0.16845703,0.15344238,0.67822266,1,0.67822266,0.8509916066315433
2965,2,2,0.005844116,0.0035171509,0.99072266,1,0.99072266,0.05915875443076181
2966,1,2,0.13427734,0.12322998,0.7426758,1,0.7426758,0.7485582791878789
2968,2,2,0.0034542084,0.0062179565,0.9902344,1,0.9902344,0.060885944446034374
2975,2,2,0.04095459,0.25073242,0.7080078,1,0.7080078,0.7221925094167683
2981,0,0,0.99560547,0.0030136108,0.0014734268,1,0.99560547,0.03148469931815834
2982,2,2,0.0006785393,0.003774643,0.99560547,1,0.99560547,0.0303956194726684
3002,0,2,0.12756348,0.033203125,0.83935547,1,0.83935547,0.5227202990369971
3009,2,0,0.99072266,0.0059432983,0.003446579,1,0.99072266,0.05923988286902669
3010,0,0,0.9682617,0.014862061,0.016952515,1,0.9682617,0.16290395326212587
3016,0,0,0.98876953,0.010559082,0.0006456375,1,0.98876953,0.06396149650621966
3022,0,0,0.99121094,0.007827759,0.00090026855,1,0.99121094,0.05302899122580718
3052,2,1,0.28222656,0.64990234,0.06781006,1,0.64990234,0.8195737158675298
3060,0,0,0.70751953,0.03741455,0.25512695,1,0.70751953,0.7162294238930378
3062,2,2,0.002483368,0.009559631,0.98779297,1,0.98779297,0.07148206193648313
3068,1,2,0.019363403,0.082458496,0.8979492,1,0.8979492,0.37880518096917604
3069,0,0,0.83154297,0.02658081,0.14172363,1,0.83154297,0.5267307374760126
3175,2,2,0.01574707,0.009895325,0.9741211,1,0.9741211,0.13658257304914473
3188,2,2,0.00054979324,0.0034637451,0.99609375,1,0.99609375,0.02764885964792553
3208,2,2,0.0048828125,0.008552551,0.9863281,1,0.9863281,0.08028769552682764
3209,2,2,0.0024719238,0.0022773743,0.9951172,1,0.9951172,0.03356643399995466
3210,2,2,0.012588501,0.0046691895,0.98291016,1,0.98291016,0.0970757678191925
3229,2,2,0.012428284,0.013496399,0.9741211,1,0.9741211,0.13818017958573794
3238,2,2,0.0013751984,0.0038261414,0.9946289,1,0.9946289,0.03571396276787855
3242,2,2,0.006641388,0.011421204,0.9819336,1,0.9819336,0.10228387854219835
3249,2,1,0.18884277,0.7182617,0.0927124,1,0.7182617,0.7729524176178231
3265,2,2,0.010787964,0.03475952,0.95458984,1,0.95458984,0.20999305199622284
3310,2,2,0.0015506744,0.010131836,0.98828125,1,0.98828125,0.06820735750040276
3349,1,0,0.6298828,0.35961914,0.01071167,1,0.6298828,0.7075240294161556
3355,2,2,0.0030918121,0.004623413,0.9921875,1,0.9921875,0.050507822851168775
3378,0,0,0.96972656,0.016311646,0.013900757,1,0.96972656,0.15638423869691612
3379,2,2,0.0034332275,0.0030555725,0.99365234,1,0.99365234,0.04350265092672024
3381,2,2,0.0035629272,0.0018939972,0.9946289,1,0.9946289,0.03731507913439012
3387,2,2,0.0020980835,0.0025177002,0.99560547,1,0.99560547,0.03239012514799248
3391,0,0,0.9941406,0.00415802,0.0019264221,1,0.9941406,0.04068360997845555
3401,0,2,0.066711426,0.14819336,0.78515625,1,0.78515625,0.6534571510221715
3404,1,2,0.027496338,0.16577148,0.8066406,1,0.8066406,0.5700576175193167
3408,1,0,0.90966797,0.08526611,0.0049819946,1,0.90966797,0.32246083983195833
3427,2,1,0.35473633,0.38745117,0.25756836,1,0.38745117,1.0843934114294975
3432,2,1,0.38598633,0.45043945,0.16357422,1,0.45043945,1.0228299085987844
3450,2,2,0.0055160522,0.0039100647,0.99072266,1,0.99072266,0.05959634143136108
3464,2,2,0.10876465,0.032318115,0.8588867,1,0.8588867,0.482874110672875
3472,2,0,0.9238281,0.056427002,0.01966858,1,0.9238281,0.31268358343817193
3477,0,2,0.0146865845,0.0059394836,0.9794922,1,0.9794922,0.11273208768726935
3479,1,2,0.012916565,0.06439209,0.92285156,1,0.92285156,0.3068825120642459
3486,2,2,0.0030918121,0.0025138855,0.9946289,1,0.9946289,0.03827215729785032
3492,0,0,0.9790039,0.0107040405,0.010307312,1,0.9790039,0.11649472837977853
3494,1,0,0.9223633,0.06976318,0.008117676,1,0.9223633,0.2993728079992095
3514,2,2,0.00258255,0.003528595,0.99365234,1,0.99365234,0.04164229556179457
3533,2,2,0.00573349,0.004096985,0.9902344,1,0.9902344,0.06183396394365217
3534,2,2,0.010261536,0.05810547,0.9316406,1,0.9316406,0.27829780236627544
3544,2,2,0.002922058,0.0034942627,0.99365234,1,0.99365234,0.0431448055056509
3548,2,2,0.0023097992,0.0030956268,0.9946289,1,0.9946289,0.037264308276459546
3551,2,2,0.0016679764,0.009529114,0.98876953,1,0.98876953,0.0661786010877864
3573,2,2,0.037109375,0.47924805,0.48364258,1,0.48364258,0.8260610733253619
3579,2,2,0.0036067963,0.0032749176,0.99316406,1,0.99316406,0.04583783602167337
3595,2,2,0.002998352,0.011924744,0.9848633,1,0.9848633,0.08525741795130884
3615,2,2,0.0029087067,0.003189087,0.9941406,1,0.9941406,0.04116012094007387
3620,2,2,0.0048217773,0.002532959,0.9926758,1,0.9926758,0.04816258540350191
3640,2,2,0.0061912537,0.0030326843,0.99072266,1,0.99072266,0.05829876482025137
3652,2,2,0.0022735596,0.0058059692,0.9916992,1,0.9916992,0.051998238460421405
3670,2,2,0.008117676,0.00491333,0.9868164,1,0.9868164,0.07829075730428475
3713,2,2,0.2980957,0.27783203,0.42407227,1,0.42407227,1.0804185385327507
3743,2,2,0.012535095,0.029830933,0.95751953,1,0.95751953,0.20123157903431618
3752,2,2,0.004524231,0.012832642,0.9824219,1,0.9824219,0.09774183253783941
3878,1,1,0.064697266,0.8828125,0.05227661,1,0.8828125,0.4414584311374232
3879,2,2,0.0051002502,0.002773285,0.9921875,1,0.9921875,0.051031731443914936
3920,2,2,0.005241394,0.003774643,0.99121094,1,0.99121094,0.05733419176442585
3932,2,2,0.0093307495,0.0031929016,0.9873047,1,0.9873047,0.07457944688564606
3935,2,2,0.003118515,0.005722046,0.99121094,1,0.99121094,0.05629077374054759
3949,2,2,0.0035171509,0.0028018951,0.99365234,1,0.99365234,0.042667763607986596
3988,0,2,0.43823242,0.014251709,0.5473633,1,0.5473633,0.7519910049148415
4003,2,2,0.012931824,0.019424438,0.96777344,1,0.96777344,0.16448606128556495
4036,1,2,0.3876953,0.07714844,0.53515625,1,0.53515625,0.8995890552498755
4045,2,2,0.009124756,0.031280518,0.95947266,1,0.95947266,0.19093109077702713
4047,2,2,0.0030918121,0.0031204224,0.99365234,1,0.99365234,0.04219921882569685
4052,2,2,0.010047913,0.0045547485,0.98535156,1,0.98535156,0.08532225916537872
4063,2,2,0.005214691,0.005710602,0.9892578,1,0.9892578,0.06759186674318962
4065,2,2,0.046417236,0.0071144104,0.94628906,1,0.94628906,0.22993206141564354
4074,2,2,0.004146576,0.003967285,0.9916992,1,0.9916992,0.052949970537697344
4077,1,0,0.9892578,0.009262085,0.0014333725,1,0.9892578,0.06343309535303722
4078,2,2,0.0036888123,0.0032100677,0.99316406,1,0.99316406,0.04590939648051795
4081,0,0,0.99072266,0.0032997131,0.005783081,1,0.99072266,0.057887635520964
4089,2,2,0.0019760132,0.0020942688,0.99609375,1,0.99609375,0.029121204162485183
4092,0,0,0.98779297,0.008132935,0.0040512085,1,0.98779297,0.0735836020517129
4095,2,2,0.003566742,0.011184692,0.98535156,1,0.98535156,0.08489830932528251
4101,1,2,0.022735596,0.45483398,0.52246094,1,0.52246094,0.7835403468954462
4106,2,2,0.009857178,0.16479492,0.8251953,1,0.8251953,0.5012188931770072
34,2,1,0.17211914,0.76220703,0.06567383,1,0.76220703,0.6886562910731366
36,2,2,0.006122589,0.0037384033,0.9902344,1,0.9902344,0.061811364803869215
275,2,2,0.0047721863,0.008003235,0.9873047,1,0.9873047,0.07676036598880423
281,2,2,0.017654419,0.14489746,0.83740234,1,0.83740234,0.49976700738345947
518,2,2,0.0046958923,0.005455017,0.9897461,1,0.9897461,0.06380343321099313
522,2,2,0.0473938,0.16125488,0.7915039,1,0.7915039,0.6238389331210863
592,2,2,0.007221222,0.011932373,0.98095703,1,0.98095703,0.10730891007737413
601,0,0,0.9667969,0.03250122,0.0008969307,1,0.9667969,0.15030371986489482
613,2,2,0.0115737915,0.0047721863,0.9838867,1,0.9838867,0.09309755473854041
623,1,1,0.011314392,0.96240234,0.026489258,1,0.96240234,0.1837722403147573
650,1,0,0.6669922,0.25830078,0.07470703,1,0.6669922,0.8135638448167227
651,2,2,0.0022335052,0.003929138,0.99365234,1,0.99365234,0.04172600800125811
693,2,2,0.0028095245,0.0048675537,0.9921875,1,0.9921875,0.050207649372639336
754,2,2,0.08258057,0.062561035,0.85498047,1,0.85498047,0.5133047938839901
758,0,0,0.9902344,0.006919861,0.0026187897,1,0.9902344,0.05970153506528103
796,1,1,0.02230835,0.96728516,0.010414124,1,0.96728516,0.16454407176796487
850,0,0,0.9926758,0.005268097,0.001865387,1,0.9926758,0.046656829462028995
862,2,2,0.009185791,0.022445679,0.9682617,1,0.9682617,0.15953002820255335
1019,0,0,0.9819336,0.010292053,0.007610321,1,0.9819336,0.10212763748324385
1055,2,2,0.07861328,0.010124207,0.9111328,1,0.9111328,0.3312252140739915
1075,0,0,0.9892578,0.008216858,0.0026569366,1,0.9892578,0.06589527117874837
1121,2,2,0.002784729,0.00289917,0.9941406,1,0.9941406,0.039167254093129066
1131,0,0,0.6723633,0.0713501,0.25634766,1,0.6723633,0.8042201312546529
1134,1,1,0.07421875,0.9165039,0.009315491,1,0.9165039,0.31649252570240843
1189,2,2,0.0060272217,0.0038833618,0.9902344,1,0.9902344,0.06208246942223798
1196,2,2,0.005504608,0.008079529,0.9863281,1,0.9863281,0.08114449362490898
1254,2,2,0.0052337646,0.0034656525,0.99121094,1,0.99121094,0.05587373911111094
1286,2,2,0.0084991455,0.0039100647,0.98779297,1,0.98779297,0.0743325431446294
1308,0,0,0.9892578,0.00920105,0.001540184,1,0.9892578,0.06379685005974975
1420,0,0,0.9868164,0.008476257,0.0044822693,1,0.9868164,0.07777061515313353
1427,2,2,0.0017852783,0.00579834,0.9921875,1,0.9921875,0.048941982419459996
1487,0,0,0.9790039,0.013381958,0.0075569153,1,0.9790039,0.1154195936057835
1542,0,0,0.97216797,0.022216797,0.00566864,1,0.97216797,0.14134112260314324
1714,0,0,0.61376953,0.12225342,0.26391602,1,0.61376953,0.9081068418875098
1773,0,0,0.9892578,0.004901886,0.005695343,1,0.9892578,0.06618732650379341
1878,2,2,0.005634308,0.0026016235,0.9916992,1,0.9916992,0.05292953639087427
1890,0,0,0.99365234,0.00381279,0.0022964478,1,0.99365234,0.04151651741868357
1930,0,2,0.099243164,0.074523926,0.8261719,1,0.8261719,0.5805407532387667
1937,0,0,0.9794922,0.018218994,0.0021133423,1,0.9794922,0.10628552736735929
2032,2,2,0.0030937195,0.004043579,0.9926758,1,0.9926758,0.04745665077008089
2051,2,2,0.0047569275,0.0035629272,0.9916992,1,0.9916992,0.053791866540349044
2104,2,2,0.00381279,0.007858276,0.98828125,1,0.98828125,0.07096742880247878
2116,0,0,0.9902344,0.008041382,0.0017471313,1,0.9902344,0.059596486424922844
2155,2,2,0.0024490356,0.0035820007,0.9941406,1,0.9941406,0.04073918395977663
2179,2,2,0.009300232,0.053009033,0.9375,1,0.9375,0.2597117656741659
2182,2,2,0.003917694,0.010940552,0.98535156,1,0.98535156,0.08565311649645975
2194,2,2,0.001991272,0.0061073303,0.9916992,1,0.9916992,0.05178672827310357
2354,2,0,0.8286133,0.022918701,0.14831543,1,0.8286133,0.5253644276270915
2370,0,0,0.99121094,0.0051002502,0.0034999847,1,0.99121094,0.05546422006738153
2386,2,2,0.002904892,0.008621216,0.98828125,1,0.98828125,0.06959953431652552
2446,2,2,0.2553711,0.0340271,0.7104492,1,0.7104492,0.7064956978844539
2478,2,2,0.0047416687,0.008544922,0.9868164,1,0.9868164,0.07916520843708066
2506,2,2,0.0020751953,0.009422302,0.98828125,1,0.98828125,0.06842173422510883
2598,1,1,0.005847931,0.94189453,0.052337646,1,0.94189453,0.24084989793750655
2641,2,2,0.002817154,0.006752014,0.9902344,1,0.9902344,0.06000615638518395
2695,2,2,0.0029087067,0.0021209717,0.9951172,1,0.9951172,0.03491429200537238
2768,0,0,0.9946289,0.0031051636,0.00217247,1,0.9946289,0.0366093516193388
2829,2,2,0.002117157,0.0036144257,0.9941406,1,0.9941406,0.03920225122444357
2840,0,0,0.9921875,0.0043792725,0.0036697388,1,0.9921875,0.05214372891296171
2850,2,2,0.0014953613,0.0076179504,0.99072266,1,0.99072266,0.05611670913560174
2884,2,2,0.0029907227,0.0025253296,0.9946289,1,0.9946289,0.03784441377569807
2891,0,0,0.99316406,0.0029640198,0.0038051605,1,0.99316406,0.04526676015203841
2923,2,2,0.007572174,0.02267456,0.96972656,1,0.96972656,0.1526449988960341
2929,1,1,0.018005371,0.9707031,0.011054993,1,0.9707031,0.1509939418761522
2956,1,1,0.06311035,0.9277344,0.009346008,1,0.9277344,0.28762697244438534
2984,2,0,0.9946289,0.0013399124,0.0041656494,1,0.9946289,0.03705181003679882
3044,2,2,0.004119873,0.026290894,0.96972656,1,0.96972656,0.14809684602503156
3051,0,0,0.97998047,0.009162903,0.010688782,1,0.97998047,0.11132723959293925
3076,0,0,0.9951172,0.0030994415,0.0019168854,1,0.9951172,0.034768941543114516
3231,0,0,0.9902344,0.0075531006,0.0023155212,1,0.9902344,0.06067153934371178
3273,0,0,0.9550781,0.027770996,0.017059326,1,0.9550781,0.21287163493153696
3356,2,2,0.029052734,0.016220093,0.95458984,1,0.95458984,0.21402157872018396
3368,2,2,0.11010742,0.32739258,0.5625,1,0.5625,0.9321372137795949
3371,2,2,0.009544373,0.003364563,0.9873047,1,0.9873047,0.07617227929384099
3396,2,2,0.0044288635,0.0046691895,0.99072266,1,0.99072266,0.058295359852037404
3445,2,2,0.0036811829,0.005207062,0.99121094,1,0.99121094,0.056758965475435574
3474,2,2,0.0016880035,0.007209778,0.99121094,1,0.99121094,0.055087800820201885
3475,2,2,0.031982422,0.01058197,0.95751953,1,0.95751953,0.19979999665758083
3497,2,2,0.002796173,0.0025577545,0.9946289,1,0.9946289,0.037063037784660025
3515,2,2,0.0087890625,0.01802063,0.97314453,1,0.97314453,0.1404763246685773
3519,0,0,0.93408203,0.057373047,0.008598328,1,0.93408203,0.26857379762971806
3577,2,2,0.004261017,0.0063438416,0.9892578,1,0.9892578,0.06604353605160766
3654,2,2,0.0029697418,0.007511139,0.9897461,1,0.9897461,0.06422265415437615
3690,2,2,0.0033035278,0.0043182373,0.9921875,1,0.9921875,0.050166583271047456
4056,2,2,0.005443573,0.007247925,0.9873047,1,0.9873047,0.07670427427904924
4113,2,2,0.0029449463,0.015716553,0.9814453,1,0.9814453,0.10081513218876527
120,0,0,0.98828125,0.0047073364,0.006843567,1,0.98828125,0.07098609553139595
254,0,0,0.98535156,0.013023376,0.0017051697,1,0.98535156,0.08194412749481766
312,0,0,0.9892578,0.0067825317,0.0039043427,1,0.9892578,0.06620440137629907
326,0,0,0.98291016,0.0154953,0.0016012192,1,0.98291016,0.09182230273635997
479,0,0,0.9711914,0.02810669,0.00083494186,1,0.9711914,0.13469778488436374
558,0,0,0.9506836,0.039276123,0.009864807,1,0.9506836,0.22078548792381747
601,0,0,0.9667969,0.03250122,0.0008969307,1,0.9667969,0.15030371986489482
797,0,0,0.9946289,0.0039367676,0.0015039444,1,0.9946289,0.03693122145248326
959,0,0,0.9902344,0.007896423,0.0016746521,1,0.9902344,0.05865169891302334
1044,0,0,0.9916992,0.0055656433,0.0026226044,1,0.9916992,0.052745979731480847
1230,0,0,0.97753906,0.017349243,0.0051002502,1,0.97753906,0.11946569075200936
1499,0,0,0.9824219,0.016082764,0.0013217926,1,0.9824219,0.09260647647532695
1714,0,0,0.54296875,0.1607666,0.29614258,1,0.54296875,0.9858225058257968
1717,0,0,0.98339844,0.008346558,0.008430481,1,0.98339844,0.09667197389532975
1727,0,0,0.99560547,0.0034370422,0.0008187294,1,0.99560547,0.029703024787539827
1930,0,2,0.12670898,0.13464355,0.73876953,1,0.73876953,0.7554170838437824
2370,0,0,0.9916992,0.00541687,0.0030651093,1,0.9916992,0.05427261217234522
2586,0,0,0.98828125,0.004547119,0.007385254,1,0.98828125,0.07242243760394827
2705,0,0,0.9892578,0.0075912476,0.0031661987,1,0.9892578,0.06595752872758726
2768,0,0,0.9941406,0.0038414001,0.0021953583,1,0.9941406,0.040646442142531033
3076,0,0,0.9941406,0.003440857,0.0022964478,1,0.9941406,0.0393129769707269
3231,0,0,0.98828125,0.010108948,0.0015125275,1,0.98828125,0.06791601527287357
3255,0,0,0.9946289,0.0041656494,0.0010728836,1,0.9946289,0.0355238271452304
3270,0,0,0.98535156,0.013023376,0.001496315,1,0.98535156,0.08080837605324225
3370,0,0,0.9946289,0.0038032532,0.0016746521,1,0.9946289,0.03725261759099904
3519,0,0,0.9169922,0.0748291,0.007980347,1,0.9169922,0.3120124766568294
4019,0,0,0.99316406,0.00598526,0.0010023117,1,0.99316406,0.04436921806251713
127,1,1,0.08331299,0.9140625,0.0027809143,1,0.9140625,0.30554525712968866
732,1,1,0.3137207,0.62158203,0.064819336,1,0.62158203,0.8365913341413603
1950,1,1,0.055908203,0.8959961,0.048339844,1,0.8959961,0.40608483369676573
2762,1,1,0.085510254,0.9008789,0.013641357,1,0.9008789,0.3629024672420285
3563,1,1,0.02293396,0.97265625,0.0045928955,1,0.97265625,0.13826996434809202
1065,2,2,0.048583984,0.066467285,0.8847656,1,0.8847656,0.435460298481775
2850,2,2,0.001461029,0.007385254,0.99121094,1,0.99121094,0.054537637797065316
434,2,2,0.00970459,0.26879883,0.7216797,1,0.7216797,0.6335211089411665
3765,2,2,0.0033836365,0.0020389557,0.9946289,1,0.9946289,0.037237473439720635
4070,2,2,0.0077056885,0.009239197,0.98291016,1,0.98291016,0.09771645471073259
1852,2,2,0.0016889572,0.0049934387,0.99316406,1,0.99316406,0.04405760297731389
3474,2,2,0.0019702911,0.008361816,0.9897461,1,0.9897461,0.06247881608921141
725,2,2,0.011909485,0.015090942,0.97314453,1,0.97314453,0.14254190049775647
2386,2,2,0.0030536652,0.012817383,0.9838867,1,0.9838867,0.08951254835941447
2376,2,2,0.0038490295,0.009208679,0.9868164,1,0.9868164,0.07766334817518952
1121,2,2,0.003063202,0.0028419495,0.9941406,1,0.9941406,0.040236018478266994
2800,2,2,0.008865356,0.004360199,0.9868164,1,0.9868164,0.07868919275861083
4000,2,2,0.008338928,0.012886047,0.9790039,1,0.9790039,0.11676612856374216
7,2,2,0.14868164,0.34936523,0.5019531,2,0.5019531,0.9967554684149412
12,0,0,0.38330078,0.35864258,0.25805664,2,0.38330078,1.084880512965384
19,0,2,0.03668213,0.34692383,0.61621094,2,0.61621094,0.7868707900487365
29,2,2,0.030441284,0.4465332,0.5229492,2,0.5229492,0.8053259948646686
57,1,1,0.03616333,0.5239258,0.44018555,2,0.5239258,0.8199183081509163
63,2,2,0.007347107,0.17102051,0.82177734,2,0.82177734,0.4994202485668866
94,1,1,0.3059082,0.5966797,0.097351074,2,0.5966797,0.8972221893103767
96,2,2,0.006916046,0.23986816,0.75341797,2,0.75341797,0.590170472292513
97,2,2,0.014862061,0.22070312,0.76464844,2,0.76464844,0.6012071271868936
99,2,2,0.008544922,0.28955078,0.70214844,2,0.70214844,0.6478578701719424
106,2,2,0.010177612,0.1505127,0.83935547,2,0.83935547,0.4787062831170059
112,2,0,0.4621582,0.26220703,0.27539062,2,0.4621582,1.0628457389978434
114,2,2,0.0095825195,0.2154541,0.77490234,2,0.77490234,0.572875664434518
118,0,0,0.8745117,0.08508301,0.04058838,2,0.8745117,0.4569746173940148
130,2,0,0.75097656,0.07739258,0.17163086,2,0.75097656,0.7155862318933863
132,2,2,0.36376953,0.16345215,0.47265625,2,0.47265625,1.018109052469346
133,2,2,0.01625061,0.25854492,0.72509766,2,0.72509766,0.6497583325483904
161,0,0,0.5390625,0.22106934,0.23999023,2,0.5390625,1.009258562626865
162,0,0,0.90234375,0.033935547,0.06384277,2,0.90234375,0.3831911282193598
168,2,2,0.009689331,0.18029785,0.8100586,2,0.8100586,0.5244409656872301
174,1,1,0.34423828,0.48608398,0.16967773,2,0.48608398,1.0187348566995633
194,2,2,0.010269165,0.21911621,0.7705078,2,0.7705078,0.5805460617318333
195,1,1,0.2668457,0.6118164,0.12158203,2,0.6118164,0.9093187953838904
234,2,2,0.026412964,0.3371582,0.63623047,2,0.63623047,0.7502413528286028
243,2,2,0.008056641,0.2932129,0.69873047,2,0.69873047,0.6490612759928638
257,0,0,0.90771484,0.048461914,0.043914795,2,0.90771484,0.3718384614757125
262,0,0,0.8588867,0.05596924,0.08526611,2,0.8588867,0.5019323475106874
267,0,0,0.79785156,0.081604004,0.12042236,2,0.79785156,0.6395746121156816
277,1,0,0.609375,0.33203125,0.058654785,2,0.609375,0.8342596708648434
278,2,2,0.016281128,0.27001953,0.7138672,2,0.7138672,0.6611825146255886
293,1,0,0.71777344,0.16784668,0.11413574,2,0.71777344,0.7852877303854497
296,2,1,0.2709961,0.52783203,0.20117188,2,0.52783203,1.0136972493830139
298,2,2,0.06304932,0.27807617,0.6591797,2,0.6591797,0.8048758676499433
302,2,2,0.0074005127,0.17773438,0.8149414,2,0.8149414,0.5101072269381905
304,2,2,0.29370117,0.28637695,0.42016602,2,0.42016602,1.0822676720341982
306,2,2,0.010307312,0.4350586,0.5546875,2,0.5546875,0.7361484303154696
307,2,2,0.0096206665,0.15734863,0.8330078,2,0.8330078,0.48786106357287473
321,0,2,0.072265625,0.23059082,0.6972656,2,0.6972656,0.7795996182213898
329,1,1,0.2454834,0.42041016,0.33398438,2,0.42041016,1.0753511601756287
345,2,2,0.09033203,0.3083496,0.6010742,2,0.6010742,0.8859307181693399
349,2,2,0.033416748,0.19189453,0.77490234,2,0.77490234,0.6279689816291943
350,2,2,0.03253174,0.35839844,0.6088867,2,0.6088867,0.7812776909727829
353,2,2,0.008049011,0.2915039,0.7006836,2,0.7006836,0.6473837493198672
364,1,2,0.016571045,0.4650879,0.5185547,2,0.5185547,0.7645210569553356
384,1,0,0.76708984,0.14135742,0.091430664,2,0.76708984,0.6986736606277462
402,2,2,0.016647339,0.19335938,0.79003906,2,0.79003906,0.5720990996817295
413,2,2,0.011962891,0.25170898,0.7363281,2,0.7363281,0.6255499550075823
428,2,2,0.18469238,0.2199707,0.59521484,2,0.59521484,0.9538672400595867
431,2,2,0.010444641,0.47509766,0.51416016,2,0.51416016,0.7432590856213596
439,2,2,0.012641907,0.47436523,0.5131836,2,0.5131836,0.7513813524204243
443,2,2,0.14685059,0.27172852,0.58154297,2,0.58154297,0.9509957055662144
444,1,1,0.38720703,0.46728516,0.14562988,2,0.46728516,1.003481412982259
451,2,2,0.11230469,0.35083008,0.5371094,2,0.5371094,0.9468789916451782
457,2,1,0.33154297,0.52978516,0.13879395,2,0.52978516,0.9766720209095638
464,0,0,0.44604492,0.3413086,0.21264648,2,0.44604492,1.0562070136815893
473,0,0,0.6166992,0.24572754,0.13757324,2,0.6166992,0.9158728598737877
491,2,2,0.039093018,0.40112305,0.5595703,2,0.5595703,0.8180316436530288
499,2,1,0.13989258,0.4375,0.42236328,2,0.4375,1.0008543232869367
527,2,2,0.14465332,0.33520508,0.52001953,2,0.52001953,0.9860933734527881
535,1,0,0.3779297,0.29370117,0.32836914,2,0.3779297,1.0932612650244746
537,0,0,0.74072266,0.12573242,0.13354492,2,0.74072266,0.7518993164462004
550,2,2,0.036224365,0.2220459,0.7416992,2,0.7416992,0.675972016377675
554,0,0,0.7739258,0.16174316,0.064453125,2,0.7739258,0.6697147168863951
572,1,0,0.87646484,0.06903076,0.054382324,2,0.87646484,0.4584486338043924
583,2,2,0.0637207,0.22460938,0.71191406,2,0.71191406,0.7527757366080938
584,2,2,0.020446777,0.2154541,0.76416016,2,0.76416016,0.6158023446799507
590,2,1,0.022125244,0.546875,0.43115234,2,0.546875,0.7771041058200772
591,2,2,0.37646484,0.22729492,0.39624023,2,0.39624023,1.0713323171821612
595,0,0,0.73095703,0.18591309,0.08288574,2,0.73095703,0.7482863968344747
597,2,2,0.011505127,0.29296875,0.6953125,2,0.6953125,0.6637168865309196
605,2,2,0.026428223,0.22570801,0.7480469,2,0.7480469,0.6491418331040896
606,1,1,0.16723633,0.43164062,0.40112305,2,0.43164062,1.0281453686456485
607,2,2,0.24255371,0.30419922,0.453125,2,0.453125,1.0642922075230083
609,1,1,0.3894043,0.47753906,0.13293457,2,0.47753906,0.9884636627851247
616,1,1,0.14257812,0.45703125,0.40039062,2,0.45703125,1.0020634372813344
620,2,2,0.04019165,0.23181152,0.72802734,2,0.72802734,0.6991370261101283
638,2,2,0.38354492,0.23132324,0.38500977,2,0.38500977,1.0736803564521247
661,0,0,0.6044922,0.15612793,0.23962402,2,0.6044922,0.936570158878458
669,1,2,0.34472656,0.28320312,0.3720703,2,0.3720703,1.0922772205907503
672,2,1,0.03753662,0.70996094,0.25268555,2,0.70996094,0.7140020694553685
679,2,2,0.013801575,0.1373291,0.8491211,2,0.8491211,0.47063823264226534
681,1,1,0.082214355,0.49316406,0.42456055,2,0.49316406,0.9177519995138896
694,1,0,0.8203125,0.115722656,0.06378174,2,0.8203125,0.5875876828296943
696,2,2,0.012672424,0.27075195,0.7163086,2,0.7163086,0.6481010544782118
698,2,2,0.010223389,0.17932129,0.8105469,2,0.8105469,0.5252840696002523
719,2,2,0.35888672,0.23754883,0.4033203,2,0.4033203,1.0754416629696613
723,1,0,0.7788086,0.122802734,0.09844971,2,0.7788086,0.6804603245430928
734,1,1,0.1463623,0.75146484,0.10211182,2,0.75146484,0.7289639578021888
743,0,0,0.81152344,0.14025879,0.048034668,2,0.81152344,0.5908109612858354
762,1,1,0.20507812,0.6191406,0.17578125,2,0.6191406,0.9273469604897362
806,2,2,0.025558472,0.3779297,0.5966797,2,0.5966797,0.7695712251469728
810,2,2,0.06842041,0.16589355,0.765625,2,0.765625,0.685991899068037
811,2,0,0.6044922,0.25024414,0.14526367,2,0.6044922,0.9311922770650445
815,0,0,0.6542969,0.19848633,0.14709473,2,0.6542969,0.880441510505887
823,2,0,0.60058594,0.14990234,0.24951172,2,0.60058594,0.9370733079314728
842,2,2,0.28515625,0.2709961,0.44384766,2,0.44384766,1.0721428312551828
851,2,2,0.0151901245,0.17797852,0.8066406,2,0.8066406,0.5441386542611484
853,2,2,0.011375427,0.3125,0.67626953,2,0.67626953,0.678936452619714
906,2,0,0.40795898,0.23815918,0.35375977,2,0.40795898,1.0750909350709543
916,2,1,0.16003418,0.75927734,0.080566406,2,0.75927734,0.7052579557168448
919,2,2,0.05328369,0.32373047,0.6230469,2,0.6230469,0.8161362544325765
938,2,2,0.016433716,0.28295898,0.7006836,2,0.7006836,0.6739714699081173
955,2,2,0.027450562,0.4345703,0.53808594,2,0.53808594,0.794336475760948
960,0,0,0.6435547,0.1862793,0.17004395,2,0.6435547,0.8979560698173568
969,0,0,0.8925781,0.07305908,0.034179688,2,0.8925781,0.4079866796743848
983,2,1,0.037841797,0.5546875,0.40771484,2,0.5546875,0.816608806353311
990,2,2,0.013893127,0.35766602,0.62841797,2,0.62841797,0.7190797875347059
993,1,1,0.3190918,0.37109375,0.30981445,2,0.37109375,1.0953913916549736
998,2,2,0.020736694,0.30004883,0.6791992,2,0.6791992,0.7043160996572941
1009,2,2,0.20812988,0.28320312,0.50878906,2,0.50878906,1.0277655193856838
1015,2,2,0.037231445,0.1751709,0.78759766,2,0.78759766,0.6157134120243226
1016,2,1,0.048217773,0.6098633,0.34204102,2,0.6098633,0.8147375118745931
1017,2,1,0.08538818,0.5673828,0.34716797,2,0.5673828,0.8989346260056845
1018,2,2,0.13720703,0.21362305,0.6489258,2,0.6489258,0.8828850959059911
1021,2,1,0.17333984,0.51220703,0.31420898,2,0.51220703,1.010217081025914
1022,2,2,0.045135498,0.2553711,0.69970703,2,0.69970703,0.7382856672805852
1024,2,2,0.39086914,0.15661621,0.45263672,2,0.45263672,1.0163248042898525
1031,1,1,0.27734375,0.5385742,0.18395996,2,0.5385742,1.0004296049107524
1034,2,2,0.055389404,0.2199707,0.7246094,2,0.7246094,0.7267679188308922
1051,0,0,0.8618164,0.076049805,0.061920166,2,0.8618164,0.4963518075292376
1058,2,0,0.51904297,0.12524414,0.3557129,2,0.51904297,0.9682415732949963
1062,1,1,0.028182983,0.53125,0.4404297,2,0.53125,0.7977680247555423
1117,2,2,0.11517334,0.3713379,0.5131836,2,0.5131836,0.9591451967060403
1145,2,1,0.1899414,0.42895508,0.38110352,2,0.42895508,1.0462136573376313
1150,2,0,0.3942871,0.26220703,0.34375,2,0.3942871,1.0850195493790715
1153,2,1,0.1026001,0.4621582,0.43530273,2,0.4621582,0.9523749228302478
1171,0,0,0.85009766,0.101501465,0.04852295,2,0.85009766,0.5170791577900503
1194,2,2,0.19360352,0.30371094,0.5029297,2,0.5029297,1.025477880976188
1195,0,0,0.9199219,0.03842163,0.041534424,2,0.9199219,0.3341346001110943
1197,0,0,0.94433594,0.029510498,0.02619934,2,0.94433594,0.2534695470719297
1232,0,0,0.92333984,0.034240723,0.042388916,2,0.92333984,0.3231692781569684
1246,2,2,0.049468994,0.22558594,0.72509766,2,0.72509766,0.7177155701750384
1247,1,0,0.6933594,0.1505127,0.15625,2,0.6933594,0.8289865637156655
1249,1,1,0.42651367,0.43432617,0.13916016,2,0.43432617,1.0000892544870654
1261,2,2,0.034362793,0.40429688,0.56152344,2,0.56152344,0.806019219268316
1290,0,0,0.87597656,0.06060791,0.06359863,2,0.87597656,0.4611218439205117
1291,1,0,0.5078125,0.2770996,0.21520996,2,0.5078125,1.0303320679278354
1301,0,0,0.72216797,0.16564941,0.11242676,2,0.72216797,0.7785853620355729
1311,0,0,0.80126953,0.09039307,0.10852051,2,0.80126953,0.6357993554247225
1314,2,1,0.012138367,0.5600586,0.42797852,2,0.5600586,0.7414385123447387
1319,2,2,0.040100098,0.35742188,0.60253906,2,0.60253906,0.8019543552079635
1322,2,2,0.006614685,0.17163086,0.82177734,2,0.82177734,0.49698259125148103
1324,0,2,0.21276855,0.36669922,0.4206543,2,0.4206543,1.0614106190771424
1325,2,2,0.012321472,0.40600586,0.58154297,2,0.58154297,0.735376187006339
1331,0,0,0.86279297,0.07141113,0.06561279,2,0.86279297,0.49453516559548816
1340,1,0,0.61083984,0.32421875,0.06524658,2,0.61083984,0.844370856879274
1343,0,0,0.8105469,0.11126709,0.078430176,2,0.8105469,0.6142225527688123
1351,2,1,0.32080078,0.35864258,0.32055664,2,0.35864258,1.0971882240498745
1376,0,2,0.3371582,0.19396973,0.46875,2,0.46875,1.039845256011682
1377,0,0,0.8520508,0.06542969,0.082336426,2,0.8520508,0.5204226791953082
1378,0,0,0.89453125,0.042938232,0.062347412,2,0.89453125,0.4078857470597538
1380,2,1,0.18847656,0.50878906,0.30297852,2,0.50878906,1.020110705649753
1381,2,2,0.023651123,0.1932373,0.7832031,2,0.7832031,0.5975944860991005
1391,2,1,0.2052002,0.5029297,0.29174805,2,0.5029297,1.0300499135479853
1394,2,2,0.2084961,0.37695312,0.41455078,2,0.41455078,1.0596926738407118
1396,2,2,0.21411133,0.27026367,0.515625,2,0.515625,1.0251398579021318
1398,2,2,0.018188477,0.47558594,0.50634766,2,0.50634766,0.7709254187959923
1413,1,0,0.6064453,0.17810059,0.2154541,2,0.6064453,0.9413276031527398
1415,1,0,0.5019531,0.4260254,0.071899414,2,0.5019531,0.8987536116858675
1428,0,0,0.7919922,0.1538086,0.05432129,2,0.7919922,0.6308615358934531
1430,0,0,0.84716797,0.07269287,0.08001709,2,0.84716797,0.5331577319761678
1451,0,0,0.65722656,0.101623535,0.24108887,2,0.65722656,0.8511861168267852
1458,2,2,0.006038666,0.18725586,0.8066406,2,0.8066406,0.5178894403842379
1460,2,2,0.0121154785,0.28466797,0.703125,2,0.703125,0.6587898886222948
1473,0,0,0.91552734,0.037017822,0.047424316,2,0.91552734,0.34740255242476614
1475,0,0,0.9355469,0.022338867,0.042266846,2,0.9355469,0.28097128472198263
1476,0,0,0.90625,0.040100098,0.053466797,2,0.90625,0.37477623967819207
1488,2,2,0.020858765,0.24621582,0.73291016,2,0.73291016,0.6535447715480701
1497,1,2,0.3828125,0.1842041,0.43286133,2,0.43286133,1.0416516389174126
1500,2,0,0.49682617,0.20019531,0.30297852,2,0.49682617,1.0313285519520445
1505,2,2,0.016830444,0.2626953,0.72021484,2,0.72021484,0.6562843830867674
1513,2,2,0.031463623,0.32666016,0.64208984,2,0.64208984,0.7587722145356408
1537,2,2,0.04977417,0.3540039,0.5961914,2,0.5961914,0.8252961484396171
1550,2,2,0.019012451,0.17675781,0.8041992,2,0.8041992,0.5568983941463507
1556,2,1,0.15673828,0.46801758,0.37524414,2,0.46801758,1.0136121981194763
1562,2,0,0.4802246,0.32739258,0.19262695,2,0.4802246,1.0350669698449364
1567,2,2,0.015640259,0.32543945,0.6591797,2,0.6591797,0.7050813233658789
1606,0,0,0.7817383,0.12658691,0.091552734,2,0.7817383,0.673012615418781
1613,2,2,0.10858154,0.4013672,0.49023438,2,0.49023438,0.9569522996342628
1624,2,2,0.36645508,0.24584961,0.3876953,2,0.3876953,1.080167436567096
1626,2,0,0.4519043,0.2775879,0.2705078,2,0.4519043,1.068378885587191
1627,2,2,0.04751587,0.21520996,0.7373047,2,0.7373047,0.7000556632963755
1628,2,1,0.06939697,0.51660156,0.4140625,2,0.51660156,0.8914465434733263
1631,2,2,0.025939941,0.21533203,0.75878906,2,0.75878906,0.6348398646581427
1639,2,2,0.17980957,0.26391602,0.55615234,2,0.55615234,0.9863982734403554
1646,2,2,0.031433105,0.35107422,0.6176758,2,0.6176758,0.7738358007674027
1649,2,2,0.048034668,0.30126953,0.6508789,2,0.6508789,0.7867813207359231
1670,0,0,0.73291016,0.13305664,0.13391113,2,0.73291016,0.7653502747398391
1674,2,1,0.20788574,0.53222656,0.26000977,2,0.53222656,1.0124503807794243
1675,0,0,0.83984375,0.07910156,0.08081055,2,0.83984375,0.5505591683921078
1678,2,2,0.12866211,0.43310547,0.43798828,2,0.43798828,0.9878284694776405
1685,0,0,0.9038086,0.045166016,0.050964355,2,0.9038086,0.38300874507952865
1688,2,2,0.09820557,0.3725586,0.5292969,2,0.5292969,0.9324964581556356
1696,2,2,0.018295288,0.17041016,0.81152344,2,0.81152344,0.5442304705973252
1697,2,2,0.02305603,0.27294922,0.70410156,2,0.70410156,0.6883553371204648
1698,0,0,0.8544922,0.061553955,0.08404541,2,0.8544922,0.5140996458222634
1720,2,2,0.04763794,0.32250977,0.6298828,2,0.6298828,0.8011203613027467
1723,2,2,0.10070801,0.38061523,0.5185547,2,0.5185547,0.9393796737178903
1726,2,2,0.02746582,0.328125,0.64453125,2,0.64453125,0.7474828034792249
1736,2,2,0.05130005,0.25634766,0.6923828,2,0.6923828,0.7558413533316418
1741,2,2,0.3203125,0.3161621,0.36328125,2,0.36328125,1.0965737035860896
1743,0,0,0.859375,0.06304932,0.07757568,2,0.859375,0.5028186272979149
1745,2,2,0.035614014,0.27783203,0.68652344,2,0.68652344,0.7328152039039653
1752,0,0,0.67871094,0.18566895,0.13574219,2,0.67871094,0.8467455712612423
1755,2,0,0.60009766,0.13684082,0.26293945,2,0.60009766,0.9298581537721919
1762,0,0,0.94189453,0.021438599,0.03677368,2,0.94189453,0.26022528721278204
1765,0,0,0.5810547,0.18103027,0.23791504,2,0.5810547,0.9664661588057419
1784,2,2,0.027709961,0.30810547,0.6640625,2,0.6640625,0.7339567631111986
1786,0,0,0.6357422,0.1451416,0.21911621,2,0.6357422,0.9007489787566971
1788,0,0,0.8251953,0.06365967,0.11090088,2,0.8251953,0.5777649501882235
1795,2,0,0.40161133,0.32006836,0.2783203,2,0.40161133,1.0869735038839345
1802,2,2,0.015823364,0.17736816,0.8066406,2,0.8066406,0.545699613081461
1809,2,2,0.09680176,0.35205078,0.55126953,2,0.55126953,0.9218730814425741
1814,2,2,0.077819824,0.43554688,0.48657227,2,0.48657227,0.9112199679299953
1824,2,2,0.042633057,0.3173828,0.6401367,2,0.6401367,0.7843039882246616
1828,2,2,0.020950317,0.36791992,0.6113281,2,0.6113281,0.7497127023146251
1835,2,2,0.31054688,0.28149414,0.40795898,2,0.40795898,1.0857655080844295
1862,0,1,0.39111328,0.42993164,0.17895508,2,0.42993164,1.0379922990995651
1867,2,2,0.1439209,0.27685547,0.57958984,2,0.57958984,0.9506721002203367
1871,2,0,0.7294922,0.14831543,0.12249756,2,0.7294922,0.7703376357572059
1881,2,2,0.28466797,0.26220703,0.453125,2,0.453125,1.0673496723724163
1885,2,2,0.15661621,0.3413086,0.5019531,2,0.5019531,1.0032260835869171
1898,0,0,0.7001953,0.17028809,0.12963867,2,0.7001953,0.815853946435374
1899,2,0,0.4519043,0.26879883,0.27954102,2,0.4519043,1.0683912235895294
1916,0,0,0.609375,0.16333008,0.22729492,2,0.609375,0.9345266731523734
1929,0,0,0.5629883,0.24609375,0.1907959,2,0.5629883,0.9845318606838874
1935,0,0,0.72558594,0.15515137,0.1194458,2,0.72558594,0.7756618069509127
1940,0,0,0.8071289,0.07598877,0.11706543,2,0.8071289,0.6198889507023508
1964,0,0,0.7446289,0.12463379,0.1307373,2,0.7446289,0.7450961357171838
1967,0,0,0.875,0.04827881,0.07647705,2,0.875,0.4597660684944699
1971,2,0,0.42651367,0.32836914,0.24511719,2,0.42651367,1.073753737750852
1982,0,0,0.9003906,0.055603027,0.044036865,2,0.9003906,0.392656018523469
1983,2,2,0.013870239,0.16394043,0.8222656,2,0.8222656,0.5166933066189887
1990,2,2,0.008613586,0.17687988,0.8144531,2,0.8144531,0.5145158978903207
1995,2,2,0.107666016,0.23840332,0.6538086,2,0.6538086,0.8596080149757043
2004,2,1,0.11981201,0.48217773,0.39794922,2,0.48217773,0.9726245026545215
2018,0,0,0.8378906,0.06695557,0.09515381,2,0.8378906,0.5530518921651523
2027,0,0,0.8803711,0.07141113,0.048217773,2,0.8803711,0.4468427511295159
2048,2,2,0.01235199,0.2166748,0.7709961,2,0.7709961,0.586161615844158
2049,1,0,0.64160156,0.22094727,0.13757324,2,0.64160156,0.8912181420672118
2053,1,2,0.33154297,0.30004883,0.3684082,2,0.3684082,1.0951035863339362
2055,2,2,0.056121826,0.21118164,0.73291016,2,0.73291016,0.7177777362600934
2064,2,2,0.015174866,0.18347168,0.80126953,2,0.80126953,0.5521936744729721
2067,2,2,0.08062744,0.17907715,0.7402344,2,0.7402344,0.7336687467711465
2075,2,1,0.042144775,0.4958496,0.46191406,2,0.4958496,0.8380589303771477
2082,2,0,0.79589844,0.053955078,0.15026855,2,0.79589844,0.6240267439928144
2086,2,0,0.64208984,0.13391113,0.22399902,2,0.64208984,0.8888300401825684
2087,0,0,0.9086914,0.04373169,0.04776001,2,0.9086914,0.369138508013493
2089,2,0,0.76904297,0.15441895,0.07635498,2,0.76904297,0.6868376859490102
2090,0,0,0.765625,0.0947876,0.1394043,2,0.765625,0.70247960767762
2094,0,2,0.17663574,0.20959473,0.61376953,2,0.61376953,0.9333386021392216
2096,1,1,0.014137268,0.5942383,0.3918457,2,0.5942383,0.7366110819749933
2103,2,2,0.097473145,0.2849121,0.6176758,2,0.6176758,0.8822542389447647
2106,0,0,0.79296875,0.087524414,0.119628906,2,0.79296875,0.6511567002948144
2107,2,2,0.028656006,0.4453125,0.5263672,2,0.5263672,0.7998452519211128
2108,2,2,0.02645874,0.27172852,0.70166016,2,0.70166016,0.6987542435256298
2114,0,0,0.53808594,0.2290039,0.23266602,2,0.53808594,1.0102894771126052
2119,2,2,0.018051147,0.31933594,0.66259766,2,0.66259766,0.7097096448399836
2121,2,2,0.36401367,0.27026367,0.36572266,2,0.36572266,1.0893335944582199
2123,2,2,0.066711426,0.14538574,0.78808594,2,0.78808594,0.6486510548191453
2124,2,2,0.01739502,0.23046875,0.7519531,2,0.7519531,0.6230901058656796
2159,2,2,0.017578125,0.22607422,0.75634766,2,0.75634766,0.6183961102184294
2160,0,0,0.47436523,0.16418457,0.36132812,2,0.47436523,1.018234560310483
2162,2,2,0.012145996,0.21264648,0.7753906,2,0.7753906,0.5800265411311437
2163,2,2,0.032714844,0.18383789,0.7836914,2,0.7836914,0.6142656742222341
2165,1,0,0.6401367,0.1796875,0.18005371,2,0.6401367,0.9026902105189942
2175,2,2,0.053771973,0.32836914,0.6176758,2,0.6176758,0.8204440327743501
2177,2,2,0.05517578,0.22094727,0.7236328,2,0.7236328,0.727524441685333
2181,2,2,0.029022217,0.3256836,0.64501953,2,0.64501953,0.7509157728065867
2187,2,2,0.022079468,0.22363281,0.75439453,2,0.75439453,0.6317557790629533
2191,0,0,0.87597656,0.06109619,0.06298828,2,0.87597656,0.4609262101051823
2198,0,0,0.80371094,0.11895752,0.0770874,2,0.80371094,0.6264433890239518
2199,0,0,0.8569336,0.052581787,0.09033203,2,0.8569336,0.5043617334701501
2200,0,0,0.85546875,0.08331299,0.061065674,2,0.85546875,0.5113166436553984
2207,0,0,0.91748047,0.046325684,0.03604126,2,0.91748047,0.34110067969627045
2214,1,0,0.67089844,0.19470215,0.13427734,2,0.67089844,0.8559772858095743
2222,2,2,0.016143799,0.28735352,0.69628906,2,0.69628906,0.6770047229837497
2223,0,0,0.6118164,0.1685791,0.21936035,2,0.6118164,0.933507637982202
2224,2,2,0.02609253,0.22265625,0.75146484,2,0.75146484,0.6443106102209539
2227,2,0,0.7128906,0.16821289,0.11895752,2,0.7128906,0.7943645410882483
2228,0,0,0.59375,0.19042969,0.21594238,2,0.59375,0.9563267169778967
2240,2,2,0.055755615,0.2890625,0.65527344,2,0.65527344,0.796698904019707
2247,2,2,0.038024902,0.31079102,0.6513672,2,0.6513672,0.7667533001902078
2255,0,0,0.8574219,0.09484863,0.047668457,2,0.8574219,0.5003847219814774
2270,0,2,0.2109375,0.2401123,0.5488281,2,0.5488281,1.0000958049677826
2285,2,2,0.019638062,0.3334961,0.64697266,2,0.64697266,0.7251283489920324
2293,2,0,0.66796875,0.115478516,0.21655273,2,0.66796875,0.8501233785276061
2294,2,0,0.8666992,0.050994873,0.082336426,2,0.8666992,0.48134438681973307
2311,0,0,0.8105469,0.11669922,0.07281494,2,0.8105469,0.6117033210957687
2330,0,0,0.9345703,0.034240723,0.031280518,2,0.9345703,0.28716021197238123
2344,2,2,0.068237305,0.45141602,0.48046875,2,0.48046875,0.8944222448942901
2353,2,2,0.017593384,0.25610352,0.7260742,2,0.7260742,0.6523573752773101
2377,2,1,0.09857178,0.46044922,0.44091797,2,0.46044922,0.9465566709207338
2384,1,0,0.9296875,0.03286743,0.037506104,2,0.9296875,0.30317373784815654
2388,0,0,0.8208008,0.1015625,0.07757568,2,0.8208008,0.5926914799260845
2398,2,2,0.1586914,0.23596191,0.60546875,2,0.60546875,0.9366625344002104
2402,2,2,0.076660156,0.28833008,0.6352539,2,0.6352539,0.843707484588814
2405,0,0,0.7558594,0.14624023,0.09765625,2,0.7558594,0.7198903768697682
2406,0,0,0.68896484,0.21740723,0.09375,2,0.68896484,0.8103617993538671
2410,2,2,0.012756348,0.296875,0.6904297,2,0.6904297,0.6719413437941314
2411,2,2,0.01210022,0.24450684,0.74316406,2,0.74316406,0.618407289579203
2417,2,0,0.87353516,0.04675293,0.079711914,2,0.87353516,0.4629247478982954
2428,2,0,0.6591797,0.15356445,0.18713379,2,0.6591797,0.876066259823667
2430,2,2,0.028839111,0.35253906,0.61865234,2,0.61865234,0.7669033634167912
2432,0,0,0.47314453,0.22705078,0.2998047,2,0.47314453,1.0518530272914377
2449,0,0,0.91552734,0.03878784,0.045684814,2,0.91552734,0.3478296070203372
2456,2,2,0.04763794,0.3815918,0.5708008,2,0.5708008,0.8326994478941396
2459,2,2,0.038116455,0.20544434,0.75634766,2,0.75634766,0.6608759677247305
2462,2,0,0.66064453,0.18200684,0.1574707,2,0.66064453,0.8750373057840575
2465,1,0,0.7758789,0.13317871,0.09106445,2,0.7758789,0.6835903611834883
2466,2,0,0.45751953,0.20703125,0.33544922,2,0.45751953,1.0502074244190878
2468,2,2,0.021835327,0.4165039,0.56152344,2,0.56152344,0.7723582717748463
2481,2,0,0.76123047,0.109802246,0.12902832,2,0.76123047,0.7144538480867089
2493,2,2,0.11254883,0.2770996,0.61035156,2,0.61035156,0.9028145500127907
2496,2,2,0.06524658,0.2010498,0.7338867,2,0.7338867,0.7276854887962514
2512,2,2,0.08380127,0.34985352,0.56640625,2,0.56640625,0.897169565670693
2517,2,2,0.02192688,0.27978516,0.6982422,2,0.6982422,0.6909343539582975
2523,1,1,0.31201172,0.5307617,0.15734863,2,0.5307617,0.9905948695196045
2542,2,1,0.3046875,0.39379883,0.30151367,2,0.39379883,1.0905953782099385
2543,2,2,0.019683838,0.14318848,0.83691406,2,0.83691406,0.504616537911613
2555,2,2,0.22509766,0.33251953,0.4423828,2,0.4423828,1.0625916270991813
2558,0,0,0.8642578,0.054504395,0.08129883,2,0.8642578,0.48869011974756354
2562,0,0,0.88378906,0.06903076,0.047088623,2,0.88378906,0.4376035982599099
2570,0,0,0.45996094,0.30615234,0.23388672,2,0.45996094,1.0594143781571432
2582,0,0,0.44506836,0.27734375,0.27734375,2,0.44506836,1.0716803975610256
2591,2,2,0.020202637,0.23840332,0.74121094,2,0.74121094,0.6426206133941089
2599,2,2,0.07281494,0.3022461,0.625,2,0.625,0.8461569301456189
2606,0,0,0.91064453,0.0357666,0.053466797,2,0.91064453,0.36095593023932737
2677,2,2,0.011154175,0.3395996,0.64941406,2,0.64941406,0.6972541692555048
2684,1,0,0.82177734,0.12158203,0.056640625,2,0.82177734,0.5801136170777865
2704,2,2,0.036865234,0.34936523,0.61376953,2,0.61376953,0.788681611280293
2709,2,2,0.041503906,0.28198242,0.67626953,2,0.67626953,0.7535606135251718
2711,2,0,0.66064453,0.14404297,0.19519043,2,0.66064453,0.8718652516228076
2714,0,0,0.9033203,0.06149292,0.035339355,2,0.9033203,0.38147228822572044
2736,2,2,0.024017334,0.4333496,0.54248047,2,0.54248047,0.783714413218596
2737,2,2,0.21960449,0.16271973,0.6176758,2,0.6176758,0.9259498321772828
2739,2,1,0.07232666,0.5073242,0.42016602,2,0.5073242,0.8985714542553296
2741,2,1,0.013549805,0.5214844,0.46484375,2,0.5214844,0.7539042288161659
2758,2,1,0.043914795,0.58251953,0.37353516,2,0.58251953,0.8198812783150957
2761,0,0,0.5888672,0.31811523,0.09295654,2,0.5888672,0.8970176485034925
2769,0,2,0.36206055,0.20397949,0.43408203,2,0.43408203,1.0543575773357725
2782,2,2,0.008712769,0.19470215,0.7963867,2,0.7963867,0.5412261239752147
2817,0,0,0.77246094,0.16369629,0.064086914,2,0.77246094,0.6717570922349076
2826,0,0,0.7451172,0.13427734,0.12036133,2,0.7451172,0.7436680742728173
2836,1,0,0.46264648,0.27856445,0.25854492,2,0.46264648,1.0623691290683872
2839,0,0,0.53466797,0.19799805,0.26733398,2,0.53466797,1.0081001775042036
2863,1,0,0.47460938,0.20739746,0.31811523,2,0.47460938,1.0443202243855627
2866,0,0,0.42504883,0.25170898,0.3232422,2,0.42504883,1.0759336526619852
2869,2,0,0.7138672,0.1340332,0.15209961,2,0.7138672,0.7964140577267084
2876,2,2,0.13134766,0.32104492,0.5473633,2,0.5473633,0.9612509778039825
2877,2,2,0.079711914,0.2866211,0.63378906,2,0.63378906,0.8488108673777384
2889,2,0,0.60791016,0.18310547,0.20910645,2,0.60791016,0.9406640348735413
2895,0,0,0.4699707,0.2722168,0.2578125,2,0.4699707,1.0585351391877595
2909,1,1,0.2849121,0.46777344,0.24731445,2,0.46777344,1.0586508770229432
2912,0,0,0.40527344,0.29248047,0.30249023,2,0.40527344,1.087292746210744
2927,2,2,0.012954712,0.2614746,0.72558594,2,0.72558594,0.6398021580246379
2931,0,0,0.5102539,0.3034668,0.18603516,2,0.5102539,1.018079317595222
2932,2,2,0.016036987,0.23217773,0.7519531,2,0.7519531,0.619684391074615
2941,2,2,0.015655518,0.2697754,0.71484375,2,0.71484375,0.6584961696306945
2947,0,0,0.6894531,0.17028809,0.14038086,2,0.6894531,0.833455736893135
2950,0,0,0.85595703,0.056854248,0.0869751,2,0.85595703,0.5085523197437323
2955,2,2,0.035491943,0.34765625,0.6166992,2,0.6166992,0.7838974635815821
2958,2,2,0.050811768,0.26123047,0.6879883,2,0.6879883,0.7593596720263347
2961,0,0,0.9194336,0.030349731,0.049957275,2,0.9194336,0.33300273351170795
2979,2,1,0.11590576,0.5644531,0.31958008,2,0.5644531,0.9371440754989652
2986,2,2,0.019729614,0.15649414,0.82373047,2,0.82373047,0.5274378230493448
2987,2,2,0.010124207,0.1854248,0.8041992,2,0.8041992,0.5342008038358866
2989,2,1,0.27661133,0.5385742,0.18481445,2,0.5385742,1.0008119419279755
2993,0,0,0.5541992,0.19091797,0.2548828,2,0.5541992,0.9916612570241681
3004,0,0,0.8857422,0.04171753,0.072753906,2,0.8857422,0.430660353474816
3015,0,0,0.6074219,0.20178223,0.1907959,2,0.6074219,0.9418480194685678
3021,0,0,0.8676758,0.05822754,0.073913574,2,0.8676758,0.4812538443530071
3031,2,2,0.33007812,0.16784668,0.5019531,2,0.5019531,1.0113943094279523
3035,2,2,0.019454956,0.26708984,0.7133789,2,0.7133789,0.6701882635762169
3038,0,0,0.8300781,0.07946777,0.0904541,2,0.8300781,0.5731877863888961
3055,2,2,0.009933472,0.42504883,0.5649414,2,0.5649414,0.7320630164659274
3059,2,2,0.019821167,0.36035156,0.6196289,2,0.6196289,0.7420965680077547
3081,2,0,0.58691406,0.1850586,0.22802734,2,0.58691406,0.9620525799606349
3105,0,0,0.37158203,0.28833008,0.34033203,2,0.37158203,1.0932636755012974
3149,2,0,0.34204102,0.32421875,0.33374023,2,0.34204102,1.098373517314891
3190,2,2,0.019500732,0.20007324,0.78027344,2,0.78027344,0.5923068118925904
3219,2,0,0.6035156,0.17016602,0.22607422,2,0.6035156,0.9422740282216213
3230,2,2,0.010284424,0.3059082,0.68408203,2,0.68408203,0.6691427603498457
3243,2,0,0.4855957,0.32006836,0.19433594,2,0.4855957,1.033767297492197
3245,2,2,0.015594482,0.22644043,0.7578125,2,0.7578125,0.6113680773020453
3250,0,0,0.8618164,0.0597229,0.07849121,2,0.8618164,0.49620679838047577
3252,2,2,0.04888916,0.2783203,0.67285156,2,0.67285156,0.7701284186620323
3262,0,0,0.6411133,0.17224121,0.18664551,2,0.6411133,0.9012471259194047
3272,2,2,0.037841797,0.36645508,0.5957031,2,0.5957031,0.8003655140123751
3293,2,2,0.013000488,0.16503906,0.82177734,2,0.82177734,0.5150912599171659
3299,0,0,0.9111328,0.048858643,0.039855957,2,0.9111328,0.3607268519181932
3305,2,2,0.20458984,0.15185547,0.6435547,2,0.6435547,0.8944992937026167
3312,1,0,0.48901367,0.37670898,0.13439941,2,0.48901367,0.9873289523697455
3324,2,2,0.1340332,0.31835938,0.5473633,2,0.5473633,0.9636126016330744
3340,2,2,0.041900635,0.4724121,0.4855957,2,0.4855957,0.8379754599397325
3353,2,2,0.011123657,0.35375977,0.6352539,2,0.6352539,0.7058808082742201
3354,2,2,0.068237305,0.28393555,0.6479492,2,0.6479492,0.8218511880896383
3359,2,2,0.019104004,0.36450195,0.61621094,2,0.61621094,0.7418231598710814
3361,0,0,0.9316406,0.038879395,0.029403687,2,0.9316406,0.2959165393280005
3367,2,2,0.06341553,0.38208008,0.5546875,2,0.5546875,0.8694170924050691
3376,2,0,0.41430664,0.22387695,0.3618164,2,0.41430664,1.0679624299197852
3385,0,0,0.78515625,0.14685059,0.06817627,2,0.78515625,0.6547152304375948
3393,2,0,0.70410156,0.17321777,0.122558594,2,0.70410156,0.8079790505693587
3394,2,1,0.17346191,0.4411621,0.38549805,2,0.4411621,1.0323560881312186
3403,1,2,0.06390381,0.21899414,0.71728516,2,0.71728516,0.746688989372646
3405,2,2,0.26489258,0.27270508,0.46240234,2,0.46240234,1.062894875875604
3418,2,2,0.017623901,0.24230957,0.7402344,2,0.7402344,0.6373113254053672
3428,0,0,0.56933594,0.1977539,0.23278809,2,0.56933594,0.9805223808476837
3435,2,0,0.4194336,0.21887207,0.3618164,2,0.4194336,1.0647794104837365
3438,2,2,0.3815918,0.16748047,0.45092773,2,0.45092773,1.026036509175173
3440,1,2,0.15441895,0.3190918,0.5263672,2,0.5263672,0.9907583318460429
3444,2,2,0.019210815,0.18664551,0.7939453,2,0.7939453,0.5724147847505674
3466,2,2,0.105895996,0.3305664,0.56347656,2,0.56347656,0.9269145794011635
3469,1,1,0.42504883,0.49682617,0.078063965,2,0.49682617,0.9102692502726378
3470,0,0,0.7998047,0.13671875,0.06335449,2,0.7998047,0.6255091629193119
3484,2,0,0.5073242,0.20983887,0.28271484,2,0.5073242,1.0290767114579809
3488,2,2,0.06542969,0.23962402,0.6948242,2,0.6948242,0.7737423581527179
3490,0,0,0.8647461,0.076660156,0.05871582,2,0.8647461,0.48901827793889713
3491,0,0,0.9550781,0.020492554,0.024597168,2,0.9550781,0.2147017833612891
3498,1,0,0.66796875,0.17028809,0.1619873,2,0.66796875,0.865844811934974
3504,2,0,0.75634766,0.06854248,0.17504883,2,0.75634766,0.6999836341262169
3535,2,2,0.2290039,0.31567383,0.45532227,2,0.45532227,1.0597665631943636
3562,0,0,0.79248047,0.10217285,0.10510254,2,0.79248047,0.6541633612733373
3569,2,1,0.04046631,0.55908203,0.40039062,2,0.55908203,0.8213537315465175
3580,2,2,0.07550049,0.36450195,0.5600586,2,0.5600586,0.887601904802672
3599,2,2,0.05908203,0.46875,0.47216797,2,0.47216797,0.876622619200992
3601,2,2,0.0758667,0.13537598,0.7885742,2,0.7885742,0.6536636536173256
3602,0,1,0.2310791,0.40551758,0.36328125,2,0.40551758,1.0723968961842179
3606,0,0,0.88427734,0.06567383,0.049957275,2,0.88427734,0.4372871983237381
3689,0,0,0.8496094,0.0690918,0.08105469,2,0.8496094,0.526764006088794
3697,2,1,0.05444336,0.60791016,0.33740234,2,0.60791016,0.8276171654742834
3733,0,0,0.83154297,0.08331299,0.08532715,2,0.83154297,0.5704545131848331
3762,2,1,0.21154785,0.42749023,0.36108398,2,0.42749023,1.0597058144541556
3764,2,2,0.03265381,0.35180664,0.61572266,2,0.61572266,0.7778577283473487
3789,2,2,0.021942139,0.21276855,0.7651367,2,0.7651367,0.6179023490807407
3848,2,1,0.33862305,0.47265625,0.1887207,2,0.47265625,1.035575716631045
3891,0,0,0.75,0.12249756,0.1274414,2,0.75,0.7355071449567034
3893,2,2,0.058258057,0.2788086,0.66308594,2,0.66308594,0.7941521953601994
3915,0,0,0.66845703,0.25854492,0.072753906,2,0.66845703,0.8096374600609315
3974,2,2,0.07946777,0.31811523,0.60253906,2,0.60253906,0.8708430525689544
3994,2,0,0.79345703,0.08746338,0.119262695,2,0.79345703,0.650281932654929
3998,0,0,0.6166992,0.30786133,0.07556152,2,0.6166992,0.8559504273428221
4004,1,1,0.19567871,0.45458984,0.34960938,2,0.45458984,1.0450053824260066
4012,0,0,0.69628906,0.18591309,0.11791992,2,0.69628906,0.8169275078667594
4018,0,0,0.47583008,0.30004883,0.2241211,2,0.47583008,1.049786676161952
4027,1,0,0.6958008,0.15454102,0.1496582,2,0.6958008,0.8251960479027438
4031,2,2,0.22460938,0.24975586,0.5253906,2,0.5253906,1.0200574930876956
4032,2,2,0.03414917,0.36621094,0.5996094,2,0.5996094,0.7898842978817822
4033,2,2,0.05166626,0.28466797,0.6635742,2,0.6635742,0.7828919181103388
4034,0,0,0.5883789,0.3466797,0.064697266,2,0.5883789,0.8564668283384587
4043,2,2,0.02420044,0.23754883,0.73828125,2,0.73828125,0.6555245687280271
4046,2,0,0.7294922,0.0947876,0.17578125,2,0.7294922,0.7590156342520309
4050,2,0,0.7709961,0.07525635,0.15368652,2,0.7709961,0.683022048290836
4069,0,0,0.75390625,0.11016846,0.13586426,2,0.75390625,0.7271709073655162
4072,2,2,0.011566162,0.19421387,0.7944336,2,0.7944336,0.5526777856072884
4073,0,2,0.01272583,0.34960938,0.6376953,2,0.6376953,0.7098508652971691
4076,0,0,0.84765625,0.06964111,0.08258057,2,0.84765625,0.5316068519118587
4084,2,2,0.017318726,0.19470215,0.78808594,2,0.78808594,0.5765134520792017
4088,2,2,0.03353882,0.40625,0.5605469,2,0.5605469,0.8042788551783271
4103,2,0,0.41918945,0.21911621,0.36157227,2,0.41918945,1.0649338581936965
4105,2,1,0.22290039,0.5366211,0.24047852,2,0.5366211,1.0113188597053608
4110,0,2,0.18310547,0.34277344,0.4741211,2,0.4741211,1.031692467027809
4118,2,2,0.2512207,0.21069336,0.53808594,2,0.53808594,1.0086375406888068
91,1,2,0.07116699,0.32958984,0.5991211,2,0.5991211,0.8608133760639629
100,2,2,0.11779785,0.3779297,0.50439453,2,0.50439453,0.9648935567782175
110,2,0,0.64501953,0.17358398,0.18139648,2,0.64501953,0.8964430745146724
148,2,0,0.60009766,0.18566895,0.2142334,2,0.60009766,0.9491422069226623
203,0,0,0.4951172,0.3725586,0.13232422,2,0.4951172,0.983523535860467
229,1,2,0.27612305,0.3227539,0.40112305,2,0.40112305,1.0867570001656057
253,2,2,0.014472961,0.33032227,0.65527344,2,0.65527344,0.7041791941653115
318,1,1,0.3647461,0.38500977,0.25024414,2,0.38500977,1.0820204944920864
326,0,0,0.8652344,0.035339355,0.099365234,2,0.8652344,0.4728074226459205
367,2,2,0.3178711,0.30371094,0.37841797,2,0.37841797,1.0939708612876966
530,2,0,0.7426758,0.10998535,0.14733887,2,0.7426758,0.7458822852149842
539,0,0,0.82177734,0.1361084,0.041900635,2,0.82177734,0.5656725484800784
558,0,0,0.53808594,0.21069336,0.25146484,2,0.53808594,1.0087305428172346
574,2,2,0.009651184,0.19238281,0.79785156,2,0.79785156,0.5420674350098915
589,2,2,0.25512695,0.21520996,0.52978516,2,0.52978516,1.0156586498318083
625,0,0,0.46826172,0.25976562,0.2722168,2,0.46826172,1.0596375820976707
718,1,1,0.12023926,0.8027344,0.07702637,2,0.8027344,0.6285507330760792
732,1,0,0.63623047,0.2388916,0.125,2,0.63623047,0.8896619990038142
760,2,2,0.014434814,0.17004395,0.8154297,2,0.8154297,0.5288232777828266
787,2,2,0.0635376,0.33203125,0.6044922,2,0.6044922,0.8454717462999362
864,2,2,0.030731201,0.3256836,0.6435547,2,0.6435547,0.7560275856434869
949,2,2,0.030578613,0.3173828,0.65185547,2,0.65185547,0.7498349152229407
1142,1,1,0.30981445,0.38671875,0.3034668,2,0.38671875,1.092319010795104
1172,2,1,0.023284912,0.7236328,0.25317383,2,0.7236328,0.6694040271209273
1227,1,2,0.13903809,0.33374023,0.52685547,2,0.52685547,0.9781914208728869
1228,0,0,0.77490234,0.1394043,0.08557129,2,0.77490234,0.6826621974779716
1339,0,0,0.84814453,0.09454346,0.057159424,2,0.84814453,0.5262774173136351
1374,1,1,0.42651367,0.4404297,0.13293457,2,0.4404297,0.9928396721324397
1425,1,1,0.19787598,0.67578125,0.1262207,2,0.67578125,0.8466528408086397
1445,2,1,0.026306152,0.68896484,0.28466797,2,0.68896484,0.7100506317822683
1680,1,0,0.71533203,0.14245605,0.14208984,2,0.71533203,0.7945087893821889
1756,0,0,0.86816406,0.061584473,0.070129395,2,0.86816406,0.4807563100649601
1767,2,2,0.28173828,0.29125977,0.4267578,2,0.4267578,1.0795807498485803
1779,2,2,0.009315491,0.18395996,0.8066406,2,0.8066406,0.5283395593236754
1836,2,0,0.45214844,0.18981934,0.35791016,2,0.45214844,1.0420530481511605
1859,2,2,0.013771057,0.22717285,0.75927734,2,0.75927734,0.6047877194988945
1902,2,0,0.47070312,0.14196777,0.38720703,2,0.47070312,0.9992113548551547
1950,1,1,0.34838867,0.55566406,0.095825195,2,0.55566406,0.9185892453345262
1957,1,0,0.76660156,0.14367676,0.089904785,2,0.76660156,0.6990946637059371
1960,2,2,0.27392578,0.2705078,0.4555664,2,0.4555664,1.0665551566954092
2030,2,2,0.012512207,0.24145508,0.74609375,2,0.74609375,0.6164754791355707
2052,2,1,0.2998047,0.46557617,0.23461914,2,0.46557617,1.0572243058133473
2060,2,0,0.62646484,0.18469238,0.18896484,2,0.62646484,0.9197835201399325
2063,2,2,0.008171082,0.15539551,0.8364258,2,0.8364258,0.47799242762345007
2081,2,2,0.03050232,0.35083008,0.61865234,2,0.61865234,0.7710139264296252
2226,2,2,0.03152466,0.21447754,0.75390625,2,0.75390625,0.6521481413554834
2235,0,0,0.52783203,0.3466797,0.12548828,2,0.52783203,0.964985447230192
2339,2,2,0.010574341,0.15612793,0.8334961,2,0.8334961,0.489849621496836
2343,2,2,0.038391113,0.20263672,0.75878906,2,0.75878906,0.6580791590133844
2376,2,0,0.53222656,0.3017578,0.16589355,2,0.53222656,0.9952257533474054
2484,0,0,0.8461914,0.06011963,0.093688965,2,0.8461914,0.5321780138046627
2569,2,2,0.1821289,0.28320312,0.53466797,2,0.53466797,1.002220001058844
2659,0,0,0.50927734,0.38256836,0.10797119,2,0.50927734,0.9515633682839248
2694,0,0,0.8413086,0.06286621,0.095703125,2,0.8413086,0.5438780462443042
2765,2,2,0.3293457,0.27392578,0.39672852,2,0.39672852,1.0872696181618293
2885,2,2,0.008552551,0.18920898,0.8022461,2,0.8022461,0.5325046136158899
2918,2,1,0.12597656,0.44433594,0.4296875,2,0.44433594,0.9843702344503644
2949,2,0,0.65283203,0.16430664,0.18310547,2,0.65283203,0.8859887772816724
2971,2,2,0.050720215,0.28442383,0.6645508,2,0.6645508,0.7803866536962674
2990,2,2,0.03237915,0.34228516,0.6254883,2,0.6254883,0.7715292700353865
3066,0,0,0.8979492,0.051086426,0.05105591,2,0.8979492,0.40048281843863237
3074,0,0,0.8823242,0.070495605,0.04699707,2,0.8823242,0.44113353245417775
3270,0,0,0.8886719,0.056427002,0.05493164,2,0.8886719,0.42649746349316725
3317,0,0,0.63623047,0.22570801,0.13830566,2,0.63623047,0.8972777730051262
3383,2,2,0.038269043,0.19128418,0.7705078,2,0.7705078,0.6421349685182247
3537,2,2,0.22485352,0.22216797,0.55322266,2,0.55322266,0.9972672423314948
3545,2,1,0.25854492,0.5410156,0.20031738,2,0.5410156,1.0041605629675574
3563,1,0,0.5151367,0.2253418,0.25927734,2,0.5151367,1.0274794716427005
3612,0,0,0.6591797,0.10723877,0.23352051,2,0.6591797,0.8538030274896675
3662,2,0,0.6796875,0.14025879,0.18005371,2,0.6796875,0.846650077673393
3682,1,2,0.22143555,0.3310547,0.44750977,2,0.44750977,1.0596363951234147
4025,2,2,0.05239868,0.4206543,0.52685547,2,0.52685547,0.8564044071487289
4044,1,1,0.01689148,0.5463867,0.43676758,2,0.5463867,0.7609830137920602
4048,0,0,0.8955078,0.04257202,0.062072754,2,0.8955078,0.40574118628775957
4051,2,0,0.4489746,0.26000977,0.29125977,2,0.4489746,1.0690569414691091
4067,2,1,0.030029297,0.6113281,0.35864258,2,0.6113281,0.7738803406655208
14,0,0,0.8129883,0.087402344,0.099731445,2,0.8129883,0.6112481526921307
248,0,0,0.7607422,0.12121582,0.11816406,2,0.7607422,0.7161814231250458
498,0,0,0.5566406,0.32128906,0.12219238,2,0.5566406,0.9477636967333678
758,0,0,0.7451172,0.16992188,0.0848999,2,0.7451172,0.7297831971587471
1253,0,0,0.53808594,0.26416016,0.19750977,2,0.53808594,1.0054760597614931
1308,0,0,0.6176758,0.21118164,0.17126465,2,0.6176758,0.928190402672505
1339,0,0,0.8618164,0.085876465,0.052520752,2,0.8618164,0.4937316335871806
1420,0,0,0.8779297,0.06640625,0.055541992,2,0.8779297,0.4549385092741498
1487,0,0,0.8564453,0.06994629,0.07366943,2,0.8564453,0.5109201639949004
1747,0,0,0.8925781,0.05822754,0.049041748,2,0.8925781,0.41486266264263366
1803,0,0,0.64746094,0.16601562,0.18652344,2,0.64746094,0.8927688941404438
1937,0,0,0.89501953,0.048553467,0.056518555,2,0.89501953,0.4085333120846692
1996,0,0,0.828125,0.07489014,0.09692383,2,0.828125,0.5764760418984388
2116,0,0,0.80078125,0.14990234,0.04940796,2,0.80078125,0.6109894351107993
2404,0,0,0.69433594,0.15600586,0.1496582,2,0.69433594,0.8273916009736209
2694,0,0,0.8613281,0.05697632,0.08178711,2,0.8613281,0.4965879580530951
2732,0,0,0.5058594,0.22570801,0.26831055,2,0.5058594,1.0337028452166865
2840,0,0,0.6738281,0.21826172,0.10803223,2,0.6738281,0.8386284348845918
2891,0,0,0.8457031,0.076660156,0.07739258,2,0.8457031,0.5366577876549616
3051,0,0,0.7285156,0.098083496,0.17321777,2,0.7285156,0.7621845731969865
3273,0,0,0.61328125,0.17810059,0.20837402,2,0.61328125,0.9339666856063273
3322,0,0,0.84765625,0.084350586,0.068237305,2,0.84765625,0.5318816487921828
3726,0,0,0.67285156,0.24279785,0.084350586,2,0.67285156,0.8188709190987955
4002,0,0,0.93066406,0.030563354,0.03878784,2,0.93066406,0.2995250437130537
318,1,1,0.37841797,0.42041016,0.2010498,2,0.42041016,1.0545502275309442
502,1,2,0.16467285,0.24145508,0.59375,2,0.59375,0.9496810413798166
796,1,1,0.14343262,0.7607422,0.095703125,2,0.7607422,0.7111312806450427
854,1,0,0.59033203,0.2746582,0.1348877,2,0.59033203,0.9362896055745584
1449,1,0,0.7939453,0.1381836,0.067871094,2,0.7939453,0.6392677091243579
2458,1,0,0.79589844,0.13647461,0.06762695,2,0.79589844,0.6356657521246767
2894,1,1,0.020645142,0.7729492,0.20617676,2,0.7729492,0.6047331983076389
2929,1,1,0.12109375,0.76123047,0.11785889,2,0.76123047,0.7153439673937915
148,2,0,0.69140625,0.17565918,0.13293457,2,0.69140625,0.8289046384684058
3476,2,1,0.15063477,0.46655273,0.3828125,2,0.46655273,1.0084089435812293
2923,2,2,0.012519836,0.45263672,0.53466797,2,0.53466797,0.748392488521022
1947,2,2,0.008384705,0.13842773,0.85302734,2,0.85302734,0.44941848943684887
1427,2,1,0.06500244,0.54589844,0.38916016,2,0.54589844,0.875393129546383
3371,2,2,0.066467285,0.18249512,0.75097656,2,0.75097656,0.705691136236211
1209,2,1,0.26098633,0.5800781,0.15881348,2,0.5800781,0.9587065580698462
2050,2,2,0.04522705,0.24157715,0.7133789,2,0.7133789,0.7241404703987279
2478,2,2,0.09283447,0.40405273,0.50341797,2,0.50341797,0.9323314116019057
846,2,0,0.55566406,0.18481445,0.25976562,2,0.55566406,0.9887023641879862
1565,2,1,0.07385254,0.5336914,0.39257812,2,0.5336914,0.8946295828861961
3,1,2,0.0064926147,0.029678345,0.9638672,3,0.9638672,0.17256464652579678
6,2,2,0.0032081604,0.00032782555,0.99658203,3,0.99658203,0.024463717725017625
20,1,1,0.0079422,0.86621094,0.12597656,3,0.86621094,0.42379667452494246
25,0,0,0.9995117,0.00032234192,0.00014674664,3,0.9995117,0.004375080505924506
37,1,2,0.0014238358,0.119262695,0.87939453,3,0.87939453,0.37595699850124475
39,2,2,0.00074338913,0.0002553463,0.99902344,3,0.99902344,0.008444126392888395
47,2,2,9.1314316e-05,0.00024056435,0.9995117,3,0.9995117,0.0033420217114368727
52,0,0,0.66845703,0.33081055,0.000702858,3,0.66845703,0.6402919837230261
67,2,1,0.033172607,0.9628906,0.0040283203,3,0.9628906,0.17161288236453956
68,1,1,0.0020866394,0.9970703,0.0009937286,3,0.9970703,0.022675246547933153
69,2,2,0.00045204163,0.00025200844,0.9995117,3,0.9995117,0.006057840206199911
74,2,2,0.001253128,0.052490234,0.94628906,3,0.94628906,0.21531095414906892
77,0,0,0.9916992,0.00060129166,0.0077934265,3,0.9916992,0.050558681845765494
78,2,2,0.0004992485,0.00056886673,0.99902344,3,0.99902344,0.009022068144234313
89,2,2,0.00041556358,0.00017297268,0.9995117,3,0.9995117,0.005222061367232586
93,0,0,0.9995117,0.000117480755,0.00043058395,3,0.9995117,0.004888476013416266
117,0,0,0.99902344,0.00011050701,0.0007581711,3,0.99902344,0.007430006764165055
124,0,0,0.8613281,0.00071907043,0.13806152,3,0.8613281,0.4071527038664926
126,0,1,0.16125488,0.7817383,0.05722046,3,0.7817383,0.650443236410825
144,2,2,0.00018370152,0.000238657,0.9995117,3,0.9995117,0.004058932355693526
170,2,2,0.0008172989,0.0012807846,0.9980469,3,0.9980469,0.016292169780833095
180,2,2,0.014137268,0.0008196831,0.9848633,3,0.9848633,0.08105649986331172
188,2,2,0.00031542778,0.0005059242,0.99902344,3,0.99902344,0.007358450882533786
193,2,2,0.00033593178,0.00026512146,0.9995117,3,0.9995117,0.005358526243212078
198,2,2,0.011932373,0.00060224533,0.9873047,3,0.9873047,0.06992244330257189
199,2,2,0.00010430813,0.00012266636,1.0,3,1.0,0.0020610521928583233
214,2,2,0.0002065897,0.00021779537,0.9995117,3,0.9995117,0.004077488731252464
217,0,0,0.9995117,7.8737736e-05,0.00025820732,3,0.9995117,0.003365447918713558
218,2,1,0.035369873,0.9638672,0.00084352493,3,0.9638672,0.15964480271108783
219,2,2,0.00052928925,0.00027680397,0.99902344,3,0.99902344,0.007236661893237344
247,0,1,0.0020561218,0.9951172,0.0027675629,3,0.9951172,0.03389230813405831
249,1,2,0.0012054443,0.11663818,0.8823242,3,0.8823242,0.369182852785364
251,0,0,0.99902344,0.00011855364,0.00072336197,3,0.99902344,0.007278890116708303
269,1,0,0.9892578,0.010406494,0.00056791306,3,0.9892578,0.062437646844862534
283,2,2,0.00029993057,0.02508545,0.9746094,3,0.9746094,0.11995012527917615
301,0,0,1.0,0.00013446808,8.106232e-05,3,1.0,0.0019623039155646856
317,0,0,0.99902344,0.00016009808,0.0010404587,3,0.99902344,0.009521263772123027
322,1,2,0.006008148,0.002878189,0.99121094,3,0.99121094,0.0563189443162714
328,1,2,0.0005950928,0.0005502701,0.99902344,3,0.99902344,0.00952554701434169
339,0,0,0.9975586,0.000101685524,0.0021038055,3,0.9975586,0.016341148724990668
340,2,0,0.99902344,0.0007739067,9.8109245e-05,3,0.99902344,0.007425888754173212
341,1,1,0.00061798096,0.9980469,0.0015525818,3,0.9980469,0.016559330011551767
352,2,2,0.00038337708,0.022201538,0.97753906,3,0.97753906,0.10975705207456159
360,2,2,0.00016379356,0.00027370453,0.9995117,3,0.9995117,0.004161277993348811
362,2,2,0.0003452301,0.0003888607,0.99902344,3,0.99902344,0.006781462241720642
366,2,2,0.00056886673,0.00042271614,0.99902344,3,0.99902344,0.008510579292953693
381,2,2,8.5651875e-05,0.0001450777,1.0,3,1.0,0.0020843802923928467
396,1,2,0.0001205802,0.00340271,0.99658203,3,0.99658203,0.02383836477170216
404,2,2,0.00093221664,0.00033450127,0.99853516,3,0.99853516,0.01064569347769431
412,2,1,0.24121094,0.6767578,0.082214355,3,0.6767578,0.8126630674919462
414,2,2,0.0016031265,0.00038599968,0.9980469,3,0.9980469,0.015302423827341207
419,2,2,0.000110924244,0.00091171265,0.99902344,3,0.99902344,0.008368390573906063
420,2,2,0.0003156662,0.00018405914,0.9995117,3,0.9995117,0.004615666080687846
421,2,2,0.00053977966,0.00034713745,0.99902344,3,0.99902344,0.0078027977827038915
433,2,2,0.00056028366,0.0017604828,0.9975586,3,0.9975586,0.017798575110280965
435,2,2,0.00035119057,0.0027675629,0.9970703,3,0.9970703,0.022019196996124688
470,0,0,0.9995117,0.0005812645,0.00013184547,3,0.9995117,0.005996669977277956
486,0,0,0.74365234,0.25463867,0.0015230179,3,0.74365234,0.5784587906458972
492,0,0,0.9897461,0.0103302,0.0001320839,3,0.9897461,0.05861766770398874
519,2,2,0.00016379356,0.00020062923,0.9995117,3,0.9995117,0.00362412114189388
528,1,2,0.0011501312,0.0031814575,0.99560547,3,0.99560547,0.03046351261114848
540,2,2,0.0019216537,0.00048398972,0.9975586,3,0.9975586,0.018152043146464507
542,0,0,0.8925781,0.101257324,0.00630188,3,0.8925781,0.3652531528869769
551,0,0,0.63134766,0.00046038628,0.36816406,3,0.63134766,0.6617725894716968
559,2,2,0.00035524368,0.00082588196,0.99902344,3,0.99902344,0.00966066383563322
562,0,2,9.661913e-05,0.0003888607,0.9995117,3,0.9995117,0.004434845639712616
566,2,2,0.0002169609,0.00014030933,0.9995117,3,0.9995117,0.0035631949096054465
573,2,2,0.0001308918,0.0035991669,0.99609375,3,0.99609375,0.02532163495541065
577,2,2,0.00024163723,0.0014648438,0.99853516,3,0.99853516,0.013035719486647047
578,2,2,0.024429321,0.00029683113,0.97509766,3,0.97509766,0.11768157160510798
593,2,2,0.0013141632,0.0003194809,0.99853516,3,0.99853516,0.012754096884322023
608,0,1,0.42114258,0.5415039,0.037597656,3,0.5415039,0.8197093999108865
666,2,2,0.00087070465,0.00023663044,0.99902344,3,0.99902344,0.009086878980500396
687,1,1,0.00046300888,0.9980469,0.0015392303,3,0.9980469,0.015474847674835956
695,2,2,0.0005712509,0.00027632713,0.99902344,3,0.99902344,0.0075062069109076155
699,2,2,0.00072193146,0.013702393,0.98535156,3,0.98535156,0.07854857111920378
714,2,2,0.0003156662,0.0002143383,0.9995117,3,0.9995117,0.004843431131399019
716,0,0,0.9995117,0.0001513958,0.0004451275,3,0.9995117,0.0052549152170687915
720,2,0,0.69384766,0.0011138916,0.30493164,3,0.69384766,0.6233350923836884
727,2,1,0.0010576248,0.74853516,0.25024414,3,0.74853516,0.5707178948978237
740,2,0,0.99658203,0.00021004677,0.003320694,3,0.99658203,0.024143967579755364
749,2,2,0.00071048737,0.00056552887,0.99853516,3,0.99853516,0.010843370038772395
757,2,0,0.95751953,0.0004222393,0.042053223,3,0.95751953,0.17810495552975322
761,2,2,0.00017380714,0.00090026855,0.99902344,3,0.99902344,0.008794248488488216
783,0,0,0.9995117,0.0001603365,0.000107586384,3,0.9995117,0.002872278986557014
790,0,0,0.99902344,0.00054836273,0.00029110909,3,0.99902344,0.007463660532779995
794,0,0,0.99902344,0.0007929802,0.00029110909,3,0.99902344,0.009007889121027943
798,2,2,7.903576e-05,0.00023961067,0.9995117,3,0.9995117,0.0032322349267675733
807,2,2,0.0004608631,0.00019788742,0.9995117,3,0.9995117,0.005716266596324472
808,0,0,0.99902344,0.00042438507,0.0005669594,3,0.99902344,0.008509525490088899
822,2,2,0.00020575523,0.00014567375,0.9995117,3,0.9995117,0.0035217030008150843
844,2,2,0.00075244904,0.00014412403,0.99902344,3,0.99902344,0.00766258335390811
852,2,0,0.75097656,0.0070533752,0.24206543,3,0.75097656,0.5933907170156798
865,2,2,0.0043258667,0.00038647652,0.9951172,3,0.9951172,0.03145427204048412
866,2,2,6.6280365e-05,0.00087451935,0.99902344,3,0.99902344,0.007772029245437412
868,2,2,0.00038290024,0.00017535686,0.9995117,3,0.9995117,0.0050173454658083184
871,2,2,0.0005130768,0.0002772808,0.99902344,3,0.99902344,0.007133746191241843
875,2,2,0.0007266998,0.1772461,0.82177734,3,0.82177734,0.47322913592500215
897,2,2,0.00025105476,0.00011122227,0.9995117,3,0.9995117,0.0035819497325049686
903,2,2,0.067993164,0.000767231,0.93115234,3,0.93115234,0.2547137457920542
909,2,2,0.00026893616,0.0002605915,0.9995117,3,0.9995117,0.004849660834724842
913,2,2,0.0003466606,0.00016367435,0.9995117,3,0.9995117,0.004676935448928048
943,2,2,0.00015115738,0.00014197826,0.9995117,3,0.9995117,0.0030758449874716165
946,0,2,0.00025844574,0.0004582405,0.9995117,3,0.9995117,0.0061461620391764
953,0,0,0.99316406,0.0047836304,0.002193451,3,0.99316406,0.04579825193014187
965,2,2,0.02897644,0.00018918514,0.9707031,3,0.9707031,0.13309879701707927
977,2,2,0.00025606155,9.3877316e-05,0.9995117,3,0.9995117,0.003476406852101819
980,0,0,0.99609375,0.0037250519,0.00019073486,3,0.99609375,0.02636518619122407
999,2,2,0.0002901554,0.00035905838,0.9995117,3,0.9995117,0.005699583991747652
1006,2,2,0.002483368,0.00051784515,0.9970703,3,0.9970703,0.021738922707683555
1008,1,1,0.0022716522,0.9946289,0.0030326843,3,0.9946289,0.0367691948049899
1013,2,2,0.0003015995,0.0003466606,0.9995117,3,0.9995117,0.0056949721122463
1023,2,2,0.00015616417,0.0023937225,0.9975586,3,0.9975586,0.018253023567002452
1027,1,2,0.004371643,0.00073480606,0.9951172,3,0.9951172,0.033922608952356104
1039,2,2,0.00027298927,0.00030517578,0.9995117,3,0.9995117,0.005198634792089353
1054,2,2,0.00022494793,0.0011968613,0.99853516,3,0.99853516,0.011405794525824717
1071,1,0,0.99853516,0.00094509125,0.00060510635,3,0.99853516,0.012529500950355509
1072,1,0,0.9995117,0.0003633499,0.00015497208,3,0.9995117,0.004725420634080397
1074,2,2,0.00020503998,0.00016212463,0.9995117,3,0.9995117,0.0036443281101838482
1081,1,1,0.0015096664,0.56640625,0.43188477,3,0.56640625,0.6943855821998246
1108,2,2,0.00022470951,0.00030946732,0.9995117,3,0.9995117,0.004876597995930964
1122,2,2,9.0420246e-05,0.0001231432,1.0,3,1.0,0.0019504618532020705
1148,2,1,0.007789612,0.89160156,0.10046387,3,0.89160156,0.3709786850566853
1161,2,2,9.1314316e-05,0.00038433075,0.9995117,3,0.9995117,0.004359893474079921
1169,2,2,0.00059080124,0.013595581,0.98583984,3,0.98583984,0.07688541244465066
1190,2,2,0.00028181076,0.00014257431,0.9995117,3,0.9995117,0.004054367138317711
1191,0,0,0.7548828,0.2442627,0.0010070801,3,0.7548828,0.5635081069753803
1193,2,1,0.41967773,0.57910156,0.0011415482,3,0.57910156,0.6884773274856453
1213,1,1,0.0005903244,0.9975586,0.0016965866,3,0.9975586,0.017650142067808648
1229,0,0,0.5756836,0.017166138,0.40698242,3,0.5756836,0.7535392101510918
1231,0,0,0.9995117,0.00026631355,0.00025320053,3,0.9995117,0.004777000797573441
1233,2,2,0.00015473366,0.0002014637,0.9995117,3,0.9995117,0.0035602199672426695
1236,2,2,0.0010318756,0.00030851364,0.99853516,3,0.99853516,0.011053277845358454
1237,1,2,0.00019979477,0.00040602684,0.9995117,3,0.9995117,0.005360777199168255
1264,2,2,0.0010223389,0.00014412403,0.99902344,3,0.99902344,0.009290316818256952
1271,1,1,0.00058555603,0.99609375,0.0032806396,3,0.99609375,0.027021203814397
1273,0,1,0.00093889236,0.66845703,0.33032227,3,0.66845703,0.6416816041707725
1285,2,2,0.00075387955,0.00038051605,0.99902344,3,0.99902344,0.009392863117452816
1297,1,1,0.052459717,0.93603516,0.011421204,3,0.93603516,0.26758890049828105
1321,2,2,0.00016188622,0.00026535988,0.9995117,3,0.9995117,0.004086309203671234
1341,0,0,0.9995117,0.00019145012,0.00025105476,3,0.9995117,0.004208366545194539
1360,1,0,0.98779297,0.011245728,0.0011138916,3,0.98779297,0.07017477211131692
1362,2,2,0.00017631054,0.0002462864,0.9995117,3,0.9995117,0.004058476755006023
1363,1,1,0.000702858,0.92285156,0.07647705,3,0.92285156,0.2758003638399808
1384,0,2,0.001964569,0.00025057793,0.9975586,3,0.9975586,0.016760286252901865
1386,1,0,0.7885742,0.21044922,0.000770092,3,0.7885742,0.5208172543247804
1392,0,1,0.070007324,0.79003906,0.14013672,3,0.79003906,0.6477389645552722
1403,0,1,0.010604858,0.98583984,0.0033435822,3,0.98583984,0.08133461257025576
1417,0,0,0.9995117,0.00043463707,0.000192523,3,0.9995117,0.0054997970149551385
1424,0,0,0.9970703,8.7976456e-05,0.002714157,3,0.9970703,0.01978566424313633
1426,0,0,0.99902344,0.0005803108,0.00028848648,3,0.99902344,0.007651941763177383
1429,2,2,0.00013327599,0.0009889603,0.99902344,3,0.99902344,0.009007790726340392
1435,0,0,0.9995117,0.00016379356,0.00012803078,3,0.9995117,0.0030635240387890126
1436,1,1,0.00045990944,0.99902344,0.0006098747,3,0.99902344,0.009024697627360138
1440,0,0,0.6826172,0.31689453,0.0005941391,3,0.6826172,0.6292219578262199
1443,0,2,0.037261963,0.4321289,0.5307617,3,0.5307617,0.8213602646341256
1452,0,0,0.9995117,0.00017774105,0.00028800964,3,0.9995117,0.004371010597290044
1463,2,2,6.771088e-05,0.00015175343,1.0,3,1.0,0.0019844486824627497
1477,2,2,0.00019407272,0.00011706352,0.9995117,3,0.9995117,0.0032067260918002597
1478,2,2,0.00043606758,0.00076532364,0.99902344,3,0.99902344,0.009841608110001695
1529,2,2,0.00028061867,0.00015807152,0.9995117,3,0.9995117,0.004166739565411134
1538,2,2,0.00036239624,0.031097412,0.96875,3,0.96875,0.141555366517748
1554,2,2,0.0012559891,0.000119924545,0.99853516,3,0.99853516,0.010936319117388231
1563,0,0,0.9995117,0.00018811226,0.00026774406,3,0.9995117,0.004304219599703958
1570,2,2,0.00015103817,0.00058841705,0.99902344,3,0.99902344,0.006681603409082292
1593,2,2,0.0060195923,0.000364542,0.99365234,3,0.99365234,0.039990086751054144
1610,2,2,0.00054073334,0.00012671947,0.9995117,3,0.9995117,0.005693014470006651
1614,0,0,0.9555664,0.0024299622,0.0418396,3,0.9555664,0.19085476177550417
1617,2,0,0.9873047,0.00047421455,0.012435913,3,0.9873047,0.07080236326784738
1635,2,0,0.99658203,0.00020360947,0.003074646,3,0.99658203,0.022928152611845394
1637,0,0,0.99902344,0.0008072853,7.0273876e-05,3,0.99902344,0.007397471273391974
1644,2,2,0.001127243,0.0017528534,0.9970703,3,0.9970703,0.02170160984130993
1651,0,0,0.9863281,0.00017273426,0.013381958,3,0.9863281,0.0728022696060173
1661,2,2,0.00011521578,0.00021612644,0.9995117,3,0.9995117,0.003357069396064167
1671,1,1,0.20666504,0.77734375,0.015853882,3,0.77734375,0.587335165323781
1679,2,2,0.00036239624,0.00037550926,0.99902344,3,0.99902344,0.00680899285472963
1681,2,2,0.014007568,0.11956787,0.86621094,3,0.86621094,0.43814437571859305
1686,2,2,0.00011104345,0.00022161007,0.9995117,3,0.9995117,0.0033640549114841898
1689,2,1,0.0064735413,0.9667969,0.026870728,3,0.9667969,0.16245636739413707
1691,2,2,0.00041127205,0.0010175705,0.99853516,3,0.99853516,0.01168155266223354
1694,2,2,0.0010871887,0.0007967949,0.9980469,3,0.9980469,0.015055403681245881
1702,0,0,0.9995117,0.00013899803,0.00014591217,3,0.9995117,0.0030113993964884134
1703,2,2,0.0001835823,0.00093078613,0.99902344,3,0.99902344,0.00905181767096938
1711,0,0,0.99902344,8.8095665e-05,0.0009217262,3,0.99902344,0.008240826134783167
1730,2,2,0.00038051605,0.00034928322,0.9995117,3,0.9995117,0.006264521668163622
1735,2,2,0.00037169456,0.00067949295,0.99902344,3,0.99902344,0.008867850602820335
1748,0,0,0.99902344,0.000910759,0.00023210049,3,0.99902344,0.009294814126281461
1750,0,2,0.0011177063,0.0004930496,0.99853516,3,0.99853516,0.012814755136831172
1757,0,1,0.015045166,0.9838867,0.0010757446,3,0.9838867,0.08647524097145694
1781,0,0,0.9970703,0.00018906593,0.0028495789,3,0.9970703,0.02124654151570993
1794,2,2,0.00050735474,0.00032043457,0.99902344,3,0.99902344,0.0074031911913194064
1804,2,2,0.00019216537,0.0002732277,0.9995117,3,0.9995117,0.004374458774953292
1810,2,2,0.000111460686,0.00015175343,0.9995117,3,0.9995117,0.0028370843190482138
1813,2,2,0.00017130375,0.00016403198,0.9995117,3,0.9995117,0.0034033516383281627
1817,2,2,7.390976e-05,0.0012102127,0.99853516,3,0.99853516,0.010295794699493028
1830,2,2,0.00018918514,0.00018918514,0.9995117,3,0.9995117,0.003731867610228464
1839,0,0,0.99853516,0.0010766983,0.00041604042,3,0.99853516,0.012060529350682966
1841,2,2,0.00028181076,0.0001450777,0.9995117,3,0.9995117,0.004074011036650596
1847,0,0,0.390625,0.32250977,0.28710938,3,0.390625,1.0904309418863494
1850,2,2,0.0028686523,0.00029158592,0.9970703,3,0.9970703,0.02209180571461722
1851,2,2,0.00083112717,0.00019168854,0.99902344,3,0.99902344,0.008511826386578195
1855,2,2,0.00010204315,0.00033593178,0.9995117,3,0.9995117,0.00411295378167616
1857,2,2,7.742643e-05,0.0012359619,0.99853516,3,0.99853516,0.010472583688350374
1858,2,2,0.00034809113,0.0016450882,0.9980469,3,0.9980469,0.015268008882646891
1866,0,0,0.9970703,0.002779007,0.00019395351,3,0.9970703,0.020939592710224105
1870,0,0,0.9995117,0.00014448166,0.0002784729,3,0.9995117,0.004045371334682603
1876,1,1,0.0032787323,0.9794922,0.017303467,3,0.9794922,0.10924893215245152
1877,2,2,0.0002963543,0.000872612,0.99902344,3,0.99902344,0.009530347946263886
1879,0,0,0.9995117,0.00014531612,0.00028562546,3,0.9995117,0.004103221637363301
1901,0,0,0.99902344,0.0005493164,0.0002501011,3,0.99902344,0.007173960930963516
1907,0,0,0.9995117,0.00010025501,0.0005283356,3,0.9995117,0.005398011797173467
1911,0,0,0.99121094,0.0003209114,0.00856781,3,0.99121094,0.0521124194403023
1921,2,2,0.00078201294,0.020019531,0.9790039,3,0.9790039,0.10466568662146308
1932,2,2,0.02281189,0.00022220612,0.9770508,3,0.9770508,0.1107927491135966
1942,2,2,0.00032758713,7.748604e-05,0.9995117,3,0.9995117,0.003850097472602659
1944,2,0,0.9946289,0.000110030174,0.005153656,3,0.9946289,0.03350925981494339
1972,2,2,0.0005578995,0.00016593933,0.9995117,3,0.9995117,0.0061119083756346875
1976,0,2,0.035461426,0.00021803379,0.96435547,3,0.96435547,0.15525647693247066
1985,0,0,0.9980469,0.0009407997,0.00089263916,3,0.9980469,0.014774930318004875
1993,2,2,0.0010614395,0.0001745224,0.99853516,3,0.99853516,0.010242863670219664
1994,0,0,0.9995117,0.00017428398,0.00016891956,3,0.9995117,0.0034638281744313244
1999,0,0,0.9995117,0.00019490719,0.00011843443,3,0.9995117,0.0032240539366546004
2001,1,2,0.00037908554,0.0005021095,0.99902344,3,0.99902344,0.007776795008768298
2007,2,0,0.7084961,0.0005531311,0.29077148,3,0.7084961,0.6074698440913877
2019,0,0,0.99902344,0.0008163452,0.00027251244,3,0.99902344,0.009017581756384452
2024,2,2,0.00059986115,0.0002501011,0.99902344,3,0.99902344,0.00750059013061581
2028,2,2,8.815527e-05,0.00024676323,0.9995117,3,0.9995117,0.0033611167845018397
2035,2,2,0.00017094612,0.00014817715,0.9995117,3,0.9995117,0.003277488172653895
2043,2,2,0.00019478798,0.00043058395,0.9995117,3,0.9995117,0.005489555299419137
2057,1,0,0.99853516,0.00029730797,0.00097322464,3,0.99853516,0.010627339221425646
2059,2,2,0.0012540817,0.00047969818,0.9980469,3,0.9980469,0.013996175374435172
2070,2,2,0.00015175343,0.00032114983,0.9995117,3,0.9995117,0.004405788809014913
2088,2,1,0.002155304,0.94433594,0.053741455,3,0.94433594,0.22443536672764564
2099,2,2,0.00032687187,0.00029873848,0.9995117,3,0.9995117,0.005536179708506389
2101,2,2,8.815527e-05,0.00039672852,0.9995117,3,0.9995117,0.004418514839358378
2111,2,2,0.0026073456,0.00029921532,0.9970703,3,0.9970703,0.02086554199973902
2115,0,0,0.9902344,0.009552002,0.00032901764,3,0.9902344,0.05678268874967513
2117,1,1,0.0025501251,0.99609375,0.0014305115,3,0.99609375,0.02849642486478466
2127,2,2,0.00019788742,0.0001718998,0.9995117,3,0.9995117,0.0036658579300116114
2130,0,2,0.041748047,0.09832764,0.8598633,3,0.8598633,0.49048589327886594
2137,2,2,0.0004389286,0.00024282932,0.9995117,3,0.9995117,0.005902719331032365
2142,2,2,0.000110566616,0.0022144318,0.9975586,3,0.9975586,0.01698195619418605
2148,1,2,0.017608643,0.012779236,0.96972656,3,0.96972656,0.15665486811920337
2150,2,0,0.99853516,0.0011606216,0.00045967102,3,0.99853516,0.012840746906671878
2157,2,2,0.0050697327,0.36767578,0.6274414,3,0.6274414,0.6871237938604509
2170,0,2,0.18041992,0.000808239,0.81884766,3,0.81884766,0.4783711917672515
2173,2,2,0.00042629242,0.00036096573,0.99902344,3,0.99902344,0.007145553306414716
2174,0,0,0.63427734,0.3642578,0.0011663437,3,0.63427734,0.6645056973001224
2176,2,2,7.599592e-05,0.00040912628,0.9995117,3,0.9995117,0.004400782440305024
2180,2,0,0.8125,0.1829834,0.004673004,3,0.8125,0.5045537625198042
2190,0,1,0.3840332,0.6147461,0.0011281967,3,0.6147461,0.6742893049638955
2204,0,0,0.9970703,0.0023956299,0.0007362366,3,0.9970703,0.022692077016175653
2217,2,2,0.002714157,6.955862e-05,0.9970703,3,0.9970703,0.01963000963923685
2218,2,2,0.00024580956,0.00029420853,0.9995117,3,0.9995117,0.004923367374374639
2219,0,0,0.9995117,0.0002053976,9.1314316e-05,3,0.9995117,0.0030814549988872632
2234,1,0,0.9975586,0.00090789795,0.0013237,3,0.9975586,0.017570267653803456
2244,1,2,0.074279785,0.00072288513,0.9248047,3,0.9248047,0.2706438066788198
2251,1,1,0.037475586,0.96240234,0.00031471252,3,0.96240234,0.16249191730641213
2252,2,2,0.007385254,0.17260742,0.8198242,3,0.8198242,0.5023450679493832
2259,2,1,0.41723633,0.50341797,0.0791626,3,0.50341797,0.9109966792472293
2263,2,0,0.83154297,0.0004107952,0.16784668,3,0.83154297,0.45615648597547254
2287,2,2,0.00868988,0.00022149086,0.99121094,3,0.99121094,0.05185285782590979
2288,2,2,0.00025963783,0.00025105476,0.9995117,3,0.9995117,0.004713012206307224
2301,0,0,0.9995117,9.459257e-05,0.00035977364,3,0.9995117,0.004217686783017405
2319,2,2,0.00016498566,0.00025868416,0.9995117,3,0.9995117,0.00406185443382712
2322,2,2,0.00030827522,0.002506256,0.9970703,3,0.9970703,0.020427540820313183
2324,2,2,0.00022768974,0.00056123734,0.99902344,3,0.99902344,0.00708690405021412
2334,2,2,0.00030827522,0.00026631355,0.9995117,3,0.9995117,0.005172420405291325
2349,2,2,0.0004312992,0.00013780594,0.9995117,3,0.9995117,0.00505524105699149
2358,2,2,0.0013990402,0.0003476143,0.9980469,3,0.9980469,0.013914185316488787
2364,0,0,0.9995117,0.00018846989,0.000121474266,3,0.9995117,0.0031997950706208096
2372,2,2,0.0003809929,0.010757446,0.98876953,3,0.98876953,0.06292106043439735
2373,2,2,0.00058460236,0.00048470497,0.99902344,3,0.99902344,0.009027455133831868
2374,2,2,0.00032615662,0.00028562546,0.9995117,3,0.9995117,0.0054375500286751085
2375,2,2,0.0011234283,0.00010216236,0.99853516,3,0.99853516,0.010032148707123096
2378,2,0,0.9995117,0.00025558472,0.0003569126,3,0.9995117,0.005435545698131974
2389,0,0,0.9995117,7.43866e-05,0.00017225742,3,0.9995117,0.0026881897143691594
2391,2,2,0.00028014183,0.0002053976,0.9995117,3,0.9995117,0.004523742283789654
2394,0,0,0.76953125,0.22595215,0.0042915344,3,0.76953125,0.5610790557183936
2401,2,2,0.0001269579,0.0006380081,0.99902344,3,0.99902344,0.00680903289242371
2408,1,0,0.99365234,0.0044822693,0.0017814636,3,0.99365234,0.04184314070751826
2409,2,0,0.9995117,0.00013792515,0.00021529198,3,0.9995117,0.003531990900887883
2414,0,0,0.97509766,0.00028419495,0.024642944,3,0.97509766,0.11816970759659157
2433,2,2,0.00042891502,0.00018620491,0.9995117,3,0.9995117,0.005413346990554849
2437,2,2,0.00030589104,0.00023138523,0.9995117,3,0.9995117,0.004900561656364452
2450,0,0,0.9995117,0.00014710426,0.00019788742,3,0.9995117,0.0034738297958858307
2452,0,0,0.99902344,0.0005917549,0.00015985966,3,0.99902344,0.006771620332957482
2463,2,2,0.00024437904,0.00027418137,0.9995117,3,0.9995117,0.0047693889663617435
2473,2,2,0.00017952919,0.00016832352,0.9995117,3,0.9995117,0.0034993189186860903
2475,2,0,0.58935547,0.000729084,0.4099121,3,0.58935547,0.6824388683682634
2483,2,1,0.22607422,0.73876953,0.035186768,3,0.73876953,0.6775977563818266
2504,2,2,0.00038075447,0.00022244453,0.9995117,3,0.9995117,0.005356939930959058
2514,0,0,0.9873047,0.0010585785,0.0118255615,3,0.9873047,0.07234234394600499
2524,0,0,0.97753906,0.020629883,0.001701355,3,0.97753906,0.11312006203090354
2530,2,2,0.00054597855,0.004825592,0.9946289,3,0.9946289,0.03519739693145021
2539,2,2,0.0036678314,0.0008883476,0.99560547,3,0.99560547,0.031196286969775024
2540,0,0,0.9995117,9.948015e-05,0.00033020973,3,0.9995117,0.00405183469218386
2541,0,0,0.9995117,0.00016725063,0.0001975298,3,0.9995117,0.0036274494460451123
2556,2,2,0.39233398,0.00016701221,0.6074219,3,0.6074219,0.6713557105241506
2564,0,0,0.9995117,0.00012850761,0.00012731552,3,0.9995117,0.0027814203750745614
2568,2,2,0.0001899004,0.00048685074,0.9995117,3,0.9995117,0.005828919152192899
2575,2,2,0.00083112717,0.00015830994,0.99902344,3,0.99902344,0.008256405030828433
2580,1,1,0.000770092,0.609375,0.38964844,3,0.609375,0.6746049909402798
2584,0,0,0.9995117,0.00061941147,7.790327e-05,3,0.9995117,0.005800580974802053
2592,2,2,0.0004618168,0.00020337105,0.9995117,3,0.9995117,0.005763843075604546
2594,2,2,4.9829483e-05,0.0010557175,0.99902344,3,0.99902344,0.008705135362737178
2596,0,0,0.9995117,0.00020945072,0.00013709068,3,0.9995117,0.003481845927697633
2613,2,2,0.000487566,0.0005788803,0.99902344,3,0.99902344,0.009009516610942778
2631,0,0,0.9995117,0.00017738342,0.00015711784,3,0.9995117,0.003396395167688234
2632,0,0,0.99902344,0.000112235546,0.0007853508,3,0.99902344,0.007611626637523582
2633,2,2,0.0006284714,0.00022411346,0.99902344,3,0.99902344,0.007492618117314801
2651,2,1,0.05355835,0.7290039,0.21728516,3,0.7290039,0.7188806971821116
2657,0,2,0.00021231174,0.00035476685,0.9995117,3,0.9995117,0.005102083227380306
2660,2,2,0.00019872189,0.00013422966,0.9995117,3,0.9995117,0.003378793562146044
2678,0,0,0.8857422,0.10644531,0.008026123,3,0.8857422,0.38464368004365945
2679,0,0,0.99902344,0.00067710876,0.00019621849,3,0.99902344,0.007592381467279986
2688,2,2,0.00048303604,0.00020253658,0.9995117,3,0.9995117,0.005898854038953287
2696,2,2,0.0004916191,0.00025963783,0.99902344,3,0.99902344,0.006864769885334536
2700,2,2,0.0010480881,0.00036001205,0.99853516,3,0.99853516,0.011509146316774842
2715,2,2,0.0012149811,9.828806e-05,0.99853516,3,0.99853516,0.01052693091830435
2716,2,2,0.00039434433,0.00010508299,0.9995117,3,0.9995117,0.004541804504228052
2722,1,0,0.9902344,0.0005288124,0.009162903,3,0.9902344,0.05670535237666706
2723,2,2,0.0010175705,0.00031232834,0.99853516,3,0.99853516,0.010996114936573894
2729,2,2,0.00024724007,0.0006117821,0.99902344,3,0.99902344,0.007556107031785052
2751,2,2,0.0005259514,0.0044021606,0.9951172,3,0.9951172,0.03272657731068672
2752,0,0,0.9980469,0.0007724762,0.0012464523,3,0.9980469,0.0158222782085592
2760,2,2,0.00030589104,0.0019321442,0.9975586,3,0.9975586,0.016987984232334535
2766,2,2,0.00029063225,0.00026631355,0.9995117,3,0.9995117,0.005046913692543772
2767,0,0,0.9980469,0.0004401207,0.0016155243,3,0.9980469,0.015737392217994795
2776,0,0,0.9980469,0.001408577,0.0004901886,3,0.9980469,0.014934336624430295
2781,2,2,0.0001450777,0.00014710426,0.9995117,3,0.9995117,0.0030685147169723682
2801,2,2,7.367134e-05,0.00042557716,0.9995117,3,0.9995117,0.004492586895850805
2819,2,2,0.0013332367,0.00037884712,0.9980469,3,0.9980469,0.013762113383914585
2830,0,0,0.9995117,0.00042796135,0.00022506714,3,0.9995117,0.005698017485555996
2851,2,2,0.00015842915,0.00017952919,0.9995117,3,0.9995117,0.0034229382699915213
2854,0,2,0.06518555,0.0005226135,0.93408203,3,0.93408203,0.24563550391785957
2855,2,2,0.0016498566,0.0011701584,0.9970703,3,0.9970703,0.021395436045524654
2874,0,0,0.92285156,0.07635498,0.000790596,3,0.92285156,0.27615253266412887
2875,2,2,0.00054073334,0.00032162666,0.99902344,3,0.99902344,0.0076303550562459264
2901,1,2,0.10119629,0.03375244,0.8652344,3,0.8652344,0.47143348684448116
2902,2,2,0.010879517,0.015640259,0.9736328,3,0.9736328,0.14023215072729706
2905,2,2,0.0001450777,0.0024337769,0.9975586,3,0.9975586,0.01836787520547563
2908,2,0,0.7919922,0.00037026405,0.20776367,3,0.7919922,0.5140913885678825
2910,2,0,0.99609375,0.003856659,0.0002002716,3,0.99609375,0.02703922414354931
2930,2,2,0.0035705566,0.0007529259,0.99560547,3,0.99560547,0.029919766490477964
2935,2,2,0.002193451,0.16674805,0.8310547,3,0.8310547,0.46591461561458963
2945,1,2,0.00079107285,0.04058838,0.9584961,3,0.9584961,0.17633665039025942
2954,2,2,0.0007748604,0.00017726421,0.99902344,3,0.99902344,0.008057459588014008
2969,0,2,0.015045166,0.045196533,0.9399414,3,0.9399414,0.26131955892169245
2974,2,2,0.00051403046,0.14196777,0.8574219,3,0.8574219,0.4129290735287234
2977,0,0,0.99316406,0.001042366,0.0060043335,3,0.99316406,0.044683489709533675
2980,0,0,0.9970703,0.0026054382,0.00020372868,3,0.9970703,0.020159597108714334
2998,1,1,0.0011816025,0.9980469,0.0005979538,3,0.9980469,0.014354247847682109
2999,0,0,0.9980469,0.0011806488,0.0006594658,3,0.9980469,0.014740741603260901
3003,0,0,0.9995117,0.00019526482,0.00015473366,3,0.9995117,0.0035135706292186443
3005,2,2,0.04135132,0.015129089,0.9433594,3,0.9433594,0.250144288156184
3007,0,0,0.9995117,0.00022292137,7.7962875e-05,3,0.9995117,0.0031001302701817142
3027,2,2,0.0015296936,0.0005583763,0.9980469,3,0.9980469,0.016050222614899853
3034,2,2,0.0005812645,0.00055122375,0.99902344,3,0.99902344,0.00944271622919904
3041,2,2,0.26000977,0.016494751,0.7236328,3,0.7236328,0.6520231276309575
3046,2,2,0.0018081665,0.0008659363,0.9975586,3,0.9975586,0.019964110204745353
3047,2,2,6.2704086e-05,0.0012350082,0.99853516,3,0.99853516,0.010341011132832149
3050,2,2,0.00047135353,0.0011873245,0.99853516,3,0.99853516,0.013072169062368006
3054,0,0,0.99853516,0.0006284714,0.00085020065,3,0.99853516,0.012107947095906624
3056,2,2,0.00016486645,0.0029850006,0.9970703,3,0.9970703,0.021716709953115396
3064,2,2,0.0010204315,0.001414299,0.9975586,3,0.9975586,0.01874605687772774
3065,2,2,0.0019311905,0.00039815903,0.9975586,3,0.9975586,0.017624672769939075
3071,2,2,0.045318604,0.00137043,0.953125,3,0.953125,0.19501099281295645
3086,2,2,0.00038981438,0.000107586384,0.9995117,3,0.9995117,0.004531201304265155
3094,0,0,0.99853516,0.00030374527,0.0011672974,3,0.99853516,0.011806731265164102
3099,0,0,1.0,0.00010716915,9.62615e-05,3,1.0,0.0018699130527068454
3100,2,2,0.00017166138,0.00017499924,0.9995117,3,0.9995117,0.0034903536356097353
3135,0,0,0.9892578,0.00017905235,0.010437012,3,0.9892578,0.05984692016325947
3170,2,2,0.003200531,0.004699707,0.9921875,3,0.9921875,0.051358784751031505
3206,2,2,0.00015473366,0.00020337105,0.9995117,3,0.9995117,0.003574534977043974
3207,2,0,0.82958984,0.0007915497,0.1694336,3,0.82958984,0.4614345321052171
3212,2,2,0.00042891502,0.0001436472,0.9995117,3,0.9995117,0.005085107813078233
3223,1,2,0.08654785,0.29345703,0.6201172,3,0.6201172,0.867893984222992
3237,2,2,0.00029969215,0.000729084,0.99902344,3,0.99902344,0.008674111772059085
3258,0,0,0.99902344,0.00041627884,0.00048017502,3,0.99902344,0.007885652258747301
3267,2,2,0.00040960312,0.025924683,0.9736328,3,0.9736328,0.12390297914017276
3288,0,0,0.8378906,0.16064453,0.0013780594,3,0.8378906,0.45102156101385227
3295,0,0,0.9951172,0.0045166016,0.00024962425,3,0.9951172,0.031331259050088066
3304,1,2,0.47705078,0.0007581711,0.52246094,3,0.52246094,0.6977121484647498
3311,1,1,0.00079250336,0.99853516,0.00068855286,3,0.99853516,0.012135786516456994
3313,0,0,0.97216797,0.02330017,0.0044937134,3,0.97216797,0.13932214067424403
3314,2,2,0.0002834797,0.00012266636,0.9995117,3,0.9995117,0.003908486288477484
3315,2,0,0.51708984,0.003194809,0.47973633,3,0.51708984,0.7117741106680742
3323,2,2,0.00037908554,0.00023174286,0.9995117,3,0.9995117,0.0054141818014906435
3338,2,2,0.00023400784,0.00031137466,0.9995117,3,0.9995117,0.004958721743096783
3344,0,0,0.99902344,0.0009446144,0.0001077652,3,0.99902344,0.008539565799980824
3346,1,0,0.9765625,0.020843506,0.0024585724,3,0.9765625,0.11861142867995311
3357,2,2,0.00010752678,0.0011978149,0.99853516,3,0.99853516,0.010504329477086701
3360,2,2,0.0016965866,0.22583008,0.77246094,3,0.77246094,0.54628089203547
3365,2,0,0.99853516,0.00022053719,0.0010519028,3,0.99853516,0.010533627249509457
3386,2,2,0.0006284714,0.00027561188,0.99902344,3,0.99902344,0.007868369890274462
3395,0,0,0.9995117,0.00018596649,9.459257e-05,3,0.9995117,0.002962110791577808
3397,2,1,0.31152344,0.41381836,0.2746582,3,0.41381836,1.0833683391197904
3400,2,2,0.0010471344,0.0011367798,0.9980469,3,0.9980469,0.016843173490667915
3406,0,0,0.9448242,0.0004646778,0.054779053,3,0.9448242,0.2162937136479487
3407,2,2,0.0019760132,0.0022735596,0.99560547,3,0.99560547,0.03052666252331642
3414,2,2,0.0002501011,0.00028133392,0.9995117,3,0.9995117,0.004862607779424858
3423,2,0,0.9980469,0.00053834915,0.0012149811,3,0.9980469,0.014159547880108958
3425,2,1,0.0010900497,0.98339844,0.015586853,3,0.98339844,0.08876079366508098
3430,0,0,0.9995117,0.0005059242,5.1796436e-05,3,0.9995117,0.004838839127984254
3439,2,2,8.445978e-05,0.00015592575,1.0,3,1.0,0.0021590336236211078
3453,1,2,0.0004799366,0.031463623,0.9682617,3,0.9682617,0.14372708852819316
3455,2,1,0.2854004,0.7084961,0.0061073303,3,0.7084961,0.6331449114524155
3468,0,1,0.25512695,0.56347656,0.18151855,3,0.56347656,0.9814714751618443
3480,2,2,0.00022375584,0.0002373457,0.9995117,3,0.9995117,0.004349724058233062
3495,1,2,0.008331299,0.040161133,0.95166016,3,0.95166016,0.21615247724369416
3502,0,0,0.9995117,0.00014305115,0.00037622452,3,0.9995117,0.004721166053458282
3521,2,2,0.00014960766,0.0003373623,0.9995117,3,0.9995117,0.004502842729669235
3524,0,0,0.99902344,0.0009198189,0.00022017956,3,0.99902344,0.009260990793770825
3529,2,2,0.00064611435,0.00028824806,0.99902344,3,0.99902344,0.008071200432766558
3536,2,2,0.0019741058,0.0007266998,0.9970703,3,0.9970703,0.020471281309017122
3540,2,2,0.0002220869,0.0002002716,0.9995117,3,0.9995117,0.004061954006056063
3543,2,2,0.0001937151,0.00022423267,0.9995117,3,0.9995117,0.004028462974792578
3553,2,2,0.0002605915,0.00018298626,0.9995117,3,0.9995117,0.0042135247979871865
3554,0,0,0.99902344,0.000916481,7.838011e-05,3,0.99902344,0.008127840279971581
3568,2,2,0.000600338,0.0030021667,0.99658203,3,0.99658203,0.025303288156684103
3585,1,1,0.0011863708,0.9350586,0.06378174,3,0.9350586,0.2463236663327188
3607,2,2,0.00015318394,0.00047922134,0.9995117,3,0.9995117,0.005496584209148017
3608,2,2,0.08331299,0.0064086914,0.91015625,3,0.91015625,0.32509106824478706
3613,2,2,0.0046691895,0.09509277,0.9003906,3,0.9003906,0.34327739906786603
3617,1,2,0.0012760162,0.00046038628,0.9980469,3,0.9980469,0.013991931745998408
3622,2,0,0.9243164,0.0011882782,0.07470703,3,0.9243164,0.27455139320607264
3625,2,2,0.00023508072,0.0038528442,0.99609375,3,0.99609375,0.0272805905913399
3653,2,2,0.00047183037,0.0003631115,0.99902344,3,0.99902344,0.007465914182046882
3664,0,0,0.99902344,0.0005712509,0.0002565384,3,0.99902344,0.007363122152038867
3674,2,0,0.99902344,0.00044989586,0.0007081032,3,0.99902344,0.009579019309192478
3729,0,0,0.9667969,0.02281189,0.010353088,3,0.9667969,0.16620389875693894
3760,2,2,0.0036716461,0.007659912,0.98876953,3,0.98876953,0.06907172640623466
3812,0,0,0.99072266,0.00592041,0.0035171509,3,0.99072266,0.05947429273804397
3839,0,0,0.99902344,0.00014901161,0.0006251335,3,0.99902344,0.0069010475065475075
3866,2,2,0.00027155876,6.6280365e-05,0.9995117,3,0.9995117,0.003355764176289918
3880,2,2,0.101867676,0.0007929802,0.89746094,3,0.89746094,0.3354280556926229
3926,2,2,0.0003168583,0.00029420853,0.9995117,3,0.9995117,0.005433400590596967
3928,0,0,0.9995117,0.0004131794,0.00014567375,3,0.9995117,0.004994423672074282
3929,1,2,0.00066137314,0.0001296997,0.99902344,3,0.99902344,0.0069789727622990416
3936,2,1,0.0022850037,0.5673828,0.43041992,3,0.5673828,0.698285186369427
3937,2,0,0.9941406,0.0027236938,0.00289917,3,0.9941406,0.03886850848203861
3943,2,2,0.00016701221,0.00021398067,0.9995117,3,0.9995117,0.003748816433698967
3946,0,0,0.99902344,0.00086688995,0.000103235245,3,0.99902344,0.008035720727697756
3971,0,0,0.8540039,0.0076828003,0.13806152,3,0.8540039,0.4455538076032677
3975,2,2,0.00048971176,0.00029230118,0.99902344,3,0.99902344,0.007087182854753574
3997,2,2,0.00014030933,0.00016307831,0.9995117,3,0.9995117,0.003155209190706627
4006,2,2,0.00048971176,0.00056886673,0.99902344,3,0.99902344,0.008959011037310447
4015,1,2,0.33276367,0.004432678,0.66259766,3,0.66259766,0.6628838088747048
4016,0,0,0.9975586,0.0020065308,0.00033926964,3,0.9975586,0.017612007047056847
4022,2,2,0.0015678406,0.00042414665,0.9980469,3,0.9980469,0.015370075547511327
4028,0,2,0.17358398,0.0058555603,0.8203125,3,0.8203125,0.4965407596801794
4035,1,2,0.0032310486,0.0010204315,0.99560547,3,0.99560547,0.029943009624528474
4039,2,2,0.00010108948,0.00011497736,1.0,3,1.0,0.0019729069217086954
4057,2,2,0.032196045,0.0010185242,0.9667969,3,0.9667969,0.15028546057594952
4059,2,0,0.9873047,0.00015461445,0.012382507,3,0.9873047,0.068348462267878
4062,2,2,0.0006585121,0.00061273575,0.99853516,3,0.99853516,0.010820474962462807
4079,2,2,0.0014305115,0.0017251968,0.9970703,3,0.9970703,0.023271275125803726
4085,1,0,0.83203125,0.10748291,0.060333252,3,0.83203125,0.5621387401364397
4090,1,2,0.0004222393,0.003932953,0.99560547,3,0.99560547,0.029447761404072688
4091,0,0,0.99902344,0.001077652,0.000109016895,3,0.99902344,0.009334318512850982
4104,1,0,0.99658203,0.0026378632,0.0006546974,3,0.99658203,0.023874997013538762
4109,1,2,0.22192383,0.0011911392,0.77685547,3,0.77685547,0.5382653130657645
4111,2,2,0.00015699863,0.0011253357,0.99853516,3,0.99853516,0.01047962294794241
4116,2,2,0.00048971176,0.0036201477,0.99609375,3,0.99609375,0.02798076432513749
5,2,2,0.00024104118,0.00015377998,0.9995117,3,0.9995117,0.0038463709474997336
14,0,0,0.9995117,9.3340874e-05,0.00018024445,3,0.9995117,0.0029082371278700957
62,2,1,0.0025844574,0.82958984,0.16784668,3,0.82958984,0.46994269773405706
123,0,0,0.9995117,0.00016248226,0.000106334686,3,0.9995117,0.0028786764415713716
265,0,0,0.9980469,0.0017900467,0.00030231476,3,0.9980469,0.015724127607580577
274,2,1,0.0006971359,0.9814453,0.017822266,3,0.9814453,0.09522437158914061
347,0,0,0.85791016,0.13793945,0.004196167,3,0.85791016,0.4276976971569914
374,2,2,0.0062179565,0.017044067,0.9765625,3,0.9765625,0.12415248341892565
467,2,2,0.00010603666,0.0009784698,0.99902344,3,0.99902344,0.008726828100749439
477,2,2,0.0015449524,0.0008125305,0.9975586,3,0.9975586,0.018219971480564756
479,0,0,0.9995117,0.00021445751,0.00012266636,3,0.9995117,0.003404527339429611
611,1,1,0.00084114075,0.9970703,0.0019321442,3,0.9970703,0.02095552334620756
700,2,2,0.0005059242,0.0002784729,0.99902344,3,0.99902344,0.007095236361194057
746,2,2,0.0001193285,8.994341e-05,1.0,3,1.0,0.0019159120344508502
764,2,2,0.00042414665,0.22351074,0.7763672,3,0.7763672,0.5347004643269293
846,2,2,0.00039196014,0.00025463104,0.9995117,3,0.9995117,0.005670102257923438
869,2,2,0.3569336,0.0011777878,0.64208984,3,0.64208984,0.6601212661328644
900,2,2,0.00014007092,0.0001295805,0.9995117,3,0.9995117,0.002890982735286049
957,2,0,0.9995117,0.00013387203,0.0002758503,3,0.9995117,0.0039429084818011885
1070,2,2,0.06781006,0.0032653809,0.92871094,3,0.92871094,0.26985754372145987
1201,2,2,0.00046944618,0.0016031265,0.9980469,3,0.9980469,0.01586640746134954
1230,0,0,0.99902344,0.00042533875,0.00037312508,3,0.99902344,0.007223127031015536
1238,2,2,0.00040888786,0.0010814667,0.99853516,3,0.99853516,0.012039746952615907
1277,2,1,0.004096985,0.9926758,0.0032157898,3,0.9926758,0.04827811527156235
1336,0,0,0.9995117,0.00026154518,0.0002065897,3,0.9995117,0.00439850901320959
1390,2,2,0.025115967,0.00818634,0.9667969,3,0.9667969,0.16451693641500678
1397,0,0,0.9995117,0.00032949448,0.00014221668,3,0.9995117,0.004389829268366346
1404,2,2,0.00014674664,0.00015413761,0.9995117,3,0.9995117,0.003136452711742905
1449,1,1,0.00087690353,0.9980469,0.0010766983,3,0.9980469,0.015481816184834837
1499,0,0,0.9995117,0.00051116943,0.00010716915,3,0.9995117,0.0053418806148388814
1690,2,2,0.0006890297,0.0002784729,0.99902344,3,0.99902344,0.00827200708548883
1716,0,2,0.29736328,0.15734863,0.54541016,3,0.54541016,0.9822628724423882
1717,0,0,0.99902344,0.0006971359,0.00010842085,3,0.99902344,0.007033063422598313
1718,0,0,0.99902344,0.000102221966,0.0006799698,3,0.99902344,0.006874669651280349
1803,0,0,0.99853516,0.00020349026,0.0013828278,3,0.99853516,0.012297431235983702
1945,2,2,0.0001732111,0.0048446655,0.9951172,3,0.9951172,0.03219251251617537
1947,2,2,0.00028896332,0.00018703938,0.9995117,3,0.9995117,0.00444858559939827
2080,2,2,0.0007581711,0.00027513504,0.99902344,3,0.99902344,0.00867886564443599
2118,2,2,0.00017261505,0.00014936924,0.9995117,3,0.9995117,0.0032996015984345104
2260,2,2,0.0005068779,0.0006713867,0.99902344,3,0.99902344,0.009727149692692522
2325,0,0,0.99609375,0.0018930435,0.001953125,3,0.99609375,0.02795140608495047
2371,2,2,0.00018811226,0.00033402443,0.9995117,3,0.9995117,0.004775526998322021
2458,1,1,0.000995636,0.9980469,0.0010795593,3,0.9980469,0.016207843809005747
2586,0,0,0.99609375,0.00026535988,0.0037612915,3,0.99609375,0.02708296003762435
2620,2,2,0.00018954277,0.0002053976,0.9995117,3,0.9995117,0.0038566733533379354
2720,2,2,0.0004618168,0.000103890896,0.9995117,3,0.9995117,0.004987996740300534
2732,0,0,0.99853516,0.0010414124,0.00022363663,3,0.99853516,0.010495105314917277
2748,0,0,0.99902344,0.00056123734,0.00031352043,3,0.99902344,0.007706522142338867
2762,1,1,0.00085639954,0.99902344,0.0001629591,3,0.99902344,0.008445970129468206
2774,0,0,0.9995117,0.000279665,9.346008e-05,3,0.9995117,0.003643497279078487
2883,2,2,0.008468628,0.0012989044,0.9902344,3,0.9902344,0.05875768288346682
2886,2,2,0.01576233,0.0027942657,0.9814453,3,0.9814453,0.1002280445928336
2936,2,2,0.0012073517,0.00012087822,0.99853516,3,0.99853516,0.01066676567710928
2996,0,0,0.9995117,0.00018453598,0.00012218952,3,0.9995117,0.00317567940959052
3057,1,2,0.007736206,0.24206543,0.75,3,0.75,0.5967550223993907
3058,2,2,0.0006785393,0.00012719631,0.99902344,3,0.99902344,0.007067335498092769
3083,2,0,0.93847656,0.00029349327,0.06124878,3,0.93847656,0.2330342819493912
3140,2,2,0.0002515316,0.00022637844,0.9995117,3,0.9995117,0.004472922767694412
3205,2,2,0.00078964233,0.00074768066,0.99853516,3,0.99853516,0.012487121587879894
3239,2,0,0.99902344,0.0008459091,0.0001026392,3,0.99902344,0.007903641582243229
3241,2,2,0.023849487,0.00014531612,0.9760742,3,0.9760742,0.1140228741914015
3255,0,0,0.9995117,0.00027418137,0.00033783913,3,0.9995117,0.0054372679268079
3275,2,2,0.00012242794,0.00034737587,0.9995117,3,0.9995117,0.004357894808637287
3322,0,0,0.9995117,0.00025057793,0.00013816357,3,0.9995117,0.003793777585510893
3461,0,0,0.9995117,0.00036907196,6.145239e-05,3,0.9995117,0.004001436105113222
3482,0,0,0.99853516,0.0008792877,0.0004041195,3,0.99853516,0.01080849409040176
3552,2,2,0.00018048286,0.00065135956,0.99902344,3,0.99902344,0.007310488682401958
3790,2,2,0.00038433075,0.00031924248,0.9995117,3,0.9995117,0.006080321861431072
3933,2,2,0.00012922287,0.00029301643,0.9995117,3,0.9995117,0.004029009967178483
4019,0,0,0.9995117,0.0006303787,8.1181526e-05,3,0.9995117,0.005898195462410405
4099,2,2,0.00023365021,0.0001975298,0.9995117,3,0.9995117,0.004126744656229092
4102,2,2,0.0004441738,9.852648e-05,0.9995117,3,0.9995117,0.00482581421500302
79,0,0,0.9995117,0.00033187866,0.00031614304,3,0.9995117,0.005694671387276883
123,0,0,0.9995117,0.00016343594,9.9122524e-05,3,0.9995117,0.00282701913857383
203,0,0,0.9995117,0.00016283989,0.00022292137,3,0.9995117,0.0037830683054975115
539,0,0,0.9995117,7.390976e-05,0.00063610077,3,0.9995117,0.005873058944892519
625,0,0,0.9995117,0.00032114983,0.00015473366,3,0.9995117,0.004428985422854227
1336,0,0,0.9995117,0.00025749207,0.0001295805,3,0.9995117,0.0037761315827828067
1344,0,0,0.9995117,0.00035476685,0.000120937824,3,0.9995117,0.004397353734764071
1397,0,0,0.9995117,0.00033664703,0.00014173985,3,0.9995117,0.00443620063058839
1716,0,2,0.25170898,0.30395508,0.44433594,3,0.44433594,1.069634475530456
1718,0,0,0.9995117,0.00011098385,0.0005803108,3,0.9995117,0.0058232588378307115
1773,0,0,0.9995117,0.0002245903,0.00043034554,3,0.9995117,0.0057105908851835165
1861,0,0,0.9995117,0.00015175343,0.00012600422,3,0.9995117,0.0029540036247734415
2290,0,0,0.9995117,0.00027298927,0.00038146973,3,0.9995117,0.005731083010219368
2447,0,0,0.99853516,0.0013284683,0.0001039505,3,0.99853516,0.01121657210231822
2650,0,0,0.99902344,0.00075531006,0.00035595894,3,0.99902344,0.009232101846884435
2659,0,0,0.99902344,0.0004553795,0.0006246567,3,0.99902344,0.0090888553991135
2748,0,0,0.9995117,0.0004811287,0.00022375584,3,0.9995117,0.006044361474175228
3150,0,0,0.9995117,0.00050735474,0.000104665756,3,0.9995117,0.005296360371431646
4037,0,0,0.99902344,0.00066804886,0.00020611286,3,0.99902344,0.00760958563200149
122,1,1,0.0006313324,0.99853516,0.00067567825,3,0.99853516,0.011047532196951591
1206,1,1,0.0007171631,0.99902344,0.00033640862,3,0.99902344,0.008858814131015115
1210,1,1,0.0012960434,0.99853516,0.00040864944,3,0.99853516,0.01326898206398118
1227,1,1,0.0016727448,0.9980469,0.00019037724,3,0.9980469,0.014276400261889713
1276,1,1,0.0015621185,0.9975586,0.0009293556,3,0.9975586,0.019020226989049212
1374,1,1,0.0016803741,0.9980469,0.00033664703,3,0.9980469,0.015378652468363143
2205,1,1,0.0008111,0.99902344,0.00035834312,3,0.99902344,0.009591879731442385
2956,1,1,0.0011320114,0.9980469,0.0010032654,3,0.9980469,0.016557525373318758
3057,1,2,0.006866455,0.13659668,0.8564453,3,0.8564453,0.4388475506684363
3919,1,1,0.005382538,0.9941406,0.00023651123,3,0.9941406,0.03593853668642629
4044,1,1,0.0016880035,0.9975586,0.0005350113,3,0.9975586,0.017245343431126818
4098,1,1,0.006351471,0.99316406,0.000562191,3,0.99316406,0.043152301863123924
3396,2,2,0.00013577938,0.00010848045,0.9995117,3,0.9995117,0.0026875370062515547
2161,2,2,0.00037121773,0.00013124943,0.9995117,3,0.9995117,0.0045934876822557175
2906,2,2,0.0010643005,0.0010614395,0.9980469,3,0.9980469,0.016505668923308597
2438,2,2,0.0007095337,0.00024187565,0.99902344,3,0.99902344,0.008134962265754924
2692,2,2,0.00016057491,7.8856945e-05,1.0,3,1.0,0.0021479334138207943
290,2,2,0.00011342764,0.00013923645,0.9995117,3,0.9995117,0.0027549239862879747
1895,2,2,0.0007662773,0.00010240078,0.99902344,3,0.99902344,0.007414047310771245
1445,2,2,0.00018262863,0.00041007996,0.9995117,3,0.9995117,0.00525853676071588
886,2,2,0.00050640106,0.00016403198,0.9995117,3,0.9995117,0.005760456342308311
2081,2,2,0.00020694733,0.00023317337,0.9995117,3,0.9995117,0.004193923243463817
281,2,2,0.038879395,0.005077362,0.9560547,3,0.9560547,0.19604146348781334
2620,2,2,0.00035476685,0.0001347065,0.9995117,3,0.9995117,0.0045070261201142995
1298,2,2,0.0001078248,0.00039052963,0.9995117,3,0.9995117,0.004538039775078204
15,2,2,7.790327e-05,0.0007853508,0.99902344,4,0.99902344,0.0073278226125599154
18,0,0,0.97265625,0.027145386,9.274483e-05,4,0.97265625,0.1257287945242006
23,0,0,0.9995117,0.0002901554,6.5267086e-05,4,0.9995117,0.0034805041313057854
28,2,2,0.0003299713,0.002620697,0.9970703,4,0.9970703,0.021148869163108642
31,2,2,6.210804e-05,0.0005745888,0.9995117,4,0.9995117,0.0053772975092730695
50,0,0,0.9995117,0.00021445751,0.00016498566,4,0.9995117,0.00373675658226143
53,2,2,7.736683e-05,0.00028181076,0.9995117,4,0.9995117,0.0035242074449187834
61,0,0,0.9951172,0.0028686523,0.0020923615,4,0.9951172,0.03457244515515581
70,0,0,0.99902344,7.712841e-05,0.00084114075,4,0.99902344,0.007662400717880693
75,0,0,0.9995117,0.00037312508,0.00035762787,4,0.9995117,0.006271620782741523
82,2,2,6.4611435e-05,0.00059604645,0.9995117,4,0.9995117,0.005537254278024645
90,2,2,0.00026774406,0.0004312992,0.9995117,4,0.9995117,0.006032515692126364
92,2,2,0.0026493073,0.4885254,0.50878906,4,0.50878906,0.70948131293852
121,0,0,0.9995117,9.435415e-05,0.00056934357,4,0.9995117,0.005616278875694656
163,0,2,0.008323669,0.35913086,0.6328125,4,0.6328125,0.6971967821550238
166,1,2,0.0009803772,0.029907227,0.9692383,4,0.9692383,0.14203931854338733
169,2,2,0.00015437603,0.004096985,0.99560547,4,0.99560547,0.02826287349835698
171,1,1,5.6385994e-05,0.9995117,0.00027513504,4,0.9995117,0.0032954467132659962
178,2,2,0.00010406971,0.00030183792,0.9995117,4,0.9995117,0.0038891303828735065
182,2,2,0.0002322197,0.00030946732,0.9995117,4,0.9995117,0.004932054547839798
185,2,2,7.5519085e-05,0.0064468384,0.99365234,4,0.99365234,0.03956315137446933
205,0,0,0.99902344,0.00045895576,0.00039482117,4,0.99902344,0.007598116654698979
208,2,2,7.760525e-05,0.0006341934,0.9995117,4,0.9995117,0.005892292502232681
221,2,2,0.0002565384,0.00047373772,0.9995117,4,0.9995117,0.006235694188542383
228,1,2,6.347895e-05,0.00079631805,0.99902344,4,0.99902344,0.007271731418085445
230,0,0,0.9980469,0.0002989769,0.0016670227,4,0.9980469,0.015040902997903048
231,1,1,0.00015413761,0.9995117,0.00016796589,4,0.9995117,0.0033010664932781237
236,0,0,0.9995117,0.00047826767,0.00014936924,4,0.9995117,0.005460506667198978
238,1,1,0.00018703938,0.9995117,0.00013160706,4,0.9995117,0.0032697624676372803
239,0,1,0.00017535686,0.9067383,0.09326172,4,0.9067383,0.3115365853539297
244,1,2,0.00019335747,0.013839722,0.98583984,4,0.98583984,0.07494977218434631
245,2,2,3.5881996e-05,0.0013370514,0.99853516,4,0.99853516,0.010678683590419602
276,1,0,0.63720703,0.31274414,0.050048828,4,0.63720703,0.8005725478432617
289,2,2,0.00020205975,0.004589081,0.9951172,4,0.9951172,0.03129772983259578
297,2,2,0.00024151802,0.00025367737,0.9995117,4,0.9995117,0.004599988057476915
316,0,1,0.0013122559,0.99853516,6.043911e-05,4,0.99853516,0.010759004578023227
320,2,2,0.00070524216,0.00056648254,0.99853516,4,0.99853516,0.010816747209480332
330,2,2,0.00019550323,0.00067567825,0.99902344,4,0.99902344,0.007577979356701439
336,2,2,0.0001026392,0.00051116943,0.9995117,4,0.9995117,0.005304904712467553
342,2,2,9.75728e-05,0.0004515648,0.9995117,4,0.9995117,0.004867566542061268
348,1,2,0.0002977848,0.019439697,0.98046875,4,0.98046875,0.09835793948577616
365,2,2,0.00010377169,0.0012750626,0.99853516,4,0.99853516,0.010913683458526748
382,1,2,0.0056877136,0.3076172,0.68652344,4,0.68652344,0.65026368387339
387,2,2,8.404255e-05,0.0013914108,0.99853516,4,0.99853516,0.011404354621313473
392,2,2,0.00011885166,0.00061416626,0.99902344,4,0.99902344,0.00659213075018132
400,2,2,9.584427e-05,0.0004415512,0.9995117,4,0.9995117,0.004786085915982893
411,2,2,9.453297e-05,0.0008010864,0.99902344,4,0.99902344,0.007563457560045757
417,1,1,0.035186768,0.95214844,0.01259613,4,0.95214844,0.2195611507221224
422,2,2,9.006262e-05,0.00027918816,0.9995117,4,0.9995117,0.003611885639209872
427,2,2,8.404255e-05,0.0052604675,0.9946289,4,0.9946289,0.0337498100889445
432,2,2,0.0001077652,0.00047564507,0.9995117,4,0.9995117,0.005111759431201471
437,2,2,7.390976e-05,0.0006098747,0.9995117,4,0.9995117,0.00570570888220534
447,2,2,0.00016212463,0.0004172325,0.9995117,4,0.9995117,0.0051499137422852444
449,1,1,8.8870525e-05,0.9501953,0.04989624,4,0.9501953,0.1989517695197204
450,0,2,0.00011771917,0.00037837029,0.9995117,4,0.9995117,0.0045346312834798706
452,2,2,0.00016701221,0.0018615723,0.9980469,4,0.9980469,0.015106235655593235
454,2,2,0.000109791756,0.0014648438,0.99853516,4,0.99853516,0.012024310211767744
456,1,0,0.6533203,0.3461914,0.00034689903,4,0.6533203,0.6481012145562949
458,2,2,0.00015103817,0.0008087158,0.99902344,4,0.99902344,0.008063020945043572
460,0,2,0.0019369125,0.000344038,0.9975586,4,0.9975586,0.017281271266455126
461,2,0,0.99658203,0.0030822754,0.0004658699,4,0.99658203,0.02480807662985218
463,2,2,7.9631805e-05,0.00027418137,0.9995117,4,0.9995117,0.003488512485618322
469,0,0,0.9995117,8.380413e-05,0.00018131733,4,0.9995117,0.0028369487736290026
480,1,2,0.00027132034,0.00057792664,0.99902344,4,0.99902344,0.007513280510629673
485,2,2,0.00011652708,0.0006504059,0.99902344,4,0.99902344,0.0068041363636127585
488,2,2,0.0022411346,0.022125244,0.97558594,4,0.97558594,0.12210633769669402
508,2,2,0.0009937286,0.03314209,0.9658203,4,0.9658203,0.15337297192427193
517,1,1,0.022491455,0.9746094,0.0030059814,4,0.9746094,0.12786820473169186
520,2,0,0.9916992,0.005947113,0.002462387,4,0.9916992,0.05353494408212385
529,2,2,0.00022637844,0.17285156,0.82714844,4,0.82714844,0.462279099713261
543,2,2,9.4652176e-05,0.0012331009,0.99853516,4,0.99853516,0.01060033264837101
545,2,0,0.99658203,0.00038266182,0.0028305054,4,0.99658203,0.023030466945746536
552,2,2,0.00017464161,0.00038146973,0.9995117,4,0.9995117,0.005002046240778971
553,2,2,0.0001553297,0.00028061867,0.9995117,4,0.9995117,0.00414545978966566
567,2,2,7.1942806e-05,0.0005044937,0.9995117,4,0.9995117,0.005004582737397172
580,2,2,0.00021028519,0.00029826164,0.9995117,4,0.9995117,0.00468982575027618
599,2,2,8.392334e-05,0.00089788437,0.99902344,4,0.99902344,0.008062834675590335
600,2,2,0.0006170273,0.003271103,0.99609375,4,0.99609375,0.02717811669567048
602,0,0,0.99658203,0.0014190674,0.0019035339,4,0.99658203,0.024641837484106453
614,1,0,0.9970703,9.775162e-05,0.0026550293,4,0.9970703,0.019575727027980903
657,1,1,0.00055885315,0.7993164,0.19995117,4,0.7993164,0.5050890255019541
675,2,2,0.00017392635,0.11981201,0.8798828,4,0.8798828,0.36832211502514645
677,2,2,0.00011831522,0.0012388229,0.99853516,4,0.99853516,0.010825768589370585
701,2,2,0.0014505386,0.00033545494,0.9980469,4,0.9980469,0.014115298352619836
712,1,0,0.9995117,0.00010716915,0.00053453445,4,0.9995117,0.0054950685891932746
715,2,0,0.9995117,0.0003912449,0.00023400784,4,0.9995117,0.005514299470053625
717,1,0,0.9975586,0.002298355,9.11355e-05,4,0.9975586,0.01725006322539818
729,2,2,8.2969666e-05,0.00056934357,0.9995117,4,0.9995117,0.005521430549599552
733,2,0,0.99902344,0.00022637844,0.0005803108,4,0.99902344,0.007200590892982842
763,1,2,7.337332e-05,0.00060892105,0.9995117,4,0.9995117,0.005695034137945818
765,2,2,0.00010740757,0.00029826164,0.9995117,4,0.9995117,0.0038909162762163093
769,2,2,0.00014054775,0.0007739067,0.99902344,4,0.99902344,0.007767049827670905
777,0,0,1.0,8.749962e-05,0.00014591217,4,1.0,0.002106355677877542
788,0,0,0.99560547,0.004009247,0.00019717216,4,0.99560547,0.028194663946933013
809,1,2,7.665157e-05,0.0013093948,0.99853516,4,0.99853516,0.01088214707720024
816,2,2,0.00029110909,0.0005021095,0.99902344,4,0.99902344,0.007160610019139353
820,2,2,0.00014531612,0.00036263466,0.9995117,4,0.9995117,0.004645114409481666
821,2,2,0.00019061565,0.00036382675,0.9995117,4,0.9995117,0.005001934922540675
843,1,2,0.00018084049,0.0002605915,0.9995117,4,0.9995117,0.00419719122733923
855,2,2,6.055832e-05,0.0045280457,0.99560547,4,0.99560547,0.02941296392992129
867,2,2,0.00011384487,0.04800415,0.95166016,4,0.95166016,0.19394901950923998
873,0,0,0.9995117,0.00017940998,0.00033521652,4,0.9995117,0.004717720176815711
890,2,2,0.0014600754,0.00045681,0.9980469,4,0.9980469,0.014997850592808584
901,2,2,0.00015234947,0.0003912449,0.9995117,4,0.9995117,0.004897007741887277
905,2,1,0.00035595894,0.99853516,0.0010166168,4,0.99853516,0.01129611399680433
908,2,2,9.661913e-05,0.000770092,0.99902344,4,0.99902344,0.007390091130885223
914,0,0,0.9995117,0.00021910667,0.00013256073,4,0.9995117,0.00351792747305364
918,0,0,0.7836914,0.21398926,0.002298355,4,0.7836914,0.5349156503222203
923,2,2,7.164478e-05,0.00044560432,0.9995117,4,0.9995117,0.004610261726390756
932,0,0,0.9736328,0.026306152,0.0002696514,4,0.9736328,0.12393311720283849
962,0,0,0.9995117,7.659197e-05,0.00058174133,4,0.9995117,0.005547717375229322
964,2,2,0.016616821,0.004623413,0.9790039,4,0.9790039,0.1137172291275039
973,2,2,0.0029125214,0.0018186569,0.9951172,4,0.9951172,0.033351404826963325
975,0,0,0.99902344,0.0001783371,0.00059890747,4,0.99902344,0.006959594478892095
984,1,1,0.000105679035,0.9995117,0.00046133995,4,0.9995117,0.004999408646506352
989,2,2,0.00016772747,0.030532837,0.9692383,4,0.9692383,0.13826933431948724
994,2,2,0.00010204315,0.00046873093,0.9995117,4,0.9995117,0.005019017371026922
995,0,0,0.9995117,0.00021910667,0.00016796589,4,0.9995117,0.0037942804778470316
1007,2,2,0.00013124943,0.00045657158,0.9995117,4,0.9995117,0.005173183438216758
1010,2,2,7.069111e-05,0.00079250336,0.99902344,4,0.99902344,0.007310414116405571
1038,0,0,0.60546875,0.37353516,0.020858765,4,0.60546875,0.752354566761559
1053,2,2,0.00011408329,0.0003466606,0.9995117,4,0.9995117,0.004285797210604651
1064,1,1,0.0006175041,0.9604492,0.038970947,4,0.9604492,0.16977973434117255
1066,1,1,0.00018370152,0.99560547,0.004306793,4,0.99560547,0.029426617524822826
1069,2,2,0.00017428398,0.0006890297,0.99902344,4,0.99902344,0.007500772332630178
1077,1,1,0.00023043156,0.9995117,0.00031495094,4,0.9995117,0.004957652279003146
1082,2,2,8.2969666e-05,0.0003683567,0.9995117,4,0.9995117,0.004180246725578387
1087,0,0,0.9995117,0.00035905838,0.00014340878,4,0.9995117,0.004605381665112183
1088,2,2,0.00013077259,0.00018846989,0.9995117,4,0.9995117,0.003273981526456771
1094,0,0,0.9975586,0.002149582,0.00011014938,4,0.9975586,0.01664605126714724
1103,0,2,8.279085e-05,0.00046133995,0.9995117,4,0.9995117,0.0048100732659889095
1109,2,2,0.00018882751,0.00021862984,0.9995117,4,0.9995117,0.003949956411309764
1110,0,0,0.9995117,0.0004312992,0.00015175343,4,0.9995117,0.005164598923509633
1111,2,2,0.000117242336,0.00040841103,0.9995117,4,0.9995117,0.004736300348322729
1112,2,2,0.00013005733,0.0002913475,0.9995117,4,0.9995117,0.0040237315022542824
1113,2,2,6.4373016e-05,0.0007390976,0.99902344,4,0.99902344,0.006926288390047618
1115,1,1,0.05960083,0.56347656,0.37719727,4,0.56347656,0.8590686767693587
1118,2,2,0.00019478798,0.00073337555,0.99902344,4,0.99902344,0.007933670023621763
1125,1,1,0.031341553,0.9682617,0.00023770332,4,0.9682617,0.14174259633118969
1130,2,2,8.7440014e-05,0.0004451275,0.9995117,4,0.9995117,0.004740384600081436
1138,2,2,0.00014305115,0.00064754486,0.99902344,4,0.99902344,0.006996899074948697
1140,0,0,0.99121094,0.008033752,0.000954628,4,0.99121094,0.05414463796434053
1162,2,2,8.1181526e-05,0.00042057037,0.9995117,4,0.9995117,0.004522286642323648
1165,0,0,0.99902344,7.134676e-05,0.00097465515,4,0.99902344,0.008414999098043281
1170,2,2,0.00011014938,0.00054454803,0.9995117,4,0.9995117,0.005584626550497346
1176,2,0,0.9995117,0.00012600422,0.0003452301,4,0.9995117,0.004371529732761933
1185,2,2,0.000108003616,0.00024962425,0.9995117,4,0.9995117,0.00354538652547088
1198,2,2,0.0001167655,0.0005569458,0.9995117,4,0.9995117,0.005718751023332875
1199,2,2,0.0001282692,0.0026626587,0.9970703,4,0.9970703,0.0198602592929515
1200,2,2,0.00011253357,0.00040912628,0.9995117,4,0.9995117,0.004703158352239677
1203,2,2,0.000121593475,0.0012321472,0.99853516,4,0.99853516,0.010814061089450459
1204,1,1,0.00010383129,0.9995117,0.000541687,4,0.9995117,0.005514530139845171
1256,2,2,0.00014531612,0.0007891655,0.99902344,4,0.99902344,0.00789840343592778
1257,1,0,0.64160156,0.35717773,0.0012979507,4,0.64160156,0.661084628254841
1263,2,2,7.379055e-05,0.00042510033,0.9995117,4,0.9995117,0.004490377357159238
1284,1,1,0.024673462,0.97509766,0.0003991127,4,0.97509766,0.11905505601791516
1287,2,2,0.000105679035,0.000579834,0.9995117,4,0.9995117,0.0057770520059896874
1293,0,0,0.99902344,0.0010519028,6.4730644e-05,4,0.99902344,0.008813488009734714
1295,0,0,0.99902344,8.3744526e-05,0.00075149536,4,0.99902344,0.007168095755641309
1303,0,0,0.9980469,0.001824379,0.00017035007,4,0.9980469,0.014934905258732915
1312,2,2,0.011077881,0.0005297661,0.98828125,4,0.98828125,0.06552741747247195
1315,2,2,7.349253e-05,0.0004079342,0.9995117,4,0.9995117,0.004371390252248961
1316,2,2,7.480383e-05,0.0007414818,0.99902344,4,0.99902344,0.007030522858275099
1317,2,2,7.277727e-05,0.00070905685,0.99902344,4,0.99902344,0.00681129143534386
1320,0,0,0.9995117,0.0003077984,6.4730644e-05,4,0.9995117,0.0036014037094880347
1323,2,2,0.00011539459,0.0005059242,0.9995117,4,0.9995117,0.005374002509674963
1333,0,0,0.99902344,0.0008196831,0.00018620491,4,0.99902344,0.008400488175672046
1338,0,0,0.9995117,9.6440315e-05,0.00018024445,4,0.9995117,0.002933847283263018
1342,0,0,0.99902344,0.00073719025,0.00015556812,4,0.99902344,0.007657276676298001
1355,2,2,0.00014090538,0.00028848648,0.9995117,4,0.9995117,0.0040890618039065
1373,1,1,0.00010716915,0.9995117,0.00023114681,4,0.9995117,0.003403091749422664
1379,0,0,0.9995117,0.00022554398,0.00024294853,4,0.9995117,0.004404050761216398
1432,0,0,0.9995117,0.00017130375,0.00013840199,4,0.9995117,0.003203489121706503
1469,1,1,0.0019512177,0.9980469,0.00020503998,4,0.9980469,0.01586668941434403
1484,2,2,0.00014638901,0.0010099411,0.99902344,4,0.99902344,0.009235022768023548
1494,0,0,0.99902344,0.0006542206,8.362532e-05,4,0.99902344,0.006558043456827838
1515,2,2,0.0001757145,0.00019180775,0.9995117,4,0.9995117,0.003649208338446257
1520,2,2,6.9618225e-05,0.009521484,0.9902344,4,0.9902344,0.054699114151088246
1526,2,2,3.4749508e-05,0.0010843277,0.99902344,4,0.99902344,0.008735351245047648
1555,2,2,0.00013899803,0.00042057037,0.9995117,4,0.9995117,0.00499210079551418
1559,2,2,0.0041656494,0.2019043,0.7939453,4,0.7939453,0.5290660388757236
1566,2,2,9.691715e-05,0.0070381165,0.9926758,4,0.9926758,0.0430768110847477
1573,0,0,0.9995117,0.00012117624,0.000344038,4,0.9995117,0.004324600092532607
1574,0,0,0.9995117,8.958578e-05,0.00021064281,4,0.9995117,0.0031063127717862243
1583,0,0,0.7558594,0.2434082,0.0009622574,4,0.7558594,0.5621885669368285
1591,2,2,0.0017290115,0.040893555,0.95751953,4,0.95751953,0.18328980158222302
1602,0,0,0.9995117,6.747246e-05,0.00025367737,4,0.9995117,0.0032364805810604913
1615,2,1,0.0060768127,0.99365234,0.00012362003,4,0.99365234,0.03845148671724823
1620,2,2,7.855892e-05,0.0005507469,0.9995117,4,0.9995117,0.00536362736371836
1648,2,2,0.00026631355,0.0019035339,0.9980469,4,0.9980469,0.01606699318876045
1653,2,2,6.264448e-05,0.000500679,0.9995117,4,0.9995117,0.004899389010164552
1676,2,2,0.00033926964,0.00020980835,0.9995117,4,0.9995117,0.004975442575087455
1683,2,2,0.0003402233,0.0015039444,0.9980469,4,0.9980469,0.014443316868728778
1699,2,2,0.0001155138,0.0014801025,0.99853516,4,0.99853516,0.012154849511198395
1710,2,2,0.00033140182,0.0018148422,0.9980469,4,0.9980469,0.016061284663241266
1721,2,2,9.739399e-05,0.0004968643,0.9995117,4,0.9995117,0.005167527238610411
1722,2,0,0.9946289,0.00029087067,0.005306244,4,0.9946289,0.0355238305343185
1729,2,2,0.00032377243,0.0002861023,0.9995117,4,0.9995117,0.005424199061092139
1734,2,2,0.0005879402,0.0335083,0.9658203,4,0.9658203,0.15175533972548752
1740,2,2,9.483099e-05,0.0017700195,0.9980469,4,0.9980469,0.014045847316796815
1742,0,0,0.9995117,0.00032949448,8.183718e-05,4,0.9995117,0.003900202946648208
1744,0,0,0.99902344,0.0009965897,5.8948994e-05,4,0.99902344,0.008437779949066552
1749,2,2,0.0008583069,0.10821533,0.8911133,4,0.8911133,0.3494220520266016
1754,0,0,0.99853516,0.0010194778,0.0006465912,4,0.99853516,0.013234837540522227
1763,2,2,0.00016951561,0.00061035156,0.99902344,4,0.99902344,0.00696541548149332
1777,2,2,0.00015377998,0.0004067421,0.9995117,4,0.9995117,0.005013937390368685
1787,2,2,0.00016629696,0.000541687,0.9995117,4,0.9995117,0.0060091845342575365
1791,2,2,6.5505505e-05,0.00042510033,0.9995117,4,0.9995117,0.004419352595885762
1798,2,2,0.00015902519,0.0004618168,0.9995117,4,0.9995117,0.0054259974004535905
1799,2,2,0.26782227,0.00037145615,0.7319336,4,0.7319336,0.5841825459620481
1832,2,0,0.9370117,0.0005054474,0.062316895,4,0.9370117,0.23775985843417552
1833,0,1,0.008712769,0.9897461,0.001625061,4,0.9897461,0.06196199492775738
1834,2,2,0.22253418,0.009460449,0.7680664,4,0.7680664,0.5811648209791619
1838,2,2,0.00012254715,0.0008111,0.99902344,4,0.99902344,0.007852562377687429
1840,2,2,7.164478e-05,0.00044894218,0.9995117,4,0.9995117,0.004632666588174433
1843,2,2,7.581711e-05,0.00046730042,0.9995117,4,0.9995117,0.004790982952624513
1846,2,2,0.00012457371,0.00039672852,0.9995117,4,0.9995117,0.004715455031325309
1848,2,2,0.000934124,0.00047421455,0.99853516,4,0.99853516,0.011609690848672753
1865,0,2,0.0052948,0.31079102,0.68408203,4,0.68408203,0.650681846123098
1869,1,0,0.8881836,0.111694336,0.0003259182,4,0.8881836,0.35276750988911326
1886,2,2,0.00011497736,0.00048398972,0.9995117,4,0.9995117,0.005225624381904244
1905,2,2,0.0002065897,0.0003964901,0.9995117,4,0.9995117,0.005346699298836431
1910,0,0,0.5708008,0.0002913475,0.42895508,4,0.5708008,0.6854973225038954
1912,0,0,1.0,9.62615e-05,0.00011795759,4,1.0,0.0019572171787706643
1913,2,2,0.00022900105,0.00085401535,0.99902344,4,0.99902344,0.008929618220334978
1919,0,0,0.9995117,0.00012755394,0.00029587746,4,0.9995117,0.0040361248539269425
1922,2,0,0.9995117,0.00017154217,0.00026106834,4,0.9995117,0.00412957222047125
1923,0,0,0.9995117,0.00034856796,0.0002822876,4,0.9995117,0.005570385552687095
1952,2,2,0.0047454834,0.006137848,0.9892578,4,0.9892578,0.06733708302292582
1953,0,0,1.0,0.00016152859,6.9737434e-05,4,1.0,0.0020777195706041915
1958,0,0,1.0,7.587671e-05,0.00014090538,4,1.0,0.001969264337729697
1959,2,2,8.9883804e-05,0.0004863739,0.9995117,4,0.9995117,0.005035946804968128
1984,2,2,0.0020561218,0.00017261505,0.9975586,4,0.9975586,0.01665512047170914
1987,2,2,0.3269043,0.024017334,0.6489258,4,0.6489258,0.7356873188401731
1992,2,2,8.2194805e-05,0.00039815903,0.9995117,4,0.9995117,0.004378390787381331
2003,1,1,0.053833008,0.9458008,0.0002822876,4,0.9458008,0.2123031322815825
2006,2,2,3.3676624e-05,0.0015277863,0.99853516,4,0.99853516,0.011716660021633954
2026,0,2,0.00045657158,0.0001502037,0.9995117,4,0.9995117,0.005322343093866862
2029,2,2,0.000100672245,0.00065231323,0.99902344,4,0.99902344,0.006687342362131225
2036,0,2,0.44189453,0.04019165,0.5180664,4,0.5180664,0.8307753658658672
2039,1,1,0.0005712509,0.7753906,0.2241211,4,0.7753906,0.5367047890186932
2046,2,2,0.003282547,0.0021381378,0.9946289,4,0.9946289,0.03727486762453842
2056,2,2,0.00013959408,0.0013799667,0.99853516,4,0.99853516,0.011790952436866826
2062,2,2,0.00012850761,0.0005040169,0.9995117,4,0.9995117,0.00546649787624005
2065,2,2,0.00014913082,0.00036621094,0.9995117,4,0.9995117,0.0046996968898564365
2066,2,2,9.196997e-05,0.0008535385,0.99902344,4,0.99902344,0.007862061751269803
2068,2,2,0.00011205673,0.00058078766,0.9995117,4,0.9995117,0.005835027048463554
2069,2,2,0.00015056133,0.0005378723,0.9995117,4,0.9995117,0.005862335288861648
2071,1,0,0.5991211,0.039520264,0.36132812,4,0.5991211,0.8024330932676105
2079,2,2,0.0021038055,0.0073432922,0.99072266,4,0.99072266,0.05828674745806309
2093,2,2,0.0022888184,0.00061655045,0.9970703,4,0.9970703,0.021397931013537954
2110,2,2,0.00022149086,0.0005803108,0.99902344,4,0.99902344,0.007164402389768219
2120,1,2,0.0001231432,0.00039434433,0.9995117,4,0.9995117,0.004687719554049459
2125,0,0,0.9995117,0.0003066063,7.045269e-05,4,0.9995117,0.0036421769964818692
2128,0,0,0.9995117,0.0004312992,0.00022375584,4,0.9995117,0.005710850328878617
2129,0,0,0.9995117,0.00012385845,0.00015568733,4,0.9995117,0.0029674710578635986
2139,2,2,8.505583e-05,0.00083112717,0.99902344,4,0.99902344,0.0076682022220770415
2140,0,2,0.019943237,0.0042381287,0.97558594,4,0.97558594,0.12534424752541462
2145,2,2,5.8412552e-05,0.00029540062,0.9995117,4,0.9995117,0.003458358580101925
2146,2,2,9.775162e-05,0.00075912476,0.99902344,4,0.99902344,0.007331686220198337
2154,2,2,0.00013232231,0.0045547485,0.9951172,4,0.9951172,0.03060984714387398
2156,2,2,7.8856945e-05,0.0007419586,0.99902344,4,0.99902344,0.0070678283389661156
2166,0,0,0.9995117,0.00034332275,9.530783e-05,4,0.9995117,0.004109209142680607
2189,2,2,0.0005788803,0.00070238113,0.99853516,4,0.99853516,0.01087899402562624
2196,2,2,0.00022339821,0.001789093,0.9980469,4,0.9980469,0.015147086218456398
2203,2,2,0.00025558472,0.028778076,0.9711914,4,0.9711914,0.13261245848675982
2209,0,2,0.00019919872,0.001666069,0.9980469,4,0.9980469,0.014306928861944663
2225,2,2,9.62615e-05,0.00048303604,0.9995117,4,0.9995117,0.0050666323670916814
2237,2,2,9.256601e-05,0.00044989586,0.9995117,4,0.9995117,0.0048150157099636996
2248,2,2,0.00021266937,0.00039434433,0.9995117,4,0.9995117,0.0053774481107244
2253,0,0,0.9995117,0.000541687,0.00013434887,4,0.9995117,0.005759842047462863
2254,0,0,0.9995117,0.00017130375,0.00010931492,4,0.9995117,0.0029708309962768317
2261,1,2,8.189678e-05,0.007858276,0.9921875,4,0.9921875,0.04663523862825445
2267,2,2,0.000107586384,0.0001937151,0.9995117,4,0.9995117,0.003127314867929145
2273,0,0,0.99902344,0.0010280609,6.92606e-05,4,0.99902344,0.008712577842879323
2300,2,2,0.002904892,0.0012512207,0.99560547,4,0.99560547,0.029716080365538942
2302,0,2,0.0018749237,0.00076150894,0.9975586,4,0.9975586,0.01967920753776388
2306,2,2,0.00010192394,0.0035495758,0.99658203,4,0.99658203,0.02437183251239572
2307,2,0,0.9946289,0.00050878525,0.0049705505,4,0.9946289,0.035579931457892
2321,1,0,0.9272461,0.0725708,0.00034499168,4,0.9272461,0.26315816936069764
2323,2,2,0.00014197826,0.00038146973,0.9995117,4,0.9995117,0.004748815934855393
2326,0,0,0.8691406,0.004951477,0.12585449,4,0.8691406,0.4090297262503868
2327,0,0,0.93115234,0.0552063,0.013687134,4,0.93115234,0.28507178723732535
2348,2,2,0.00011140108,0.00057029724,0.9995117,4,0.9995117,0.005761946321874366
2357,0,0,0.9995117,0.00018024445,0.000104904175,4,0.9995117,0.003003284241291144
2359,2,2,0.00029683113,0.0010480881,0.99853516,4,0.99853516,0.011065441955834478
2360,0,0,0.9995117,0.000151515,0.000104904175,4,0.9995117,0.0027819094571605646
2382,2,2,0.00018084049,0.0007805824,0.99902344,4,0.99902344,0.008119981536240332
2397,0,0,0.9995117,8.869171e-05,0.00026845932,4,0.9995117,0.003523195228831151
2407,0,0,0.9995117,0.00012731552,0.00013232231,4,0.9995117,0.0028117274984032206
2413,0,0,0.9628906,0.018798828,0.018096924,4,0.9628906,0.18372307171842905
2443,2,2,9.673834e-05,0.0014781952,0.99853516,4,0.99853516,0.011991267175922733
2471,2,2,8.0406666e-05,0.00026726723,0.9995117,4,0.9995117,0.003445165454246608
2494,2,0,0.9995117,0.00018584728,0.00048685074,4,0.9995117,0.005798197478270234
2495,2,2,7.367134e-05,0.00039744377,0.9995117,4,0.9995117,0.004301396008804553
2515,2,2,0.00040125847,0.11743164,0.8823242,4,0.8823242,0.36512811573418524
2518,2,2,7.2181225e-05,0.0014724731,0.99853516,4,0.99853516,0.011753830747340252
2525,2,2,0.00012528896,0.00046420097,0.9995117,4,0.9995117,0.005176720032091603
2527,2,2,0.00027823448,0.18652344,0.81347656,4,0.81347656,0.4834203834454154
2535,2,2,9.2208385e-05,0.00022649765,0.9995117,4,0.9995117,0.003245875271163441
2552,2,2,6.7055225e-05,0.00036931038,0.9995117,4,0.9995117,0.004051563459539917
2563,0,0,0.9995117,8.1539154e-05,0.00016283989,4,0.9995117,0.0026762357198600846
2576,0,2,0.00028443336,0.0007081032,0.99902344,4,0.99902344,0.008434301047166137
2578,2,2,0.00031733513,0.004787445,0.9951172,4,0.9951172,0.0330005439724675
2583,0,0,0.9995117,0.00022375584,0.00019109249,4,0.9995117,0.004005116341066886
2588,0,0,0.9916992,0.00806427,0.00018012524,4,0.9916992,0.04869156505234621
2589,2,2,8.59499e-05,0.00037264824,0.9995117,4,0.9995117,0.004234833402884938
2626,0,1,0.25073242,0.7480469,0.0013017654,4,0.7480469,0.5726546588613809
2640,2,2,0.025390625,0.011749268,0.9628906,4,0.9628906,0.181894789191955
2645,0,0,0.9902344,0.00019001961,0.00957489,4,0.9902344,0.055855862594405906
2647,2,2,0.00020897388,0.0003426075,0.9995117,4,0.9995117,0.0049925189807548485
2663,1,1,0.00027441978,0.9926758,0.0072135925,4,0.9926758,0.04512369847302136
2666,0,2,0.0013189316,0.12963867,0.8691406,4,0.8691406,0.39549538167071346
2667,2,2,0.000223279,0.00038075447,0.9995117,4,0.9995117,0.0053631224853519475
2670,0,0,0.98828125,0.011062622,0.00069761276,4,0.98828125,0.06654803463287101
2680,0,0,0.95214844,0.04748535,0.0005044937,4,0.95214844,0.19522177955963213
2681,2,2,0.00013685226,0.00024151802,0.9995117,4,0.9995117,0.0037172006369472345
2698,2,2,9.381771e-05,0.00046873093,0.9995117,4,0.9995117,0.0049513092723253785
2701,2,2,0.00014328957,0.000790596,0.99902344,4,0.99902344,0.007891296439906556
2717,2,2,0.00012409687,0.00037908554,0.9995117,4,0.9995117,0.004590704226218422
2718,2,2,0.00025486946,0.001294136,0.99853516,4,0.99853516,0.012178640469733638
2724,2,2,0.0003039837,0.00061655045,0.99902344,4,0.99902344,0.007995058839474711
2727,0,0,0.99316406,0.0001847744,0.0064964294,4,0.99316406,0.041120194965324146
2728,2,2,0.00017130375,0.00028133392,0.9995117,4,0.9995117,0.004273916460078665
2735,2,2,6.80089e-05,0.0004746914,0.9995117,4,0.9995117,0.004773525472216999
2744,0,0,0.99902344,0.0006098747,0.0001424551,4,0.99902344,0.006752183564047587
2749,2,2,0.00015258789,0.0005393028,0.9995117,4,0.9995117,0.005887467434449676
2757,1,1,0.00087690353,0.99902344,0.0002001524,4,0.99902344,0.008853290746508374
2772,2,2,0.00016701221,0.00014090538,0.9995117,4,0.9995117,0.0031902275023113816
2773,1,2,6.7055225e-05,0.00058174133,0.9995117,4,0.9995117,0.005466254184155821
2788,0,1,0.31396484,0.6855469,0.0003633499,4,0.6855469,0.6254182294958677
2789,0,0,1.0,0.000110805035,0.00010448694,4,1.0,0.0019669574141499995
2791,2,2,7.748604e-05,0.00037050247,0.9995117,4,0.9995117,0.004148828616480962
2798,2,2,0.00018465519,0.0008831024,0.99902344,4,0.99902344,0.008773604786126236
2802,0,2,0.0970459,0.06829834,0.83447266,4,0.83447266,0.5606725756343354
2803,0,1,0.0029563904,0.99560547,0.0014009476,4,0.99560547,0.03080732081638743
2805,2,2,7.43866e-05,0.0005645752,0.9995117,4,0.9995117,0.005418021862349439
2807,2,0,0.9941406,0.00016379356,0.0054969788,4,0.9941406,0.03587381334782676
2822,1,0,0.9980469,0.000187397,0.0018692017,4,0.9980469,0.015302266064872543
2824,0,0,0.9995117,0.00010448694,0.00019180775,4,0.9995117,0.0030876407014880933
2825,2,0,0.8046875,0.0020503998,0.19311523,4,0.8046875,0.5051228807572068
2827,0,0,0.9946289,0.0043754578,0.0008420944,4,0.9946289,0.035084723981803866
2833,2,2,7.647276e-05,0.00034856796,0.9995117,4,0.9995117,0.0039882192520410194
2842,0,0,0.9995117,0.00013029575,0.00018453598,4,0.9995117,0.0032403466703609723
2847,2,0,0.6176758,0.00060606,0.3815918,4,0.6176758,0.669707999480011
2853,2,2,0.00018417835,0.00737381,0.9926758,4,0.9926758,0.04508525887247895
2872,2,2,0.003604889,0.0005245209,0.99609375,4,0.99609375,0.028139504640705804
2878,2,2,0.00020074844,0.0017137527,0.9980469,4,0.9980469,0.014575265345245333
2887,2,2,6.6936016e-05,0.0007791519,0.99902344,4,0.99902344,0.007196084253023927
2888,0,0,0.8852539,0.0030345917,0.11151123,4,0.8852539,0.37010340149385307
2914,2,2,5.3465366e-05,0.0006723404,0.9995117,4,0.9995117,0.005925367285977133
2915,2,2,9.185076e-05,0.00037765503,0.9995117,4,0.9995117,0.004318464526487906
2916,2,2,6.1154366e-05,0.0025863647,0.9975586,4,0.9975586,0.018440016516019515
2937,2,2,0.0020427704,0.0011968613,0.99658203,4,0.99658203,0.024116460980381692
2940,0,0,0.99316406,0.0066337585,7.349253e-05,4,0.99316406,0.04078421873714719
2942,1,0,0.9975586,0.0009918213,0.0012960434,4,0.9975586,0.01791448707314567
2951,2,0,0.59375,0.0023155212,0.40405273,4,0.59375,0.6897274899123311
2964,2,2,0.000101447105,0.0003619194,0.9995117,4,0.9995117,0.0042889671452281805
2972,2,2,0.0002529621,0.0006093979,0.99902344,4,0.99902344,0.007582580146245951
2973,2,2,0.0001373291,0.0007123947,0.99902344,4,0.99902344,0.007360006387057851
2978,2,2,0.00011861324,0.0005364418,0.9995117,4,0.9995117,0.005600105166417917
2983,0,0,0.9995117,0.00016403198,0.00015509129,4,0.9995117,0.003278175869833634
2992,2,2,0.00022244453,0.00025463104,0.9995117,4,0.9995117,0.004466373321240155
2994,0,1,0.000166893,0.9975586,0.002319336,4,0.9975586,0.01796027131222485
3000,1,0,0.97509766,0.009773254,0.015098572,4,0.97509766,0.1331319783512959
3001,2,2,8.195639e-05,0.0012626648,0.99853516,4,0.99853516,0.010662615950049283
3011,1,0,0.99853516,0.00070524216,0.00058698654,4,0.99853516,0.010949165755485893
3012,0,2,7.879734e-05,0.0013904572,0.99853516,4,0.99853516,0.011354891631252844
3013,0,0,0.9980469,0.0005350113,0.0014400482,4,0.9980469,0.015403899414089935
3029,2,2,8.761883e-05,0.0023288727,0.9975586,4,0.9975586,0.017375487751382063
3032,1,1,0.0011005402,0.9980469,0.00086402893,4,0.9980469,0.015542798203351846
3036,2,2,0.00034976006,0.0008325577,0.99902344,4,0.99902344,0.009663238950294951
3043,0,0,0.9970703,0.00012207031,0.0026721954,4,0.9970703,0.019857739219054864
3061,0,0,0.99902344,0.00042295456,0.0004916191,4,0.99902344,0.008006757085715611
3075,0,0,0.9995117,0.00027418137,0.00029468536,4,0.9995117,0.00513261458127825
3138,2,2,0.0013656616,0.00026082993,0.99853516,4,0.99853516,0.012624104504173898
3184,0,0,0.9995117,5.8472157e-05,0.0005044937,4,0.9995117,0.004888200098726583
3234,2,2,0.00013649464,0.00033259392,0.9995117,4,0.9995117,0.004366485067583218
3236,2,2,0.00015556812,0.0003836155,0.9995117,4,0.9995117,0.004869738019547515
3244,2,2,5.5491924e-05,0.0005803108,0.9995117,4,0.9995117,0.005356406446973697
3246,2,2,3.2246113e-05,0.0015792847,0.99853516,4,0.99853516,0.011984882839851028
3280,0,1,0.052001953,0.9472656,0.0005903244,4,0.9472656,0.2094502229209701
3290,2,2,0.0009870529,0.0016698837,0.9975586,4,0.9975586,0.019948508579753693
3294,2,2,0.00014221668,0.0006079674,0.99902344,4,0.99902344,0.006738096211216725
3303,0,0,0.9770508,0.01474762,0.008293152,4,0.9770508,0.12461320967169123
3306,0,2,8.666515e-05,0.0015668869,0.99853516,4,0.99853516,0.012394382284944884
3316,2,2,0.00021898746,0.0002863407,0.9995117,4,0.9995117,0.0046695391414779824
3332,2,2,0.00020253658,0.00069999695,0.99902344,4,0.99902344,0.007783655638683448
3333,2,2,7.420778e-05,0.00045967102,0.9995117,4,0.9995117,0.004726367498304233
3334,2,2,0.00014615059,0.0009822845,0.99902344,4,0.99902344,0.009069658896395216
3362,0,0,0.99072266,0.00067281723,0.008590698,4,0.99072266,0.05501505078135393
3363,2,0,0.9169922,0.0009570122,0.08190918,4,0.9169922,0.2910645994430201
3384,2,2,7.611513e-05,0.0005478859,0.9995117,4,0.9995117,0.005324318805823873
3409,2,0,0.7246094,0.0036716461,0.27148438,4,0.7246094,0.6079754460082463
3413,0,0,1.0,0.00014913082,8.106232e-05,4,1.0,0.002077575672219334
3422,0,0,0.99902344,9.661913e-05,0.00063848495,4,0.99902344,0.006566259781778287
3429,2,2,0.06890869,0.0006403923,0.93066406,4,0.93066406,0.25591260241475294
3436,0,0,0.99609375,0.0035858154,0.00026750565,4,0.99609375,0.026290110635970518
3441,2,2,0.00012934208,0.00024580956,0.9995117,4,0.9995117,0.003689098668217691
3457,0,0,0.99902344,7.3194504e-05,0.000770092,4,0.99902344,0.007193859622913844
3458,0,0,0.99902344,0.0007109642,9.161234e-05,4,0.99902344,0.006981589666895225
3465,1,0,0.99902344,0.00087690353,8.779764e-05,4,0.99902344,0.007968778289773897
3471,1,0,0.9980469,0.0015125275,0.00042414665,4,0.9980469,0.015067186150380003
3493,0,0,0.9995117,8.106232e-05,0.00056028366,4,0.9995117,0.005446693016309574
3499,0,0,0.9995117,0.00038003922,0.000102460384,4,0.9995117,0.004422283948980494
3505,2,2,6.425381e-05,0.00056791306,0.9995117,4,0.9995117,0.00535272378151035
3508,2,2,9.703636e-05,0.00028395653,0.9995117,4,0.9995117,0.0037038227291753168
3520,2,2,0.013954163,0.01335907,0.97265625,4,0.97265625,0.14423018820957148
3522,2,0,0.9975586,0.00066947937,0.0016965866,4,0.9975586,0.018154407133611727
3523,0,0,0.9995117,0.0005335808,0.00014007092,4,0.9995117,0.00575209227013833
3549,0,0,1.0,6.759167e-05,0.00013923645,4,1.0,0.0018853443176681543
3578,2,2,0.00013780594,0.00055217743,0.9995117,4,0.9995117,0.005855466197100508
3594,0,0,0.9892578,0.010566711,0.00017690659,4,0.9892578,0.06029177652168082
3616,2,2,9.512901e-05,0.00047183037,0.9995117,4,0.9995117,0.004982799088218371
3621,2,2,9.047985e-05,0.0017518997,0.9980469,4,0.9980469,0.01391299648548345
3634,2,2,0.00042057037,0.00027513504,0.9995117,4,0.9995117,0.006013277666526434
3651,2,2,9.7095966e-05,0.0011291504,0.99853516,4,0.99853516,0.010023656770980204
3656,2,2,7.8201294e-05,0.0007710457,0.99902344,4,0.99902344,0.007242244760840073
3679,0,0,0.9995117,0.00019979477,0.00029301643,4,0.9995117,0.004573847790719031
3683,2,2,8.672476e-05,0.0008096695,0.99902344,4,0.99902344,0.0075511434262728605
3693,2,2,0.00013399124,0.0012321472,0.99853516,4,0.99853516,0.010912815440161445
3694,0,1,0.005268097,0.99365234,0.0008802414,4,0.99365234,0.04015713616182808
3710,2,2,0.00018835068,0.00063180923,0.99902344,4,0.99902344,0.007246095390204677
3712,2,2,0.0002052784,0.0046920776,0.9951172,4,0.9951172,0.03177226416925934
3727,1,0,0.99072266,0.009025574,0.00037646294,4,0.99072266,0.05469209883736592
3761,1,2,0.00016355515,0.00157547,0.9980469,4,0.9980469,0.013543949768885703
3791,1,2,0.0013933182,0.0064353943,0.9921875,4,0.9921875,0.04941708417397659
3794,2,2,7.247925e-05,0.000828743,0.99902344,4,0.99902344,0.0075473996707841095
3798,1,0,0.9838867,0.013954163,0.0021572113,4,0.9838867,0.08883763518478918
3801,1,1,0.0057907104,0.9873047,0.006702423,4,0.9873047,0.07599276303155568
3803,2,2,8.33869e-05,0.0011482239,0.99853516,4,0.99853516,0.010019884403638091
3833,0,0,0.8261719,0.016662598,0.15734863,4,0.8261719,0.5169694681119447
3849,0,0,0.99902344,0.0007376671,5.710125e-05,4,0.99902344,0.00685406965171862
3860,2,2,5.8352947e-05,0.0009880066,0.99902344,4,0.99902344,0.008381794924578443
3868,0,0,0.9970703,0.00023436546,0.0028839111,4,0.9970703,0.021751243327863747
3869,2,2,0.0001654625,0.001496315,0.99853516,4,0.99853516,0.01263756464667599
3918,2,2,6.222725e-05,0.0007662773,0.99902344,4,0.99902344,0.0070759839836847796
3927,1,2,6.777048e-05,0.0015983582,0.99853516,4,0.99853516,0.012405795542553248
3931,0,0,1.0,7.456541e-05,0.00010150671,4,1.0,0.001642050608042667
3934,2,2,0.00075387955,0.002166748,0.9970703,4,0.9970703,0.021637983691083558
3940,0,0,0.99853516,0.00012934208,0.0013923645,4,0.99853516,0.011779008556459402
3958,2,2,0.00015437603,0.00046634674,0.9995117,4,0.9995117,0.005420153697479486
3984,2,0,0.72509766,0.0033836365,0.27172852,4,0.72509766,0.6063798765721148
4001,0,0,0.99902344,0.0003106594,0.0005302429,4,0.99902344,0.00748440595110939
4007,0,0,0.9995117,0.00011122227,0.00013554096,4,0.9995117,0.002707905941580461
4008,2,2,5.7518482e-05,0.0018339157,0.9980469,4,0.9980469,0.014068824077287214
4013,2,2,0.00021576881,0.0015945435,0.9980469,4,0.9980469,0.014043283600608277
4014,2,2,0.00014042854,0.038024902,0.96191406,4,0.96191406,0.1629199488885527
4030,2,2,0.00013256073,0.00086402893,0.99902344,4,0.99902344,0.008254424855046554
4058,2,2,0.00011205673,0.00064611435,0.99902344,4,0.99902344,0.006740816493593465
4061,2,2,0.00013780594,0.00062179565,0.99902344,4,0.99902344,0.006791786041319619
4064,2,2,0.000109910965,0.00038075447,0.9995117,4,0.9995117,0.004487926947281886
4066,2,2,8.636713e-05,0.0010213852,0.99902344,4,0.99902344,0.00881807865542616
4068,2,2,8.8095665e-05,0.0008635521,0.99902344,4,0.99902344,0.007890530490808418
4071,2,2,0.0035076141,0.004638672,0.9916992,4,0.9916992,0.05301926326798858
4080,0,0,0.97802734,0.004627228,0.017211914,4,0.97802734,0.11652194914019903
4083,2,2,6.6280365e-05,0.0006971359,0.99902344,4,0.99902344,0.00668096061835902
4093,2,2,6.943941e-05,0.0008659363,0.99902344,4,0.99902344,0.007747291566732721
4094,0,0,0.9995117,9.059906e-05,0.00032687187,4,0.9995117,0.003955028221170621
4107,2,0,0.97021484,0.0005030632,0.029052734,4,0.97021484,0.13596501776566153
4112,1,1,0.0017929077,0.9399414,0.058502197,4,0.9399414,0.2356257088107225
4115,2,2,9.196997e-05,0.000749588,0.99902344,4,0.99902344,0.007224881744062908
4120,2,0,0.7607422,0.23596191,0.0031700134,4,0.7607422,0.5670224740059612
16,2,2,6.1392784e-05,0.0008149147,0.99902344,4,0.99902344,0.0073675050323309425
27,2,2,0.00011539459,0.000849247,0.99902344,4,0.99902344,0.008027545246841426
79,0,0,0.9995117,0.00016796589,0.00019180775,4,0.9995117,0.003589784013224945
85,1,1,0.00018620491,0.9995117,0.00027894974,4,0.9995117,0.004370490218463988
120,0,0,1.0,0.00012779236,9.7215176e-05,4,1.0,0.002043802312093563
145,2,2,0.0001269579,0.0004911423,0.9995117,4,0.9995117,0.005369106730077695
241,2,2,0.00010329485,0.00036621094,0.9995117,4,0.9995117,0.004333784148391157
248,0,0,0.99902344,0.00014221668,0.00061798096,4,0.99902344,0.00680215494586588
286,2,0,0.91845703,0.076171875,0.0052337646,4,0.91845703,0.30173962397960985
290,2,2,7.8082085e-05,0.0007596016,0.99902344,4,0.99902344,0.007170566764567176
299,2,2,0.00017428398,0.0003077984,0.9995117,4,0.9995117,0.004485456056613138
312,0,0,0.9995117,0.00023961067,0.00018191338,4,0.9995117,0.0040523283253434995
391,2,2,0.00018072128,0.0011854172,0.99853516,4,0.99853516,0.011008261457343606
405,2,2,0.001168251,0.003376007,0.99560547,4,0.99560547,0.03148624368861635
483,2,2,0.000106573105,0.00034928322,0.9995117,4,0.9995117,0.00424313508514863
497,2,2,9.930134e-05,0.00031805038,0.9995117,4,0.9995117,0.003964831480597215
524,2,2,6.9856644e-05,0.00038290024,0.9995117,4,0.9995117,0.004169201581807166
703,2,2,0.00011008978,0.0008907318,0.99902344,4,0.99902344,0.008235490427653258
860,2,2,0.00012469292,0.00090932846,0.99902344,4,0.99902344,0.008464878670643822
951,1,1,0.0010356903,0.62841797,0.3708496,4,0.62841797,0.6669168861205507
959,0,0,1.0,0.00018632412,3.8325787e-05,4,1.0,0.001989905574523304
966,1,1,6.967783e-05,0.99121094,0.008735657,4,0.99121094,0.0508272557020931
1102,2,2,0.00042128563,0.00024724007,0.9995117,4,0.9995117,0.005815862774063063
1206,1,1,0.00013923645,0.9995117,0.00016963482,4,0.9995117,0.003197254310888273
1216,0,0,0.9980469,0.0020141602,7.981062e-05,4,0.9980469,0.01520727889112108
1253,0,0,0.9995117,0.00010865927,0.00021147728,4,0.9995117,0.003269338185942897
1292,2,2,0.00019478798,0.0006494522,0.99902344,4,0.99902344,0.007406850718060464
1307,0,0,0.6459961,0.34521484,0.008804321,4,0.6459961,0.6911086627456773
1422,0,0,0.9995117,0.000172019,9.274483e-05,4,0.9995117,0.002840422044586949
1485,2,1,0.00466156,0.9951172,0.00038862228,4,0.9951172,0.03294781521143154
1632,2,2,0.023223877,0.0004954338,0.9760742,4,0.9760742,0.11478912079011364
1655,2,2,8.6545944e-05,0.0011367798,0.99853516,4,0.99853516,0.009980251662999717
1656,2,2,6.9856644e-05,0.000518322,0.9995117,4,0.9995117,0.005077704847165538
1695,0,0,0.9941406,0.0053482056,0.000310421,4,0.9941406,0.036326083240956306
1727,0,0,0.99902344,0.0005927086,0.00024676323,4,0.99902344,0.007430268828111538
1747,0,0,1.0,0.00016283989,7.6174736e-05,4,1.0,0.0021427359893607958
1820,2,2,5.8412552e-05,0.0018882751,0.9980469,4,0.9980469,0.014364030056146834
1829,2,0,0.8041992,0.18811035,0.007896423,4,0.8041992,0.5277519255839963
1873,0,0,0.9995117,0.000121474266,0.00022292137,4,0.9995117,0.0034578464507773023
1895,2,2,0.00058221817,0.0007176399,0.99853516,4,0.99853516,0.010995899546053553
1934,2,2,0.000104665756,0.00045347214,0.9995117,4,0.9995117,0.004938505111018463
2044,2,2,0.00018298626,0.00066900253,0.99902344,4,0.99902344,0.007441103956490065
2050,2,2,0.0001436472,0.00073575974,0.99902344,4,0.99902344,0.007555312338709329
2122,2,2,0.00021398067,0.011947632,0.98779297,4,0.98779297,0.06683509694901732
2161,2,2,7.903576e-05,0.0005865097,0.9995117,4,0.9995117,0.005599128889296326
2205,1,1,0.00023400784,0.9995117,0.0003168583,4,0.9995117,0.004997467823885302
2355,2,2,9.816885e-05,0.0002706051,0.9995117,4,0.9995117,0.0036171438672276735
2424,2,2,0.0007276535,0.0004901886,0.99902344,4,0.99902344,0.009969468648434865
2434,0,0,0.9995117,0.00018155575,0.00017130375,4,0.9995117,0.0035376510090764646
2438,2,2,0.000104248524,0.00055217743,0.9995117,4,0.9995117,0.005586244547445305
2447,0,0,0.99853516,0.00011110306,0.0013170242,4,0.99853516,0.011210371366206066
2477,2,2,0.00012814999,0.0009379387,0.99902344,4,0.99902344,0.008663748219464829
2482,2,2,0.00026631355,0.00019025803,0.9995117,4,0.9995117,0.004310129116509203
2501,2,2,0.0001103282,0.0007443428,0.99902344,4,0.99902344,0.0073429069875088765
2571,0,0,0.8691406,0.047607422,0.08337402,4,0.8691406,0.4739867409531273
2650,0,0,0.9995117,0.00037407875,0.00015199184,4,0.9995117,0.004776316903335008
2674,0,0,0.9995117,0.00019681454,0.00014221668,4,0.9995117,0.003427426103591859
2682,0,0,0.96533203,0.022018433,0.012794495,4,0.96533203,0.17384744421302512
2753,2,2,0.00081157684,0.00045251846,0.99853516,4,0.99853516,0.010724079489954002
2780,2,2,0.00036597252,0.00027370453,0.9995117,4,0.9995117,0.0056294284008581805
2792,2,2,8.7320805e-05,0.00033330917,0.9995117,4,0.9995117,0.0039728940659771814
2907,1,1,0.00018334389,0.9995117,0.00024318695,4,0.9995117,0.0040894225329219745
2911,2,1,0.0038013458,0.9951172,0.0013046265,4,0.9951172,0.03471859795769601
3104,2,2,0.0007638931,0.00023126602,0.99902344,4,0.99902344,0.008394752644491223
3150,0,0,0.9995117,0.00018453598,8.1539154e-05,4,0.9995117,0.00284240393082193
3253,0,0,0.9980469,0.00018560886,0.0016708374,4,0.9980469,0.014229971830550442
3342,2,2,0.00011384487,0.00071048737,0.99902344,4,0.99902344,0.007160591520579689
3476,2,2,0.00014007092,0.00024199486,0.9995117,4,0.9995117,0.00374607366152185
3489,2,2,0.00013053417,0.00075626373,0.99902344,4,0.99902344,0.007578922852090365
3496,2,2,0.00035834312,0.00025057793,0.9995117,4,0.9995117,0.0054090092875348685
3735,2,2,6.496906e-05,0.00096702576,0.99902344,4,0.99902344,0.008314890469296945
3930,2,2,0.00013256073,0.0007019043,0.99902344,4,0.99902344,0.007256675387883954
4000,2,2,0.000103890896,0.00018954277,0.9995117,4,0.9995117,0.00306563698720354
4002,0,0,0.9995117,9.971857e-05,0.00029873848,4,0.9995117,0.003831447945533232
4020,2,2,5.3465366e-05,0.0006957054,0.99902344,4,0.99902344,0.006560178555037009
4037,0,0,0.9995117,0.00033855438,0.00015902519,4,0.9995117,0.00458441538881341
4098,1,1,0.00011634827,0.9995117,0.00021719933,4,0.9995117,0.0033741808390378948
705,0,0,0.9980469,0.0017910004,0.00015354156,4,0.9980469,0.014627566074487387
1019,0,0,0.9995117,0.00032877922,0.00019943714,4,0.9995117,0.004824237621978873
1228,0,0,0.9995117,0.00020384789,9.530783e-05,4,0.9995117,0.0031029058282244126
1307,0,1,0.15991211,0.8261719,0.013671875,4,0.8261719,0.5095847087476418
1444,0,0,0.9995117,0.0001360178,0.00015902519,4,0.9995117,0.0030900153458168055
1457,0,0,1.0,8.499622e-05,0.00010430813,4,1.0,0.001752975143739171
1542,0,0,0.9995117,0.00017666817,0.00019943714,4,0.9995117,0.0037140190630449346
1796,0,0,0.9995117,0.00019025803,0.00025749207,4,0.9995117,0.004246194696100866
1873,0,0,0.9995117,0.00015747547,0.000238657,4,0.9995117,0.0038575885987435173
2235,0,0,0.9995117,0.00010716915,0.0004029274,4,0.9995117,0.004617409335127715
2434,0,0,0.9995117,0.0002515316,0.00012934208,4,0.9995117,0.0037308661474328335
2484,0,0,0.9995117,5.4717064e-05,0.00040841103,4,0.9995117,0.00421206547684763
2492,0,0,0.9995117,0.0003054142,6.604195e-05,4,0.9995117,0.003595823262847574
2774,0,0,1.0,8.362532e-05,7.265806e-05,4,1.0,0.0014775847322906982
2996,0,0,0.9995117,8.428097e-05,0.00026798248,4,0.9995117,0.0034828961574663603
3066,0,0,0.9995117,0.00019001961,7.170439e-05,4,0.9995117,0.0028006136325815483
3074,0,0,1.0,0.00014996529,7.05719e-05,4,1.0,0.0019950485936415835
3301,0,0,1.0,0.000113904476,8.869171e-05,4,1.0,0.001861793945392216
3612,0,0,0.99902344,0.00031733513,0.00042128563,4,0.99902344,0.006806708657874765
4048,0,0,0.9941406,0.0058517456,5.298853e-05,4,0.9941406,0.03644780869886806
611,1,1,0.00013625622,0.9995117,0.0002682209,4,0.9995117,0.003906761884046776
966,1,1,6.908178e-05,0.9941406,0.0059509277,4,0.9941406,0.036997810958462184
1134,1,1,0.0002373457,0.9995117,0.00014710426,4,0.9995117,0.0037671685369669757
1142,1,1,0.00018680096,1.0,4.0769577e-05,4,1.0,0.002015854988115077
1167,1,1,0.0004246235,0.9995117,9.024143e-05,4,0.9995117,0.004625508670534677
1328,1,1,7.1406364e-05,0.9995117,0.00039243698,4,0.9995117,0.0042478421931496525
1680,1,1,0.00016665459,1.0,7.599592e-05,4,1.0,0.00217063458733391
2598,1,1,0.0001257658,0.9995117,0.000118911266,4,0.9995117,0.002692311542887323
2730,1,1,5.0723553e-05,0.9995117,0.0002501011,4,0.9995117,0.0030640418896886617
3933,2,2,0.00011473894,0.00062799454,0.99902344,4,0.99902344,0.006647282934065989
2506,2,2,0.000104248524,0.00048732758,0.9995117,4,0.9995117,0.005160647483324298
299,2,2,0.00018012524,0.00027632713,0.9995117,4,0.9995117,0.004305398848989964
3104,2,2,0.00046896935,0.00023674965,0.9995117,4,0.9995117,0.0060593244143082176
2990,2,2,0.00019526482,0.0018014908,0.9980469,4,0.9980469,0.015002852224540456
2155,2,2,9.7215176e-05,0.00037193298,0.9995117,4,0.9995117,0.004323390498640381
2169,2,2,4.976988e-05,0.0022335052,0.9975586,4,0.9975586,0.01656526699947137
2044,2,2,0.0001821518,0.0008254051,0.99902344,4,0.99902344,0.008404608053159004
4102,2,2,0.00014340878,0.00030589104,0.9995117,4,0.9995117,0.004232677849812036
1960,2,2,0.000114023685,0.0006737709,0.99902344,4,0.99902344,0.006931609073447561
2141,2,2,6.425381e-05,0.0004658699,0.9995117,4,0.9995117,0.00468237101049959
1779,2,2,8.761883e-05,0.0005545616,0.9995117,4,0.9995117,0.005464493759316872
11,0,0,1.0,6.854534e-05,4.476309e-05,5,1.0,0.001105477006423885
13,2,2,3.182888e-05,6.920099e-05,1.0,5,1.0,0.000992433757811436
26,1,2,2.6881695e-05,0.0002169609,1.0,5,1.0,0.0021131420314816365
71,2,2,1.4722347e-05,6.842613e-05,1.0,5,1.0,0.0008199928262211617
80,0,0,1.0,5.6922436e-05,0.00010865927,5,1.0,0.0015481147493036185
81,1,1,6.568432e-05,1.0,8.7320805e-05,5,1.0,0.0014486761302135451
95,0,2,0.00013232231,0.0007658005,0.99902344,5,0.99902344,0.0076520606858835605
98,2,2,6.341934e-05,0.00011634827,1.0,5,1.0,0.0016669849212267523
107,0,0,1.0,4.0352345e-05,0.00013554096,5,1.0,0.0016154392856739463
108,0,0,1.0,4.720688e-05,5.453825e-05,5,1.0,0.0010056069914373962
113,2,2,4.965067e-05,3.194809e-05,1.0,5,1.0,0.0008227702961898358
128,2,2,1.4364719e-05,0.00033330917,0.9995117,5,0.9995117,0.003316977831345901
129,1,1,0.0008649826,0.96728516,0.03173828,5,0.96728516,0.14777874849653372
131,0,0,1.0,9.36985e-05,4.851818e-05,5,1.0,0.0013510525564245951
159,0,0,0.9863281,0.00016868114,0.013557434,5,0.9863281,0.07335151482576167
172,2,2,5.5730343e-05,0.00034856796,0.9995117,5,0.9995117,0.0038092443059990215
187,2,2,2.5570393e-05,4.7922134e-05,1.0,5,1.0,0.0007470135980291285
191,2,2,1.758337e-05,0.00038290024,0.9995117,5,0.9995117,0.0036932513181366596
210,2,2,4.553795e-05,0.00037813187,0.9995117,5,0.9995117,0.003923202338169152
213,0,1,0.0005021095,0.99902344,0.00051116943,5,0.99902344,0.008664510107046709
216,0,0,0.96875,0.0001257658,0.0309906,5,0.96875,0.13954962081033603
240,1,2,3.9875507e-05,0.0007762909,0.99902344,5,0.99902344,0.006939017977376625
242,2,1,0.00014662743,0.9926758,0.007083893,5,0.9926758,0.04365646918263953
256,2,2,2.3841858e-05,0.00014972687,1.0,5,1.0,0.0015723736447957974
260,0,0,1.0,5.2034855e-05,8.028746e-05,5,1.0,0.001270353312301139
263,1,1,0.034088135,0.9658203,0.00011020899,5,0.9658203,0.1497703436710146
264,0,0,0.9941406,0.0058784485,0.00017094612,5,0.9941406,0.037519444211762454
282,2,2,3.4868717e-05,0.006832123,0.99316406,5,0.99316406,0.04123619517184219
284,0,2,0.0021953583,8.696318e-05,0.9975586,5,0.9975586,0.016690213599506176
291,2,2,2.104044e-05,9.5546246e-05,1.0,5,1.0,0.0011109523625754752
294,2,2,0.00011366606,6.252527e-05,1.0,5,1.0,0.0016375839296831752
300,2,2,0.0010061264,0.19055176,0.80859375,5,0.80859375,0.494639361290632
303,2,2,3.504753e-05,0.00019335747,1.0,5,1.0,0.002012939694722998
305,2,2,9.787083e-05,0.008911133,0.99121094,5,0.99121094,0.05171844494141732
311,2,2,3.8206577e-05,7.8737736e-05,1.0,5,1.0,0.0011326799314660115
323,2,2,7.587671e-05,8.189678e-05,1.0,5,1.0,0.0014904497443487311
327,0,0,0.99853516,0.0012378693,3.8325787e-05,5,0.99853516,0.01014026366486882
337,2,2,0.000101685524,5.1259995e-05,1.0,5,1.0,0.0014412356173834021
338,0,0,0.99902344,0.00096940994,0.0001887083,5,0.99902344,0.009320878794079963
346,2,2,3.784895e-05,0.00010210276,1.0,5,1.0,0.0013236509559126951
351,2,2,0.00015234947,0.004108429,0.99560547,5,0.99560547,0.028298554832782305
354,2,2,4.3809414e-05,0.00021862984,0.9995117,5,0.9995117,0.002770478042878884
356,2,2,0.0335083,0.3503418,0.61621094,5,0.61621094,0.779595871478452
357,2,2,1.8894672e-05,0.00010251999,1.0,5,1.0,0.001147202888768413
361,2,2,0.043182373,0.0010509491,0.9555664,5,0.9555664,0.18633190583717502
369,1,1,0.0017528534,0.9980469,5.620718e-05,5,0.9980469,0.01362576327873406
373,0,0,0.9892578,0.010795593,5.7458878e-05,5,0.9892578,0.06013445772397824
386,2,2,5.4359436e-05,4.3809414e-05,1.0,5,1.0,0.0009734602703705838
388,2,2,1.5377998e-05,0.00011634827,1.0,5,1.0,0.0012244177441873127
401,2,2,1.8179417e-05,0.001367569,0.99853516,5,0.99853516,0.010680934352770467
410,2,2,8.922815e-05,5.6624413e-05,1.0,5,1.0,0.0013857254016444594
416,1,1,0.00046515465,0.9995117,2.270937e-05,5,0.9995117,0.00430020303063075
418,0,0,0.99853516,0.000300169,0.0013828278,5,0.99853516,0.013002506177596403
424,1,0,0.9995117,0.00041246414,9.661913e-05,5,0.9995117,0.004595880958195883
426,2,2,4.7266483e-05,8.684397e-05,1.0,5,1.0,0.0012828729024765683
430,2,2,6.9737434e-05,4.595518e-05,1.0,5,1.0,0.0011264343372284409
436,2,2,4.965067e-05,5.954504e-05,1.0,5,1.0,0.0010713633449352777
438,1,2,3.9577484e-05,7.545948e-05,1.0,5,1.0,0.0011174618041617486
448,2,2,5.4001808e-05,4.3153763e-05,1.0,5,1.0,0.0009643756793071565
455,2,2,6.330013e-05,3.2126904e-05,1.0,5,1.0,0.0009443408622403105
462,0,0,0.96484375,0.033966064,0.0013866425,5,0.96484375,0.15854280064004295
474,2,2,3.3140182e-05,7.408857e-05,1.0,5,1.0,0.0010464339251746156
475,2,1,8.493662e-05,1.0,0.00012660027,5,1.0,0.0019323334161850062
490,0,0,0.99902344,2.9981136e-05,0.0007200241,5,0.99902344,0.006498591827275293
503,1,2,9.894371e-05,4.7385693e-05,1.0,5,1.0,0.0013841842937225772
509,0,1,0.00019717216,0.97265625,0.026977539,5,0.97265625,0.12611173753997787
510,0,0,1.0,2.7537346e-05,7.200241e-05,5,1.0,0.000975958611514096
512,2,2,2.7775764e-05,5.6266785e-05,1.0,5,1.0,0.0008419985120482697
513,2,2,5.7697296e-05,8.803606e-05,1.0,5,1.0,0.0013852028860789484
514,1,1,7.510185e-05,0.9995117,0.00024223328,5,0.9995117,0.003218137552745334
531,0,0,1.0,2.9683113e-05,6.580353e-05,5,1.0,0.0009430559085239444
533,2,2,6.181002e-05,7.325411e-05,1.0,5,1.0,0.001296523001155979
536,0,0,0.98095703,0.018707275,9.4652176e-05,5,0.98095703,0.09417077790116492
548,1,1,4.595518e-05,1.0,8.511543e-05,5,1.0,0.0012566526065426623
556,1,1,8.1419945e-05,1.0,0.00015699863,5,1.0,0.0021418352025322804
565,2,2,6.67572e-06,0.0006017685,0.9995117,5,0.9995117,0.005030232736189697
568,0,0,0.99853516,0.0013132095,4.4822693e-05,5,0.99853516,0.010626081301872238
576,2,2,2.169609e-05,5.0246716e-05,1.0,5,1.0,0.0007303512261189164
587,2,2,0.0010404587,0.00017762184,0.99902344,5,0.99902344,0.009655966986290067
588,1,1,0.00015509129,0.9995117,0.000182271,5,0.9995117,0.0034179197096988368
594,2,2,6.5505505e-05,6.0856342e-05,1.0,5,1.0,0.0012217713595011428
610,2,2,2.6643276e-05,4.9948692e-05,1.0,5,1.0,0.0007753504547921234
617,0,0,1.0,6.276369e-05,3.683567e-05,5,1.0,0.0009833668332096303
629,2,1,3.7133694e-05,1.0,8.922815e-05,5,1.0,0.001210791569353504
632,1,1,8.606911e-05,0.9995117,0.0006403923,5,0.9995117,0.006002898306732311
637,1,1,0.00021600723,0.9995117,0.0003247261,5,0.9995117,0.004919696349370595
648,0,2,0.0015077591,0.32250977,0.67626953,5,0.67626953,0.6392872133907621
654,2,0,0.9995117,6.812811e-05,0.0002090931,5,0.9995117,0.00291339964639368
656,2,2,1.3053417e-05,5.3167343e-05,1.0,5,1.0,0.0006700812469082823
663,1,1,0.00056028366,0.97802734,0.021209717,5,0.97802734,0.10765166943206766
668,2,2,2.7477741e-05,0.00019109249,1.0,5,1.0,0.0019248527164476637
670,1,2,1.5556812e-05,0.00021529198,1.0,5,1.0,0.0019900507980952437
686,1,1,6.908178e-05,1.0,0.00014269352,5,1.0,0.001925342829408096
691,0,0,0.97509766,0.00029444695,0.02470398,5,0.97509766,0.11840791009887092
692,0,2,0.0004916191,7.349253e-05,0.9995117,5,0.9995117,0.004932765767371103
697,2,2,1.347065e-05,0.0001001358,1.0,5,1.0,0.0010732222098122821
707,0,0,1.0,3.6597252e-05,0.000114798546,5,1.0,0.0014153510861719873
722,2,2,4.5776367e-05,5.6803226e-05,1.0,5,1.0,0.0010126893210202015
724,2,2,2.4020672e-05,4.9173832e-05,1.0,5,1.0,0.0007433099127475565
736,1,1,0.00013184547,1.0,5.4836273e-05,5,1.0,0.0017158989800219568
742,0,0,0.5727539,0.42651367,0.0007123947,5,0.5727539,0.6877948290808173
748,2,2,2.4020672e-05,4.631281e-05,1.0,5,1.0,0.0007177042778529607
752,2,2,1.8179417e-05,9.405613e-05,1.0,5,1.0,0.0010704849284377113
772,2,2,3.33786e-05,5.6385994e-05,1.0,5,1.0,0.0008956936248021587
773,2,2,4.1902065e-05,5.51939e-05,1.0,5,1.0,0.0009635374835444673
789,2,2,4.0471554e-05,0.0001975298,1.0,5,1.0,0.0020942205216236648
793,2,2,8.3982944e-05,6.592274e-05,1.0,5,1.0,0.001422811266691
805,2,2,1.7106533e-05,0.0041656494,0.99560547,5,0.99560547,0.02740405942314002
819,2,2,0.0007867813,0.00024044514,0.99902344,5,0.99902344,0.00860328356808235
830,2,2,3.9696693e-05,5.5611134e-05,1.0,5,1.0,0.0009471252665579099
835,2,2,3.6597252e-05,0.00024199486,0.9995117,5,0.9995117,0.0028770343224329563
836,2,2,1.9729137e-05,0.000113904476,1.0,5,1.0,0.0012480036778254884
848,2,2,3.5881996e-05,3.9815903e-05,1.0,5,1.0,0.0007706467241994097
863,2,2,3.7133694e-05,0.0001360178,1.0,5,1.0,0.0015897293235237807
870,0,2,2.5093555e-05,0.00012660027,1.0,5,1.0,0.0014019845776747245
872,2,2,0.0012149811,4.6610832e-05,0.99853516,5,0.99853516,0.01008484864015884
878,0,1,0.037475586,0.96191406,0.00084495544,5,0.96191406,0.16640266257607375
887,2,2,1.9729137e-05,6.41346e-05,1.0,5,1.0,0.0008329231045684607
889,0,0,0.9995117,0.00047373772,0.000104248524,5,0.9995117,0.0050704019970595135
915,2,2,2.5451183e-05,7.545948e-05,1.0,5,1.0,0.0009854966067988269
945,1,1,0.0004515648,0.9941406,0.005218506,5,0.9941406,0.03674659821714228
948,0,0,0.98535156,0.00198555,0.0126953125,5,0.98535156,0.08232880365997794
952,0,0,1.0,0.00011819601,3.7908554e-05,5,1.0,0.0014547878933167196
954,2,2,7.325411e-05,0.000117480755,1.0,5,1.0,0.0017606056678993883
976,2,2,3.3974648e-05,6.389618e-05,1.0,5,1.0,0.0009667209332048866
988,0,0,0.9995117,4.6610832e-05,0.0005431175,5,0.9995117,0.005036319941748286
1002,0,0,0.9975586,0.0023937225,9.0777874e-05,5,0.9975586,0.017729184951379748
1012,2,2,2.2947788e-05,0.00011366606,1.0,5,1.0,0.0012774779859675619
1056,2,2,4.7385693e-05,8.958578e-05,1.0,5,1.0,0.0013067959510336378
1057,2,2,4.208088e-05,8.416176e-05,1.0,5,1.0,0.0012136738825925118
1059,2,2,3.6597252e-05,9.2208385e-05,1.0,5,1.0,0.001230611067304385
1060,1,2,2.7537346e-05,0.014472961,0.98535156,5,0.98535156,0.07612960250852305
1061,1,2,2.7298927e-05,9.185076e-05,1.0,5,1.0,0.0011406597715516859
1063,2,2,5.0127506e-05,4.7504902e-05,1.0,5,1.0,0.0009692054465824645
1068,2,2,2.2411346e-05,7.468462e-05,1.0,5,1.0,0.0009496055075091812
1084,1,1,0.00023007393,0.9995117,0.00016605854,5,0.9995117,0.003860771081693563
1090,1,0,0.77734375,0.2220459,0.00049495697,5,0.77734375,0.533709215411407
1101,2,2,2.4855137e-05,8.499622e-05,1.0,5,1.0,0.001060186638644252
1129,2,2,0.00010514259,6.312132e-05,1.0,5,1.0,0.0015735381207749896
1133,2,2,2.783537e-05,0.00017166138,1.0,5,1.0,0.0017802727335386537
1136,2,0,0.9975586,0.0020637512,0.00026226044,5,0.9975586,0.01736171047419142
1144,0,0,0.9995117,0.00015199184,0.00037837029,5,0.9995117,0.004805865571956957
1160,2,2,6.252527e-05,0.00010091066,1.0,5,1.0,0.0015337475760437444
1173,2,2,6.169081e-05,0.00012433529,1.0,5,1.0,0.0017160808509373757
1181,1,2,4.595518e-05,0.0029296875,0.9970703,5,0.9970703,0.020472853012919425
1202,2,2,2.8967857e-05,6.812811e-05,1.0,5,1.0,0.000956323819638406
1215,2,2,1.50203705e-05,7.677078e-05,1.0,5,1.0,0.0008941968522579754
1250,0,0,0.9995117,0.00028800964,5.5491924e-05,5,0.9995117,0.0033799646479551228
1272,2,2,2.5093555e-05,0.00011432171,1.0,5,1.0,0.0013034538261374536
1278,2,2,3.5345554e-05,7.408857e-05,1.0,5,1.0,0.0010669046404655875
1288,2,2,5.298853e-05,0.00012612343,1.0,5,1.0,0.0016540627550382016
1296,2,2,3.9458275e-05,5.531311e-05,1.0,5,1.0,0.0009423242262717644
1310,0,2,0.0025234222,9.11355e-05,0.9975586,5,0.9975586,0.018381728846672628
1313,2,2,0.0003311634,0.0006337166,0.99902344,5,0.99902344,0.008296292955650063
1334,2,2,6.181002e-05,0.0001193285,1.0,5,1.0,0.0016769979715221786
1337,1,1,0.001461029,0.5859375,0.41235352,5,0.5859375,0.688040146908324
1347,0,0,1.0,3.8146973e-05,7.587671e-05,5,1.0,0.0011079066276601952
1356,0,2,0.0029678345,0.00024175644,0.99658203,5,0.99658203,0.02269793553959007
1370,2,2,5.2034855e-05,5.8174133e-05,1.0,5,1.0,0.0010805690277791873
1375,0,0,0.99853516,5.7518482e-05,0.0013513565,5,0.99853516,0.010953277309116008
1382,2,0,1.0,0.00016701221,5.0663948e-05,5,1.0,0.001953660721234214
1385,0,0,0.9975586,0.0009365082,0.0016880035,5,0.9975586,0.019745585758483206
1388,2,2,2.5391579e-05,6.908178e-05,1.0,5,1.0,0.0009304892736256878
1401,1,0,0.99658203,8.094311e-05,0.003572464,5,0.99658203,0.024303796376803834
1405,2,0,0.99316406,0.0017461777,0.004901886,5,0.99316406,0.04397021200208959
1408,2,2,5.966425e-05,0.0002913475,0.9995117,5,0.9995117,0.0034403798505510935
1414,0,0,0.9995117,2.7179718e-05,0.00036907196,5,0.9995117,0.0036912584991811636
1416,2,2,6.2048435e-05,0.00027632713,0.9995117,5,0.9995117,0.0033534847019567656
1433,0,0,1.0,4.4882298e-05,0.00017130375,5,1.0,0.0019348961452265228
1434,0,0,0.95410156,0.00046133995,0.045196533,5,0.95410156,0.1883340171684818
1438,1,0,0.9995117,0.00036859512,2.95043e-05,5,0.9995117,0.003709982992803327
1441,0,0,0.99853516,0.0010414124,0.00028157234,5,0.99853516,0.010917218298312591
1453,0,0,0.99853516,5.865097e-05,0.0011863708,5,0.99853516,0.010027665851869193
1471,0,0,0.52734375,0.07336426,0.39941406,5,0.52734375,0.8956643885813922
1492,2,2,3.761053e-05,0.00088977814,0.99902344,5,0.99902344,0.0076095483235001215
1541,2,2,3.5703182e-05,0.00010049343,1.0,5,1.0,0.001290694297091785
1548,0,0,1.0,5.1021576e-05,0.0001487732,5,1.0,0.0018154108360890354
1572,2,2,6.6280365e-05,0.00016796589,1.0,5,1.0,0.0020976417373516206
1622,1,2,0.00025749207,0.016036987,0.9838867,5,0.9838867,0.08438940921221073
1623,2,2,3.2186508e-05,7.4863434e-05,1.0,5,1.0,0.0010441270692584253
1625,2,2,4.839897e-05,5.26309e-05,1.0,5,1.0,0.0009994242426433636
1641,2,2,0.00014150143,7.045269e-05,1.0,5,1.0,0.0019277233890183808
1654,2,2,5.173683e-05,6.0141087e-05,1.0,5,1.0,0.001095108633612505
1667,2,2,3.5881996e-05,6.41346e-05,1.0,5,1.0,0.000986451288741058
1668,2,2,2.2530556e-05,0.00013399124,1.0,5,1.0,0.0014359898460164875
1669,2,2,1.0669231e-05,0.00012338161,1.0,5,1.0,0.0012326055981053334
1682,2,2,3.2007694e-05,0.00012910366,1.0,5,1.0,0.0014873744300541538
1692,2,2,3.2007694e-05,8.785725e-05,1.0,5,1.0,0.0011518336214871145
1700,1,2,0.00048017502,0.00011229515,0.9995117,5,0.9995117,0.005178625653152691
1719,2,2,0.00067329407,7.0512295e-05,0.99902344,5,0.99902344,0.006567448730816041
1731,0,0,0.91748047,0.0005726814,0.081848145,5,0.91748047,0.2881491189788988
1733,2,2,2.7537346e-05,6.41346e-05,1.0,5,1.0,0.0009083304323266452
1737,0,1,0.0001437664,0.99853516,0.001496315,5,0.99853516,0.01246886884230032
1766,0,2,0.011436462,0.18286133,0.80566406,5,0.80566406,0.5359128780756351
1800,0,0,0.51904297,0.0005707741,0.48046875,5,0.51904297,0.6968151939598635
1815,2,2,2.2232533e-05,0.000202775,1.0,5,1.0,0.0019624780167028506
1819,1,2,5.51939e-05,7.6293945e-05,1.0,5,1.0,0.001264493875369933
1842,1,2,0.20703125,0.00078868866,0.79248047,5,0.79248047,0.5160067957025254
1845,2,2,2.783537e-05,0.0003080368,0.9995117,5,0.9995117,0.00327071886649009
1853,2,2,0.001572609,0.000395298,0.9980469,5,0.9980469,0.01519991682557338
1854,2,2,1.9550323e-05,9.971857e-05,1.0,5,1.0,0.0011306977454150877
1856,0,0,1.0,0.0001360178,4.7564507e-05,5,1.0,0.0016843587305842836
1860,0,2,0.002664566,5.3346157e-05,0.9970703,5,0.9970703,0.01924504693570069
1875,2,2,7.098913e-05,0.00014448166,1.0,5,1.0,0.0019557165643469356
1880,0,0,1.0,0.00014150143,0.000101685524,5,1.0,0.0021890142124992643
1882,2,2,1.7940998e-05,8.612871e-05,1.0,5,1.0,0.0010022029051178888
1883,2,2,7.5280666e-05,7.200241e-05,1.0,5,1.0,0.0014015536399762676
1887,2,2,0.0012903214,0.0003414154,0.99853516,5,0.99853516,0.012773417235029533
1892,2,2,2.5868416e-05,0.0008087158,0.99902344,5,0.99902344,0.007007425280728047
1896,2,2,4.4703484e-05,0.0001527071,1.0,5,1.0,0.0017895614984942002
1897,0,0,1.0,7.1287155e-05,0.00015234947,5,1.0,0.0020197566886882836
1900,0,0,0.9658203,0.00036644936,0.033813477,5,0.9658203,0.1510107461920759
1908,0,0,0.7011719,0.0011396408,0.29785156,5,0.7011719,0.6173868679907553
1918,2,2,3.182888e-05,7.224083e-05,1.0,5,1.0,0.0010184452013637213
1925,0,0,1.0,2.5451183e-05,0.00013875961,5,1.0,0.0015018110171971285
1927,0,0,0.9995117,0.0001963377,0.00011956692,5,0.9995117,0.0032439401441362826
1928,0,0,0.5258789,0.46411133,0.0099105835,5,0.5258789,0.7399692238181139
1933,2,2,7.56979e-05,0.00018918514,0.9995117,5,0.9995117,0.0028283034008121442
1946,2,2,0.0023040771,0.0005669594,0.9970703,5,0.9970703,0.02115638530002165
1949,0,0,0.8911133,0.004966736,0.1038208,5,0.8911133,0.3642426803781561
1954,1,0,1.0,3.117323e-05,6.9499016e-05,5,1.0,0.0009888492366081484
1956,2,1,0.0003437996,0.9995117,0.00017356873,5,0.9995117,0.004733058519493329
1961,2,0,0.9970703,6.312132e-05,0.0026397705,5,0.9970703,0.019208300471250248
1969,0,2,0.0021820068,0.0001295805,0.9975586,5,0.9975586,0.01696858847966622
1970,2,2,4.9054623e-05,9.739399e-05,1.0,5,1.0,0.0013863517808016816
1988,2,2,4.595518e-05,0.00015628338,1.0,5,1.0,0.0018286356489781766
1997,2,2,5.978346e-05,7.31349e-05,1.0,5,1.0,0.0012778597205983966
2017,2,2,3.0219555e-05,0.00011730194,1.0,5,1.0,0.0013761671704639062
2034,2,2,0.00049066544,0.0001513958,0.9995117,5,0.9995117,0.00555854664781771
2038,1,1,0.007499695,0.9921875,0.00012588501,5,0.9921875,0.04560757247230815
2040,1,2,0.06768799,0.012641907,0.9199219,5,0.9199219,0.3143104965017606
2058,2,2,4.673004e-05,5.1140785e-05,1.0,5,1.0,0.000971269416399554
2076,2,2,3.2186508e-05,6.842613e-05,1.0,5,1.0,0.000989125927538873
2078,2,2,6.920099e-05,0.110839844,0.88916016,5,0.88916016,0.34893047677990086
2085,2,2,4.4703484e-05,8.6307526e-05,1.0,5,1.0,0.0012553566798298096
2091,2,2,4.351139e-05,9.0777874e-05,1.0,5,1.0,0.0012818408963340996
2126,2,2,9.536743e-05,4.7564507e-05,1.0,5,1.0,0.0013563197502203597
2133,2,2,3.2544136e-05,0.00024485588,0.9995117,5,0.9995117,0.002860394149454095
2134,2,2,7.2836876e-05,0.000103116035,1.0,5,1.0,0.00164050759903358
2135,2,2,2.6166439e-05,0.00011706352,1.0,5,1.0,0.001335834871967203
2144,2,1,0.0013065338,0.65966797,0.3388672,5,0.65966797,0.649814173740612
2164,2,2,6.0737133e-05,0.00018382072,0.9995117,5,0.9995117,0.002659017913378132
2167,2,2,4.452467e-05,0.0001975298,1.0,5,1.0,0.002130967814748574
2172,2,2,5.9068203e-05,4.8577785e-05,1.0,5,1.0,0.0010576276098707951
2178,1,2,1.4901161e-05,0.00032114983,0.9995117,5,0.9995117,0.0032369949934116637
2236,0,0,1.0,6.097555e-05,0.0001527071,5,1.0,0.001933605587133667
2241,2,2,5.0723553e-05,0.00022864342,0.9995117,5,0.9995117,0.0029065891747186135
2266,2,2,3.4749508e-05,8.106232e-05,1.0,5,1.0,0.0011204159394769386
2268,2,2,2.169609e-05,6.0737133e-05,1.0,5,1.0,0.0008226749327326492
2271,0,0,1.0,2.5451183e-05,0.00011211634,5,1.0,0.0012890489115710106
2282,2,2,2.3186207e-05,4.976988e-05,1.0,5,1.0,0.0007405670846385736
2286,0,0,0.9194336,0.07836914,0.0021915436,5,0.9194336,0.2902025312574396
2289,2,2,6.0141087e-05,0.00019407272,0.9995117,5,0.9995117,0.002731474413328773
2296,2,2,2.7775764e-05,5.3465366e-05,1.0,5,1.0,0.0008173159824837811
2298,0,0,0.99902344,0.00075531006,0.00012302399,5,0.99902344,0.007513141531383178
2305,1,1,0.02545166,0.9741211,0.00045013428,5,0.9741211,0.12244222360328282
2316,0,0,0.99853516,0.0009560585,0.0006136894,5,0.99853516,0.012649806428394177
2338,0,0,1.0,3.8325787e-05,6.80089e-05,5,1.0,0.0010423544778537508
2342,2,2,5.4001808e-05,7.3850155e-05,1.0,5,1.0,0.0012332198019762506
2352,2,2,4.208088e-05,0.00014007092,1.0,5,1.0,0.0016669033901336302
2392,0,0,1.0,0.00012528896,5.942583e-05,5,1.0,0.0017039670180408672
2395,0,0,0.9995117,1.8119812e-05,0.00024580956,5,0.9995117,0.0027289338256044175
2403,2,2,5.465746e-05,8.332729e-05,1.0,5,1.0,0.0013191026380568027
2416,2,2,5.4359436e-05,0.0037574768,0.99609375,5,0.99609375,0.0254141935064462
2420,0,0,0.99853516,0.00042772293,0.0009088516,5,0.99853516,0.01114661482850324
2421,1,2,0.0010480881,0.015945435,0.98291016,5,0.98291016,0.09012518088569134
2444,2,2,1.2934208e-05,4.976988e-05,1.0,5,1.0,0.0006387076976230449
2448,0,0,1.0,5.042553e-05,4.9173832e-05,5,1.0,0.0009867730077218364
2457,0,0,0.99902344,6.0081482e-05,0.00074243546,5,0.99902344,0.006909737632308252
2467,2,2,4.953146e-05,0.00022697449,0.9995117,5,0.9995117,0.002883650002584353
2472,2,2,2.3007393e-05,4.4882298e-05,1.0,5,1.0,0.0006950495856078262
2487,2,2,2.9563904e-05,7.337332e-05,1.0,5,1.0,0.0010068310134962125
2490,0,0,0.99853516,4.696846e-05,0.0012865067,5,0.99853516,0.01049461896960356
2491,0,1,0.00012266636,1.0,3.671646e-05,5,1.0,0.0014796974057264883
2502,2,0,0.64453125,0.00020170212,0.3552246,5,0.64453125,0.6524741995353092
2507,1,0,0.99853516,0.00017046928,0.0011177063,5,0.99853516,0.010539385701722043
2532,0,1,0.021331787,0.9785156,3.4868717e-05,5,0.9785156,0.10368509501651005
2533,2,2,4.005432e-05,0.00016283989,1.0,5,1.0,0.0018259714913934006
2536,2,2,1.8656254e-05,0.00018918514,1.0,5,1.0,0.001824997512735612
2537,0,0,1.0,4.452467e-05,0.000118911266,5,1.0,0.001520730391857857
2538,2,2,1.2934208e-05,7.56979e-05,1.0,5,1.0,0.0008638619370434172
2547,2,2,2.8431416e-05,0.0001295805,1.0,5,1.0,0.001457522550094605
2549,1,2,1.8835068e-05,0.000187397,1.0,5,1.0,0.0018132153329236686
2553,2,2,5.042553e-05,8.869171e-05,1.0,5,1.0,0.0013264854461859615
2554,0,0,1.0,4.249811e-05,0.00014972687,5,1.0,0.0017463874328737345
2560,0,0,1.0,2.6345253e-05,0.0001360178,5,1.0,0.001488719246249221
2561,0,0,1.0,4.3928623e-05,7.033348e-05,5,1.0,0.0011132806384296283
2565,2,2,4.863739e-05,0.0016565323,0.99853516,5,0.99853516,0.012553614340132037
2566,2,2,1.13248825e-05,0.00062942505,0.9995117,5,0.9995117,0.005256459868746496
2567,2,2,5.275011e-05,2.5689602e-05,1.0,5,1.0,0.0007911099655133892
2573,2,2,3.707409e-05,0.00013792515,1.0,5,1.0,0.0016042408111329798
2574,0,2,0.007888794,0.0006785393,0.99121094,5,0.99121094,0.051900654176055085
2579,0,0,0.9995117,0.00025177002,5.6803226e-05,5,0.9995117,0.0031299011793013663
2581,2,2,4.3988228e-05,0.00013840199,1.0,5,1.0,0.001671021663275852
2590,2,2,2.1457672e-05,6.604195e-05,1.0,5,1.0,0.0008663260289850017
2595,0,0,0.99853516,0.0012197495,9.089708e-05,5,0.99853516,0.010493068353823905
2597,2,2,4.976988e-05,4.3570995e-05,1.0,5,1.0,0.0009306265142754212
2602,2,2,0.00012910366,5.0723553e-05,1.0,5,1.0,0.0016577210173862945
2627,2,2,9.328127e-05,0.00029301643,0.9995117,5,0.9995117,0.0037375920498419475
2628,0,0,1.0,3.8206577e-05,8.8214874e-05,5,1.0,0.0012122071957860385
2634,0,0,0.9995117,3.7789345e-05,0.00030183792,5,0.9995117,0.003319591519460644
2658,2,2,0.00027632713,9.548664e-05,0.9995117,5,0.9995117,0.0036362589720715394
2661,2,1,0.0006594658,0.99902344,0.00034070015,5,0.99902344,0.008526386579424016
2664,0,0,1.0,3.1471252e-05,9.459257e-05,5,1.0,0.0012027330046724936
2669,2,2,4.082918e-05,4.10676e-05,1.0,5,1.0,0.0008274190391515327
2697,2,2,4.1007996e-05,0.000105559826,1.0,5,1.0,0.0013807825835282488
2756,2,2,3.8981438e-05,0.00025129318,0.9995117,5,0.9995117,0.0029668784740755024
2763,2,0,1.0,4.7266483e-05,7.903576e-05,5,1.0,0.0012173013955691404
2764,0,0,1.0,7.903576e-05,7.43866e-05,5,1.0,0.0014536774549453024
2777,2,2,2.9683113e-05,6.4492226e-05,1.0,5,1.0,0.0009317277267438871
2778,2,2,0.00017249584,0.29125977,0.7084961,5,0.7084961,0.6049305523809586
2779,0,0,0.9995117,0.00038814545,0.000120937824,5,0.9995117,0.004627613215794349
2783,2,2,4.1484833e-05,0.0008158684,0.99902344,5,0.99902344,0.00719652282066045
2787,0,0,0.99560547,7.337332e-05,0.004211426,5,0.99560547,0.028119676598624046
2790,2,2,1.7344952e-05,7.456541e-05,1.0,5,1.0,0.0008987962528936907
2806,2,2,5.2571297e-05,7.998943e-05,1.0,5,1.0,0.0012725924460985911
2808,2,2,0.0003812313,0.015838623,0.9838867,5,0.9838867,0.08463977493773786
2818,2,0,1.0,2.9087067e-05,0.0002014637,5,1.0,0.002018256932184282
2821,2,2,3.5643578e-05,0.02357483,0.9765625,5,0.9765625,0.11187418909726499
2823,0,0,1.0,1.9550323e-05,9.590387e-05,5,1.0,0.0010992930954938094
2828,2,1,0.0021266937,0.69873047,0.2993164,5,0.69873047,0.6246255988601096
2844,2,2,7.5280666e-05,4.5478344e-05,1.0,5,1.0,0.0011694412198805845
2846,2,2,4.0352345e-05,0.00012934208,1.0,5,1.0,0.0015662855105678275
2852,2,2,8.267164e-05,0.00025367737,0.9995117,5,0.9995117,0.003365654998981379
2865,2,2,0.00019788742,3.4809113e-05,1.0,5,1.0,0.002044884287559824
2873,0,2,0.000121712685,5.340576e-05,1.0,5,1.0,0.0016224836327203792
2879,2,2,5.9902668e-05,0.00016570091,1.0,5,1.0,0.002024901492752535
2881,2,2,1.6987324e-05,0.00034284592,0.9995117,5,0.9995117,0.003410056678487176
2890,2,2,5.096197e-05,5.5730343e-05,1.0,5,1.0,0.001049607985877092
2899,2,2,7.843971e-05,0.000105559826,1.0,5,1.0,0.0017080350447468712
2900,0,0,1.0,8.201599e-05,7.033348e-05,5,1.0,0.0014442025467821132
2903,2,2,6.920099e-05,6.1929226e-05,1.0,5,1.0,0.0012629057318105175
2904,2,2,2.7239323e-05,0.00012075901,1.0,5,1.0,0.0013757616150394374
2921,0,0,1.0,7.1287155e-05,3.7312508e-05,5,1.0,0.0010611515041994072
2924,0,0,1.0,4.8995018e-05,4.965067e-05,5,1.0,0.0009782792608082585
2926,2,2,0.000115036964,5.8412552e-05,1.0,5,1.0,0.001612819205934598
2928,2,2,1.835823e-05,0.000121712685,1.0,5,1.0,0.0012973039975211482
2939,2,2,0.00010186434,7.9512596e-05,1.0,5,1.0,0.001686890340626813
2943,2,2,1.8715858e-05,0.00010210276,1.0,5,1.0,0.0011420198935265223
2944,1,2,4.416704e-05,0.031204224,0.96875,5,0.96875,0.13939077977743064
2946,1,1,9.262562e-05,0.6225586,0.3774414,5,0.6225586,0.6636578722283505
2948,2,2,2.5689602e-05,8.714199e-05,1.0,5,1.0,0.0010861251555430787
2953,2,2,1.1920929e-05,6.8843365e-05,1.0,5,1.0,0.0007949226851703725
2976,2,0,0.99658203,3.1113625e-05,0.0035438538,5,0.99658203,0.02373135365489292
2988,2,2,5.5611134e-05,0.000106573105,1.0,5,1.0,0.001519619367940836
2991,2,2,2.515316e-05,0.00012266636,1.0,5,1.0,0.001371123657950713
2995,2,2,4.929304e-05,7.1525574e-05,1.0,5,1.0,0.0011716191267108966
2997,2,2,0.054473877,0.0003657341,0.9453125,5,0.9453125,0.21457921846529682
3008,0,2,0.0018167496,0.0001885891,0.9980469,5,0.9980469,0.015033493419387827
3014,0,0,0.9995117,0.00018024445,0.00020694733,5,0.9995117,0.0037976473637083303
3020,0,0,1.0,5.3703785e-05,0.00013959408,5,1.0,0.001767161854495713
3023,2,2,5.120039e-05,0.004547119,0.99560547,5,0.99560547,0.029414509149753968
3028,2,2,6.914139e-05,0.0014467239,0.99853516,5,0.99853516,0.011585433830503311
3030,2,2,5.507469e-05,0.00013136864,1.0,5,1.0,0.001714215217202322
3040,2,2,5.0127506e-05,0.000111699104,1.0,5,1.0,0.001512738006197542
3042,2,2,0.037963867,0.00016319752,0.96191406,5,0.96191406,0.1629588369591095
3053,0,0,0.99902344,6.222725e-05,0.00080156326,5,0.99902344,0.007293038074002852
3070,2,2,0.0024871826,7.611513e-05,0.9975586,5,0.9975586,0.01807488804217825
3072,0,0,0.9995117,6.681681e-05,0.00041556358,5,0.9995117,0.004366053956012802
3087,2,0,0.98583984,4.6014786e-05,0.014022827,5,0.98583984,0.0743553244615548
3093,0,0,1.0,9.8347664e-05,9.030104e-05,5,1.0,0.0017483700019128026
3137,2,2,2.6881695e-05,0.000112354755,1.0,5,1.0,0.0013046419051655751
3148,0,0,0.89208984,0.00017690659,0.107788086,5,0.89208984,0.3435022577132009
3151,2,2,4.2140484e-05,8.803606e-05,1.0,5,1.0,0.0012466043297699148
3213,2,2,2.604723e-05,6.2286854e-05,1.0,5,1.0,0.0008781150709212602
3217,2,2,3.927946e-05,7.1406364e-05,1.0,5,1.0,0.0010802079894776748
3218,2,2,5.8412552e-05,0.000119149685,1.0,5,1.0,0.0016459372648229224
3220,0,0,1.0,5.6266785e-05,0.00010329485,5,1.0,0.0014986255251293107
3221,2,2,5.6147575e-05,4.440546e-05,1.0,5,1.0,0.0009945840045753303
3222,0,0,1.0,2.6285648e-05,0.0002169609,5,1.0,0.0021074585836639063
3225,2,2,6.854534e-05,6.2167645e-05,1.0,5,1.0,0.0012593494133708912
3271,2,2,5.8829784e-05,0.00024819374,0.9995117,5,0.9995117,0.0031215645032692317
3296,0,0,1.0,3.0100346e-05,6.145239e-05,5,1.0,0.0009092929688565234
3300,0,0,0.9980469,0.0019893646,9.149313e-05,5,0.9980469,0.015175737064471475
3329,2,0,0.9995117,5.3465366e-05,0.00024056435,5,0.9995117,0.003018599538314794
3337,0,0,1.0,4.3034554e-05,4.428625e-05,5,1.0,0.000876610601940298
3341,2,2,5.620718e-05,0.0013303757,0.99853516,5,0.99853516,0.010823975130289074
3343,2,2,3.6358833e-05,7.557869e-05,1.0,5,1.0,0.00108892983322748
3345,2,2,5.8948994e-05,0.0008010864,0.99902344,5,0.99902344,0.00726155664500145
3348,0,0,1.0,4.1007996e-05,0.00019490719,5,1.0,0.002079341855809432
3351,2,2,2.861023e-05,6.264448e-05,1.0,5,1.0,0.0009055884316312129
3352,0,0,1.0,4.8160553e-05,4.3153763e-05,5,1.0,0.0009124899151369997
3358,2,2,1.8179417e-05,0.00018811226,1.0,5,1.0,0.0018121480314216498
3366,2,1,0.00015795231,0.99902344,0.00076675415,5,0.99902344,0.007858865460202317
3372,1,1,0.27954102,0.7192383,0.0011644363,5,0.7192383,0.6012051012565213
3377,0,0,0.98828125,0.011245728,0.00033020973,5,0.98828125,0.06476491154953622
3382,2,2,5.7697296e-05,3.7312508e-05,1.0,5,1.0,0.0009435880501627863
3392,2,2,0.0001270771,6.514788e-05,1.0,5,1.0,0.0017679233384668704
3411,0,0,1.0,7.1406364e-05,3.3557415e-05,5,1.0,0.0010274423466203667
3412,2,2,2.849102e-05,0.00020623207,1.0,5,1.0,0.0020483749876656866
3416,2,2,3.6418438e-05,3.1769276e-05,1.0,5,1.0,0.0007012470267454108
3417,0,0,0.9995117,0.00057792664,0.0001296997,5,0.9995117,0.005958088323022208
3426,1,2,0.36865234,0.015106201,0.61621094,5,0.61621094,0.7295619911870377
3433,2,2,8.028746e-05,7.843971e-05,1.0,5,1.0,0.001498607201992188
3447,0,2,3.0755997e-05,0.0026931763,0.9970703,5,0.9970703,0.019180557108624888
3456,2,2,2.8789043e-05,6.401539e-05,1.0,5,1.0,0.0009191616699402315
3462,2,1,0.000102460384,0.6591797,0.34057617,5,0.6591797,0.6425005450306753
3463,1,2,3.874302e-05,4.3213367e-05,1.0,5,1.0,0.0008278399997952727
3467,2,2,1.5377998e-05,0.00022292137,1.0,5,1.0,0.0020449047967610215
3478,2,2,1.92523e-05,7.56979e-05,1.0,5,1.0,0.0009273183767082112
3485,2,2,6.66976e-05,7.647276e-05,1.0,5,1.0,0.0013661730685320269
3487,2,2,4.351139e-05,0.00013184547,1.0,5,1.0,0.0016148542088077768
3500,0,0,1.0,5.1915646e-05,6.0379505e-05,5,1.0,0.0010987725559944712
3512,2,2,2.43783e-05,0.00017035007,1.0,5,1.0,0.0017371809795952114
3516,2,2,2.259016e-05,4.7683716e-05,1.0,5,1.0,0.0007161663135131661
3530,2,2,1.7762184e-05,0.00016927719,1.0,5,1.0,0.0016642891096394674
3531,0,0,1.0,0.00013291836,4.673004e-05,5,1.0,0.00165235042468414
3532,2,2,1.347065e-05,0.00010955334,1.0,5,1.0,0.0011501010542403687
3539,2,2,4.220009e-05,0.00011795759,1.0,5,1.0,0.0014920334972589292
3541,0,0,1.0,2.849102e-05,0.00013899803,5,1.0,0.0015326333440493244
3547,2,2,0.002445221,0.0010318756,0.99658203,5,0.99658203,0.025212317232255338
3593,2,2,3.4093857e-05,6.645918e-05,1.0,5,1.0,0.0009899685311580554
3614,0,0,0.9995117,0.000118136406,0.0004682541,5,0.9995117,0.005146437308120917
3623,0,2,0.034454346,0.0002014637,0.96533203,5,0.96533203,0.15182078133338084
3627,2,2,7.659197e-05,0.00010973215,1.0,5,1.0,0.0017263428835545694
3628,2,2,2.3901463e-05,0.00031542778,0.9995117,5,0.9995117,0.0032853764097489266
3636,2,2,3.3199787e-05,4.297495e-05,1.0,5,1.0,0.000774496839225495
3666,2,1,0.020751953,0.94091797,0.03845215,5,0.94091797,0.26300766789577873
3701,2,2,2.6464462e-05,0.00016224384,1.0,5,1.0,0.0016947339883435532
3709,2,2,0.0010919571,0.00012373924,0.99902344,5,0.99902344,0.00953631751049432
3724,2,2,1.9669533e-05,0.00018918514,1.0,5,1.0,0.0018349911301854466
3732,0,0,1.0,6.80089e-05,6.341934e-05,5,1.0,0.0012655996537855355
3734,1,0,0.99902344,0.00018334389,0.00065374374,5,0.99902344,0.00734736969114244
3737,0,0,1.0,3.2305717e-05,0.00012731552,5,1.0,0.001475922516541056
3740,2,2,5.5611134e-05,6.0737133e-05,1.0,5,1.0,0.0011345234557473185
3832,0,0,1.0,7.3969364e-05,2.9802322e-05,5,1.0,0.0010141539383836337
3838,2,2,1.0728836e-05,0.00012242794,1.0,5,1.0,0.0012255949205982456
3871,0,0,1.0,3.2305717e-05,8.511543e-05,5,1.0,0.001131709156727302
3951,0,0,1.0,4.976988e-05,0.00011706352,5,1.0,0.0015528768893179172
3972,2,2,0.00012683868,8.2194805e-05,1.0,5,1.0,0.001911230772333484
3989,0,0,1.0,0.00015413761,6.4373016e-05,5,1.0,0.00197422040204705
3991,2,2,3.170967e-05,2.9981136e-05,1.0,5,1.0,0.0006407287425866381
3993,0,0,0.6191406,0.0007638931,0.38012695,5,0.6191406,0.6699904942402738
3995,2,2,4.082918e-05,0.00016248226,1.0,5,1.0,0.0018302725765497328
3996,0,0,0.99609375,0.0015516281,0.0023288727,5,0.99609375,0.02805373042573606
3999,0,0,0.9995117,0.00052928925,9.417534e-05,5,0.9995117,0.005354164457614383
4005,2,2,2.7120113e-05,9.7990036e-05,1.0,5,1.0,0.0011896855686081528
4017,0,0,1.0,2.270937e-05,0.000116586685,5,1.0,0.001298736314904048
4021,2,2,0.00026583672,5.8174133e-05,0.9995117,5,0.9995117,0.0032440338588072617
4024,1,2,4.3570995e-05,0.00011521578,1.0,5,1.0,0.0014823593240756137
4026,0,0,1.0,4.208088e-05,0.00015962124,5,1.0,0.0018195251546439823
4029,2,2,2.0682812e-05,3.7372112e-05,1.0,5,1.0,0.000604082302075339
4038,2,2,3.5226345e-05,0.0003452301,0.9995117,5,0.9995117,0.0036013141990030298
4040,0,0,1.0,4.708767e-05,5.966425e-05,5,1.0,0.0010494988547025388
4041,2,2,4.6670437e-05,6.777048e-05,1.0,5,1.0,0.0011159710975069046
4042,2,2,0.00010514259,0.00014197826,0.9995117,5,0.9995117,0.0027092113755025015
4049,0,0,0.99902344,0.0007839203,4.1484833e-05,5,0.99902344,0.007000645908530569
4053,2,0,0.99853516,0.0011291504,0.00021290779,5,0.99853516,0.01092656956676602
4060,1,2,3.695488e-05,8.028746e-05,1.0,5,1.0,0.0011342570734458775
4075,2,2,6.991625e-05,9.590387e-05,1.0,5,1.0,0.0015562918862600137
4082,2,0,0.8022461,0.008911133,0.18896484,5,0.8022461,0.5336835277730464
4086,2,2,2.3305416e-05,6.9737434e-05,1.0,5,1.0,0.000916035957970243
4087,2,2,2.6464462e-05,3.8981438e-05,1.0,5,1.0,0.0006746838177449578
4096,2,2,5.2571297e-05,6.711483e-05,1.0,5,1.0,0.0011629163586207524
4100,0,0,0.99902344,0.0010099411,0.0001399517,5,0.99902344,0.009184479844955564
4108,1,1,0.00013029575,0.9536133,0.046325684,5,0.9536133,0.18877461454342082
4117,1,2,0.00020587444,0.22265625,0.77734375,5,0.77734375,0.5319969007768692
4121,2,2,3.9756298e-05,0.00015592575,1.0,5,1.0,0.0017697058113932973
32,2,0,0.99902344,9.673834e-05,0.0010137558,5,0.99902344,0.008859210924232187
122,1,1,4.8816204e-05,1.0,6.592274e-05,5,1.0,0.0011192603410155615
127,1,1,5.1915646e-05,0.99902344,0.00084733963,5,0.99902344,0.007481856812000892
189,2,2,2.2828579e-05,0.0034446716,0.99658203,5,0.99658203,0.023190582616977096
190,0,0,0.9995117,0.00022912025,8.815527e-05,5,0.9995117,0.0032315517873751478
215,0,0,0.99853516,0.00026082993,0.0010795593,5,0.99853516,0.010990729848564995
254,0,0,1.0,4.7922134e-05,0.0001219511,5,1.0,0.0015756402834354469
266,2,2,3.618002e-05,0.00019788742,1.0,5,1.0,0.002057559958393266
344,2,2,4.887581e-05,7.098913e-05,1.0,5,1.0,0.0011633104373709926
434,2,2,3.761053e-05,0.00010865927,1.0,5,1.0,0.0013749496477797696
440,2,2,3.71933e-05,6.556511e-05,1.0,5,1.0,0.0010109024180420243
466,0,0,0.8491211,0.15075684,8.755922e-05,5,0.8491211,0.4249398483879279
498,0,0,0.9995117,0.00026369095,0.00025367737,5,0.9995117,0.004761495830680291
502,1,1,0.00017428398,1.0,2.6464462e-05,5,1.0,0.0017873249566524205
581,2,2,2.4080276e-05,6.2286854e-05,1.0,5,1.0,0.0008592434364437648
582,1,1,0.00094747543,0.9897461,0.009399414,5,0.9897461,0.06066527653899875
685,2,2,6.514788e-05,3.159046e-05,1.0,5,1.0,0.0009553117422733922
705,0,0,1.0,0.0001320839,5.6684017e-05,5,1.0,0.0017340404185412985
710,0,2,0.0025138855,0.34765625,0.64990234,5,0.64990234,0.662425517736793
726,2,2,4.8160553e-05,4.416704e-05,1.0,5,1.0,0.0009216490186083869
797,0,0,1.0,6.854534e-05,9.1314316e-05,5,1.0,0.0015065467424526856
803,2,2,5.596876e-05,0.00016129017,1.0,5,1.0,0.0019564093216206725
833,2,2,3.7789345e-05,4.184246e-05,1.0,5,1.0,0.0008066660640706861
839,2,0,1.0,0.00011456013,6.502867e-05,5,1.0,0.0016664864171609826
841,2,2,4.3332577e-05,0.00023591518,0.9995117,5,0.9995117,0.0028938986817942944
854,1,1,5.5730343e-05,0.9995117,0.00020742416,5,0.9995117,0.002793170039530662
886,2,2,4.428625e-05,5.38826e-05,1.0,5,1.0,0.0009735584738518226
893,2,2,1.9669533e-05,0.00019848347,1.0,5,1.0,0.001905180529690629
1035,2,2,5.8174133e-05,0.00013709068,1.0,5,1.0,0.0017867216960153027
1044,0,0,1.0,3.4928322e-05,7.516146e-05,5,1.0,0.0010721654613677421
1065,2,2,4.863739e-05,3.6537647e-05,1.0,5,1.0,0.0008563349113488784
1167,1,1,0.00018286705,0.9995117,7.921457e-05,5,0.9995117,0.002810122890310595
1209,2,2,3.325939e-05,6.9618225e-05,1.0,5,1.0,0.0010093626921473624
1210,1,1,7.9512596e-05,1.0,0.000113248825,5,1.0,0.0017795368321955173
1276,1,1,0.00022602081,0.9995117,0.0003156662,5,0.9995117,0.004930129193679652
1298,2,2,1.4126301e-05,0.000110805035,1.0,5,1.0,0.001166938336214781
1437,2,2,0.00030469894,3.427267e-05,0.9995117,5,0.9995117,0.0033074430414978474
1444,0,0,1.0,4.208088e-05,7.110834e-05,5,1.0,0.001103180963820436
1457,0,0,1.0,4.2319298e-05,5.441904e-05,5,1.0,0.0009604961198810703
1565,2,2,4.130602e-05,6.937981e-05,1.0,5,1.0,0.0010813388504756643
1588,2,2,9.536743e-06,0.00010454655,1.0,5,1.0,0.0010685091016772964
1659,2,2,2.527237e-05,6.5386295e-05,1.0,5,1.0,0.000897538113216944
1709,2,2,3.504753e-05,0.000118911266,1.0,5,1.0,0.0014341627144982868
1782,2,2,3.707409e-05,5.9068203e-05,1.0,5,1.0,0.0009533881493193773
1796,0,0,1.0,8.2194805e-05,0.0001026988,5,1.0,0.0017163147373039649
1818,1,0,1.0,8.2194805e-05,4.7922134e-05,5,1.0,0.0012497890653152474
1827,2,2,1.5974045e-05,0.0008482933,0.99902344,5,0.99902344,0.007151880296902147
1852,2,2,3.0100346e-05,7.7843666e-05,1.0,5,1.0,0.001049837893279849
1861,0,0,0.9995117,2.0682812e-05,0.00022780895,5,0.9995117,0.002621904258842507
1996,0,0,1.0,5.26309e-05,5.7518482e-05,5,1.0,0.0010801067175150946
2098,2,2,4.053116e-05,6.66976e-05,1.0,5,1.0,0.0010512296384811884
2105,2,2,3.2424927e-05,0.00058317184,0.9995117,5,0.9995117,0.005166241119291653
2141,2,2,1.424551e-05,9.2089176e-05,1.0,5,1.0,0.0010147286030090647
2171,2,2,7.498264e-05,9.012222e-05,1.0,5,1.0,0.0015516334945527952
2246,2,2,0.00020897388,0.00016438961,0.9995117,5,0.9995117,0.0036912506731280365
2264,2,2,0.0003504753,0.0007405281,0.99902344,5,0.99902344,0.009102377098038713
2265,2,2,2.5749207e-05,6.645918e-05,1.0,5,1.0,0.0009113603262127045
2290,0,0,0.9995117,9.9122524e-05,0.00038218498,5,0.9995117,0.0044096517036973995
2297,2,2,3.3080578e-05,8.904934e-05,1.0,5,1.0,0.0011717805412628211
2318,0,0,1.0,5.26309e-05,8.994341e-05,5,1.0,0.0013564730033029245
2328,2,2,3.3199787e-05,8.684397e-05,1.0,5,1.0,0.0011545007917341426
2404,0,0,0.9995117,0.00032043457,0.00033974648,5,0.9995117,0.0057800043724967306
2451,2,2,4.0233135e-05,0.0040779114,0.99609375,5,0.99609375,0.026743166079449744
2486,2,0,1.0,4.2796135e-05,0.00013899803,5,1.0,0.001664937570182726
2492,0,0,1.0,7.766485e-05,3.6358833e-05,5,1.0,0.0011066135026847799
2534,2,2,3.1411648e-05,5.054474e-05,1.0,5,1.0,0.000825707891908595
2572,2,2,4.0769577e-05,8.201599e-05,1.0,5,1.0,0.0011837368729466604
2587,2,2,0.00013029575,5.8054924e-05,1.0,5,1.0,0.001731861923831885
2656,0,0,1.0,3.4749508e-05,6.28829e-05,5,1.0,0.0009651292225145306
2676,2,2,0.0001333952,5.531311e-05,1.0,5,1.0,0.0017323846987296343
2691,2,2,0.00018024445,8.833408e-05,0.9995117,5,0.9995117,0.0028666478669266437
2692,2,2,1.2099743e-05,5.477667e-05,1.0,5,1.0,0.0006744794071514727
2693,2,2,2.1874905e-05,0.0001360178,1.0,5,1.0,0.0014456504977232625
2705,0,0,1.0,5.3584576e-05,5.4955482e-05,5,1.0,0.0010660216906547022
2730,1,1,4.7922134e-05,1.0,7.468462e-05,5,1.0,0.0011863012474450062
2797,2,2,3.784895e-05,4.9114227e-05,1.0,5,1.0,0.000872654514104734
2800,2,2,4.529953e-05,6.920099e-05,1.0,5,1.0,0.0011159369493009361
2898,2,2,0.00010430813,0.00012409687,1.0,5,1.0,0.0020724966076630887
2906,2,2,6.312132e-05,0.000105559826,1.0,5,1.0,0.0015769420203521226
3189,2,2,0.00033140182,9.6440315e-05,0.9995117,5,0.9995117,0.004035175138534807
3297,2,2,3.439188e-05,0.0001937151,1.0,5,1.0,0.002009563110414334
3301,0,0,1.0,5.6147575e-05,4.261732e-05,5,1.0,0.0009784146445668343
3370,0,0,1.0,5.7518482e-05,7.587671e-05,5,1.0,0.0012813730680943595
3525,0,0,1.0,4.8220158e-05,5.38826e-05,5,1.0,0.001008891582131364
3626,2,2,8.958578e-05,7.981062e-05,1.0,5,1.0,0.0015880489489331336
3684,2,2,4.7922134e-05,4.839897e-05,1.0,5,1.0,0.0009575240503790815
3726,0,0,1.0,0.00017404556,3.9577484e-05,5,1.0,0.0019077788912504042
3765,2,2,4.0113926e-05,8.9764595e-05,1.0,5,1.0,0.001242560053830573
3919,1,1,5.8412552e-05,1.0,0.00013494492,5,1.0,0.0017718504948207735
4023,1,0,0.99853516,0.0002374649,0.0013093948,5,0.99853516,0.012137539490276714
4054,2,2,2.1159649e-05,0.00042796135,0.9995117,5,0.9995117,0.004035403487815484
4070,2,2,1.758337e-05,0.00027632713,0.9995117,5,0.9995117,0.0029448971051530127
4097,2,0,0.9995117,8.279085e-05,0.0006337166,5,0.9995117,0.0059329791260192295
190,0,0,1.0,0.00018203259,4.631281e-05,5,1.0,0.00202974786027985
265,0,0,0.9995117,0.00020456314,0.00011521578,5,0.9995117,0.0032707275246962554
466,0,0,0.91308594,0.08685303,5.8710575e-05,5,0.91308594,0.2958232700641954
710,0,1,0.025909424,0.89208984,0.08178711,5,0.89208984,0.401282438068423
850,0,0,1.0,3.296137e-05,6.514788e-05,5,1.0,0.0009681177751240387
1422,0,0,1.0,5.13196e-05,4.9054623e-05,5,1.0,0.0009936543855927989
1756,0,0,1.0,0.00018382072,2.4676323e-05,5,1.0,0.0018429505957952225
1890,0,0,1.0,3.7431717e-05,4.5478344e-05,5,1.0,0.0008362461531794657
2656,0,0,1.0,4.3332577e-05,5.0663948e-05,5,1.0,0.0009364267600860344
2674,0,0,1.0,4.208088e-05,5.1259995e-05,5,1.0,0.0009303804376688394
3253,0,0,1.0,5.2452087e-05,9.590387e-05,5,1.0,0.001404265687702359
3461,0,0,1.0,7.408857e-05,3.4868717e-05,5,1.0,0.0010624905060714013
3482,0,0,1.0,0.000111460686,0.00012934208,5,1.0,0.0021725032674550842
3525,0,0,1.0,8.4638596e-05,3.772974e-05,5,1.0,0.0011779460213199601
229,1,1,0.00014960766,1.0,3.6478043e-05,5,1.0,0.0016904304355375261
582,1,1,0.01020813,0.9892578,0.00047922134,5,0.9892578,0.06114704520919585
623,1,1,0.00026607513,0.9995117,0.00011014938,5,0.9995117,0.0036823053230154758
1818,1,0,1.0,6.777048e-05,4.9352646e-05,5,1.0,0.0011399613090994974
1957,1,1,8.529425e-05,1.0,0.0001527071,5,1.0,0.0021409918278295606
2907,1,1,9.983778e-05,1.0,3.4332275e-05,5,1.0,0.0012726180562315555
3682,1,1,0.0003426075,0.9995117,0.00010740757,5,0.9995117,0.004203405215756432
4023,1,0,0.9995117,0.00011384487,0.00027632713,5,0.9995117,0.0037861727078557137
275,2,2,6.0379505e-05,4.7922134e-05,1.0,5,1.0,0.001063208822627663
1782,2,2,3.1471252e-05,4.9829483e-05,1.0,5,1.0,0.0008199006092525734
2328,2,2,3.093481e-05,7.921457e-05,1.0,5,1.0,0.0010692665051363743
497,2,2,5.7697296e-05,4.7564507e-05,1.0,5,1.0,0.0010365726219893484
3537,2,2,2.6881695e-05,0.00022828579,0.9995117,5,0.9995117,0.002685241781116583
2446,2,2,0.0003874302,0.00016963482,0.9995117,5,0.9995117,0.005004568858968739
2098,2,2,3.862381e-05,6.401539e-05,1.0,5,1.0,0.0010106386947145488
1709,2,2,3.761053e-05,0.00012981892,1.0,5,1.0,0.0015449821434723962
