ID,Target,Text,True_Label_ID,Predicted_Label_ID,True_Label,Predicted_Label,Confidence,Entropy,Prob_Against,Prob_None,Prob_Favor
2,Women empowerment,الوضع صار بالسعوديه يفشل لا عاد فيه شركات صاحيه ولا مشاهير صاحين.  الوضع الحالي اقبح صور تسليع المرأه تحت مسمى تمكين المرأه!  #مقاطعة_شاهي_خدير,0,0,Against,Against,0.8520153377558632,0.48660308944721314,0.8520153377558632,0.12286400884124132,0.025120621849912175
17,Women empowerment,انا مع تمكين المرأة اصلا URL,2,2,Favor,Favor,0.3811260538150225,1.0802794487578375,0.37336782989162176,0.24550609371289098,0.3811260538150225
64,Women empowerment,"من أسباب ""تمكين"" المرأة المزعوم: ١-أن تستفيد الدولة الرأسمالية من الضرائب والأجور التي ستدفعها المرأة بجانب الرجل  أي ستتضاعف الضرائب والعائدات لخزينة الدولة من المواطن ٢-إلغاء الأسرة وترسية قيم الفردية والأنانية وأبوية النظام (النظام هو الأب والأسرة) بلغوا من تتشدق بـ ""أنا حرة""",0,0,Against,Against,0.763040474885064,0.6731394989962818,0.763040474885064,0.18424534195603331,0.052714179986894816
65,Women empowerment,✴️تمكين المرأة اليوم: ١-تمكين الوصول إلى واستغلال وامتهان وتسليع جسدها ٢-تمكين الوصول إلى مالها (الدولة) ٣-تمكين استغلال جهدها الجسدي والعقلي (استعباد) ٤-تمكين عزلها عن تكوين وإدارة وتربية أسرة ٥-تمكين الانفراد بها فكرياً ٦-تمكين تمردها وضلالها ٧-تمكين الشياطين والدجال منها,0,0,Against,Against,0.8242932062857999,0.5540537543958471,0.8242932062857999,0.13960962584767547,0.03609720722501632
102,Women empowerment,تمكين المرأة كرامة ومساواة ,2,2,Favor,Favor,0.8361011423039244,0.54133177418906,0.04391013378681579,0.11998868934339593,0.8361011423039244
116,Women empowerment, تمكين المرأه  واخر شي جامعيه كاشير ؟ لو ما انتي محتاجه اجلسي ببيتك اعز لك واكرم  ايش الشيء الي بتجنينه من الكاشير لا هو مجال دراستك ولا فيه تطوير لك,0,0,Against,Against,0.7670037103298979,0.6549977990600565,0.7670037103298979,0.18952223490783937,0.043474099658801287
136,Women empowerment, تمكين المرأة في الحياة العامة وخروجها من منزلها فهذا يعني انتكاسة للمجتمع .. تمكين المرأة لتصبح قائدة ويتحول الرجل المسئول عن القوامة وقيادة المجتمع الى حبيس المنزل، من سيربي اجيال المستقبل وكيف تستقيم الحياة اذا كانت المرأة تعمل والرجل عاطل..ا,0,0,Against,Against,0.9268683496676007,0.3120641834924457,0.9268683496676007,0.039830936207820904,0.03330066621697361
151,Women empowerment,#تمكين المرأة هو ناتج عن #الجهل  والاستغلال والمتاجرة بالمرأة  وهن يصدقوا العوبيطيات,0,0,Against,Against,0.7941452966796142,0.6100169016921934,0.7941452966796142,0.040168021930742766,0.16568667303592813
156,Women empowerment,تمكين المراة  هو تسليع المرأة اخراجها من بيتها واقحامها بين الرجال تغسل سياراتهم وتوصل طلباتهم وبيجي يوم ويتم ابدال عمال النظافة بالحريم بحجة التطوع والعمل البيئي URL,0,0,Against,Against,0.8756294204755479,0.46097682559868747,0.8756294204755479,0.0552558123090395,0.06911472767315582
158,Women empowerment, #تمكين_المرأة يوحي بأن الرجل كان مغتصب حقوقها ..!! 🙄  جعلتوا التفرقة العنصرية تصل إلى داخل بيوتنا بين الرجل والمرأة ..!!  🙄,0,0,Against,Against,0.9246687546849206,0.3193878500197398,0.9246687546849206,0.036382681235222966,0.03894858807130228
226,Women empowerment,"  يا رجال، الله سبحانه وتعالى قال ""وَقَرْنَ فِيْ بُيُوْتِكُنَّ"" وهذولا صاروا يتبعون خطوات الغرب، ومما أراه أمامي في عملي أن ""تمكين المرأة"" كذب رأسمالي هدفه القضاء على ما تبقى من الأسرة الطبيعية وتحميل المرأة ما لا تطيق وفتح أبواب الفسا",0,0,Against,Against,0.8949516068425369,0.4083334956647122,0.8949516068425369,0.04732028738142439,0.05772812079629639
259,Women empowerment,كره عظيم لكلمة تمكين المرأه 😕,0,0,Against,Against,0.6957000790074594,0.7496325982699487,0.6957000790074594,0.2547761343557106,0.049523752322374465
268,Women empowerment,  ضد تمكين المرأه وضد اي شيء متعلق بالمرأه 😅,0,0,Against,Against,0.6943631219415264,0.8075530280961867,0.6943631219415264,0.2073082428559562,0.098328663178293
270,Women empowerment,  تزوجوا قبلنا اقل من 20 وناضجين وفاهمين ان الحياة فيها صعوبات وعواصف لكن هذا جيل معرض للتسطيح من تلفزيون وسائل تواصل والنتيجة على ماقال ازمة فكر كل بلشان بالمسؤوليه يبي الهروب في اتفه سبب والنتيجه الطلاق وضياع الاسرة زد عليها موضوع تمكين ,0,0,Against,Against,0.8695643821516373,0.4773256115858353,0.8695643821516373,0.060800442930215755,0.06963517466931632
280,Women empowerment,تمكين المرأة السعودية يسير بقوة وثبات، ومشاهدة المرأة السعودية سفيرة ونائبة وزير ومجندة في القطاعات الأمنية والعسكرية، وفي خدمة الحرمين الشريفين وقاصيهما يدعوا للفخر. شكرًا للقيادة الرشيدة وللوطن الكبير العظيم 💚🇸🇦💚,2,2,Favor,Favor,0.9421998499122823,0.23584195737988364,0.004166786918556967,0.05363333311357483,0.9421998499122823
355,Women empowerment,"أحيي كلَّ نساء العالم ممَّن أعانوا أسرهن ومجتمعاتهن على النهوض  والصمود في مواجهة التَّحديات، أقول لهن ""شكرًا على ما قدمتموه"" وأدعو الجميع لبذل المزيد من أجل تمكين المرأة من العمل والمشاركة في الحياة العامة وتجريم تعريضها لأي عنفٍ أو ظلمٍ أو تهميشٍ، وضمان حصولها على حقوقها كاملة",2,2,Favor,Favor,0.8885127964308951,0.3966609044696877,0.016677451283657403,0.09480977398875372,0.8885127964308951
380,Women empowerment, تمكين المرأة وتحقيق مبدأ المساواة، بالعمل على بناء مستقبل التوازن، يتيح لها فرصة المشاركة الفاعلة في الحياة العامة، والتنافس مع الرجل في مسيرة التنمية، ويجعلها قادرة على العطاء والإنجاز أكثر فأكثر ،، يستاهلون بنات الوطن كل خير  💚🇸🇦💚🇸🇦💚,2,2,Favor,Favor,0.906929152436839,0.3335174532614851,0.006641274854771602,0.0864295581421859,0.906929152436839
471,Women empowerment,أشعر بفرحة حقيقية مع كل قرار سيادي يدعم #تمكين_المرأة. كل قرار سيادي هو درجة أخرى على السلّم للوصول لكرسي الوزارة لسيدة من وطني ❤️🇸🇦,2,2,Favor,Favor,0.923710671285066,0.29435818535209557,0.00760440079712993,0.06868495015535576,0.923710671285066
487,Women empowerment,"   مالها دخل حتى في المجتمعات مثل امريكا و النرويج التي تبنت منهج ما يسمى ""تمكين المرأة"" منذ ١٩٧٠ لازالت كبرى الشركات والقطاعات تُفضل الرجال على النساء في الوظايف   لأن النساء بطبعهن يعقدن الأمور البسيطة   ويُكثرن الأسئلة والشكو",0,0,Against,Against,0.45668088520990124,0.9942420738780302,0.45668088520990124,0.4081018468306828,0.13521728411945078
494,Women empowerment,اي ابن وسخة عايز يبيع حاجة يحكها ف الفري سبيتش و تمكين المرأة و حقوق الآقليات..بقت آلية لاي ابن وسخة خلاص URL,0,0,Against,Against,0.8067500385529515,0.5961141489532938,0.8067500385529515,0.14796841342233966,0.04528157688186964
534,Women empowerment,تمكين المرأة مهم و المهم تثقيف الرجل كي لايقلبها سلطة... الكثير فاهم الموضوع غلط...!  #بوحي,2,2,Favor,Favor,0.7937522836057072,0.6343168551973298,0.06115547922589461,0.14509221679329762,0.7937522836057072
546,Women empowerment,بس أهم شيء تمكين المرأة علشان يرضى علينا الغرب و نصير مثله للهاوية 🤷🏼‍♂️ ,0,0,Against,Against,0.8634404886898115,0.4926478894893091,0.8634404886898115,0.06148946136181271,0.07507001639430355
622,Women empowerment, هذه نتيجة السماح للمرأه بالتبرج والتسكع في الطرقات .. قال تمكين المرأه قال,0,0,Against,Against,0.619534499614304,0.8117265341667341,0.619534499614304,0.3307794296599075,0.049686065389651715
626,Women empowerment,#تمكين_المرأة في الطريق الصحيح ,2,2,Favor,Favor,0.9020768359761493,0.34672112124894483,0.007400168459154242,0.09052302301038143,0.9020768359761493
658,Women empowerment,خلف تمكين المراة شخصيات عظيمة ارادت لها ان تُنصف ولكن لازلنا نعاني ممن يقيد ويحد من ذالك   URL,2,2,Favor,Favor,0.8982765563041101,0.379007143391055,0.019810874301822275,0.08191255179010262,0.8982765563041101
662,Women empowerment, ممتنة للنساء المثابرات في تمكين مجتمعاتهنّ... أنتنّ جميعاً رمز القوة والكرم في يوم المرأة العالمي ❤️,2,2,Favor,Favor,0.8901509257166254,0.36328095285143536,0.003970655068370123,0.10587841298399667,0.8901509257166254
667,Women empowerment,#ولي_العهد_محمد_بن_سلمان الله يحفظه وينصره  انت نموذج مشرف على تمكين المرأة♥️♥️ URL,2,2,Favor,Favor,0.9279051388562094,0.27517694233164136,0.004249415079428341,0.06784547245146923,0.9279051388562094
688,Women empowerment," لا طبعا مو بس عشان هذا القرار ربما السبب ان اخواتنا المسلمات صايرات قهوجيات بعد ما كن محترمات في بيوتهن، ربما لان الحجاب و الحشمة صايرة تخلف و رجعية. ربما لان ""تمكين المرأة"" ما جاء الا بكل ما يدمر الاسرة و الاخلاق. ربما لان الفكرة من اساسها زي ",0,0,Against,Against,0.8306255189754989,0.5458299515161982,0.8306255189754989,0.13075002822467147,0.03862441876001653
837,Women empowerment,قالوا تمكين المرأة  = آخرتها نادلة في مقهى,0,0,Against,Against,0.7632520422800921,0.6764231422454217,0.7632520422800921,0.18108284955263343,0.05566509112609393
972,Women empowerment, هنا نتذكر مقولة تمكين المرأة ! ماهي المعايير التي قامت عليها هذه المقوله ؟,1,1,None,None,0.9226566098204446,0.3157596765311847,0.05797643186074646,0.9226566098204446,0.019366976794921033
978,Women empowerment,وأظهر الاستبيان أن 22% من الذكور الذين استهدفهم الاستبيان  لا يسمحون لذويهم من النساء بالمشاركة في العمل السياسي والاجتماعي مستقبلًا  و73% يتقبلون ذلك  بينما يمانع 12% منهم تمكين المرأة الريفية سياسيًا واجتماعيًا  و82% ليس لديهم أي مانع.,1,1,None,None,0.7220171400818665,0.7344487208053164,0.21919792999387597,0.7220171400818665,0.058784936093890246
985,Women empowerment, نحن في زمن تمكين المرأة ..!  حتى في الرياضة,2,2,Favor,Favor,0.8595335101232556,0.4912179876644887,0.04167530602607185,0.0987911710863094,0.8595335101232556
987,Women empowerment,إن تمكين #المرأة ليس مجرد شعار جذاب يتم تداوله وإنما عامل رئيسي في النجاح الإجتماعي والإقتصادي للأمم فعندما تنجح النساء يستفيد الجميع     #يوم_المراه_العالمي   #وزارة_الشؤون_البلدية_والقروية_والإسكان #أمانة_منطقة_الحدود_الشمالية ,2,2,Favor,Favor,0.8811597177188113,0.39038891552106,0.006702283135834752,0.11213803743404621,0.8811597177188113
1040,Women empowerment,   والان بدأت الأمور تتصحح و يجب التمسك بشعار حقوق المرأة او عصر المرأة لانه شعار سعودي أصيل وهدفه واضح وضوح الشمس وهو تمكين و تطوير المرأة بشكل لا يعارض الشريعة الإسلامية.. أما شعار النسويات فهو شعار خبيث لانه غير واضح المقصود م,2,2,Favor,Favor,0.8723296303972383,0.461540321078033,0.040296178868169184,0.08737425438442956,0.8723296303972383
1107,Women empowerment,صورة مشرفة في تمكين المرأة السعودية والثقة في قدراتها .. دام عزك ياوطن 🙏 ,2,2,Favor,Favor,0.9275331929792447,0.28447668017250766,0.007683456908046634,0.06478338417118533,0.9275331929792447
1114,Women empowerment,  و هل تمكين المرأة في نظرك تطور و إنجاز!!!🙄 خلاص رجعت ترقص و تعربد و تسهر فألف مبروك عليكم هذا التمكين  !,0,0,Against,Against,0.8007343316960089,0.636651019216134,0.8007343316960089,0.10884055712455053,0.09042511655781253
1127,Women empowerment, الحين صاروا يدخلوا بأسماء نسائية فلانه الفلاني أو أم فلان وكلها وراها أشباه رجال من اللي اوجعهم تمكين المرأة,2,2,Favor,Favor,0.6930756185699468,0.8178869961438766,0.11176287201333461,0.19516149456266088,0.6930756185699468
1132,Women empowerment,اطلق من تشارك فخر #جازان الدكتورة منال المالكي ومن خيرة من يمثل تمكين المرأه قياديا نعتز بك هامة وقامة 👏🕊🙏 URL,2,2,Favor,Favor,0.9477617168439192,0.22445761091249872,0.006387930656785486,0.04585028926800404,0.9477617168439192
1135,Women empowerment, عطرينا بسكوتش.. تبين بنات الناس صايعه مثلش عشان تكون هناك تمكين لحقوق المرأه,0,0,Against,Against,0.8335438648891993,0.5653374697815159,0.8335438648891993,0.07854749478657046,0.08790865557671101
1149,Women empowerment,تمكين المرأة، و حقوق المرأة مصطلحات يستخدمها النظام ولا يخدمها. المرأة قضية كقضية الدين والفن والعلماء، وكمصطلح الإرهاب، والفساد وغيرها كثير من المصطلحات والقضايا التي يستخدمها النظام لتلميع ذاته وتشتيت المجتمع. الحقائق هي الغائب الوحيد أمام الجميع؛ النساء والرجال مع هذا النظام.,0,0,Against,Against,0.9055575424757252,0.3778656790264243,0.9055575424757252,0.04349552716944495,0.05094698555116938
1164,Women empowerment, تعبنا واحنا نقول أخلقوا فرص وظيفية تتناسب مع طبيعة المرأة   كله من ورا مصطلح 'تمكين المرأة' الذي لم يتم توظيفه بالطريقة الصحيحة 👎🏼,0,0,Against,Against,0.4783598695416825,0.8710901157108526,0.4783598695416825,0.05648664786131948,0.4651534657517575
1183,Women empowerment, ما شاء الله خطوة مباركة نحو #تمكين_المرأة ونسأل الله لكم التوفيق 🙏🏻🌷,2,2,Favor,Favor,0.9486580624378262,0.21454117123748073,0.003242237388120312,0.04809969130733953,0.9486580624378262
1188,Women empowerment,.  تمكين المرأة = هدم حصونها بِـإبعادها عن  محارمها ⬅️ احتقارها + امتهان كرامتها +  تسليعها ⬅️ رميها في مستنقع الرذيلـة..,0,0,Against,Against,0.8917225524163288,0.4088384444090283,0.8917225524163288,0.07603240824984647,0.0322450338509248
1251,Women empowerment,ان شاء لله نسمع قريب. بأخبار ومستجدات تسر الخاطر بخصوص تمكين المرأة.. تزويج المرأة نفسها وإسقاط الولاااااايه وتجريم العنف والقتل,2,2,Favor,Favor,0.9278245157278465,0.29976666070651237,0.01799807307785758,0.05417741068370927,0.9278245157278465
1283,Women empowerment,في موضوع تمكين المرأة هل ترونها فعلا تمكنّت؟  #تمكين_المرأة #حديث_النفس URL,1,1,None,None,0.9357579511104375,0.282964684243533,0.0333635029981776,0.9357579511104375,0.030878554799135895
1358,Women empowerment," يا استاذ انت تعلم ما تستقبله دولنا من تعليمات غربية لتنفيذ اتفاقيات تمكين المرأة والتي بالفعل طبقت في دولنا المنبطحة وأصبحت الوظائف و الرواتب معدة للمرأة سلفا وإن لم يجدوها فيعطونها الرجل ""الكيوت المستغرب""   فالمرأة الموظفة صارت هي الغالب ",0,0,Against,Against,0.831601616122944,0.5696683883894208,0.831601616122944,0.07844234455742395,0.08995596998428969
1372,Women empowerment," #الجريك_كاميس روعة ""شغلنى ""مبادرة بإمتياز ممكن تتعمم على سائر المحافظات تمكين المرأة +تمكين الشباب بشركات ساويرس العطاء فى حب مصر حتى النخاع ليس بالضرورة تكاليف إنعقاد ملتقى ""شغلنى"" بكبرى الفنادق بالمحافظات ممكن الإكتفاء بتدشين أونلاين ""منص",2,2,Favor,Favor,0.9125891390489222,0.3235622233183538,0.008133145594054989,0.07927771443093502,0.9125891390489222
1395,Women empowerment,#السعودية تحت قيادة ولي العهد استطاعت تمكين المرأة في جميع المجالات ، مما ساهم بشكل واضح في ارتقاء السعودية في المؤشرات العالمية للمرأة 🙏🇸🇦 #المراه_في_السعوديه ,2,2,Favor,Favor,0.9325107960757452,0.27126233111179704,0.007802438713081226,0.05968678429162975,0.9325107960757452
1412,Women empowerment,MENTION يازين الخبر والله يزيد المرأة السعوديه تمكين ومشاركه في كل مفاصل الدوله نحن جزء عظيم من المجتمع ولا يكره ذلك الا مؤدلجة بالافكار العنصرية او الدينه المغالطة لعدالة الاسلام,2,2,Favor,Favor,0.9543910974945317,0.21024404109045225,0.010717175474374414,0.0348916874556618,0.9543910974945317
1419,Women empowerment,-تمكين المرأة والشباب وضمان مشاركتهم في مؤسسات الدولة ومراكز صنع القرار وتنفيذ مهام المرحلة الانتقالية.  -ارساء قواعد عمل قائمة على الكفاءة والنزاهة والشفافية وتساوي الفرص. (5) أنتهى URL,2,2,Favor,Favor,0.9252099923191819,0.29367710526270874,0.009165738841398405,0.06562430692835725,0.9252099923191819
1442,Women empowerment, عصر تمكين المرأة...  يعقبهُ ضياع جيل بلا هوية ولا انتماء ليكون لقمة سائغة وصيد سهل لليهود والنصارى والمجوس وصدق الناصح الأمين  صلى الله عليه وسلم:(ويل للعرب من شرٍ قد اقترب),0,0,Against,Against,0.801003361907478,0.6273129144367163,0.801003361907478,0.06879737467722219,0.1301992571320238
1464,Women empowerment,عصر تمكين المرأة .. فخورة في اللي وصلنا له ♥️ ,2,2,Favor,Favor,0.9092442655666023,0.3339615983146312,0.009155656197844302,0.08160010972664115,0.9092442655666023
1489,Women empowerment, حسبنا الله ونعم الوكيل وما خفي كان أعظم الانظمه الجديده في تمكين المراة للعمل تحتاج مراجعه الخصوصية مطلب والاختلاط مهلكه اللهم من اراد ببنات المسلمين وخاصه بناتنا سوءًا اللهم فكفنا شره ولا حول لنا ولا قوة الا بالله,0,0,Against,Against,0.8858915614282132,0.43407142138802346,0.8858915614282132,0.05860696369971614,0.0555014789527803
1496,Women empowerment, برئاسة سمو الشيخة فاطمة بنت مبارك (أم الإمارات) حفظها الله ورعاها  تم تأسيس الاتحاد النسائي العام الامارات اغسطس 1975 بهدف تمكين ودعم المرأة الإماراتية وإيجاد المزيد من النساء الإماراتيات الملهمات في مسيرة التنمية المستدامة والحركات النسائية ب,2,2,Favor,Favor,0.9063568626301233,0.322365185427962,0.0024872725414119144,0.09115587181302125,0.9063568626301233
1510,Women empowerment, تمكين المرأة في السعودية اكد نجاحة في جميع الاعمال اللي شاركت فيها المرأة وش المانع انها تشارك في المجال الأمني بالعكس الا بيكون حافز وداعم للقطاعات الأمنية بشكل كبير,2,2,Favor,Favor,0.9343746277444949,0.27452683147917606,0.012778983131091078,0.052846402976779366,0.9343746277444949
1524,Women empowerment,وفقا لإحصائيات #الأمم_المتحدة  تواجه #النساء في #المنطقة_العربية عوائق كبيرة أمام دخول #سوق_العمل  ويتعرضن لخطر #البطالة بشكل أكبر بكثير مقارنة بالرجال. ⬇ تمكين المرأة العربية في مجال ريادة الأعمال والتكنولوجيا URL,2,2,Favor,Favor,0.558872995970606,0.9619855441448715,0.3009448181700867,0.140182195810733,0.558872995970606
1533,Women empowerment," كلام عاطفي وسطحي  سأتحدث عن جزئية عمل المراة  بالفعل يتم تشغيل العديد من النساء خاصة في المصانع والشركات تحت غطاء ""تمكين المراة"" ليس حبا فيهن ولكن كيد عاملة بديلة للرجل  برواتب زهيدة وساعات عمل طويلة لان المراة في الغالب لن تضغط مديرها او تزعجه با",0,0,Against,Against,0.7423261557993661,0.7032267774033687,0.7423261557993661,0.054250433554144134,0.20342341551016374
1534,Women empowerment,تسريبات من بناطيل الاخوان بالصوت والصورة بس مفيش تآمر ولا حاجة على الاخوان كانت كلها سوء ادارة طبعا اهم سابولك الادارة يا جهبز من ٩ سنين عملت ايه بقا يا خwل يا بتاع تمكين المرأة. خليت الناس تشحت.الجهل سايد.بتبيع املاك البلد كانها ملكك.جباية في كل حتة. شغل كله سرقة ونصب فاشل.حرامي,0,0,Against,Against,0.9230851915198653,0.323400380687324,0.9230851915198653,0.03202255675446475,0.04489227911539204
1549,Women empowerment,   الفرص موجوده ومتاحة للجميع بس اغلبها تروح للنساء تمكين المرأة وتركين الرجل لا حول ولا قوة الا بالله العلي العظيم,0,0,Against,Against,0.8910754132287857,0.41801445533307907,0.8910754132287857,0.044733306157182955,0.06419128295945033
1569,Women empowerment, لذلك عمل المرأه يضر الأسره أولاً والمجتمع بأكمله ولا يوجد تمكين للمرأه إلا باضطهاد امرأه أخرى (خدامه),0,0,Against,Against,0.9074643178427699,0.3673189076638196,0.9074643178427699,0.030922057537753,0.06161361543473379
1578,Women empowerment,"""المرأة لازم تحقق ذاتها ودخلها الخاص""  ""هذا العصر عصر تمكين المرأة""  ""المرأة لازم تحب نفسها وكفاية إجبارها على نمط الأمومة التقليدي""  ""اعطوا المرأة حريّتها في إختيار طريقة حياتها""  شفت 👆🏻هذه الشعارات والمصطلحات؟  كلّها بهدف إيصال المرأة إلى هذا👇🏻القاع بعد أن كانت معززة مكرّمة. URL",2,2,Favor,Favor,0.545757370897599,0.8380387009500411,0.4081705507892227,0.04607209261484038,0.545757370897599
1658,Women empowerment, أحسنتم سعادة الدكتوره  في تمكين المرأة تمكين للرجل  المرأة القوية بفكرها وحسن تدبيرها للأمور خير معين للرجل  من تأمل سيرة أم المؤمنين خديجة وبقية أمهات المؤمنين يجد ذلك واضحا في سيرهم العطرة مع النبي الكريم صلى الله عليه وسلم,2,2,Favor,Favor,0.9377086185293939,0.2634455774961927,0.011788313330657694,0.050503106996552485,0.9377086185293939
1701,Women empowerment,  هذا ما يريدونه الغرب الانجاس للبلاد انحلال و استهتار بإسم تمكين المرآة و دورها في المجتمع حتي يسهل عليهم ضرب عقيدتنا و عادتنا و تقليدنا,0,0,Against,Against,0.8666598875534961,0.48503451501192535,0.8666598875534961,0.06893620067803637,0.06440395647957771
1715,Women empowerment,مقررات الدراسات الاجتماعية بحاجة كبيرة إلى إبراز دور المرأة في تاريخ المملكة العربية السعودية وماقبله. إبراز صورة المرأة تاريخيا يساعد على تحقيق هدف المملكة بتمكين المرأة حاليا ومستقبليا.  #تمكين_المرأة #دراسات_اجتماعيه #تطوير_المناهج ,2,2,Favor,Favor,0.931113098493533,0.2703150970368895,0.005659845613989992,0.06322700700048346,0.931113098493533
1759,Women empowerment,MENTION صح عليك المرأة المُمكنه المستقبلة الموظفة وش يخليها تصبر على العنف والضرب والتعدد والخيانة والولاية ووو ؟؟  مافيه سبب عشان كذا مو عاجبك تمكين المرأة لأنه يسحب منك امتيازتك ويرجعك لحجمك الحقيقي   وصدقني يا مازن راح تبكي اكثر واكثر بالمستقبل 😂😂,0,0,Against,Against,0.8139440428110285,0.589562597570453,0.8139440428110285,0.050833777681821096,0.13522216572043316
1761,Women empowerment,د. عمرو سليمان المتحدث باسم حزب حماة الوطن: تمكين المرأة المصرية يعطي زخم لمدرسة القضاء المصري أن تكون المرأة سندا في كل مؤسسات الدولة  #eXtranews  #إنجي_طاهر ,2,2,Favor,Favor,0.9067435310780395,0.3400289876198592,0.009191785599974828,0.0840647100894305,0.9067435310780395
1770,Women empowerment,أنتِ ذراعُ عزٍ وفخرٍ للمملكة. #نفخر_بك #نساء_المستقبل #تمكين_المرأة ,2,2,Favor,Favor,0.8944007982807727,0.36472732668281044,0.007675987114652113,0.0979232226224757,0.8944007982807727
1811,Women empowerment, للاسف هذا مقصدهم من تمكين المرأة الا وهو افسادها لا اكثر ولا اقل وان يقل حياؤها,0,0,Against,Against,0.9099591548426902,0.3650035572978683,0.9099591548426902,0.046366409329320665,0.04367440436169972
1872,Women empowerment,حرصاً مني على دعم المرأة واللحمة الوطنية سألغي جميع مواعيدي والتزاماتي المتزامنة مع ملتقى تمكين المرأه يوم ٨ مارس ,2,2,Favor,Favor,0.8857740825857783,0.39081191934117,0.010714186679930855,0.10351171602227388,0.8857740825857783
2005,Women empowerment,هل انت مع تمكين المرأة؟,1,1,None,None,0.9505595934395539,0.23104171978743898,0.02622730190707914,0.9505595934395539,0.023213080742221295
2010,Women empowerment,تمكين المرأة أساسي للتنمية المستدامة ومشاركتها السياسية   ضرورة لاتمام التنمية بالشكل المطلوب  #قادرات,2,2,Favor,Favor,0.9208878867193755,0.304521701078565,0.008949449038597708,0.07016261793113986,0.9208878867193755
2054,Women empowerment,اشغلتونا بالمراه اللي يشغلكم في انفسكم  تمكين المراه = فساد المجتمع #المرأة_نصف_المجتمع,0,0,Against,Against,0.8680785882412172,0.47722062974952456,0.8680785882412172,0.0493209693262815,0.08260048043796457
2100,Women empowerment,من نعم الله علي ان اكون إمرأة سعوديه بعمر ٢٧ عام شهدت هذا التطور و تمكين وتعزيز حقوق المرأه .. ومن بدأت الرؤية حصلت على القبول الشديد من الشعب وبالتالي نجحت الرؤيه بفضل الله ثم سيدي محمد بن سلمان 💚💚💚 #رؤية_٢٠٣٠_واقع_يتحقق ,2,2,Favor,Favor,0.9441138210505013,0.23105296328800135,0.004462209268505626,0.05142396323656457,0.9441138210505013
2109,Women empowerment,عصر تمكين المرأة السعودية  👏🏻👏🏻👏🏻👏🏻👏🏻👏🏻👏🏻👏🏻   شيء جميل جداً جداً إذا كانت المرأة ملتزمة بالحجاب الشرعي وتعاليم ديننا الحنيف 👏🏻,2,2,Favor,Favor,0.8985544139040593,0.3571234812805665,0.00836125337985302,0.09308434373337389,0.8985544139040593
2192,Women empowerment,خدعوك وقالو تمكين المرأة,0,0,Against,Against,0.8516793713305695,0.5211465320923854,0.8516793713305695,0.08450053146538405,0.06382009890761141
2195,Women empowerment,عندما يتم تمكين المرأة   يكون المستقبل آمنًا (د) URL,2,2,Favor,Favor,0.8617925376510716,0.4511388228065779,0.015954852174200233,0.12225261152664627,0.8617925376510716
2201,Women empowerment, خليك متأكد انك راح تموت بغيظك للسنوات القادمه مع عصر تمكين المرأة بتشوف اشياء كثيره ماراح يتقبلها عقلك المتعفن بالافكار العقيمه 😁❤️,2,2,Favor,Favor,0.7970627179134191,0.6109745169376715,0.1586077380968225,0.04432953215223151,0.7970627179134191
2211,Women empowerment, تحققت مقولة المرأه نصف المجتمع فعليا وبدعم من سيدي سمو ولي العهد الأمير محمد بن سلمان حفظه الله وقد مكنها من خوض مجال العمل والجيش أيضا فالمراه لاتقل قدراتها عن الرجل بل قد تكون أقوى في مجالات معينه.. فشكرا سيدي محمد بن سلمان لدعم مسيرة تمكين,2,2,Favor,Favor,0.9391057252240542,0.24493898257607755,0.004290729032886443,0.0566035806460392,0.9391057252240542
2229,Women empowerment,اكتشفت ان المجتمع متأزم من فكره تمكين المرأه في هجوم كبيييير عالموظفات,2,2,Favor,Favor,0.4688919681831803,0.9737682406289694,0.41210080703252383,0.11900725092259122,0.4688919681831803
2312,Women empowerment,تمكين المرأة بهذا الإيقاع السريع، حمل في ثناياه اختزالا لمراحل كثيرة. لقد كانت المملكة ولا تزال نموذجا في التنمية المستدامة والاستثمار في الإنسان. #سطر_من_مقالة #السعودية   ,2,2,Favor,Favor,0.9098944299266634,0.31651650855778235,0.0031730560447051762,0.08693253359693799,0.9098944299266634
2332,Women empowerment,"""أنا أدعم #السعودية ، ونصف #السعودية من النساء ، لذا أنا أدعم النساء""  #محمد_بن_سلمان 🇸🇦  #يوم_المرأة #تمكين_المرأة ",2,2,Favor,Favor,0.8567101386376237,0.451894548038704,0.011900380836068383,0.1313895056862292,0.8567101386376237
2498,Women empowerment,  بالتأكيد قطر رائدة في مجال تمكين المرأة ولا يهمها تقارير الهيومان رايتس..يكفيها فخرًا المرأة القطرية أنها تمكنت من الوصول لمنصب قاضية منذ عام ٢٠١٠ في الشهر الذي يحتفل فيه العالم بإنجازات المرأة وهذا يُعد تقديراً عظيماً من القيادة الق,2,2,Favor,Favor,0.9386323987194378,0.25669511375014353,0.009228418470794104,0.05213921644433332,0.9386323987194378
2499,Women empowerment,"يعتقد الذكور السعوديين بأن السعودية "" الوطن "" للذكور فقط لذلك ستجدونهم يلطمون أسفل كل خبر يدعم تمكين المرأة من يخبرهم بأن الوطن للمواطن، والمواطن يشمل ذكر و أنثى .",2,2,Favor,Favor,0.6547197384499508,0.7496493983214512,0.031384203530703904,0.31389606199745573,0.6547197384499508
2510,Women empowerment,تحية إجلال للمرأة في أنحاء العالم في يومها العالمي وتحية خاصة لبنات بلادي الإمارات على جهودكم الطيبة والمُثمّنة في شتى المجالات ونحمد الله على ديننا الحنيف في تكريمه للمرأة وشكراً قيادتنا الرشيدة على تمكين المرأة #ميثاء_محمد_الكعبي #اليوم_العالمي_للمرأة ,2,2,Favor,Favor,0.9513347814821953,0.20312413115977354,0.002068966770486587,0.0465962582961288,0.9513347814821953
2604,Women empowerment,احب بهذا اليوم أشكر المُجدد العظيم محمد بن سلمان على تمكين المرأة ...    يا عمري انت ❤️   #يوم_المراه_العالمي,2,2,Favor,Favor,0.9355157051498031,0.25582945296772164,0.004646800929152744,0.05983753873356897,0.9355157051498031
2703,Women empowerment,رحلة تمكين ناجحة بتواجد المرأة كأساس في منظومة #الثقافة بعدد يقدر بنصف العاملين في القطاع. #اليوم_العالمي_للمرأة ,2,2,Favor,Favor,0.920023705685607,0.2959643522728125,0.004476075701128406,0.07550022830875205,0.920023705685607
2835,Women empowerment,  نشكر قادتنا وكل من ساهم في تمكين المراة 💐,2,2,Favor,Favor,0.9302880189454881,0.26312248512576364,0.002335988365684397,0.06737594370674378,0.9302880189454881
2837,Women empowerment, الف مبروك دكتورتنا العزيزة تستاهلين الثقة وتهنئة اضافية ايضا بمناسبة #اليوم_العالمي_للنساء #يوم_المرأة_العالمي  #InternationalWomensDay  وان كنت اتمنى تمكين عدد اكبر من النساء في المناصب القيادية ✋🏼,2,2,Favor,Favor,0.9668985012787338,0.15439290878762338,0.0025675994111773325,0.03053388825795729,0.9668985012787338
2870,Women empowerment, ما شاء الله هذه خطوة رائعة في تمكين المرأة في العمل التجاري. بالتوفيق للجميع,2,2,Favor,Favor,0.9451470467722591,0.22574861220812692,0.0035625057706009525,0.05129044616125323,0.9451470467722591
2892,Women empowerment,"""إن تمكين المرأة ليس مجرد شعار جذاب يتم تداوله، وإنما عامل رئيسي في النجاح الاجتماعي والاقتصادي للأمم. فعندما تنجح النساء، يستفيد الجميع"".   #يوم_المرأة_العالمي   #المرأة_في_السعودية ",2,2,Favor,Favor,0.8682457600995774,0.4287741125529394,0.01151689369006387,0.12023728980547672,0.8682457600995774
2938,Women empowerment, ياجماعة جالسة افكر ليش كل الردود عنصرية سواء من الرجال او النساء المراءة والرجل منذ بداية الخليقة مكملين لبعض ليش لازم يكون في احد مسيطر على التاني وترى تمكين المرأة في صالح كبير للمجتمع كلما زاد وعي المرأة زاد اخراجها لاجيال متفتحة وواعية وم,2,2,Favor,Favor,0.8948507773753777,0.40887112153849725,0.056302607387793,0.04884658747565979,0.8948507773753777
2967,Women empowerment, الأن هي اللي تدفنهم راح زمن الحريم المستضعفات راح ولى الان  نحن في عصر تمكين المرأه في كل المجالات,2,2,Favor,Favor,0.6199586609411352,0.855035831266467,0.3034700976371913,0.0765712528500104,0.6199586609411352
3025,Women empowerment,نسائنا في يوم المرأة العالمي نقول لكم انتم فخرنا ونتشرف بانجازاتكن وما حققتم من انجازات ومن تمكين في كل القطاعات . 🌹🌹❤️ ,2,2,Favor,Favor,0.9447813738277638,0.22424469030336172,0.002652852751908857,0.05256575200721657,0.9447813738277638
3039,Women empowerment,وها نحن الان من جديد في زمن تمكين المرأة كلنا فخر وعز باخواتنا وسقف طموحاتهم العالي وشدةُ عزمهم الغالي 💙,2,2,Favor,Favor,0.9100139087368204,0.3217898707366058,0.0049910828636285974,0.08499498845349321,0.9100139087368204
3049,Women empowerment,"""نحن في زمن تمكين المرأة، إذ أصبحت المرأة موجودة في كل مجال، وبكل فخر ٩٩٪ من فريق العمل في مكتبي من النساء"".  سديم العيسى.",2,2,Favor,Favor,0.9289017201644734,0.27598632755507224,0.0055638093163754435,0.06553454584107399,0.9289017201644734
3079,Women empowerment,"MENTION فضلا عن دورها الإنساني العالمي ودعمها اللا محدود للمشروعات ذات الصلة"". ونوه ""بالسبق المشهود"" لدولة الكويت في مجالات تمكين المرأة على كل المستويات في القطاعين العام والخاص خصوصا أن ""المرأة الكويتية حاضرة بقوة في المجالات الثقافية والفنية والأدبية وغيرها""",2,2,Favor,Favor,0.8999874174621391,0.3423915390626877,0.0041538847874745075,0.09585867054182379,0.8999874174621391
3107,Women empowerment,محاربة الفساد - قوة اقتصادية جبارة - تمكين المرأة- تغيير صورة المملكة أمام العالم أجمع  ... كل هذا و أكثر في عهد سلمان الخير و ولي عهده محمد بن سلمان #رويه_2030_واقع_يتحقق ,2,2,Favor,Favor,0.8874253112487458,0.38675201086631555,0.010493159785418654,0.1020815034348689,0.8874253112487458
3108,Women empowerment,قوة اقتصادية جبارة  محاربة الفساد  تمكين المرأة  الوقوف أمام جائحة كورونا بكل نجاح تغيير صورة المملكة العربية السعودية أمام العالم  كل ذلك و أكثر في عهد سلمان الخير و ولي عهده محمد بن سلمان 🇸🇦💚  ,2,2,Favor,Favor,0.8800126157515453,0.4072932975349809,0.01263875537277396,0.1073486292669741,0.8800126157515453
3116,Women empowerment,تمكين المرأة = تمكين الجتمع🌹  والمؤمن القوي خيرٌ وأحب عند الله من المؤمن الضعيف.  #قطوف #اعتني_بنفسك ,2,2,Favor,Favor,0.7348795873772838,0.7014991063308283,0.046532244133129744,0.21858816213804902,0.7348795873772838
3119,Women empowerment,إنّ تمكين المرأة وحصولها على استقلاليتها في اتخاذ قراراتها، تم التخطيط له وتنفيذه انطلاقًا من إرادة سياسية قوية، تستهدف توظيف طاقاتها في كافة المجالات وعلى كافة المستويات.💜  #قطوف #المرأة_في_2030 ,2,2,Favor,Favor,0.9073704153700457,0.3214134175575181,0.00288084149902223,0.08974869881779246,0.9073704153700457
3120,Women empowerment,لعبت المرأة دوراً محورياً في العالم بمحاربتها لجائحة كورونا؛ وذلك بتواجُدِها في الصفوف الأولى لهذه الحرب.🤝  نفتخر بكلّ امرأة معطـاءة بمجال عملها 💜 #قطوف  #تمكين_المرأة ,2,2,Favor,Favor,0.9157510118896011,0.3147756546889463,0.007695624722578238,0.07655334828150719,0.9157510118896011
3133,Women empowerment,نشارك #الأمم_المتحدة في الاحتفال بـــ #اليوم_الدولي_للمرأة_والفتاة_في_ميدان_العلوم، وسوف نواصل اتباع خطوات قائدنا المؤسس وقيادتنا الرشيدة في تمكين المرأة الإماراتية لتكون شريكة في كافة مجالات العلوم المتخصصة، بما في ذلك دورها في الكوادر الطبية لمحاربة انتشار وباء #كوفيد_19. ,2,2,Favor,Favor,0.9202849627668783,0.2891272935161982,0.0024821270355773794,0.07723292782072914,0.9202849627668783
3145,Women empowerment,شخصيا مقتنعة تماما إن حكامنا لهم بعد نظر وذكاء وحنكة لا توجد عند غيرهم أنا أعرف تماما إن خطوات تمكين المرأة جاءت في الوقت الصحيح لو تأخر هالوضع كم سنة كان صارت أمور لا تحمد عقباها بين سنة 1012 و2016 كان هروب البنات السعوديات شبه ظاهرة بالإضافة الا تواصل البنات مع جهات خارجية,2,2,Favor,Favor,0.895140766030437,0.4056900492837652,0.040751130938504194,0.064108094996161,0.895140766030437
3156,Women empowerment, في البدايه كان الكلام عن العوائل المحتاجه وعن تمكين المرأة وتوضيفها ثم اصبح الجر١رين يطالبون المرأة بالتبرج وكشف الوجه بدون اي مبرر ثم سيطابلون بما هو اشد وامر ولقد رأينا الإستغلال فلا تدلس على الناس وتصور انها مجرد اختلافات ثقافيه وطبقات,0,0,Against,Against,0.8490432808218125,0.5281648450714036,0.8490432808218125,0.08341188456320478,0.06754484914978218
3168,Women empowerment,أبو هولي يدعو الأمم المتحدة والأونروا الى تحمل مسؤولياتهما تجاه تمكين المرأة الفلسطينية اللاجئة دون الانتقاص من حقوقها   ,2,2,Favor,Favor,0.46196867736719344,1.0408546636472833,0.34598334879180487,0.19204795743254907,0.46196867736719344
3178,Women empowerment,  أنا في الداخل ويهمني أرى بلدي مستقرة منضبطة أمنياً محكومة بالأنظمة ، يتم تطوير القوانين ، يتم مكافحة الفساد ، الأنظمة الإدارية تترسخ ، يتم محاربة التخلف والتطرف ، يتم تمكين المرأة ، حماية البيئة ،،،الخ  وهذا ما نشهده على أرض ال,2,2,Favor,Favor,0.9042567795171739,0.3618121847851143,0.017938678788822163,0.07780458816536918,0.9042567795171739
3187,Women empowerment, والله القانون ممتاز خصوصًا اللحين مع تمكين المرأة في القضاء راح يزيد الاقبال عليه والاحتياج,2,2,Favor,Favor,0.6818215781415577,0.7962496032253545,0.24567694042100485,0.07250145552056841,0.6818215781415577
3201,Women empowerment, نجحت السعودية بدعم ولي العهد محمد بن سلمان في تمكين المرأة وأصبحنا نرى اليوم نساء سعوديات في مواقع قيادية مهمة لا ننكر بأن #المراه_نصف_المجتمع واساس بناء الوطن.,2,2,Favor,Favor,0.9561602467415309,0.1912412745235663,0.0031313270567653183,0.0407084125308892,0.9561602467415309
3214,Women empowerment,عمل المرأة المسلمة في أعمال لا تليق بها ولا تليق بقدراتها الجسدية ولا بما خصها الله من تكريم وتقدير ليس تمكين للمرأة بل هو عدم تقدير لها وعدم إحترام ،، فاحترموا عقولنا !! #يوم_المراه_العالمي,0,0,Against,Against,0.8594324595662558,0.49380436871625366,0.8594324595662558,0.0959877988724088,0.044579758135008724
3235,Women empowerment,"MENTION ""تكفل الدولة تمكين المرأة ودعمها للقيام بدور فاعل في بناء المجتمع بما يضمن تكافؤ الفرص على أساس العدل والإنصاف وحمايتها من جميع أشكال العنف والتمييز""  #نعم_لتحديث_الدستور",2,2,Favor,Favor,0.6197679945814653,0.9213336285321347,0.22490154380614394,0.15533046920259475,0.6197679945814653
3264,Women empowerment,"""المرأة هي امي هي اختي وابنتي...هي زوجتي انا مخلوق من المرأة"" -الملك عبدالله بن عبدالعزيز ال سعود. ""أنا أدعم السعودية، ونصف السعودية من النساء؛ لذا أنا أدعم النساء""  -ولي العهد الأمير محمد بن سلمان. تمكين وتنمية من قيادة حكيمة لبناء مستقبل المملكة 💚💚. #يوم_المرأة_العالمي_2021",2,2,Favor,Favor,0.927752568260348,0.2781831043189259,0.005230337637130331,0.06701710005628317,0.927752568260348
3266,Women empowerment,فعلاً شكراً سيدي محمد بن سلمان على تمكين المرأة بالدولة و إعطاءها كافة حقوقها للأمانة خطوات كان من المفترض أن نخطوها منذ زمن ولكن أن تصل متأخراً خيرٌ من ألا تصل أبداً  شكراً محمد بن سلمان 🤍🤍 #نسويات_نشكر_ولي_العهد,2,2,Favor,Favor,0.9432572600693759,0.24244622103371238,0.008833306670152944,0.04790939241380479,0.9432572600693759
3268,Women empowerment,هل هذا هو تمكين المرأة الذي يتحدث عنه أصحاب السلطة؟!  حسبنا الله ونعم الوكيل😠  #ازاله_تندحه ,0,0,Against,Against,0.6686247198107318,0.7593243753454955,0.6686247198107318,0.29030004407599197,0.0410752367789167
3274,Women empowerment,الاناث انخفضت نسبة البطالة لديهم ونتمنى انخفاض اكثر لان النسبة الاعلى من العاطلين نساء ويجب تمكين المرأة وتوظيفها في جميع المجالات ,2,2,Favor,Favor,0.912888006478995,0.34030659454047607,0.018090936899169383,0.0690210695182872,0.912888006478995
3287,Women empowerment,عام 2021   هو عام تمكين المرأة السعودية  كما ذكر سيدي الملك سلمان حفظه الله  لذلك النصف الأول منه سيكون النصيب الأوفر من الوظائف لكم يا شابات الوطن  قريباً ستسمعون م يسركم🙏🏻,2,2,Favor,Favor,0.9064454569844119,0.325170316299559,0.00336258199633994,0.09019196603183795,0.9064454569844119
3331,Women empowerment,  أراهن على نجاح وتميز جميع النساء السعوديات (المُمَكَّنات) 🇸🇦🇸🇦🇸🇦  #المرأة_السعودية طاقة كامنة وقوة واعدة، تعاهدوها بالرعاية والتمكين كما شقيقها الرجل، وافتحوا لها الطريق لتبدع وتنافس وترد الجميل لهذا الوطن!  #تمكين_المر,2,2,Favor,Favor,0.916475484832892,0.3118600070058983,0.007216026482784049,0.07630851151884875,0.916475484832892
3369,Women empowerment,المرأة شريك أساسي في نهضة المجتمع ومما يثلج الصدر حقيقةً أن المرأة في قطر تبوأت اعلى المناصب في مختلف القطاعات  ونتطلع إلى تمكين المرأة القطريه من تولي المناصب القيادية والتنفيذية أسوة بالرجل وتقديم كافة التوصيات لردم أي فجوة بين الجنسين .  #مجلس_الشورى #مرشحكم_سعيد_السويدي ,2,2,Favor,Favor,0.9492328117834179,0.21151866327629332,0.002770501153899159,0.04799664974326534,0.9492328117834179
3419,Women empowerment,  اليوم المملكة صارت من اكثر الدول اصلاحاً في تمكين المرأة ونشوف دور المرأة يكون اقوى في كل سنه وفي مختلف المجالات لانها عنصر مهم في تنمية المجتمع,2,2,Favor,Favor,0.948821869095307,0.22323164145119434,0.007464547811936034,0.04371359013415897,0.948821869095307
3454,Women empowerment,#يوم_المراه_العالمي التقدم الذي احرزته المرأة السعودية على مختلف الأصعدة يشار له بالبنان، بفضل توجه القيادة نحو تمكين المرأة وتعزيز مشاركتها في البناء، وبفضل استفادتها من ذلك بطموحها وجهدها ورغبتها في اثبات ذاتها.. ولا زال المستقبل يحمل لها المزيد ❤️🇸🇦,2,2,Favor,Favor,0.9304902352498005,0.2668794700818723,0.0037202207492744105,0.0657895363241509,0.9304902352498005
3483,Women empowerment,النساء هن أساس المجتمع. في مدينة الشارقة للإعلام، ندعم بشكل مستمر تمكين المرأة في مجتمعنا عبر توفير منصات مناسبة تساهم في تحفيز وتطوير مواهب المرأة، ونعتبر ذلك من أحد أهم أهدافنا. #يوم_مرأة_عالمي_سعيد لكل النساء الجميلات في حياتنا ,2,2,Favor,Favor,0.9351333442173964,0.24959113779154857,0.002149682813766485,0.06271699499153144,0.9351333442173964
3506,Women empowerment,المرأة لا تحتاج من الدنيا سوي الاحترام و التقدير و أكثر ما تخاف منه في الدنيا هي الإهانة وقلة التقدير لذلك نشكر جهود دولتنا الرائدة فى دعم و تمكين المرأة 🙏 #اليوم_المرأة_العالمي,2,2,Favor,Favor,0.9086715655142229,0.3465098958859335,0.015073012538871385,0.07625538177143862,0.9086715655142229
3511,Women empowerment,طبعا أنا راجل بحب النسوان فمع تمكين المرأة وتسليعها ورفع القيود الجمركية من عليها,2,2,Favor,Favor,0.7700409218825205,0.6967191149701002,0.1297521971345351,0.1002068785304724,0.7700409218825205
3526,Women empowerment,المجتمع للان ذكوري رغم تغير الانظمة للافضل و النقلة السريعة في تمكين المرأة  ..  المجتمع هو من يحتاج التغير ..  البلا في المجتمع و شكراً ..   #اليوم_العالمي_للمرأة  #المرأة_في_السعودية,2,2,Favor,Favor,0.8174050427384958,0.6018614616105997,0.09222103079821753,0.09037393132539215,0.8174050427384958
3558,Women empowerment,   ولا يتوقف اهتمام حكومة خادم الحرمين الشريفين على تمكين المرأة في المجالات المختلفة فحسب بل وتكرمها أيضا في المحافل والمهرجانات..,2,2,Favor,Favor,0.8992344880089388,0.3446970489972395,0.004353298559423624,0.09641219796626166,0.8992344880089388
3571,Women empowerment,لأنك جزء من تحقيق رؤية الوطن الطموحة 🧕🏻✋🏼 ينطلق ملتقى تمكين المرأة في قطاع الاتصالات وتقنية المعلومات 2021 #قائدات_التقنية.  والذي يستهدف طالبات التخصصات التقنية والشغوفات بالقطاع ورائدات الأعمال.  بادري بتسجيل مقعدك واكتساب المعرفة 👍🏻  ,2,2,Favor,Favor,0.9328124775209479,0.2549592499236671,0.0019026114763871856,0.06528491838392007,0.9328124775209479
3589,Women empowerment,في العقود المتأخرة من عهد المملكة جرى تمكين المرأة في ميادين الحياة فتم إدخالها في مهمات العمل الحياتية فأصبحت نائبة في البرلمان ورئيسة للجامعة وسفيرة .  🗣️ أ. إبراهيم العقيلي كاتب صحفي 👈 برنامج المسائية URL,2,2,Favor,Favor,0.9192842404908099,0.3000259612352921,0.005283702631528986,0.07543210099345561,0.9192842404908099
3592,Women empowerment,غايتنا هي تمكين المرأة وتحقيق أحلام كل الفتيات. من الرائع السفر جواً مع الكابتن أليس كيمارو فبالنسبة لها حتى السماء لا حدود لها. شكراً  ,2,2,Favor,Favor,0.8828024397173188,0.4001843307506627,0.012078187557674537,0.10511936764628449,0.8828024397173188
3597,Women empowerment,#المرأة_في_السعودية  #تمكين_المرأة  #وظائف_شاغرة   الصورة تتحدث ,2,2,Favor,Favor,0.7488871588248296,0.6489560642240197,0.0268567521379889,0.2242561006731382,0.7488871588248296
3629,Women empowerment,في هذا اليوم المميز للمرأة، يسعدني ويشرفني المشاركة في دبلوم تمكين المرأة، بالتوفيق لجميع القيادات المشاركة 🌹  #اليوم_العالمي_للمرأة #اليوم_العالمي_للمراة_2021 ,2,2,Favor,Favor,0.9248925338278715,0.2770847038694767,0.0023429777595937117,0.07276450060471018,0.9248925338278715
3646,Women empowerment, انا ببالي انه هذا قسم تمكين المرأة كم عمل على تمكين هؤلاء النسوة لكي يتوفر لهن العيش الكريم ولاولادهم؟!,2,2,Favor,Favor,0.8672894257780489,0.45346713755246587,0.02349558105740427,0.1092149724984758,0.8672894257780489
3647,Women empowerment,هذي بكل مكان وكل قطاع حاطينها شكلها كومبارس تمكين المرأة ,0,0,Against,Against,0.8167792404808021,0.6010317368265573,0.8167792404808021,0.10580896926247801,0.07741179276263799
3648,Women empowerment,هسه انتي تريدين تسوين براند عادي من حقج  بس لتربطين الموضوع بالمرأة وتمكين المرأة لان خاصًة بالعراق  تمكين المرأة محيصير عن طريق قطعة مكياج! عدنا هواية مشاكل وهواية اشياء محتاجين ندعم بيها المرأة  المكياج حتى مو اخر شي بالقائمة  ماله مكان بيها اصلًا!,2,2,Favor,Favor,0.6416361781995785,0.8950549428901677,0.14699062046661476,0.2113731996516939,0.6416361781995785
3657,Women empowerment,إطلاق شبكـة الحاضنـات والمسرعـات ومساحـات العمل لتكون مظلة لحاضنات الأعمال في المملكة - خفض نسبة المخالفات المرورية الخطيرة إلى 40% عن معدلات عام 2017م - استبدال النفط بالعقل وتحويل الاقتصاد الريعي الى اقتصاد معرفي - تمكين المرأة - تقليص البطالة. (يارب 🤲🏻) ,2,2,Favor,Favor,0.9012447699098506,0.3645843522375989,0.015103640828321403,0.0836515908127123,0.9012447699098506
3672,Women empowerment,   ها شوفي تبين استقلالها وهاذي مساواة صح تمكين المرأه من أيش من أنها تكون قاضيه حرام من أنها حاكمه هذا حرام لا خير في قوم ولوا أمرهم امرأة انها تصلي بالرجال حرام تأذن حرام صوتها عوره وبعدين حرام استقلال المرأه معروف,0,0,Against,Against,0.5683040084466501,0.8497706859658671,0.5683040084466501,0.3760047977921059,0.055691179724742634
3678,Women empowerment,بالتزامن مع يوم المرأة العالمي، فخورون بالخطط الطموحة والرائدة التي تبنتها الإمارات في سبيل تمكين المرأة الإماراتية واستثمار طاقاتها المبدعة في مختلف الميادين، تماشياً مع النهج الذي أرسى دعائمه المغفور له الشيخ زايد بن سلطان آل نهيان، طيب الله ثراه، وسارت عليه القيادة الرشيدة. ,2,2,Favor,Favor,0.9191023244775233,0.29067970194085224,0.0020953826820252824,0.0788022726267939,0.9191023244775233
3688,Women empowerment,استقبل مستشفى طيبة سعادة السفيرة الجمهورية الفرنسية لدى البلاد، السيدة آن كلير لوجندر ، حيث التقت مع الرئيس التنفيذي للمستشفى، لمى الفضالة وتمت مناقشة ادارة المرافق المتكاملة وتمكين المرأة في قطاع الرعاية الصحية  #مستشفى_طيبة #الكويت #تمكين_المرأة #engie ,2,2,Favor,Favor,0.9138796221324744,0.30979085791326577,0.004045970721538627,0.08207446463811975,0.9138796221324744
3714,Women empowerment,دور الثورة الصناعية في إكتشاف مهارة المرأة      #تمكين_العنود #العنود_الخيرية ,2,2,Favor,Favor,0.7968867908174035,0.5651425528097827,0.017852539216610293,0.18526068276162236,0.7968867908174035
3717,Women empowerment,تمكين المرأة يبدأ في تعليمها.    #تمكين_العنود #العنود_الخيرية ,2,2,Favor,Favor,0.8618756593499328,0.4425645635641845,0.012101653964327103,0.1260227221190556,0.8618756593499328
3718,Women empowerment,كل عام وانتن بخير ❤ بمناسبة #يوم_المرأة_العالمي ، زيارة مجانآ 🎁 عند التعاقد علي الزيارة المفردة لخدمة الساعة 🕑 للحجز والتعاقد من خلال تطبيق تمكين 👇  ,2,2,Favor,Favor,0.8422311295114148,0.4616036130233688,0.0060469012518073115,0.15172202679555893,0.8422311295114148
3749,Women empowerment, المرأة أثبتت نجاحها وتميزها في العديد من المناصب المهمة، وتحظى بدعم كبير من قبل حكومتنا الرشيدة، وذلك بتمكينها من شغل مراكز مهمة وقيادية، وهذا ما يؤكد أهمية تمكين المرأة في جميع المجالات الاقتصادية والتعليمية والاجتماعية باعتبارها عنصراً أساس,2,2,Favor,Favor,0.943404810668633,0.2371489129163489,0.006246258781703949,0.050348914927500134,0.943404810668633
3753,Women empowerment,خضر شارك في ندوة إلكترونية عن سبل تمكين المرأة  #لبنان ,2,2,Favor,Favor,0.8250245485750389,0.4883674588783481,0.0055692574957304,0.16940625415667968,0.8250245485750389
3757,Women empowerment,أي حساب يلبس قناع الوطنية وتدخل حسابه وماتلاقي أي تغريدة تدعم تمكين المرأة والترفيه و الانفتاح السياحي  ثق تمامًا إنه صحوي وضد رؤية 2030 خاصة إذا صار كل همه شتم الدول المجاورة وشعوبها  لإن ذي الحسابات هدفهم تشويه صورة #السعودية و خلق عداوات مع الدول العربية,2,2,Favor,Favor,0.8407087011246446,0.5456359157629291,0.06356490265067694,0.09572637298931938,0.8407087011246446
3763,Women empowerment, المرأة في الغرب من انعدام اهتمام الرجال بالأسرة والزواج نتيجه تمكين المراة..تركوها فوق الأربعين لتعيش مع قطه او كلب....مأساة.. ..لا نريد للنساء عندنا ذلك ابدا ..,0,0,Against,Against,0.9219115419787294,0.3280582833148024,0.9219115419787294,0.0366714723886433,0.041417011105062435
3777,Women empowerment, اتوقع غباءها اجتهاد شخصي...شدخل تمكين المراة بتغريدات امها ...,0,0,Against,Against,0.6252032436745845,0.830555062156324,0.6252032436745845,0.3121895804550096,0.06260719544183922
3787,Women empowerment,حقوق النسوان... شو بدكم اكثر من هيك تمكين صارت تشتغل بقهاوي وكازيات وتبات برا البيت وصارت تحبس ابوها واخوها وزوجها شو كمان صارت مستقله وتشتغل قبل الرجل ادخل اي مؤسسه خاصه او حتى حكوميه اتوقع صار 90 ٪ نسوان بطلت تربي كلو حضانات المراه صارت عانس ومطلقه. #الأردن #يوم_المراه_العالمي,0,0,Against,Against,0.8559275907500317,0.510717068955389,0.8559275907500317,0.06188904060658737,0.08218339023062385
3792,Women empowerment,جاء في خاطري أقول .. ان الحمدلله جالسين نعيش في عصر  تمكين المرأة 💚,2,2,Favor,Favor,0.9158366199814829,0.3123853828290174,0.0067746130584989996,0.07738878990086241,0.9158366199814829
3795,Women empowerment, يافرس النهر استفدنا من الرؤيه تمكين المرأه اللي اختك خانت بلدها وقومها عشان هالشي  مو عاجبتك الرؤيه لا تجين السعوديه .. انتهى,2,2,Favor,Favor,0.8792481331321289,0.4495583265545261,0.07276621113216346,0.04798566665402493,0.8792481331321289
3811,Women empowerment, صدقت  ورب الكعبة أخي خالد تمكين المرأة بمفهومهم = هدم اهم لبنة في بناء الاسرة المسلمة الا وهي المرأة,0,0,Against,Against,0.8168780440586353,0.5872888246396051,0.8168780440586353,0.12896489442647688,0.054157053035557075
3818,Women empowerment,"رئيس لجنة شؤون المرأة والأسرة والطفل النائب أسامة الشاهين خلال مؤتمر ""تمكين المرأة"" يعلن تقديمه اقتراح بقانون لتعديل اللائحة الداخلية لتحويل لجنة المرأة والأسرة إلى لجنة دائمة.  #يوم_المراه_العالمي   ",2,2,Favor,Favor,0.8682755294670548,0.4097318458913774,0.00463919639100328,0.1270852911511067,0.8682755294670548
3821,Women empowerment,النائب مرزوق الخليفة يقول إن تمكين المرأة الكويتية أولوية تستدعي إقرار سلسلة من التشريعات.  #يوم_المراه_العالمي ,2,2,Favor,Favor,0.8858618276708425,0.37419387923578584,0.0045480439476117875,0.10959010339905734,0.8858618276708425
3828,Women empowerment,#اسقاط_بقايا_الولايه314  حان الوقت لإسقاط شرط موافقة ولي أمر ذكر محدد على زواج المرأة الراشدة، إذا دون سقوط هذا الشرط غير الطبيعي وغير الإنساني لا تمكين حقيقي للمرأة ولا احترام لإنسانيتها.,2,2,Favor,Favor,0.46709558319514155,0.9555977582529254,0.4277924906212621,0.10511191638634226,0.46709558319514155
3872,Women empowerment,عقدت هيئة المتاحف اليوم  جلسة حوارية بعنوان“تمكين المرأة في مجال المتاحف”مع الرئيس التنفيذي للهيئة ستيفانو كاربوني  بالمتحف الوطني في الرياض. وتناولت الجلسة  دور المرأة السعودية وجهودها في المجتمع وصناعة التغيير في هيئة المتاحف  مع التشديد على ضرورة تنمية فرص عمل المرأة في المجال URL,2,2,Favor,Favor,0.9152811871198937,0.30370983541416674,0.003181955238336052,0.08153686301777316,0.9152811871198937
3883,Women empowerment, والنعم فيها بنت بلادي... #تمكين_المرأة صدم المشككين في قدرات البنات على العمل في أعمال احتكرها الرجال منذ عقود. 👍🏻👍🏻👍🏻 #رؤية_السعودية_2030,2,2,Favor,Favor,0.922845138992346,0.301135113714521,0.009799507421681026,0.06735536511142638,0.922845138992346
3890,Women empowerment,  اذا كان تعريف النسوية الدفاع عن حقوق النساء  فالمرأة التي تدافع عن حقها لا تسئ الى المجتمع. بل المجتمع من لم ينصفها. فحقوق المواطنة لا فرق فيها بين ذكر وانثى ويجب ان تكون كاملة وعادلة للجنسين. والحمدلله الدولة - أيدها الله - ماضية في #تمك,2,2,Favor,Favor,0.8951126938322218,0.4010984778015138,0.0331150080383484,0.07177228968155171,0.8951126938322218
3899,Women empowerment,الأشخاص المحيطة بالانسان  هي التي تحدد  تاريخ وفاته  #حكمة_اليوم #بيروت #تمكين_المرأة #حقوق_الإنسان #حقوق_الطفل #منظمة_الصحة_العالمية #منظمة_اليونسيف,1,1,None,None,0.67679831782206,0.8202789987271092,0.23336209088734133,0.67679831782206,0.08983953479486195
3907,Women empowerment,حين يتكلمون عن النجاح يعني انها قصة نجاح #بيكو #غسالة_الأواني  الآن يمكنني أن أحتسي قهوتي 💖👑☺️برفقة صغاري  #شكراً #تمكين_المرأة #الحمد_لله,2,2,Favor,Favor,0.8547483478047484,0.44838116639438386,0.009092672990115673,0.13615901770637637,0.8547483478047484
3913,Women empowerment, تمكين المرأة 2030 🤔يعني هي اللي هتمسك الحكم .يا سنة سوخة يا ولاد 😏,0,0,Against,Against,0.7065343286475787,0.7041521941162945,0.7065343286475787,0.26249199881700236,0.03097367746454315
3941,Women empowerment,أبدعتِ سيدتي كالعادة في طروحاتك التعليمية والمجتمعية👏تمكين المرأة لايتم فقط بالمؤتمرات هو عمل داخلي مجتمعي ويتم بتمكين كل فرد بالأسرة التي هي لَبَنَة المجتمع ولذلك نحن بمراجعة رسالة المناهج التربوية في مايخص المرأة ومراجعة الدراما والكوميديا وحتى النكت المتداولة مسؤولية جماعية ,2,2,Favor,Favor,0.8861663674021787,0.3970673079922242,0.014086773780283071,0.09974686214356271,0.8861663674021787
3952,Women empowerment,  لو وجد غير المدخن فأفضل؟ لكن أخشى أن ترفض المدخن فلا يأتي غيره لان الشباب في عزوف عن الزواج بسبب الانفتاح وطلبات النساء التي لاتنتهي والادهى وظائف الرجال قليله بسبب تمكين المرأه ومساواتها في الوظائف مع الرجال حتى العسكريه وتشغيل المعدات أ,0,0,Against,Against,0.8934574467996997,0.4120528469298047,0.8934574467996997,0.04590480269031056,0.06063775697683303
3953,Women empowerment, ربعنا فاهمين تمكين المرأة غلط  لا أستغرب منهم تعين المرأة إمامةً للمسجد  ظلمات بعضها فوق بعض نسأل الله السلامة,0,0,Against,Against,0.8022132246057956,0.623072142094449,0.8022132246057956,0.13206039028973576,0.06572639756147641
3962,Women empowerment,شارك السيد/إبراهيم الدرمكي رئيس القسم الاقتصادي والسياسي والإعلامي بسفارةالدولة في بلغراد في اجتماع العمل بين المنظمات الإماراتيةوالصربية التي تعمل على تنفيذ العديد من المشاريع في قطاع تمكين المرأة وتقديم الدعم للأشخاص ذوي الاحتياجات الخاصة والتعاون العملي بين البلدين  ,2,2,Favor,Favor,0.9162783210300294,0.300199401080687,0.002849615270026952,0.08087208857122709,0.9162783210300294
3969,Women empowerment,بمناسبة  #اليوم_العالمي_للمرأة الذي يصادف 8 مارس من كل عام-أرفع أسمى آيات التقدير إلى سمو الشيخة فاطمة بنت مبارك، لجهود سموها الرائدة في تمكين المرأة محليا وعربيا وإقليميا وعالميا. نفخر بما قدمته المرأة الإماراتية وجميع النساء في مجتمعنا من قصص نجاح ملهمة في مواجهة تحديات الجائحة,2,2,Favor,Favor,0.9008004002240969,0.3339310784035369,0.0022147553010249178,0.0969848474426926,0.9008004002240969
3970,Women empowerment,حول #تمكين_المرأة تحدثت السيدة نعيمه المشرّخ رئيس قسم الشؤون الاعلامية والثقافية عن تجربتها كأول امرأة إماراتية دبلوماسية تُبعث لدى روسيا الاتحادية، منوهة في هذا الإطار بالدعم اللامحدود من قبل القيادة الرشيدة للمرأة الاماراتية وتشجيعها على خوض غمار التحديات في جميع المجالات. ,2,2,Favor,Favor,0.9224989567501116,0.2896604444232871,0.0044507491669735656,0.07305031285149859,0.9224989567501116
3979,Women empowerment,خمس سنوات من الإنجازات خمس سنوات من العطاء والنهضه على كافة المستويات،حتى أصبحت مملكتنا الحبيبة نموذجا للدولة الحديثة على جميع الأصعدة، ولاسيما تمكين المرأة ودعمها، كل هذا بفضل الله ثم بفضل الملك سلمان والقائد الملهم الأمير محمد بن سلمان حفظهم الله.  #رؤية_2030_واقع_يتحقق,2,2,Favor,Favor,0.9216744906779826,0.29353961964448655,0.00510657663521188,0.0732189482000837,0.9216744906779826
3981,Women empowerment,الفائزة بجائزة الأسبوع الأول لمسابقة #شعائر_ومشاعر   #تمكين_المرأة_لخدمة_ضيوف_الرحمن  #جامعة_جدة ,2,2,Favor,Favor,0.8168621036974242,0.5065009709528745,0.007208022682733141,0.17592986864335744,0.8168621036974242
3986,Women empowerment, يا حبذا لو كانت الصورة تشير إلى الاحتشام وتمثل مجتمعنا المحافظ. 🌹 كلنا مع تمكين المرأة بقوة شخصيتها واتزانها وعدالتها في المجتمع.,2,2,Favor,Favor,0.9158360851246621,0.32304509995590214,0.01185945252438899,0.07230450507607701,0.9158360851246621
4009,Women empowerment, تمكين المرأة خطوة مهمة فهي تمتلك مقومات النجاح ومنهن كفاءات ومبدعات يستحقون كل الدعم والآن نشوفها على ارض الواقع بفضل الله ثم نظرة ولي العهد وثقته بقدراتهن,2,2,Favor,Favor,0.9513549986318814,0.20582013809436517,0.0030186790151873985,0.0456263085919292,0.9513549986318814
1,Women empowerment, عشان يلمع صورته ويعنني تمكين المرأة ويصير ترند والحكومة هي اكثر من تقمع المرأة اخر شيء كل الي فرحانين بالقرار ودارسين قانون متوظفين كاشير في مول راتبهم 3 الاف,0,0,Against,Against,0.8525456979591594,0.5196964241471294,0.8525456979591594,0.06615610317783252,0.08129816594167241
4,Women empowerment,هذا ما يُعرّف بـ'فوبيا المرأة المُتمكنة' آفة فكرية تغزو عقول بعض الرجال حيث إنه إذ رأى تمكين للمرأة حتى ولو كان بسيطًا فهو من المرجح بالطبع ربطه للموضوع مع - النسوية - وأتهام الفكرة بأكملها بالشيطنة والخبث . URL,2,2,Favor,Favor,0.6559342528499834,0.8519663662961589,0.10100955984709943,0.24305616705273592,0.6559342528499834
8,Women empowerment, فخورين بنساء الوطن 🇸🇦 وكلنا فخر بتقدم تمكين المرأه يوم بعد يوم ؛ الله يديم حكومتنا ؛ ويحفظ بلادنا ويعزها 🤍..,2,2,Favor,Favor,0.9528531720995307,0.20444082816437525,0.0043083665349374885,0.04283844590829377,0.9528531720995307
22,Women empowerment, وين تمكين المرأة؟,1,1,None,None,0.6690966148951198,0.7753699701227108,0.2808762547604326,0.6690966148951198,0.050027156375516676
38,Women empowerment,بتبرع كريم من شركة القدس للتأمين وكجزء من مسؤوليتهم المجتمعية تجاه السيدات ولدعم تمكين المرأة دربنا عدد من السيدات على أساسيات الخياطة في مشروع أرزاق. #JHCO #تمكين #تدريب URL,2,2,Favor,Favor,0.8947271257783518,0.35398768118147744,0.004145350111292444,0.10112757861711798,0.8947271257783518
40,Women empowerment,لايخدعونك   بكذبة تمكين المرأة!.,0,0,Against,Against,0.8763354460087668,0.45877445035801656,0.8763354460087668,0.07009165631039091,0.053572875249261645
48,Women empowerment,والله بنات انا مع تمكين المرأة واحاول ادعمكم بس انتو كمان ساعدونا ندعمكم  ليه لما اكون مع موظفة  الموضوع ياخذ مني اسبوعين ولما اكون مع موظف ياخذ مني نص ساعة؟؟؟,2,2,Favor,Favor,0.7422474633651092,0.7099360184264532,0.059484710902211954,0.19826782531086276,0.7422474633651092
51,Women empowerment,المسلسل التركي اللي بديت اشوفه بعد انقطاع طويل عن المسلسلات التركيه بس وربي اني انتظر الثلاثاء بفارغ الصبر عشانه .. احب تمكين المرأه اللي بالمسلسل واحب القصه وكل شي 😭😭😭😭 واحب باتوغا هففف جايب راسي URL,2,2,Favor,Favor,0.8319018141060508,0.5405931601156604,0.03632628252510511,0.13177189173626933,0.8319018141060508
55,Women empowerment,لا حول ولا قوة الا بالله  كلنا ندري من اللي سمح لكل مجرم انه يتجرأ و يرتكب جريمة يقشعر لها البدن ! قال لك تمكين المراة قال !!! URL,0,0,Against,Against,0.8387244268713515,0.5206253696426443,0.8387244268713515,0.13033511013709093,0.030940456427862233
58,Women empowerment,""" المرأة هي مصدر التطور لأي مجتمع، فمن غير تمكين المرأة من الصعب اصلاح المجتمع."" #يوم_المراه_العالمي 🤍",2,2,Favor,Favor,0.8732959496140635,0.449537112633113,0.03009861648714055,0.09660544578143089,0.8732959496140635
60,Women empowerment,تمكين المراة ما جاب لنا خير والله  لكم ان تتخيلوا ان لي ساعة ادور إحرام بالطايف بعد ما كان يباع في كل مكان,0,0,Against,Against,0.8316535445370177,0.5301083289936732,0.8316535445370177,0.13966003675161662,0.028686395016563025
66,Women empowerment,حاطة هاشتاق #تمكين_المرأة وهي تهين المرأة بنفس التغريدة,0,0,Against,Against,0.8569559130416196,0.4948381445417407,0.8569559130416196,0.10344476110287028,0.03959931206614581
72,Women empowerment,جاني القرف من شعارات تمكين المرأة و رزرزة سيدات الطبقة المخملية مثل ديكور يتجدد..اسطوانة منذ 2016,0,0,Against,Against,0.9110561340416288,0.36170242888996296,0.9110561340416288,0.04320276096393629,0.04574109719272074
73,Women empowerment,تمكين المرأة يجب أن لايكون على حساب الرجل,0,0,Against,Against,0.675261403819286,0.8538068906150573,0.675261403819286,0.1458941034822084,0.17884450435188237
76,Women empowerment,#تمكين_المرأة من وجهة نظر الديناصورات 🦖 URL,1,1,None,None,0.5369563037116298,0.830091473027263,0.4215467700718394,0.5369563037116298,0.04149694080442766
84,Women empowerment,(عصر تمكين المرأة) هو عصر النشوز والطلاق هو عصر الاهالي السذج الذين ركبوا الموجة  يخببون بناتهم على ازواجهم ويفسدون حياتهم. سنوات قليلة وتصبح المرأة السعودية كالغربية  بلا اسرة ولا زوج ولا حقوق وتربي الابناء وحدها (الام العزباء)  وسيبكون ندم على النعيم الذي كانوا فيه.  حلولكم 👇 ,0,0,Against,Against,0.89100090419971,0.41442366671063424,0.89100090419971,0.03726262389873985,0.07173649755648936
86,Women empowerment,تمكين المرأة في مختلف المجالات ساهم في تحسين بيئة العمل وتنظيم الفعاليات وجودة التعامل مع العملاء والمراجعين .,2,2,Favor,Favor,0.951652354139063,0.20852520792742263,0.004471907670013999,0.043875750510919326,0.951652354139063
87,Women empowerment,الدولة ماضيه في تحقيق رؤيتها التي من أهم أهدافها تمكين المرأة  وفي الوقت ذاته تحتاج للتدرج ومراعاة الظروف العامة ..,2,2,Favor,Favor,0.9154354617620792,0.30827927592705695,0.004824566868833494,0.07974000901256738,0.9154354617620792
103,Women empowerment,يحظر أي إعلان عن وظائف (للرجال فقط)  لكن لا بأس أن يكون هنالك وظائف  (للنساء فقط) !  وهذا كله يتم خلال وجوب النفقة على الرجل وتغريمه 50 ألف بحال تقصيره بالنفقة على المرأة !  مقلب (المساواة) و(تمكين المرأة) أكلوه رجال الغرب قبلنا والآن يوجهون لنا كتب ومؤلفات لكن لا حياة لمن تنادي!  ,0,0,Against,Against,0.8640307563551024,0.4915084125330159,0.8640307563551024,0.06334587515737247,0.07262336895765617
104,Women empowerment,"""تمكين المرأة السعودية"" ❌  ""سرقة الوظائف من الرجال السعوديين .....  وإعطائها للنساء السعوديات بنفس الوقت اللي الرجال السعوديين مكلفين بالنفقة والإعالة للنساء السعوديات"" ✅ ",0,0,Against,Against,0.8671673174128361,0.4807726343346851,0.8671673174128361,0.08056233569756083,0.052270309530281625
105,Women empowerment,الحريم مثل الطفل المتهوّر اللي يدخل اصبعه بفيش كهرباء ويطلع للطريق قدام السيارات  بس ما تقدر تمنعه من تهوره ومن إلحاق الضرر لنفسه وللإخرين لأن الحكومات بتمنعك من منعه وذلك بإسم (تمكين المرأة),0,0,Against,Against,0.5375761179718186,0.9894741950925887,0.5375761179718186,0.16145990934522308,0.3009639857373122
111,Women empowerment,   وربي انك معلق على٢٠٠٠  تمكين المرأة هذا اعظم شيء حدث ونشوف يابو كفاءة اغلب الوظائف اللي للجنسين تكون فيها خبرتكم اقل لعل وعسى تنقبلون بينما التنافس للنساء اعلى فالله يعينك ع قلك وربي يرزقك وظيفة تسكتك لان والله الحسد مو زين,2,2,Favor,Favor,0.9108928941549825,0.36128532210424974,0.05103454649541677,0.038072552912480885,0.9108928941549825
125,Women empowerment, محد طلب رأيك والدولة مستمرة في حركة تعديل وتنقيح المناهج كما أن تمكين المرأة هي أحد أهم محاور رؤية 2030 وتوظفنا وشوتنا أشباه الرجال وصيحناهم يالله رح ابك والحس دموعك في الزاوية مع باقي المنبوذين.,2,2,Favor,Favor,0.7722704005588936,0.6909546504057285,0.13353125327592696,0.09419831088270218,0.7722704005588936
137,Women empowerment, لايوجد صياح ولكن يوجد دهشة في انتكاس الفطرة التي خلقنا الله عليها. من سيفتح البيوت وينفق عليها اذا كان الرجل عاطل بسبب تمكين المرأة للعمل ومن سيربي الأجيال ويرعاها اذا كانت المرأة مشغولة خارج منزلها. حديثي للمرأة التي تعمل دون الحاجة الملحة جداً ,0,0,Against,Against,0.8886786356450447,0.4135397094375288,0.8886786356450447,0.08191689102454758,0.02940446789267702
138,Women empowerment, اذا عرفتي الدور الحقيقي للرجل والمرأة في المجتمع ستدركين ان ماتطلبينه مخالف لذلك الدور.. رأينا تمكين المرأة في الغرب، وبعض دول الشرق، ماذا كانت النتائج !!. هل تمكينك للعمل في مجالات لا تناسبك سيجعلك تفتحين بيت وتتحملين معيشة اسرة من الألف الى الي,0,0,Against,Against,0.8842897241405487,0.43757310307017716,0.8842897241405487,0.06514560255973563,0.05056468072298102
140,Women empowerment,  ردود العقلاء تتطابق في توجهاتها. تمكين المرأة في مجالات لاتتناسب مع طبيعتها وتهميش الرجل المسؤول عن القوامة وفتح البيوت لا يقبله عقل أو منطق. كيف سيتم بناء الاُسر اذا زوج المستقبل والزوج الحالي عاطل عن العمل بسبب تمكين المرأة في مجالات,0,0,Against,Against,0.9003181035399467,0.3904482174243285,0.9003181035399467,0.062066203816154256,0.037615701241818435
141,Women empowerment,MENTION الأسباب المذكورة كانت موجودة منذ قرون ولم تكن حالات الطلاق بهذا الكم الهائل. ننظر للمستجدات والتغيرات التي طرأت على المجتمع ونربطها بأسباب ارتفاع حالات الطلاق واهم نقطة هي منح المرأة الحرية المطلقة مما منحها الأستقلالية التامة وهذا ادى الى كوارث اجتماعية سببها قرارات تمكين المرأة,0,0,Against,Against,0.8670848266089355,0.4801029460660908,0.8670848266089355,0.0825135609963006,0.050401560828626055
142,Women empowerment,عصر تمكين المرأه لا يكتمل الا بتشجيعك لنادي الشباب اختي الفاضله ,2,2,Favor,Favor,0.9011396074078522,0.3456210967044989,0.006155393590785358,0.09270497368621454,0.9011396074078522
147,Women empowerment,واللي عاشو في الفجوه الكونيه اش يسوون 🚶🏻‍♂️  #موتمر_تمكين_المراه_2022,1,1,None,None,0.57819779935583,0.834266302093913,0.049931063398881675,0.57819779935583,0.37187113225152413
149,Women empowerment,#تمكين_المرأة بمفهوم الفارغون والفارغات  والسطحيون  والسطحيات والتافهون والتافهات والسياسيون والسياسيات هو اهلاك للمجتمع,0,0,Against,Against,0.7638326828561761,0.7026066912304905,0.7638326828561761,0.14809864704125414,0.08806867746464843
160,Women empowerment,النساء مصانع الرجال النساء شقائق الرجال  النساء النساء باختصار يكفي أن قدوتي إمرأة  سعيدجدا بأن بلادي المملكة العربية السعودية بدأت تسير على خطى ثابتة وموزونة في سبيل تمكين المرأة وإبراز دورها الذي لو فعل تماما لأصبحت المملكة في مصاف الدول المتقدمة ولتبوأت المركز الأول في كل شيء! ,2,2,Favor,Favor,0.9378548643561135,0.2527835076227669,0.006101978894032373,0.05604315283003432,0.9378548643561135
167,Women empowerment,وتتوالى الأخبار المفرحة #تمكين_المرأة ,2,2,Favor,Favor,0.9021881391011763,0.3486247368418019,0.008285128987954542,0.08952669824365997,0.9021881391011763
173,Women empowerment,اختصار الكلام: . بلا شك ان النساء قويات وذكيات ومبدعات😊 ولكنهم بحاجه الى تمكين وتشجيع والحصول على حقوقهم واحتياجاتهم البشريه كامله اولاً👍🏻 اي حضارة نلاقي الرجل فيها يخترع وينجز اكثر من المرأه، عادة بتكون حضارة فيه تمييز جنسي وظلم لحقوق المرأه😊 ,2,2,Favor,Favor,0.8402902871508453,0.5420066335331505,0.05497231847789525,0.10473741524189709,0.8402902871508453
176,Women empowerment,مستبشرة خير..🙏  #تمكين_المرأة  #سنه_جديده_2021,2,2,Favor,Favor,0.8982476988704586,0.3588359644593153,0.008787778617202356,0.09296454793790136,0.8982476988704586
177,Women empowerment,  قرار غير موفق   من رجل له مكانته فالكويت واهل الكويت   نطالب بعدم تمكين المرأه وادخالها مع الرجال خاصةً وان اهلنا يرفضون الشي هذا ..,0,0,Against,Against,0.7234956921858067,0.7805929165590213,0.7234956921858067,0.1285130636107429,0.1479912251302429
179,Women empowerment, هذا تمكين المرأة في كافة المجالات الله يسلمك URL,2,2,Favor,Favor,0.8663383593823879,0.44599402657953857,0.01793933393273327,0.11572228034083967,0.8663383593823879
183,Women empowerment,  تمكين المرأة السعودية العظيمة في بلادنا المباركة تخطى وسبق دول اخرى في هذا المجال بفضل الله تعالى ثم بفضل قيادتنا الرشيدة حفظ الله سيدي خادم الحرمين الشريفين وسمو ولي عهده الأمين.,2,2,Favor,Favor,0.916315763543873,0.30884723037154743,0.0058366628237239305,0.07784757890675811,0.916315763543873
196,Women empowerment,عصر تمكين المرأه…😜🤣🌹 URL,2,2,Favor,Favor,0.8328192540840254,0.49089357889544194,0.010604527656472415,0.15657619818711707,0.8328192540840254
200,Women empowerment, هكذا يريدون هوات التغريب تمكين المرأة تدريجياً لكن قيل (لن يفلح قوم ولوا أمرهم إمرأة,0,0,Against,Against,0.6674834351137201,0.8184944563949571,0.6674834351137201,0.07920337922142902,0.2533131849471102
201,Women empowerment,   الكل سواسية في موضوع العمل و الوظائف ، و تمكين المرأه شيء اساسي لنهضه اي دوله خصوصًا ان السعوديه تواصل دومًا وصولها للقمه ، ف لن ادخل بنقاش جاهل محتواه مقارنه بين الجنسين لمجرد الحسد على ٣٠٪ من الوظائف توفرت للنساء😌,2,2,Favor,Favor,0.9161360988716878,0.3395976788658381,0.025471418998829102,0.05839249264106118,0.9161360988716878
204,Women empowerment, الوظايف كلها خذوها البنات اذا ماتدري والناس كلها عارفه لكن تمكين المرأة الله يشغلها ويشغلهم وخلونا يالشباب عاطلين معطلين,0,0,Against,Against,0.8669001735041512,0.4841968256265843,0.8669001735041512,0.06209768368715907,0.0710021324909317
207,Women empowerment,#رؤية_٢٠٣٠_واقع_يتحقق   تمكين المرأة حتى اصبحت احلامنا واقع واصبحنا في الطليعه نسابق الزمن لتحقيق مافاتنا 💕💕 ,2,2,Favor,Favor,0.9262433907946013,0.2900998385292086,0.00874436340166442,0.06501224162500477,0.9262433907946013
209,Women empowerment, فاهمين تمكين المرأة غلط ههههههههههههههههههههههههههههههههههههههههه,0,0,Against,Against,0.48756917563417496,0.934038801586059,0.48756917563417496,0.42042771146702923,0.09200311278633418
211,Women empowerment, نطالب بقمع الرجال تمكين المرأة لايكفي,0,0,Against,Against,0.7337774733344092,0.7315231955541444,0.7337774733344092,0.06873926763280754,0.19748324181261356
212,Women empowerment, خلاص حاول تسكت وتستر على غبائك وعقدة النساء اللي عندك لان محمد بن سلمان دعسكم وخلص انت واشكالك مالكم اي اعتبار حاولوا تندفون طالما ما انتم قادرين تتقبلون السعوديه الجديده و(تمكين المرأه)😉,2,2,Favor,Favor,0.5863284512002269,0.8466140519435625,0.35524647394364434,0.05842510299004975,0.5863284512002269
220,Women empowerment,عصر تمكين المرأه نهضة ورؤية هذا الوطن بيد الجميع رجال ونساء ❤️ #المراة_السعودية_قاضية ,2,2,Favor,Favor,0.9319322447393219,0.2660552696647608,0.00483404489799009,0.06323371356395142,0.9319322447393219
222,Women empowerment,MENTION الهدف من تمكين المرأه هو لكي تكون جزء من صناعة القرار من خلال مناصب استراتيجية وقيادية .,2,2,Favor,Favor,0.9220209365500391,0.30304924684680234,0.009677399612163086,0.06830163415580574,0.9220209365500391
223,Women empowerment,#المراه_السعوديه_قاضيه اييييوا هذا عصر تمكين المرأه الحمدلله يارب 😭❤️❤️❤️❤️❤️❤️❤️❤️!!,2,2,Favor,Favor,0.9273054617927808,0.2993248240774864,0.016366722844765036,0.056327835624108154,0.9273054617927808
225,Women empowerment, ماله دخل تمكين المراه ولا الحكومه ومثل هذه الجرائم تصير بكل دول العالم  و مهما عملت الحكومات سيكون هناك نسبه متخلفين مثلك,0,0,Against,Against,0.6963980052649164,0.7894898066617733,0.6963980052649164,0.08050845007238525,0.22309356519856827
227,Women empowerment,"رجل شرطة يسجل مخالفة لإمراة بتهمة التعري والتعرض غير اللائق على شاطيء روكاواي بنيويورك سنة ١٩٤٦ .  هذا دليل إن الغرب كان على الفطرة السليمة حتى خرجت ثعابين""الفيمينيست""وحيات تمكين المرأة إلى الوجود وبدعم الحكومات حتى تعرت المرأة تمام عدا عن فتلة رفيعة تحتفي في طيات جسمها ..  يتبع) URL",0,0,Against,Against,0.8082585433942313,0.6120589615314842,0.8082585433942313,0.1259280943545277,0.06581337166758969
232,Women empowerment,عميدة كلية عايزة تعلق بانرات تتكلم عن تمكين المرأة وحقوق المرأة ... عميدة كلية  هو اكتر من كدا ايه تمكين للحريم معلش؟!,0,0,Against,Against,0.8351677816505259,0.5394532746526928,0.8351677816505259,0.12437523914015139,0.040456980062086645
233,Women empowerment,قبل عملها فى مجال الفضاء  عملت سارة معلمة يوجا ومدربة كروس فيت  ومارست فنون القتال المختلطة لبعض الوقت. في عام 2016   سافرت الى عدة بلاد فى إفريقيا للعمل التطوعي في مدارس ومنظمات مختلفة   بما في ذلك مركز تمكين المرأة في أوغندا.,2,2,Favor,Favor,0.650388178802249,0.7061632605719832,0.014060684330711662,0.335551170194587,0.650388178802249
237,Women empowerment,- الطلاق الشفوي ولازم امام قاضي - تمكين المرأة - و قهر الرجال بزياده البطالة و تضييق الحال عليهم بغلاء و غلق ابواب الرزق كوقف اعمال البناء! - فقر و معاناة اقتصادية ترفع نسب الطلاق  - قانون احوال شخصية جديد  #السيسي يسعى لتفكيك عروى المجتمع المصري و نواتها,0,0,Against,Against,0.8988215473901255,0.3971744808504645,0.8988215473901255,0.05619173281648646,0.04498673699762556
246,Women empowerment,#اليوم_العالمي_للمرأة متنة للنساء المثابرات في تمكين مجتمعاتهنّ... أنتنّ جميعاً رمز القوة والكرم في يوم المرأة العالمي🤍.,2,2,Favor,Favor,0.897708809676957,0.3472390549037734,0.0040827071536857894,0.09820848843514127,0.897708809676957
255,Women empowerment,- فالبرنانج الضعيف ( وعد )   امس كان الموضوع تدوير النفايات  واليوم الموضوع تمكين المرأه ..  ترتيب الاولويات وتناسب الحلقات يحسب لهم رغم ضعف البرنامج ..,2,2,Favor,Favor,0.8696670102062392,0.4422889453864894,0.01965207525099675,0.11068087624353445,0.8696670102062392
258,Women empowerment, بصراحة انا مع تمكين المرأة قلباً وقالباً ، خصوصا في الوظائف التي يعتقد الرجل انها حكراً عليه ويفترض  أن المرأة لا تستطيع القيام بها، أن مصطلح تمكين المرأة يعني مساعدتها في بلوغ أهدافها وطموحاتها الوظيفية وخصوصا إن كانت زوجة ،ربة أسرة، وأحيانا ,2,2,Favor,Favor,0.8576103153022638,0.4955363257960756,0.04187828940926072,0.10051144128229654,0.8576103153022638
272,Women empowerment," الواضح للجميع أن السلب كان لحقوق الزوج فقط.  من باب ""تمكين المرأة"".  فالسلب كان لطرف مقابل تسليمها الآخر  أنت تضع السارق والمسروق في كفة واحدة.",0,0,Against,Against,0.8109191770951185,0.5932850557228242,0.8109191770951185,0.13987810048244786,0.04920271259031485
279,Women empowerment, القمه والقوه 😂 لا جد والله العبث وعدم الرضى والبحث المستمر والصمود والمواجهه  شخصيتك مثابره والرياضيات تتيح لصاحبها المزيد من الحلول في حال يواجه مشكله  اتوقع اشوفك يوم وزيرة للتعليم بعد برامج تمكين المرأة مو بعيد اشوفك وزيره 🤗😍💐,2,2,Favor,Favor,0.8273418344313699,0.5427065314329994,0.031905316728932806,0.14075284285155018,0.8273418344313699
285,Women empowerment,  اي احاديث تمكين للمرأه تتخبى ومايستدلون فيها اقولك يخافون من المرأه انها تجيب لهم عار وكلام بين الجماعه,2,2,Favor,Favor,0.6187163265856934,0.8155359379893976,0.3298418509386821,0.0514418644377363,0.6187163265856934
308,Women empowerment,  الجماعات المتطرفة هدفها زعزعة امن الوطن ومن ضمنها تمكين المرأة حريتها ..  *غدا ستعلمون كلمة صاحب السمو الملكي الأمير نايف بن عبدالعزيز آل سعود رحمه الله  (هم لايريدون حريتها هم يريدون حرية الوصول إليها),0,0,Against,Against,0.7081367664891152,0.7677080232340718,0.7081367664891152,0.07275816574308087,0.21910508736355033
324,Women empowerment,تمكين المرأة في عهد مبس 😂 URL URL,1,1,None,None,0.8097877465260852,0.6025427271522208,0.13336238747364523,0.8097877465260852,0.05684986444080197
332,Women empowerment, يجب تمكين المرأة من العمل، لدينا بنات كثير يعلن عائلتهن والمرأة اكثر جدية في العمل. يجب ان نمكنهن في جميع شتى القطاعات واحلالهن في المهن المشغولة بغير السعوديين.,2,2,Favor,Favor,0.9366643121540095,0.2675504514157463,0.012529607456819166,0.05080603201315977,0.9366643121540095
334,Women empowerment,ومن #مساواة إلى تمكين إلى #حقوق ثم تنوير.. المقصد ليس حق المرأة وإنما كيف تفكيك #المرأة من عفتها!!,0,0,Against,Against,0.8858790587479546,0.4337115803446637,0.8858790587479546,0.06204706097147448,0.052073857423983204
335,Women empowerment,مَا أَعَزَّنا اللهُ -نحن نساء المملكة العربية السعودية- بالملك/سلمان بن عبد العزيز آل سعود  وسموّ وليّ العهد الأمير/محمد بن سلمان آل سعود -حفظهما الله- حتّى نَتَبَسَّمَ للانتِهَاكات! #تمكين_المرأة  #رؤية_السعودية_2030  #وزارة_العدل  #النيابة_العامة  #حماية_المرأة_من_الأذى URL,2,2,Favor,Favor,0.5981665106761167,0.7293526269549963,0.012477366427984915,0.3893561192014483,0.5981665106761167
343,Women empowerment,أنا سعيدة جدًا على انجازات المملكة العربية السعودية تحديدًا نقلتها السريعة في تمكين المرأة بشتى المجالات. السؤال هل ستقتدي أخوات المملكة بها؟ على ماتحققه اليوم من نجاح في جميع الأصعدة ,2,2,Favor,Favor,0.9391832688160899,0.24857907649799293,0.005900869525472966,0.05491584752462701,0.9391832688160899
378,Women empowerment, ومافي امراة تبربر ع دخل الرجال وفلوسة في زمن تمكين المرأة الا عاجزة وارفلة,0,0,Against,Against,0.4437674144229923,1.0131905090702387,0.4437674144229923,0.15216468274823314,0.4040679015926895
394,Women empowerment, هى لسة المرأة محتاجه تمكين !!!!🤔,0,0,Against,Against,0.858366792545492,0.4699965324061409,0.858366792545492,0.1190878220915732,0.022545412771870155
406,Women empowerment, تمكين المرأة ورسمها كعائل رئيسي ونشر ثقافة المثليين حاسسها خطة لتحديد النسل على المدى البعيد 😂,0,0,Against,Against,0.8696303881955882,0.4756438515156976,0.8696303881955882,0.07602226954501148,0.05434734578815384
408,Women empowerment,  السؤال هنا هو ايه المقصود من تمكين المرأة عشان انا حاسس ان دي كلمه حق يراد بيها باطل وحاسس انها مسمار ف نعش الأسر المسلمه,0,0,Against,Against,0.886207874131445,0.39892901968959343,0.886207874131445,0.09868667415355571,0.015105467148351707
409,Women empowerment, ياجاهل وياغبي واضح بس تبي تبربر على دلاخة كعادتك ، المرأه في عهد محمد بن سلمان مكنت خير تمكين في جميع المجالات حتى اصبحت المرأه في المملكة شريكا فعال لدفع عجلة الاقتصاد والتنمية  ،اما انتم متطرفين  ترفضون المساواة بين الرجل والمرأه في العمل,2,2,Favor,Favor,0.9275937901083029,0.30721437717600064,0.026212972851334265,0.04619323748533535,0.9275937901083029
415,Women empowerment, اتفق معك جداً اخوي تركي بكل نقطه تمكين المرأة لايعني بسلب كفاءه  عن كفاءة افضل منها تمكين المراة يعني بتوظيفها بوظيفه تناسب طموحاتها ودراستها لا على حساب فقط كونها انثى وهذا توجه مؤسساتي ومجتمعي غير صحي في سوق العمل,2,2,Favor,Favor,0.6575207015627476,0.7938137536906491,0.2873383101335763,0.055140975985516136,0.6575207015627476
425,Women empowerment,تمكين المرأه في عهد الملك سلمان الحزم والعزم تطور غير مسبوق وثقه حازتها بكل جداره  👍🇸🇦 ,2,2,Favor,Favor,0.9128140338009659,0.3240169200381238,0.008580743286132135,0.07860521491598535,0.9128140338009659
442,Women empowerment,أمةً انجازها حجاب فاشلة  أمة انجازها تمكين المرأة ناجحة URL,0,0,Against,Against,0.8471254418890684,0.5331597454576926,0.8471254418890684,0.08241440984140473,0.07046013682980842
445,Women empowerment, قرار صائب في تمكين المرأة,2,2,Favor,Favor,0.9261877188969723,0.28381719712831677,0.005843852124695973,0.06796837380834483,0.9261877188969723
446,Women empowerment, خبر جميل إن صح في تمكين المرأة ومساواتها بالرجل..  ونبذ سنوات ومعتقدات الجاهلية التي سجنت المرأة في البيت.,2,2,Favor,Favor,0.9271954495832636,0.2967521821042327,0.014194929551310308,0.05860961169791155,0.9271954495832636
459,Women empowerment,في سعينا الحثيث في  وإيماننا الكبير في تمكين المرأة في معظم مناحي الحياة  ومن أجل التعلم والاستكشاف والتطوير المستمر  المرأة في #تريم #حضرموت تدخل  عالم صيانة أجهزة الجوالات.. شكرا لكل شركائنا  و  ,2,2,Favor,Favor,0.9339570964027957,0.25309422777222434,0.002249600980907521,0.06379330011045672,0.9339570964027957
468,Women empowerment,المشكلة تكمن في فجوة فكر مابين الجيل القديم الذي تربى على الأخلاق الحميدة وتعاليم الدين وجيل منفتح لدرجة أن الحرام في ديننا أصبح مرغوب من باب تمكين المرأة والذي تم فهمه بشكل خطأ من بعض الفئات النسوية المتمردة على الدين والعادات  #انقذوا_رهف_اليامي,0,0,Against,Against,0.8304607489494908,0.5675851786052049,0.8304607489494908,0.10542780375506457,0.06411147497758156
472,Women empowerment, للاسف الاسر تتفكك من الآن بسبب فرض مفاهيم تمكين المرأة التي جعلتها  تتمرد على رسالتها في الحياة.,0,0,Against,Against,0.8938165398497652,0.41106461319481624,0.8938165398497652,0.06035542402735844,0.045828019659085784
476,Women empowerment, قدرة المرأة على العطاء لا تقل عن الرجال في جميع المجالات وهذا ما تؤكده وتحرص عليه حكومتنا الرشيدة من تمكين للمرأة السعودية التي تحقق نجاحات تلو الأخرى في مختلف الأعمال  #تمكين_المرأة,2,2,Favor,Favor,0.928776675470106,0.27930346713297244,0.006833194221430911,0.06439013316660451,0.928776675470106
478,Women empowerment,يعيش عصر تمكين المرآه✌️ ,2,2,Favor,Favor,0.6255676287397569,0.9206350898659363,0.19292715840992464,0.18150520518693816,0.6255676287397569
481,Women empowerment, السبب طول الفترة التي تعرضت المرأة للظلم والتهميش٣٠ سنة فأصبحت ثقافة سائدة والتسارع في ال ٥ سنوات الأخيرة التي حصلت فيها المرأة من تمكين وحقوق فلم يستطيعوا مواكبة هذا التغير واصبحوا في حالة صمت او تنظير خاصة عند الإرتباط في علاقة زواج وعند تعلي,2,2,Favor,Favor,0.6161105966759004,0.8398418310534088,0.31932178131688005,0.0645676431273251,0.6161105966759004
504,Women empowerment, تمكين المرأة اثمر عن عدة نجاحات محليا و دوليا المرأة عنصر مهم و فعال وحيوي وبهم تقوم الامم,2,2,Favor,Favor,0.9221068107467657,0.2988591970262329,0.007763879180267408,0.07012929832984428,0.9221068107467657
507,Women empowerment, المرأة لها دور كبير في حياتنا ويجب تمكين دورها بشكل اكبر واكبر,2,2,Favor,Favor,0.9242706983194533,0.29782756471181576,0.010032048851334538,0.06569725293341452,0.9242706983194533
511,Women empowerment,المرأة مسكينة المرأة تحتاج دعم المرأة تحتاج تمكين المرأة المرأة المرأة متى يجي دور الرجل والشاب ترى ملينا على فكرة هذي عنصرية أيضا لما يصير ابراز لجنس على حساب جنس آخر,2,2,Favor,Favor,0.7466265737691512,0.7404253389806075,0.11431181391236703,0.13906162345775774,0.7466265737691512
515,Women empowerment,  ليس هناك اعتراض اذا تم تمكين المرأة في جميع الفرص التي يحتكرها اجنبي 😌,2,2,Favor,Favor,0.8557814535725614,0.5085486824287978,0.0552801247937624,0.08893844614678137,0.8557814535725614
516,Women empowerment, صرنا نبي تمكين الرجل صارت الحرمه هي المسيطره ماتشوفين لوين وصلنا من الإنحطاط والتردي بزمن سادت وقادت فيه المرأة,0,0,Against,Against,0.8857719509205708,0.43386887194560647,0.8857719509205708,0.051399680831453104,0.06282831673052515
523,Women empowerment,"-يروج لهاشتاقات اباحية. -يدعوا إلي ""تمكين المرأة"" وهذا يترتب عليه كثرة خروج النساء. -يسمح بالاختلاط. -يدعوا المرأة إلى الخروج من بيتها -التبرج وغيره  ألن يؤدي ذلك كله إلى هتك الأعراض؟؟ هذا الأمر سيؤدي إلى هتك الأعراض بطريق أعظم أثرا من الحرب  لأن هذا يترت",0,0,Against,Against,0.9015659095119224,0.3851683260311274,0.9015659095119224,0.06428752827347253,0.03414655943125053
525,Women empowerment,الدكتور محمد العيسى يتحدث بكلام رائع  عن تمكين المرأة وان #المرأة_نصف_المجتمع  وكل هذا بفضل الله ثم بفضل قيادتنا الرشيدة و قائد الرؤية ولي العهد محمد بن سلمان  حفظهم الله ,2,2,Favor,Favor,0.9292771698871889,0.27118921206963165,0.004110695811170579,0.06661215094377251,0.9292771698871889
526,Women empowerment,  تمكين الرجل وظلم المرأه هذا هدفك,0,0,Against,Against,0.46332095462849143,0.9608329508230913,0.46332095462849143,0.4280206005193137,0.1086584375875701
538,Women empowerment, لا يجب تمكين المرأة إلا في الاصلاح التربوي لانه لو تركت المرأة واجباتها التي كلفها الله سبحانه وتعالى بها والتفتت الى القضايا السياسية والاجتماعية العامة فإنها سيضيع اجيال من بلادنا وينشؤون في تفكك اسري مدمر,0,0,Against,Against,0.7914218859585209,0.6559556238259631,0.7914218859585209,0.09583316407740818,0.11274493801991309
544,Women empowerment,3   تمكين المرأة صاحبة الشخصية القوية في جميع مفاصل الدولة الإيرادية . • عرض التقييم الدوري للأداء العملي والمالي كل ٣ اشهر للمواطن  • انشاء صندوق مقترحات وشكاوي لكل مرفق حكومي مع متابعت ذلك الصندوق من قبلي شخصيآ,2,2,Favor,Favor,0.5991854716452822,0.8019596923420538,0.03932105076207258,0.3614934631373384,0.5991854716452822
549,Women empowerment, نعيد ونكرر..  المتقاعد لم يأخذ مكان الباحث عن عمل.  أزمة العاطلين عن العمل سببها أن أصحاب القرار  يفكرون بنفس طريقة 1970 دون اعتبار للزيادة في عدد السكان وفي عدد الوافدين وفي تمكين المرأة وفي تغيير سوق العمل.,0,0,Against,Against,0.8682343549087166,0.4809564581003877,0.8682343549087166,0.06852556413713085,0.06324014534063153
570,Women empowerment, هذا مثل من حرم الدش والجوال وغيرها من وسائل االعصر!. يجد تبريرات تتماشى مع الوعي السائد. وأقرب مثال تبريرات معارضي تمكين المرأة. كان هو الخطاب السائد في #السعودية. حتى حصل التمكين فعلا. فتبددت أصوات الممانعة!. مجرد اختلاف الطرح. #الديمقرا,2,2,Favor,Favor,0.47947642835811355,0.929983351097105,0.431795116547238,0.08872848060781359,0.47947642835811355
612,Women empowerment,هذا ماهو تمكين المرأة السعودية من العمل بشرف   هذا إهانة واستعباد وقد يتبعه المساوة على الشرف - من سلط المدراء الأجانب على عيالنا فهو عميل وخائن - من أجبر بناتنا بالعمل وسط الرجال الأجانب فلا عنده شرف - من أقر المادة 77 ومن وافق على استمرار العمل بها هو خائن من اتباع فقيه والجبري URL,0,0,Against,Against,0.9174213949216591,0.34060993284680385,0.9174213949216591,0.03305872515854195,0.04951989963363681
621,Women empowerment, هذا هو تمكين المرأه المزعوم .. نزع الحجاب والتبرج والإنحلال,0,0,Against,Against,0.8114793330939629,0.6006040619157732,0.8114793330939629,0.1303033977943502,0.0582172471090568
627,Women empowerment,عز الله يعزك يا #خادم_الحرمين_الشريفين   القول الفصل في #تمكين_المرأة ,2,2,Favor,Favor,0.5750831091999667,0.7900701330938555,0.02992424751237032,0.3949926368214786,0.5750831091999667
630,Women empowerment,  إذا جينا بنتكلم بالعقل والمنطق؛ بعيدًا عن تمكين المرأة الآن، من مئات السنين معلماتنا نساء وممرضاتنا نساء ما اشوفهم قصروا على بيوتهم بالعكس، تكلم كلام واقعي لا تتكلم كلام مبني على وهم,2,2,Favor,Favor,0.7840526978468212,0.6509626907508835,0.06174014449212851,0.1542071432308918,0.7840526978468212
631,Women empowerment,فخورة جداً بتمكين المرأة في مهنة المحاسبة  وتوسيع الفرص الوظيفية والتدريبة🤍  وبإذن الله نكون ملهمات طموحات في هذي المهنة العظيمة ...👩🏻‍💼💗   #تمكين_المحاسبات ,2,2,Favor,Favor,0.9449754083281665,0.22636392917060508,0.0036058660982768664,0.05141871696743267,0.9449754083281665
635,Women empowerment, بس احيدج ما تدانين فريقهم. شو صار في تمكين المرأة ؟,1,1,None,None,0.7627920674979622,0.677581263010986,0.1811205893918298,0.7627920674979622,0.056087356126236186
636,Women empowerment, امزح امزح  تمكين المرأة ممتاز.,2,2,Favor,Favor,0.8848693248994924,0.428996470804968,0.036467399673036846,0.07866327348258927,0.8848693248994924
639,Women empowerment,جامعة الشرق الأوسط تنظم ملتقى تمكين المرأة الاقتصادي URL  #الأردن #جريدة_الدستور_الاردنية #مصلحتك_في_اللقاح URL,2,2,Favor,Favor,0.8432892594928083,0.4732135532878812,0.010696893918868536,0.14601386916428452,0.8432892594928083
642,Women empowerment,منتدى الفكر العربي  أكاديميون وناشطون اجتماعيون يناقشون تمكين المرأة والشباب في الأردن URL  #الأردن #جريدة_الدستور_الاردنية #مصلحتك_في_اللقاح URL,2,2,Favor,Favor,0.8103510874588387,0.5237693443176807,0.009621264319126292,0.18002762331388736,0.8103510874588387
643,Women empowerment,مدير «دياكونيا « في مجلس كنائس الشرق الأوسط يتفقد مشاريع تمكين المرأة  URL  #الأردن #جريدة_الدستور_الاردنية #مصلحتك_في_اللقاح URL,2,2,Favor,Favor,0.8069476689154238,0.534173629875569,0.011488174977129569,0.18156416316054214,0.8069476689154238
647,Women empowerment,في اليوم الدولي للمرأة والفتاة في ميدان العلوم، نحتفي بجميع الإناث في دولة الإمارات العربية المتحدة، لدورهن الريادي في تغيير النظرة النمطية وتصدر مجالات الإبتكار ومختلف ميادين العلوم والأبحاث!  #تمكين_العقول #تمكين_التعليم #المرأة_في_العلوم ,2,2,Favor,Favor,0.9263382120792005,0.27335414460461355,0.0023314530725040894,0.07133033833309699,0.9263382120792005
659,Women empowerment,نحن فخورون بالنساء اللواتي يخترن خوض التحديات كل يوم من أجل بناء عالم أكثر استدامة. دعونا نلتزم معاً بالعمل على تمكين المرأة وتحقيق #المساواة بين الجنسين الذي يمثل الهدف الخامس من أهداف التنمية المستدامة. 👩🏻‍🔬🧕🏽👩🏼‍💻  ما هو التحدي الذي تختارينه؟  #يوم_المرأة_العالمي ,2,2,Favor,Favor,0.8004025019850083,0.5389056545791332,0.009789853599197837,0.18980764420720844,0.8004025019850083
660,Women empowerment,#يوم_المرأة_العالمي هو مناسبة تستذكر فيها #مصرمع العالم نجاحاتها في مجال تمكين المرأة، مشيرة إلى أن #المرأة_المصرية أثبتت قدرتها على النجاح في مهامها الممتدة من الأسرة إلى العمل وحتى الإبداع #اليوم_العالمي_للمرأة,2,2,Favor,Favor,0.8683482080135121,0.4257968290667056,0.010361479604865843,0.12129030907560544,0.8683482080135121
665,Women empowerment,#نسويات_نشكر_ولي_العهد اكيد نشكره على تمكين المرأة و اعطاء المرأة حقوقها اللي نص عليها الدين و الشرع   ترا محد مدلعنا و قايلن بنا هه الا هو 💜,2,2,Favor,Favor,0.880142739411454,0.4412885646824208,0.037718785052327244,0.08213849518257936,0.880142739411454
671,Women empowerment,#تمكين_المرأة ان تمكين المرأة السعودية من القيام بدورها الطبيعي في كافة المجالات له انعكاساته الإيجابية على عملية التنمية وبنية المجتمع,2,2,Favor,Favor,0.9084427952887102,0.3314219037055561,0.00723174530936851,0.08432547856082799,0.9084427952887102
673,Women empowerment,يغيظني دعم هذا الشأن أو ذاك مرضاةً للغير أو مجرد مواكبة للموجة دون تفكير. جيد أن تمكين المرأة السعودية هو لغرض تمكينها وليس لغرض آخر URL,2,2,Favor,Favor,0.878908955173014,0.452202520659755,0.06760314921096708,0.05348787782273661,0.878908955173014
674,Women empowerment, نحن في بداية العصر الذهبي وهو تمكين المرأه من حقوقها وتخليص المجتمع من افكار التحجر والتخلف بأعمال العقل بكل مناحي الحياة كما امر الله بالقران الكريم (تعقلوا،تفكروا،تدبروا ،الخ),2,2,Favor,Favor,0.917050358962807,0.31947854262552133,0.011597527604772747,0.07135211973247166,0.917050358962807
676,Women empowerment,حيث تحدثت رسالة الملتقى عن تمكين المرأة #السعودية  والنجاحات التي حققتها ودورها في نهضة المجتمع تتابعا لمسيرة الإصلاحات الاجتماعية والاقتصادية والمدنية التي قامت بها الدولة مؤخرا من #2017   حيث تأتي استضافة #هونشي_السعودية للملتقى ضمن  = URL,2,2,Favor,Favor,0.9191634233243073,0.29398972074090757,0.003110216053526379,0.07772636744348133,0.9191634233243073
680,Women empowerment,#نعم_لتمكين_المرأة في كافة المجالات #سعودية_وأفتخر 🤞 #تمكين_المرأة_قول_وفعل 💚 ,2,2,Favor,Favor,0.9152850028288742,0.3294829584954764,0.014864966175194462,0.06985004643833205,0.9152850028288742
682,Women empowerment,#كلنا_اخوانك_ياوصال في #فرنسا يهاجمون العالم الإسلامي بشعارات المرأة وتمكين المرأه ويجعلون اي حدث كمنافسه بين المرأه والرجل ويصورونه على أنه صراع على إثبات الوجود والحقوق بينما الواقع لديهم لا يثقون في تمكين المرأه مع انها كانت ستخفض سن التقاعد من ٦٥ إلى ٦٠ لكنها امرأة فخسرت URL,2,2,Favor,Favor,0.4686525348447395,0.89299399551246,0.4640947063903314,0.06725276248177019,0.4686525348447395
683,Women empowerment, ده كان موضوع مش صغير لما اتعمل و اتكلمنا هنا عنُّه يومها شوية. كان مؤتمر مخصوص.  البرنامج اسمُه تنمية الاسرة المصرية.  من اهم المواضيع اللي هيركّز عليها هو تمكين المرأة اقتصادياً. و حوافز مادية ب ودايع مالية للملتزمين.   URL,2,2,Favor,Favor,0.6970504474520832,0.6520709592807892,0.008492612295537381,0.29445694193681093,0.6970504474520832
684,Women empowerment, شرحوا يومها في المؤتمر ان في كُل الابحاث و البرامج الدولية  بتقول ان انجح المحاور هو تمكين المرأة اقتصادياً  لأن العكس بيخلّيها تبحث عن قيمتها في كُتر الخِلفه. و هيكون فيه تشريعات ل قوانين تخلّي الست تحتفظ ب وظيفتها وقت الخِلفة و حاجات زي كده. غير,2,2,Favor,Favor,0.8806535745779427,0.4325499011647319,0.02967001137859501,0.08967647929636294,0.8806535745779427
690,Women empowerment,تمكين المرأة = تمكين اختلاط النساء بالرجال,0,0,Against,Against,0.7002435911033713,0.7331440465078816,0.7002435911033713,0.2571840343212731,0.04257238526467527
702,Women empowerment,فيلم ثور الجديد مجرد اجندة جديدة لمارفل و الحزب الليبرالي في تمكين المراة في الافلام و استخدامها كسلعة للتسويق دون اي توجه لفكرة جديدة او سيناريو فيه ربع جرام ابداع,0,0,Against,Against,0.8677415726002241,0.48180303088514276,0.8677415726002241,0.07203956869715668,0.06021884669446041
708,Women empowerment,معلش بقى هى دى ضريبه تمكين المرأه 😁 URL,1,1,None,None,0.5425233430382145,0.8041945926643316,0.42597944791754894,0.5425233430382145,0.031497222229917014
709,Women empowerment,  الله المستعاان .كيف هيساعد زوجك وهو إللي بيحض علي تمكين المرأه وهدم المجتمع وخراب البيوت لان ببساطه معروف هدف تمكين المرأه والمساواه هو هدم المجتمع المصرى وتفكيك الاسر# ومساعدة زوجك بالسياره عشان يشتغل ويصرف علي بيته هاتكون خساره,0,0,Against,Against,0.8899694809760821,0.4216793556122401,0.8899694809760821,0.06301395653055163,0.04701653277886659
713,Women empowerment,عبارات رنانة.. حول تمكين المرأة.. من الذي سيمكنها.. ومما سيمكنها؟؟  إن أعظم تمكين لها أن تتمسك بكتاب الله، وسنة نبيه محمد صلى الله عليه وسلم. وان تتعلم احكام دينها. وان تلتزم العفة والستر. وإن ذلك كله يسير على من يسر الله عليه. وحذاري من دعوة التمكين لطريق جهنم.  والله مبتغاي.,0,0,Against,Against,0.5736227962380416,0.8590236490179083,0.5736227962380416,0.06197318100765793,0.36440404203845317
721,Women empowerment,أشارك بصوتي في دعم أهمية تمكين المرأة السعودية وعلى ضرورة تكافؤ الفرص بين المرأة والرجل بطريقة تتناسب مع مبادئنا وقيمنا الاجتماعية والأخلاقية  #اعتمدي_علي      ,2,2,Favor,Favor,0.8121896143954277,0.537871763882093,0.016057179584315417,0.1717532303608233,0.8121896143954277
730,Women empowerment,   اختي العزيزة قريت واعرف كل تفاصيل مسؤولة تمكين المرأة بوزارة الكهرباء هي الي اقامت الندوة وعلا التميمي موظفة وحضرت هاي الندوة اما الموضوع ضد ظاهرة التدخين للبنات التحت 18 سنة المهندسة علا شنو الغلط الي ارتكبتة ؟؟,1,1,None,None,0.41404074940439906,1.0427092804751743,0.18372605136271644,0.41404074940439906,0.4022331848510996
731,Women empowerment,   تمكين المرأة هذا القسم مختص بالنساء ليس الرجال يعني اختيار الجنس صحيح  وارجع اكرر سؤالي علا التميمي شنو الغلط الي ارتكبتة؟,1,1,None,None,0.7185572187830682,0.7309923830057943,0.22808056337260077,0.7185572187830682,0.05336224068911755
738,Women empowerment, سلاح ثور الوحيد اللي يميزة عن باقي الشخصيات لأنه الوحيد اللي يقدر يحمله   وأكتشفنا بقدرة قادر أن كابتن أمريكا يقدر يحملها والآن حبيبتة !!؟ تقدر تصنع قصة جميله بدون حدث مفاجئ عشان تعتمد ع عامل الصدمه وغير إني شام ريحة تمكين المرأة 😂,1,1,None,None,0.4164124384211324,1.0597177747624684,0.3747315720208346,0.4164124384211324,0.2088560145934991
744,Women empowerment,#حقوق_المرأة #الإنسان_اولا  المرأة هي لب المجتمع، واكد ذلك سمو ولي العهد حيث صرح مرارا وتكرارا بان المرأة لها حقوق كفلها لها الدين الاسلامي، وسيعمل جاهدا -بحول الله- بتحقيق اهم اهداف رؤية ٢٠٣٠ وهي تمكين المرأة ,2,2,Favor,Favor,0.9341910316779269,0.2628139865323345,0.006028605305070519,0.05978034238877746,0.9341910316779269
745,Women empowerment,شكرا لقيادة خادم الحرمين الشريفين وسمو سيدي ولي العهد على هذا التمكين العظيم للمرأة والشباب، ونسأل الله ان ينفع بها ويزيدنا يارب  ملف تمكين المرأة حقيقي لكل من يشكك 🇸🇦👏🏽 ,2,2,Favor,Favor,0.952198189903799,0.21098475673339284,0.006493408179598415,0.04130838967792084,0.952198189903799
750,Women empowerment,المرأه هي مصدر التطور .. وبتوجيهات حكومتنا نرى النور .. فقد تم تمكين المرأه السعوديه في جميع القطاعات دون استثناء..💚🤍🇸🇦 ,2,2,Favor,Favor,0.9464193462697585,0.22182056877990916,0.003485632611878073,0.050095011944193975,0.9464193462697585
751,Women empowerment,شكرا مولاي جلالة السلطان #هيثم_بن_طارق على ما أنعمتم به ل #المساواة_بين_المرأة_والرجل ففي عهدكم السعيدسنحظى ب#تمكين أكبر #للمرأة ونحن على أهبةالاستعداد #للمشاركة في #التنمية #السياسية #والاجتماعيه وقادرات على #صنع #القرار وتنفيذ #رؤية_عمان2040 إن لنا يا #مولاي قدرات لا تقل عنهم.,2,2,Favor,Favor,0.9392519886825088,0.2416087830572309,0.003218816955445407,0.05752921853300983,0.9392519886825088
753,Women empowerment,لا والله ما صدقتوا في سبب كثرة #الطلاق و #الزواج المُبكر دعاء إليه الرسول الكريم  عليه افضل الصلاة وأتم التسليم فقال: يا معشر الشباب من إستطاع منكم الباءة فليتزوج  ومن لم يستطع فعلية بالصيام. والسبب الحقيقي في نظر كُل عاقل هو تغير الفطرة و #تمكين_المرأة على حِساب الرجل للأسف. URL,0,0,Against,Against,0.8437062540738813,0.5328740660981621,0.8437062540738813,0.10431340842100398,0.05198030740715132
755,Women empowerment,هناك مقولة للدكتورة موزة غباش:      المرأة تمكنت حتى تمردت و ايضا قالت بسبب زيادة جرعة تمكين المرأة اصبحت متمردة على منظومة القيم.  و تطالب الدكتورة بأن نقوم بدراسة شاملة لنرى سلبيات مشروع تمكين المرأة و مدى الضرر الذي اصاب الاسرة بسبب غياب الركن الرئيسي فيها.  ولنا في غيرنا عبرة ,0,0,Against,Against,0.812530693294888,0.6018456742304796,0.812530693294888,0.12499940059142627,0.06246991829442034
768,Women empowerment, تمكين المرأة وتفاعلها مع المجتمع خطوة مهمة وفي الاتجاه الصحيح,2,2,Favor,Favor,0.940670873624003,0.23919024678790646,0.00378295652869521,0.05554617622747126,0.940670873624003
770,Women empowerment, قسم بالله شئ يقهر شباب من ضمنهم اخواني يبحثون عن وظائف وضاعت أعمارهم  وذولا تمكين المرأة وبربسه اخرتها تمكين المرأة  ب العمل بمحل سباكه ويعتبرونه انجاز عظيم ولا يهمهم ما يطرح من وظائف براتب وأسلوب  مهين للشباب,0,0,Against,Against,0.8840221860404673,0.43921968725381777,0.8840221860404673,0.05752260298008601,0.05845522623853279
771,Women empowerment, هذا تمكن من المرأه مو تمكين المرأة ونجحوا  لان المغفله ترخص نفسها اذا اكرموها,0,0,Against,Against,0.836656618331058,0.5566888184497361,0.836656618331058,0.06989246864254925,0.09345092338996722
774,Women empowerment,اول مره اشوف ادارة تهتم في محاضرات تمكين المرآة اكثر من اهتمامها في النادي ومصلحة الفريق 😂💔 URL,1,1,None,None,0.5141045830718464,1.023098525473891,0.20345685410794215,0.5141045830718464,0.28243856057298544
782,Women empowerment,وما زالت بناتنا يبهروننا ويشرفوننا ويرفعون رؤوسنا في كل محفل ،، ومن قال اننا ضد او مع عدم تمكين المرأة بل مع ونؤيد بكل محبة عندما يخرج لنا امثالها وبمثل هذه المهن اللتي نحتاج لها وما اجملها عندما تقوم على سواعد شبابنا وشابتنا🇸🇦💚 ,2,2,Favor,Favor,0.9336235924176794,0.26859899137533644,0.00800560825760113,0.05837081779835045,0.9336235924176794
784,Women empowerment,الاهتمام ب.... التوعية ضد.. العمل على تفعيل.. تمكين المرأة.. شعارات مستهلكة مملة لأي مرشح للانتخابات في هذا البلد المسفلس..,0,0,Against,Against,0.8416041190607534,0.546219275274004,0.8416041190607534,0.07246754632319244,0.0859283237174772
785,Women empowerment,أصبح #تمكين_المرأة واقع نعيشه في وطننا وذلك برؤيتنا لكفاءات سعودية تشغل مناصب مهمة ومؤثرة   وبمناسبة #اليوم_العالمي_للمرأة نهنئ جميع نساء مجتنعنا بهذا التمكين ونتفاءل بمستقبل مشرق لهن 💐 ,2,2,Favor,Favor,0.953732702929803,0.19487498497336736,0.0017664861342610713,0.04450082441596427,0.953732702929803
786,Women empowerment, تمكين المراه بانها تصير خدامه لمديرها وللناس وتترك عائلتها,0,0,Against,Against,0.869100772427958,0.4787861272931735,0.869100772427958,0.0670425324183146,0.06385665868858843
791,Women empowerment,  أكثر دراسة نفسية نحتاجها هذه الفترة تأثير قرارات تمكين المرأة على نفسية السعودي .. تراني جادة ، للأسف علم النفس والاجتماع نايم عندنا رغم ثراء المواضيع,1,1,None,None,0.6397964016752149,0.8638749010527567,0.2626991326469948,0.6397964016752149,0.0975044699870154
792,Women empowerment,السعودي تعود على عدم أحترام المرأة وأعطاه مسميات براقة مثل كثير من تصرفاته معها   يفرض عليها كل تفاصيل حياتها ويقول ( خايف عليها )  قرارات تمكين المرأة وتغير سلوكها في إدارة حياتها جعلت الذكر المدلل الذي عاش كل حياته مسيطر على المرأة يعتبر هذا التغير خطر ع الأمن الاجتماعي =٢,0,0,Against,Against,0.8868569911133966,0.4256576499215897,0.8868569911133966,0.03860856950692111,0.07453444505990227
795,Women empowerment,بدور القاسمي تدعو إلى تمكين المرأة في قطاع النشر URL,2,2,Favor,Favor,0.8834733863845428,0.37579415648794295,0.0035379424757140403,0.1129886429410772,0.8834733863845428
799,Women empowerment, موضوع تمكين المرأة صار اوفر ... صار لازم نسوي مجلس حقوق الرجل ✌️,0,0,Against,Against,0.8806705183380872,0.4482340405069227,0.8806705183380872,0.05768455052098116,0.06164492021172914
800,Women empowerment,تمكين المرأة اقتصادياً بشكل حقيقي هو الحل لنصف مشاكل المجتمع. ,2,2,Favor,Favor,0.8794027203762222,0.4047528224621259,0.010920509043032768,0.10967678923679859,0.8794027203762222
801,Women empowerment, مزيد من تمكين المرأة وحقوق النساء الغير سويه لتدمير الاسره,0,0,Against,Against,0.8806937882323049,0.4464403453300647,0.8806937882323049,0.04932594860533673,0.06998030893536944
802,Women empowerment,  قمة الوساخة وانحطاط المجتمعات تبدأ من تمكين المرأة من كل شئ وادعاءات المظلومية الدائمة لتبرير وتمرير قوانين تهدم البيوت والعائلات  والخروج على القرآن والشريعة وصل بحال المجتمع العائلي للبلاوي اللي بنشوفها كل يوم وعدم رضاء ا,0,0,Against,Against,0.9123515637609919,0.35759827028950675,0.9123515637609919,0.04691505425451723,0.040733400509909756
812,Women empowerment,"الشيخ #خليفة_بن_زايد""رحمه الله"".. راعي مسيرة تمكين #المجلس_الوطني_الاتحادي  وتعزيز نهج الشورى ومشاركة المواطنين في صنع القرار؛ عبر سلسلة من المنجزات الوطنية المضيئة لسموّه أبرزها  رفع نسبة تمثيل المرأة في المجلس إلى 50% وزيادة أعداد الهيئات الانتخابية   #خليفة_بن_زايد_في_ذمة_الله URL",2,2,Favor,Favor,0.9334444776921039,0.2557975669648006,0.0026569742973052506,0.06389856212339545,0.9334444776921039
813,Women empowerment,تمكين المرأة ساعد بشكل كبير في انخفاض البطالة,2,2,Favor,Favor,0.9153758558001572,0.32648704482949586,0.013157806691245805,0.07146633971807086,0.9153758558001572
814,Women empowerment,✴️تمكين المرأة اليوم: ١-تمكين الوصول إلى واستغلال وامتهان وتسليع جسدها ٢-تمكين الوصول إلى مالها (طمع) ٣-تمكين استغلال جهدها الجسدي والعقلي (استعباد) ٤-تمكين عزلها عن تكوين وإدارة وتربية أسرة ٥-تمكين الانفراد بها فكرياً ٦-تمكين تمردها وضلالها ٧-تمكين الشياطين والدجال منها,0,0,Against,Against,0.8167381397955609,0.5649865525953144,0.8167381397955609,0.14873298355735592,0.03452886772765575
824,Women empowerment,بفضل قيادتنا الحكيمة ، تعيش المرأة مرحلة تمكين غير مسبوقة .. #اليوم_العالمي_للمرأة  #الإعلام_التربوي_بتعليم_النهضة ,2,2,Favor,Favor,0.9425326144335024,0.23025936274340572,0.0025116338987416264,0.05495574560931631,0.9425326144335024
825,Women empowerment, د. ماجد   الف مبروك و انعم و اكرم بك و بها . بالحقيقة في مكانها هذا و تصرفها هذا هي بنت الشعب السعودي باجمعه و بجميع اطيافه . يا اخي هذه الكوكبه من الشباب اعادوا توجيه الدفه للاتجاه الصحيح و اظهروا بالفعل ماذا تعني رؤية ٢٠٣٠ و ماذا يعني تمكين,2,2,Favor,Favor,0.9202640742040198,0.30348456237390914,0.007720719950295466,0.07201517496885634,0.9202640742040198
826,Women empowerment, ده جزء من حملة رسمية للحد من النسل بالكذب على الذقون..الطلاق سببه القوانين الفاسدة والحملات الإعلامية  الفاجرة التي تتكلم عن تمكين المرأة والظلم الواقع عليها..وعيشي حياتك,0,0,Against,Against,0.9173802445055957,0.3423741228550051,0.9173802445055957,0.04051926001422067,0.04210051765278313
827,Women empowerment, بارك الله بك د•لمياء أنت فخر المرأة المسلمه تؤيدين تمكين المرأه التي خصه الله بها من فوق السبع سماوات وقد رفع شأنها وأعزها سبحانه وتعالى وأنت منهم د. نفع الله بك وجعل طيب عملك في ميزان حسناتك ...,2,2,Favor,Favor,0.9521441999215281,0.20930651541689632,0.005541119939770699,0.04231468119225953,0.9521441999215281
828,Women empowerment,مجتمعنا محتاج أن يتصالح مع تمكين المرأة و أن لا يرى في ذلك عيباً فيه ولا خدشاً لرجولته  وإن القضية ليست تصادما معه  إنما عدل و مساواة و أمن و سلام.🕊️ فهي أتتْ للحياة كما أتيت لها حقوق مثلك  و حقوقها لا تنتقص من قدرك شيء.👫 URL,2,2,Favor,Favor,0.523470368585093,1.0045886142421014,0.30291099575559544,0.1736186758039118,0.523470368585093
834,Women empowerment,لحد يقول مافي تمكين المرأة في دولتي هاذي قائده الجيوش بنت URL,2,2,Favor,Favor,0.4091354246971024,1.080858593013763,0.2561456615983105,0.3347189260129462,0.4091354246971024
849,Women empowerment,"""المملكة جادة جدا في دعم ملف تمكين المرأة"".. وكيلة وزارة الموارد البشرية والتنمية الاجتماعية #السعودية لتمكين المرأة هند الزاهد تقول إن تعيين المرأة في بلادها بمنصب قاضية بات قريبا ",2,2,Favor,Favor,0.9009540953829709,0.3394232661826286,0.003901427318091603,0.09514448534448101,0.9009540953829709
857,Women empowerment,كما ورد:  قريباً المرأة السعودية قاضية #تمكين_المرأة  الله يبارك في كل فتاة سعودية ويبارك في علمها. والحمدلله على ثقة ولاة أمرنا ، أدامهم الله ورعاهم 🙏🏻🇸🇦,2,2,Favor,Favor,0.9398623855225434,0.24674561908804496,0.005945629949087567,0.05419199977995853,0.9398623855225434
858,Women empowerment,سوف تنطلق اليوم الكثير من الفاعليات حول تمكين المرأة السعودية في جميع المجالات .  تحية وشكر لحكومتنا الرشيدة..🌹   #يوم_المراه_العالمي,2,2,Favor,Favor,0.945226383100423,0.21871415532606286,0.0013619597110343532,0.05341160578678158,0.945226383100423
859,Women empowerment, مااعرف ليش بعض الذكور ترعبهم فكرة تمكين المرأة مع ان النساء في زمن الرسول عليه الصلاة والسلام ماخذين حقوقهم كامله,2,2,Favor,Favor,0.7922793238544916,0.654762559182075,0.10005461211072351,0.10766606800205784,0.7922793238544916
861,Women empowerment,ڨاتيكا فويسز تستمر في دعم تمكين المرأة من خلال #GiftAPush وتطلق عددًا من الفيديوهات لنشر أفكار الإيمان والحب والأمل في رمضان URL,2,2,Favor,Favor,0.8265294230225463,0.49623768997637485,0.00882832000759456,0.16464226692517603,0.8265294230225463
876,Women empowerment,جانب من معكسر الحياة لتطوير المشاريع الصغيرة بالشراكة مع شركة تمر   والذي يقدم اليوم التسويق للمشاريع الصغيرة مع أ. اشجان السليماني  ذلك للمساهمة في تمكين المرأة من خلال البدء في تحسين و تطوير مشاريعهن. URL,2,2,Favor,Favor,0.863599240520381,0.41687970717895295,0.00412807851348689,0.13227265392399426,0.863599240520381
881,Women empowerment,فريدة الشوباشي : تمكين المرأة بالمناصب القضائية حقق أملنا بالمساواة  ,2,2,Favor,Favor,0.8916996281882343,0.36590682253601514,0.005919172198715523,0.10238125795987965,0.8916996281882343
883,Women empowerment,مايا مرسي تبحث مع روبرتو سواريز تمكين المرأة في مجال العمل URL,2,2,Favor,Favor,0.560096929983927,0.7338876649445268,0.010068156756557261,0.4298349110075125,0.560096929983927
888,Women empowerment, فما يحصل بمسمى تمكين المرأة ليس من الدين في شيئ والله المستعان,0,0,Against,Against,0.4952855146135722,0.8240365068731396,0.4952855146135722,0.46824871510119237,0.03646582163070467
891,Women empowerment, يكفيني فخر انني اعمل تحت قيادتكم، واستقي كل يوم من نبع خبراتكم وتميزكم وانسانيتكم،، وهذا احد ثمرات ما تقدمونه في سبيل #تمكين_المرأة وبما يحقق #رؤية_2030.. #شكراً بحجم السماء..,2,2,Favor,Favor,0.9672477374816316,0.1535908049445982,0.0027350019503615355,0.030017222210312475,0.9672477374816316
894,Women empowerment,تسعى حكومتنا-حفظها الله- إلى تمكين المرأة من العمل الذي يكفل لها حياة كريمة. إن ضمان العمل للمرأة التي تحتاج له من ضروريات الحياة لتعف نفسها ويمهد لها سبل المعيشة الكريمة. أدعوا إلى منح أولوية التوظيف للفتيات المؤهلات اللواتي يجدن أنفسهن بدون عائل بسبب تقلبات الدهر.,2,2,Favor,Favor,0.9021178671729011,0.3538573516895072,0.010545941082356602,0.08733621953660699,0.9021178671729011
895,Women empowerment,أقترح على #وزارة_التعليم  البدء في تغيير أسماء مدارس البنات من الأرقام الى الأعلام من النساء وفي مخزوننا التاريخي وحاضرنا وتاريخنا السعودي عشرات الآلاف من النساء اللاتي يجب ان تتزين واجهات مدارس البنات بأسمائهن.. خاصة ونحن نعايش برامج تمكين المرأة السعودية المستمدة من رؤية 2030 URL,2,2,Favor,Favor,0.9472849082880324,0.21799281676420615,0.0030170223265951215,0.04969800635459893,0.9472849082880324
896,Women empowerment, الله يخلي لك صفوة اصحابك .. اي و الله مع الانفتاح و تمكين المرأة و التيك توك تعبت قلوبنا 💔🙃,0,0,Against,Against,0.7978511551509219,0.6376335557242946,0.7978511551509219,0.12527752797768427,0.07687133074138226
898,Women empowerment,تمكين المراة ❌ النسوية  و شعارات كثيرة رافعوها  يريدون افتراس المسلمات من خلالها ‼️‼️👎🏼 URL,0,0,Against,Against,0.8539111209004772,0.5164084628102326,0.8539111209004772,0.06581320122569513,0.08027567022045914
899,Women empowerment,لكي نكون في مصاف الدول السعيدة، لابد من أن تعاد صياغة بعض السياسات المتعقلة بتوزيع الدخل و تمكين المرأة و المساواة بين الجنسين. ,2,2,Favor,Favor,0.8475259738446804,0.47659045990410465,0.015268859359013214,0.1372051473488772,0.8475259738446804
904,Women empowerment,    فصلوا رجال من وظايفهم بدون سبب و اكتشفوا انهم جابوا بنات مكانهم بحجة تمكين المرأة,0,0,Against,Against,0.8895859944014941,0.4182473017823487,0.8895859944014941,0.07273990477946944,0.037674048852540575
911,Women empowerment,  ردك يبين تاثرك بالخطاب الصحوى الرجعي المتخلف ولا يعكس تعليمك في ارقى الجامعات ، و حكومه المملكة من اهم اهدف رؤيتها تمكين المرأة وولى العهد ذكر في اكثر في لقاء ان المرأة السعودية ظلمت في فترة الغفوة والظلام والتطرف ووعد بتمكينها,2,2,Favor,Favor,0.812255804682732,0.6089368761747632,0.11349622047730198,0.07424794179821695,0.812255804682732
912,Women empowerment,#رؤية_2030_واقع_يتحقق 💚🇸🇦  رؤية المملكة ٢٠٣٠ مثلت الرؤية الشاملة التي عمت جميع مجالات الحياة فيها ،لتحقق قفزات سريعة في معدلات النمو والتقدم واهمها تمكين المرأة في سوق العمل . تمكين المرأة تمكين للمجتمع .. دام عزك يا وطن🇸🇦 ,2,2,Favor,Favor,0.9226360669516795,0.29089751854778956,0.00503138120515734,0.07233256990030068,0.9226360669516795
917,Women empowerment,MENTION لا يمكن أن نبرر لرجل ظلم امرأة مهما كان  لكن من خلال هذا الخلط والتأزم  والنظر من زاوية واحدة ضيقة تصل منظمات الماسونية إلى مبتغاها في تخريب البيوت المسلمة  كل مصطلحات (حماية المرأة) و (تمكين المرأة)   كلها مخالب شيطانية خبيثة,0,0,Against,Against,0.8999403095019369,0.3944253216073779,0.8999403095019369,0.05272164246732673,0.047338058358960364
920,Women empowerment,تمكين المرأة ورفعها من خط الفقر وتقديم مثال لبقية النساء العاملات في مجال دعم المرأة  هذا كان احد الاهداف.  اضافة الى صناعة شبكة زبائنية تكون لصيقة بية ومقربة مني على طول الخط من داخل اوساط النساء حتى يدافعن عن الافكار الي اتبناها بخصوص تمكين ودعم المرأة.,2,2,Favor,Favor,0.8955154807817912,0.3808055911073141,0.016742078623417245,0.08774244356802857,0.8955154807817912
921,Women empowerment,"حيث الكثير من الشباب يعيشون معاً دون زواج (وهذه "" أى المُساكنة"" أحد طرق تمكين المرأة من وجهة نظر #النسوية !!   ولا أفهم أهو تمكين للمرأة؟؟!! أم تمكين الرجل للحصول على مزايا الزواج دون زواج؟؟!!!). [٤]",0,0,Against,Against,0.8912089043516094,0.4089064458241757,0.8912089043516094,0.07788222276180645,0.030908909587704512
922,Women empowerment,لعلها تستطيع أن تُقنعه يوماً ما بالزواج منها. • النسويات فى الغرب   بعد أن أوقعن النساء في وَرْطَة منح الجـ نس المجانى للرجال  قمن بتزيين الإجـ هاض لهن على أنه نوع من أنواع تمكين المرأة  وفى الحقيقة  #يتبع,0,0,Against,Against,0.812326695027293,0.5913461897580187,0.812326695027293,0.13794205097520076,0.04973123930130554
925,Women empowerment,""" تمكين المرأة هو حاجة ومطلب رئيسي سيغير في مجتمعاتنا الكثير ، نحو الأفضل ، لأن أمتنا بحاجة إلى مساهمات كل أبنائها من دون استثناء "". ",2,2,Favor,Favor,0.9235312530935722,0.2869039548852183,0.00440388231582804,0.07206487629924936,0.9235312530935722
926,Women empowerment,تخطو المرأة السعودية بثبات نحو تحقيق أهدافها كما ترسمها اليوم فعاليات مؤتمر تمكين المرأة في الرياض    #تمكين_تميز #مؤتمر_تمكين_المرأه URL,2,2,Favor,Favor,0.9126227219697522,0.3121916509142925,0.003843507305712516,0.08353375017234985,0.9126227219697522
927,Women empowerment,في العدد الجديد من مجلة #الجوهرة  ـ مؤتمر تمكين المرأة.. إنجازات مشرفة وقصص نجاح ملهمة لسيدات تفوقن عالميًا   ـ كيف تتحدث مع الأطفال عن الحرب؟   ـ 7 طرق للإقلاع عن التدخين   ــ السيـاحة فى نيـوم.. طبيعة ساحرة وأسلوب استثنائي   ــ الأم و بناء شخصية طفلها المراهق.. 6 سلوكيات ضـارة URL,2,2,Favor,Favor,0.8058915692251936,0.5396593302691851,0.012937012200143703,0.18117145238491444,0.8058915692251936
928,Women empowerment,#تمكين_المرأة وأثاره الإيجابية على المملكة العربية السعودية عرضت ممثلة مجلس شؤون الأسرة  لخطط رؤية السعودية 2030   مؤكدة أنّ ما يحصل في بلدها ستمتد آثاره إيجابًا على المنطقة   وأكدت على أهمية مكانة تمكين المرأة بكامل قواها وطاقتها في مختلف الأطر والمناطق .   #مجلة_الجوهرة URL,2,2,Favor,Favor,0.8926888058027787,0.3975336852947991,0.023714605483673584,0.08359657361817917,0.8926888058027787
929,Women empowerment,تمكين المرأة أصبح أحد أهم ركائن التنمية في رؤية المملكة 2030 وانعكاساتها الاقتصادية والإجتماعية ذات أثر تنموي مستدام. #المرأة_السعودية #مجلة_الجوهرة URL,2,2,Favor,Favor,0.9225232123538882,0.29488145854517606,0.006496126473534593,0.07098069788820059,0.9225232123538882
930,Women empowerment,المرأة أيقونة التغيير وعنوانا كبيرا في رؤية المملكة 2030، فالمملكة اليوم تسابق بخطوات واثقة نحو تمكين المرأة، ومن يتابع الشأن الداخلي السعودي سوف يلاحظ الشكل الحقيقي لمكانة المرأة ⁦  ,2,2,Favor,Favor,0.920725034836968,0.29286750280108453,0.004009768623838049,0.07526518759813233,0.920725034836968
933,Women empowerment, فخورررة باللي جالسة اشوفه من تمكين المرأة 😍👏❤️❤️,2,2,Favor,Favor,0.9157012373672511,0.33177760228077946,0.017186791464889217,0.06711195281189661,0.9157012373672511
934,Women empowerment, التمكين نفسه غلط في غلط  المراه عندنا اش ناقصها الاسره كلها تخدمها الولد في اي اسره يتمنى ربع الرعايه اللي تحصل عليها  العمل المراه اساسا عملها هو بناء الاسره واذا احتاجت للعمل يجب ان يكون مناسب لها وان لاتوضع على الرجال  كلمة تمكين بدعه استغلت,0,0,Against,Against,0.7440288174186875,0.6865874729320387,0.7440288174186875,0.044208687919462655,0.21176253908431816
936,Women empowerment,      يا دكتور الأنظمة لدينا هشة و ضعيفة و سهل التحايل عليها و معظمهم استغل #تمكين_المرأة واستبدلها بالرجل ويعطيها راتب اقل و مراكز الاتصال تستخدمهن للفترة الصباحية الى المساء بعد ذلك يتحول للشركة المش,0,0,Against,Against,0.9257135065106981,0.3134496337866086,0.9257135065106981,0.02731820731545087,0.04696828960335386
937,Women empowerment, تمكين المرأة العربية عامة وفق أهداف التنمية المستدامة وحمايتها في المجالات الاقتصادية والاجتماعية وتوفير الرفاهية للمرأة والتركيز على التحديات والصعوبات التي تواجه المرأة العربية .. ولمزيد من اي معلومة يرجى التواصل مع الرقم الموجود في الر,2,2,Favor,Favor,0.6135606433916074,0.7117420935563356,0.009507377244382534,0.37693195929597545,0.6135606433916074
939,Women empowerment,الحمدلله الذي اكرمني برجل يدعمني وعائلة تشجعني ومدراء وثقوا فيني وقيادة مكنتني. #سعوديةوافتخر  #تمكين_المرأة_السعودية في العمل التنموي,2,2,Favor,Favor,0.9372754805988421,0.2507968888584975,0.004581199345274226,0.05814328394862255,0.9372754805988421
941,Women empowerment,  المجتمع مع تمكين المراة   لكن اصحاب القرار لا يرغبون كثيرا بهذا التمكين .,2,2,Favor,Favor,0.7086555641559306,0.8052367806809717,0.14860015925009218,0.14274425215517905,0.7086555641559306
942,Women empowerment,للاسف ، مازالت نبرتكم فيها تمكين للمرأة غصب في غير ماختارها رب العالمين واعطاها من حقوق ، ومازلتي مستمرة بالفاظ غير مناسبة تجاه الرجل والقبيلة.  ماتشجعون عليه خروج المرأة من عباءة الدين والاسلام والعقيدة الصحيحه النقية التقية إلى هواء الغرب وهمجيته.  الدين أعطى المرأة كل الحقوق ,0,0,Against,Against,0.838511333239069,0.5478135316635955,0.838511333239069,0.058422241072498826,0.10306646976503173
947,Women empowerment,الخطوات التي تمت خلال السنوات القليلة الماضية بشأن تمكين المرأة في السعودية وتعديل التشريعات التي فيها تمييز ضدها ؛ خطوات مذهلة لا أعتقد أنها حدثت تاريخياً بهذا التسارع في أي بقعة في العالم .  #اليوم_العالمي_للمرأة,2,2,Favor,Favor,0.9175162342311243,0.3125923453217635,0.00870254255386369,0.07378120766024103,0.9175162342311243
956,Women empowerment,الخصاونة: تمكين المرأة أمر أساسي و #الأردن يعتبر من الدول الرائدة في هذا المجال في المنطقة  #عاجل #هنا_المملكة,2,2,Favor,Favor,0.869366375754267,0.4076372569095487,0.004641326992654231,0.12599229791545993,0.869366375754267
958,Women empowerment," المطاعم و الهرمونات مالها خص    سنه ٩٠ كان معدل الخصوبه عندنا ٧ .. اعتقد بسبب تمكين المراة للاسف الى الى زيادة حالات الطلاق و الاكتفاء بطفل او اثنين ""واقع""",0,0,Against,Against,0.8917527746456142,0.4174852296994156,0.8917527746456142,0.05866223951896685,0.04958500453127721
961,Women empowerment, تمكين المرأة مكتسح 🤍🇸🇦,2,2,Favor,Favor,0.8734095906823302,0.43217165000943736,0.018309330451736314,0.10828102133660666,0.8734095906823302
963,Women empowerment,معًا، #نختار_التحدي!  في اليوم العالمي للمرأة، نقف مع العالم لدعم تمكين المرأة وتعزيز دورها في المجتمع. ,2,2,Favor,Favor,0.8188931492212465,0.5022684505975429,0.00686523987525488,0.1742416089209228,0.8188931492212465
967,Women empowerment,تمكين المرأة تدمير للأسرة ,0,0,Against,Against,0.8781103650896958,0.4551605675372532,0.8781103650896958,0.06091991237906721,0.060969719670938796
968,Women empowerment, هم ماتشدقو بكلمه(تمكين) الا يريدون المراه تتمرد وتخرج عن نهج الشريعه وتنزع لباس الحياء ومن الاخير تصيع!!! . ولا كنا بلاجيال السابقه لم نسمع هذه الكلمه وكانت المرأه مرأه بمعنى الكلمه صاحبه بيت واستقرار وتربيه وغيرها وكنا جيل يضرب به المثل من دين وتعليم وادب,0,0,Against,Against,0.6928300234865092,0.7999036752452093,0.6928300234865092,0.08702082539918184,0.22014910148271258
970,Women empowerment,#الإمارات تتصدر الدول العربية في «تمكين المرأة» والسعودية تحقق تقدما  #المنتصف_نت #yemen URL,2,2,Favor,Favor,0.6285604372080105,0.7071220411969229,0.010390298467181829,0.3610492483603044,0.6285604372080105
974,Women empowerment,"عربي - English  انطلق فريق مشروع ""اني مو وحدي"" بزيارة عدة مؤسسات ومنظمات تعمل في مجال المجتمع المدني وفي مجالات تمكين وحماية المرأة وبناء السلام والتنمية البشرية . بعد أن عرّفناهم بمؤسسة السلام المستدام وأهدافها ناقشنا  معهم مشروع ""اني مو وحدي"" الذي يبحث…URL",2,2,Favor,Favor,0.8181528857291095,0.49574333508127794,0.0046286386544032556,0.17721847202500315,0.8181528857291095
981,Women empowerment,MENTION الماسونية استطاعت الدخول الى كثير من الدول العربية والخليجية وتم تجنيد الكثيرين وأغلبهم حكومات دول والان يحاولون السيطرة على الشعوب بنشر الرذيلة وكثير من الأساليب الخبيثة الحرية تمكين المرآة المساواة بين الجنسين وابسط دليل من قراء تاريخ فرنسا وسقوط الملوك سوف يعرف حقيقة هؤلاء,0,0,Against,Against,0.7570665830486913,0.695803427796644,0.7570665830486913,0.06526401454881099,0.1776694556348294
982,Women empowerment, اكيد راح يطبقه محمد بن سلمان حرصاً منه على تمكين المرأة وهذا هدفه الاوحد,2,2,Favor,Favor,0.9233799004795369,0.2963946844405002,0.008147965671590273,0.0684721318472298,0.9233799004795369
991,Women empowerment,النقله الكبيره اللتي تحدث في السعوديه تدل على تمكين المرأه في جوانب كثيره حتى وان كانت تأتي بشكل متدرج ولكن تدل على التغيرات العادله والانصاف وطمس القوانين اللتي كانت تعرقل من مسيرة النساء ..قد انتهى زمن كان يتم فيه التقليل من كفاءة وأمانة المرأه بحجة(لا يفلح قوم ولو امرهم امرأة) ,2,2,Favor,Favor,0.9469375610380427,0.233570078674544,0.01031475377526445,0.0427476716745445,0.9469375610380427
992,Women empowerment,لا استطيع حصر المرأه في يوم واحد لكن التغيرات التي حدثت خلال الفتره الماضيه كانت من اهم التغيرات الرائعه التي تبشر بحياة افضل للنساء وتصب في مصلحة المرأه السعوديه من تمكين .   #اليوم_العالمي_للمرأة,2,2,Favor,Favor,0.9555410367146143,0.19588311402407088,0.004250305915737936,0.04020867446538525,0.9555410367146143
997,Women empowerment, الهدف ليس تمكين المرأة بل إفساد المرأة في كل شيء واستغلالها ،،،,0,0,Against,Against,0.885772435423258,0.4308446019445977,0.885772435423258,0.07136866834929897,0.042858902369553795
1000,Women empowerment,إن الاحتفاء بـ #يوم_المرأة_العالمي  هو احتفاء بالمجتمع ككل، فالمرأة أصبحت محركاً للتغيير الإيجابي بالعالم، ووضعت بصمتها الواضحة على العديد من الإنجازات، وتمتلك #الإمارات نموذج عالمي رائد في تمكين المرأة، بفضل توجيهات #القيادة_الرشيدة التي آمنت بقدرات المرأة وأولتها ثقة كبيرة.,2,2,Favor,Favor,0.9370340028803725,0.24633296914276104,0.002744148432070276,0.06022184581494971,0.9370340028803725
1001,Women empowerment, عمل المرأة و عزوفها عن الزواج في مقتبل العمر هو السبب الرئيسي  و خلاف يطوفها القطار و السبب الثاني تمكين المرأة,0,0,Against,Against,0.8844813441055553,0.4379487984984748,0.8844813441055553,0.058905895097134196,0.056612778450877914
1004,Women empowerment, هههههههههههه وش دخل رجل والا امرآة ؟ عقدة راسخة حتى مع تمكين المرآة وسيطرتها على مفاصل الحياة في السعودية !! هذا اسلوب المديفر من عرفناه والدكتورة توهقت ومالقت اجوبة ومبررات لانها تعودت انها تدير من يعطلون عقولهم ويدرعمون وراها !,0,0,Against,Against,0.8036215071340349,0.6023994697680112,0.8036215071340349,0.04613519892443417,0.15024330082363124
1005,Women empowerment, هذا ضريبة الانفتاح وقانون تمكين المرآة !,0,0,Against,Against,0.8103561671013204,0.5872077507313707,0.8103561671013204,0.1466571199948545,0.042986739191139225
1011,Women empowerment,في كل سنة تثبت المملكة حرصها على تمكين #المرأة_في_السعودية وفي كل سنة نشاهد تقدم على جميع الاصعدة ودور المرأة الفعال في خدمة البلد واقتصادة ولا ننسى حديث #ولي_العهد وتاكيده على دور المرأة السعودية في تحقيق رؤية ٢٠٣٠ ,2,2,Favor,Favor,0.9421529640090782,0.23781337762940685,0.004912212588460447,0.05293482125659602,0.9421529640090782
1014,Women empowerment, تغريدتك ستغضب كثيرات.نحن في زمن ادارة بايدن؛ لا يجوز  انتقاد تمكين المرأة حتى لو عن طريق الكوتا 🤷🏼‍♀️,0,0,Against,Against,0.8270289130520003,0.5800632171066429,0.8270289130520003,0.09234576540545435,0.08062537012401624
1020,Women empowerment,لا شك أن المرأة السعودية عنصر مهم من عناصر نهضتنا، ولا أعتراض على #تمكين_المرأة ولا أنكر أن بعض النساء بحاجة ماسة للعمل. ولكن من وجهة نظري أرى أنه من الأجدى ان تكون الأولوية لتمكين الشباب. فالشاب أكثر حاجة للوظيفة التي تساعده على بني أسرة. وهذا ينعكس إيجابًا على الفرد والمجتمع. ,2,2,Favor,Favor,0.9396088559375912,0.2596243634289054,0.013098835648872239,0.04729231966790194,0.9396088559375912
1026,Women empowerment, خلصت مشاكل ليبيا واستقرت ومابقا غير يعينون نساء اذا المخرج لجميع مانراه واحد نشر الفساد بشكل ممنهج عبر اكذوبة تمكين المرأه اتوقع سيأتي يوم يترحم الشعب على طغاه كانو على الاقل يحترمون ثقافة المجتمع,0,0,Against,Against,0.8775285795410017,0.45628754773922076,0.8775285795410017,0.06632562748755992,0.056145802149785734
1028,Women empowerment,#رؤية_2030_واقع_يتحقق رؤية مباركة🇸🇦 انطلقت من اعلان سمو سيدي ولي العهد الامير محمد بن سلمان ال سعود عام 2016 وفي فترة وجيزة قطفنا ثمارها وبدأت بلدنا ولله الحمد تنافس نفسها حيث تصدرت السعودية عالميا في سرعات وتغطية الجيل الخامس🇸🇦، أصبحنا نرى تمكين المرأة في كافة المجالات 💚🤍🇸🇦🇸🇦,2,2,Favor,Favor,0.9051205520446531,0.3305894031622403,0.00410470860260765,0.09077476422455226,0.9051205520446531
1030,Women empowerment,تمكين #المرأة_في_السعودية ساعدها في تحقيق العديد من المكاسب والنجاحات على كافة الأصعدة  #يوم_المرأة_العالمي    ,2,2,Favor,Favor,0.9118282199354573,0.3309017930647471,0.01071253159410291,0.07745924766201841,0.9118282199354573
1037,Women empowerment,المرأة التي تهز المهد بيمينها، تهز العالم بيسارها ممتنة لكل النساء المثابرات في تمكين مجتمعاتهن .أنتن جميعآ رمز القوه والكرم والعطاء وفي مقدمتهن أعظم أمرأه في العالم أمي الحبيبة,2,2,Favor,Favor,0.9118326067042235,0.3267558311410203,0.008733615491403486,0.07943376537904433,0.9118326067042235
1042,Women empowerment,"في زمن #تمكين_المرأه لا اعتقد ان هناك  شيء يخيف المراه اصبح لها حقوق مساويه تماما للرجل في التنقل والسفر والعمل.  ""الله يعز من عزهم"".  #اكثر_شي_يخافون_منه_النساء",2,2,Favor,Favor,0.8886272221881677,0.4265424916517839,0.0543698126059807,0.0570029785991892,0.8886272221881677
1043,Women empowerment,#تمكين_المرأة جميل 👌💯. URL,2,2,Favor,Favor,0.8615639350005808,0.4392517198478544,0.010486499080517396,0.12794956500794366,0.8615639350005808
1046,Women empowerment,#اليوم_العالمي_للمرأة المرأه نصف المجتمع هي أمي وأختي وصديقتي. مربية الاجيال والجزء الحنون في المنزل ..تمكين المرأه من الامور التي حرصت عليها قيادتنا الرشيدة وساعدت المرأه على تولي مناصب قيادية وادارية مهمة....حفظ الله قيادتنا الرشيدة ووطننا الغالي,2,2,Favor,Favor,0.9644755241615388,0.16436677984090597,0.0032707632213521205,0.032253719438909756,0.9644755241615388
1048,Women empowerment,"اقام مركز المعلومة للبحث والتطوير  فريق هي ثورة - بغداد ندوة حوارية في قاعة الرازي في كلية الفارابي الجامعة بعنوان ""مكتسبات المرأة ودورها في البرلمان"" يوم الاحد المصادف ١٣ نيسان ٢٠٢٢ وبحضور كل من معاون كلية الفارابي و مسؤولة وحدة تمكين المرأة ومسؤولة وحدة الفعاليات. URL",2,2,Favor,Favor,0.8720913334192304,0.4110753961285576,0.007548645425560334,0.12036001380092898,0.8720913334192304
1052,Women empowerment,#الإمارات نموذجاً عالمياً رائداً في تمكين المرأة وحماية حقوقها ,2,2,Favor,Favor,0.8943358190572747,0.3675806652026732,0.008771706152130847,0.09689247191736823,0.8943358190572747
1076,Women empowerment,تمكين المرأة سياسيًا ودعمها ، من خلال توفير الفرص المتكافئة، لأجل وصولها إلى مناصب قيادية؛ يعد خطوة مهمة في الطريق الصحيح .. مبارك تعيينهن.. وتمنياتي لهن بالتوفيق والنجاح... ,2,2,Favor,Favor,0.947642926345119,0.21593816357733023,0.002667796968484874,0.049689305895195476,0.947642926345119
1079,Women empowerment, نصير المرأة  داعم حقوق المرأة داعم تمكين المرأة   كلها مصطلحات يستخدمها الكائن الشوارعي ليظفر بنسوية قيمتها رخيصة  الرجال الأسوياء كلهم رجال مع أمهاتهم وزوجاتهم وأخواتهم ولا يحتاجون مصطلحات,2,2,Favor,Favor,0.702998132388251,0.7979380899880775,0.19714250814624784,0.09985935387003066,0.702998132388251
1085,Women empowerment, والله يتمكن من المراة مو تمكين,0,0,Against,Against,0.8878870818657154,0.42669303101863154,0.8878870818657154,0.04569045922332047,0.06642246798476481
1086,Women empowerment,كنت متحدثة ممثلة عن منظمة تمكين المراة في الاعلام ضمن حلقة اليوم العالمي لحرية الصحافة للحديث عن واقع عمل الصحفيات في دول فلسطين والاردن ولبنان والعراق و دورهن في تعزيز مشاركة النساء في الحياة السياسية والاقتصادية  مع نادين الصيفي. URL,2,2,Favor,Favor,0.7985066576604469,0.5210282501344654,0.003726730689649182,0.19776665096051652,0.7985066576604469
1089,Women empowerment,   في ذكور موظفين لكن التركيز على توظيف الاناث سياسة غربية تحت مسمى ( تمكين المرأة ),0,0,Against,Against,0.8154242299469645,0.6003011944807085,0.8154242299469645,0.06908158959366076,0.11549417629304679
1091,Women empowerment,سيظل تمكين المرأة في السعودية من أهم ماحدث في تاريخ المرأة الحديث وسيطرزه المؤرخون بمداد من ذهب،أبارك للمرأة السعودية في يوم المرأة العالمي مع كل الفخر بنجاحاتها وقدرتها على اثبات تميزها محليا وعالميا 🇸🇦🇸🇦🇸🇦🇸🇦 #اليوم_العالمي_للمرأة,2,2,Favor,Favor,0.9311368852551025,0.26493531870003545,0.003641018427311181,0.06522211027636303,0.9311368852551025
1093,Women empowerment, العمل في بيئه مختلطة للمرأة هذا تمكين وفرصه لها  ونشكر دولتنا على هذا الانجاز الي حققته للمرأه وهذا حق من حقوقها وبطريقه مقننه تعمل المرأه بحيث انها تحفظ دينها وكرامتها ابدا ماتسقط أنوثتها هنا كلامه مردود على نفسه لاتجعلون من صعاليك المجتمع,2,2,Favor,Favor,0.9368956832334996,0.2791639133338993,0.031315460862393334,0.03178887140074024,0.9368956832334996
1095,Women empowerment,انعقدت اليوم جلسة مجلس تمكين المرأة في التقنية بقيادة معالي المهندس عبدالله السواحة  و نخبة من قيادات المرحلة في كل القطاعات  و قد تشرفت بتمثيل القطاع الغير ربحي   كونه احد ركائز التنمية و الذي يحتاج لتمكين اكثر لمختصات التقنية و ريادة الاعمال الاجتماعية URL,2,2,Favor,Favor,0.9419801967015636,0.23460417523468807,0.003463671632629715,0.054556128298341146,0.9419801967015636
1096,Women empowerment,  نفخر بجهودكم في الغرفة التجارية لتمكين المرأة في ريادة الاعمال و هو موضوع مهم ناقشناه في مجلس تمكين المرأة في وزارة الاتصالات و تقنية المعلومات,2,2,Favor,Favor,0.9479550226785405,0.21367481633151295,0.002222102572823562,0.04982287782792009,0.9479550226785405
1097,Women empowerment,"تشرفت بتكريمي في مؤتمر تمكين المرأة ( تمكين تميز ) ضمن حفل تكريم ملهمات الوطن  وقد قدمت ورشة عمل بعنوان ""تحقيق المرأة السعودية الريادة في علم البيانات و الذكاء الاصطناعي ""   أهنىء جميع المتميزات و المكرمات في كافة المجالات واشكرا جميع الرعاة والمساهمين في هذا المؤتمر   #data  #Al URL",2,2,Favor,Favor,0.9369774661782102,0.2483677916134332,0.003375499877885802,0.059647060434235726,0.9369774661782102
1116,Women empowerment, تمكين المرأة اقتصاديا وتوفير فرص عمل امر مهم نشكر البرنامج والسفير محمد آل جابر لاهتمامهم بالمرأة,2,2,Favor,Favor,0.915549587876223,0.3045100853175274,0.003639500043625826,0.08081086519357011,0.915549587876223
1126,Women empowerment, وطنية القرار والانتماء  بناء دولة  تمكين الشباب  تمكين المرأة,2,2,Favor,Favor,0.8230688098409731,0.5386299748590633,0.024920099619371482,0.15201104586604766,0.8230688098409731
1128,Women empowerment,  تمكين المرأة من قيامها بدورها الاساسي والمحوري كزوجه وأم هو الحل    وتذليل كل السبل وتصحيح القوانين الخاصة بها في مجال العمل  ,2,2,Favor,Favor,0.9090499918804889,0.3356865687858399,0.009738910156873516,0.08121107622521673,0.9090499918804889
1137,Women empowerment,  غير تطوير البنية التحتية من شوارع وميادين في المدن     وعلى المستوى السياسي كانت كل البيض في سلة قوة واحدة عالميا فأصبحنا اليوم نعددالعلاقات     غير تمكين المرأة التي أصبحت تساهم مع أخيها الرجل في القوة الانتاجية,2,2,Favor,Favor,0.9360453611273338,0.2709289671867957,0.01369410335189483,0.05026056457401775,0.9360453611273338
1143,Women empowerment,  تمكين المرأة وهيك,1,1,None,None,0.7800377628237583,0.6775553249208842,0.12391873046159163,0.7800377628237583,0.09604350127814036
1146,Women empowerment,في عهد تمكين المرأة المزعوم  ما تشوف بنت عادية من أسرة متوسطة الدخل درست وتعبت واجتهدت في هذه المناصب  بس تشوف أميرة من بينهم. التمكين الكاذب هذا وتصور طقم الفناجين الجديدة اللي تطلعونه للضيوف لا يمثلنا كسعوديات ولا نبغاه. يا نحصل على وظائف زينا زيكم في مناصب قيادية يا كلوا زق. URL,0,0,Against,Against,0.8194784395555935,0.5973100461366039,0.8194784395555935,0.08990952948161168,0.09061200920048773
1147,Women empowerment,   أعوذ بالله من تمكين المرأة,0,0,Against,Against,0.9026152113466718,0.3860918215369591,0.9026152113466718,0.054559638721633774,0.04282517725685325
1152,Women empowerment,  مو مشكله تمكين المراه في كل المجالات وليس مجالات دون مجالات هي مطالبه بالمساواه وتحققت.,2,2,Favor,Favor,0.9039515113256466,0.37483753984147383,0.028640889485216304,0.0674076005852642,0.9039515113256466
1157,Women empowerment,عندما كان الخواجة يبيع زوجته في أسواق أوروبا كان العربي يغار على أهل بيته أن ينكشف ساقها حتى جاء الخواجة العربيد ليخرجها من بيتها بحجة تمكين المرأة  وما هو إلا تعرية المرأة وتحويلها إلى مرتع للذكور الضالة ثم أقنعوها بوأد طفلها إجهاضًا فإن فشلت جعلوها تفاخر بكونها Single Mother !,0,0,Against,Against,0.8862630115977812,0.43237925469115035,0.8862630115977812,0.06323831243864103,0.050498664576438757
1159,Women empowerment,قرارات الدولة المتوالية في تمكين المرأة يبدو أنها لم تحرج سدنة التطرف فحسب  بل كشفت عن موقف بعض المثقفين الذين كانوا ينادون بإنصافها تنظيرًا. يبدو أن الشعور بالمرأة الشريك الندّ على أرض الواقع (في المنزل والعمل) تفوق على رفاهية التنظير  فأصمتهم.,2,2,Favor,Favor,0.828888392380384,0.5755167338380982,0.07764099578936305,0.09347062559165863,0.828888392380384
1163,Women empowerment,نحن من تصدى لممارسات التيار الظلامي وطالبنا بالاصلاحات الاجتماعية وعلى راسها تمكين المراة التي تمثل نصف قوة العمل الوطنية  ونحن من تصدر المطالبات بتعديل سياسات الاستقدام وحصر حق العمل كاولوية للسعوديين والسعوديات لتمكينهم من المساهمة في التنمية الاقتصادية الشاملة واستعادة السوق,2,2,Favor,Favor,0.9188449637115697,0.3163583907103138,0.012447524735889231,0.0687074738604792,0.9188449637115697
1174,Women empowerment,يوم تمكين المراة ...💓2021,2,2,Favor,Favor,0.7994758184840691,0.5550009097527532,0.015221335466377873,0.18530290418381365,0.7994758184840691
1175,Women empowerment,   اي تسقيط ما نريدها تغزو العالم بافكارها هاي عن تمكين المرأة بمنع الاركيلة .,0,0,Against,Against,0.6235279701098408,0.8386122408408425,0.6235279701098408,0.06700028727987492,0.30947176709660884
1178,Women empowerment,10 / 10 / 1439 هـ تاريخ لن ينسى … 😍 يصادف اليوم الذكرى السنوية الرابعة لـ قيادة المرأة السعودية … فخورة بكل إمرأة سعودية اثبتت نجاحها في هذه المهنة وفخورة أني أعمل في مهنة تمكين المرأة  … وضمن فريق أفضل قائد ,2,2,Favor,Favor,0.9253712593420701,0.28731712012081506,0.006412308710040436,0.06821644349440019,0.9253712593420701
1180,Women empowerment,     الله يهديك اقرأ عن قانون منع الرق والمتاجرة بالبشر  ولعلمك أغلب القرارات اللي تطبقها الدوله الآن هي معاهدات ومواثيق مع المفوضية العامه لحقوق الإنسان كانت حبيسة الادراج منها تمكين المرأه وقيادة ا,2,2,Favor,Favor,0.9082033146933524,0.35482200813871306,0.02002103409952592,0.07177564410479062,0.9082033146933524
1182,Women empowerment, اصبح تمكين المرأة في التعليم والتدريب والصحةوالدعم الاجتماعي والبرامج الوطنية الأسرية  وتمكينها في العدالة والمساواة والأعمال والسياسية أصبح حقيقة تعاصرها بقيادتها حول نظم قوية لتحقيق رؤية السعودية  ٢٠٣٠  واهتمام الرؤية بالمرأة في كل المجالات,2,2,Favor,Favor,0.933419280320258,0.27347907862526766,0.010355798118391756,0.05622494889391957,0.933419280320258
1184,Women empowerment,بصراحه كل ما اشوف خبر يدعم تمكين المرأة انبسط هذي نتاج جهود ونقاشات على مر السنين واشخاص مسؤولين ليحققوا هدف تمكين المرأة في عدة جهات وقطاعات المسألة مو بس بالسعوديه جهود على مستوى العالم لرفع الوعي وتمكين ومساواة المرأة بالرجل طاقات وافكار آمنت فيها كثير من النساء 💜💗🤍 ,2,2,Favor,Favor,0.9529653810777468,0.20674985153563158,0.005545351340644461,0.041489272344401966,0.9529653810777468
1187,Women empowerment,  اللهم زد وبارك في تمكين المرأة وتوظيفها ومساواتها بالرجل,2,2,Favor,Favor,0.8996768568299194,0.37195314165881505,0.017324460194471637,0.08299866928418241,0.8996768568299194
1192,Women empowerment, تمكين المراة من دورها الاجتماعي في البيت، المراة راعية في بيت زوجها ومسؤولة عن رعيتها.  الاسر تفككت وتدمرت بسبة افكاركم التغريبية الدخيلة، طلعتوا المراة من بيتها بشعارات كذابة، خليتوها تهمل بيتها وزوجها وعيالها، الله يخرب بيتكم.,0,0,Against,Against,0.9170266225060251,0.3433798564136621,0.9170266225060251,0.039400577535765154,0.04357281790304521
1212,Women empowerment,بين ايديكم استبان لبحث بعنوان (مدى الوعي الاجتماعي بقيمة عمل المرأة وعلاقته بواقع تمكين المرأة في ظل أهداف التنمية المستدامة. شاركوا ولكم الأجر                                                                                                               URL,1,1,None,None,0.8632893492011137,0.4507366884531053,0.017233650852139546,0.8632893492011137,0.11947696167199316
1214,Women empowerment,من الخاص📩   السلام عليكم بستفسر بخصوص تمكين المرأه من توثيق الطلاق والمراجعه حتى مع عدم موافقة الزوج ؟ &lt;حالتي الاجتماعيه مطلقه طلاق لفظي مع رفض الزوج من اصدار صك الطلاق (تعليق ) &gt; كيف يمكنني التوثيق وهل يتطلب حضوره !,1,1,None,None,0.9220668934083283,0.32762712653628157,0.03715714511831982,0.9220668934083283,0.04077596868403822
1217,Women empowerment,في ظل تمكين المرأة في المجتمع السعودي أصبحت جزء لايتجزء من نهضة الوطن وأثبتت انها قادره على العمل بكفاءه.. أتى هذا التمكين في عهد التطور السريع والرؤية الثاقبه لولي العهد محمد بن سلمان 🇸🇦  #اليوم_العالمي_للمراه,2,2,Favor,Favor,0.9375957368373008,0.24757294916602907,0.003699611950406626,0.05870465729861409,0.9375957368373008
1219,Women empowerment,قضية تمكين المرأة أوسع من أن تُحصر في مكان أو تُختزل في جنسية.  المرأة بشكل عام وفي كل مكان تحتاج لخطوات فاعلة في الواقع لتمكينها النفسي والوجودي بشكل عام,2,2,Favor,Favor,0.5818886868567645,0.7644149429537819,0.021498956706100848,0.3966123699834768,0.5818886868567645
1221,Women empowerment,أتمنى فكرة (تمكين المرأة) تكون موضوع أقل من عادي بعد فترة من الزمن، تكون المرأة فيها مساوية للرجل بدون تتميز جنسي لها، ويكون الإحتفاء بيوم المرأة العالمي مساوي لدرجة الاحتفاء بيوم الرجل العالمي، وهذا التساوي هو نتاج كسب الحقوق وعدالة العطاء,2,2,Favor,Favor,0.8731349090935177,0.4380359306588049,0.02145142365996403,0.1054136654865692,0.8731349090935177
1222,Women empowerment,لا تقل أهمية دعم المرأة اعلامياً عن أهمية تمكينها  شكراً لجريدة النهار التي تخصص عدد يوم الأربعاء لابراز دور النساء،  واؤكد أن أهمية تمكين المرأة اقتصادياً يعود بالنفع على اقتصادنا ككل، فحتى ننموا اقتصادياً..  مكنوا المرأة ,2,2,Favor,Favor,0.9256031280016955,0.2835643947903647,0.005141418668603579,0.06925543693248451,0.9256031280016955
1223,Women empowerment,تشرفت بلقاء وزيرة الشرق الأوسط  خلال ورشة العمل التي أقامتها السفارة البريطانية يوم أمس مشكورة بمناسبة #يوم_المرأة_الكويتية. ⠀ #تمكين_المرأة  #KuwaitiWomensDay #WomenInPolitics #WomenEmpowerment URL,2,2,Favor,Favor,0.9442066927186359,0.224325386678974,0.0021451466991667906,0.05364813672364219,0.9442066927186359
1234,Women empowerment,مبروك لمتلقي المنح الصغيرة من برنامج الدعم المباشر لهذا العام. تفخر السفارة الأسترالية في عمان بدعم هذه المشاريع الهامة التي تركز على تمكين المرأة   ودمج الأشخاص ذوي الإعاقة   وتمكين الشباب   وتغير المناخ والبيئة في🇯🇴. URL,2,2,Favor,Favor,0.9124615323853691,0.31556847541644856,0.0048564760298018496,0.08268202590108369,0.9124615323853691
1239,Women empowerment,بفضل الله التقينا مع نخبه من طالبات جامعه الملك فيصل ضمن برنامج سفراء الهمه وتم تبادل التجارب والتحدث عن الفرص التى تعزز مكانه المرأه وطموحها وتصب في مصلحه المرأه كونها قياديه في جامعه مرموقه في عصر تمكين المرأه في ظل عهد خادم الحرمين الشريفين وولي عهده الأمين 🇸🇦 ,2,2,Favor,Favor,0.9596924388682389,0.1755694808412221,0.0015745952897920506,0.03873296366448885,0.9596924388682389
1240,Women empowerment,تمكين المراه هو ليس تقليد منصب فقط بل في ممارسه صلاحياتها في اتخاذ القرار باستقلاليه,2,2,Favor,Favor,0.8773331052377555,0.41577975366903863,0.014009744107275606,0.10865716284716934,0.8773331052377555
1241,Women empowerment,ما تم من قرارت بشأن تمكين المراة خلال الفترة الماضية ونقض التشريعات السابقة التى كانت ضدها تدل أننا في وطن عظيم وقيادة رشيدة تحفظ حقوق الجميع.  #اليوم_العالمي_للمرأة,2,2,Favor,Favor,0.9505798174736475,0.21090224265571428,0.004085995290357771,0.045334196971952394,0.9505798174736475
1242,Women empowerment,.  اسْتغفلوا السّاذجات ، وَقالوا لهَا ، لا حلّ في توفير الوظيفة إلا بـ #تمكين_المرأة ، ثُم فجأة: يقولون لها اخرجي من بيت أهلك ! غيّري اسمك! لك الحُرية في السكن مع صديقك!  ثُم إذا قالت أين الوظيفة ، قالوا رقّاصة وكاشيرة وبائعة شاهي!  #تجمع_العاطلين_مستمر ,0,0,Against,Against,0.8307210366087734,0.571964052303538,0.8307210366087734,0.08155682221048033,0.08772216999039154
1244,Women empowerment,".  الإشْكاليّة اليومَ ليسَت في هذا السّقوط وأن الفخ الذي تراهُ اليوم سَهلٌ الخروج منه، بل كما سَمّوه "" تمكين المرأة"" إنما المقصد أنّهم تَمكّنوا منها، ولن تستطيع بسهولة أن تنتزعَ نفسهَا منها، فكيفَ مُكّنت المرأة !  +",0,0,Against,Against,0.8712969562052777,0.4615413697675438,0.8712969562052777,0.09123486876551128,0.03746818479930522
1245,Women empowerment,.  الاسْتعباد الوظيفي حين يُرغموا امرأةً أنْ تتشتّت عن عائلتهَا وتغتربُ وحدها أو تتركُ أبنائها من أجل راتب 5000 كان في الأصل 8000 ويزيد!  ثُم يسمونهُ تمكين المرأة وهو استعبادها! #انغام_في_القصيم #العفو_الملكي_1443 #ناجي_بن_نصار_السبيعي_واسرته  #برابس_يسي_لله #سعود_بن_نهار_بن_سعود URL,0,0,Against,Against,0.8575700451440949,0.4956647108732726,0.8575700451440949,0.1005035927585723,0.0419263857814943
1258,Women empowerment, هذا مشهد مختصر من تمكين المرأة وعرقلة الرجل 😂😂😂😂😂😂,0,0,Against,Against,0.8342275691974479,0.5639238772406854,0.8342275691974479,0.08576415379674848,0.08000829138744939
1259,Women empowerment,#شوق_القحطاني فخوره بكوني امرأة لاني قويه ملهمة صبوره مستقله وناجحه ممتنة للنساء المثابرات في تمكين مجتمعاتهن...أنتن جميعاً رمز القوه والكرم في يوم المرأة العالمي ❤️❤️❤️❤️❤️❤️❤️❤️❤️❤️❤️❤️❤️❤️❤️❤️❤️❤️❤️❤️❤️❤️❤️❤️,2,2,Favor,Favor,0.9046244247900939,0.3412787649385766,0.007584818813012522,0.08779074457366655,0.9046244247900939
1260,Women empowerment, اتفق معك في كل حرف   فعلاً الموضوع طغى عن الفكرة الاساسية ( تمكين المرأة)  وصار ابتذال و (شو) فقط,0,0,Against,Against,0.542485486464038,0.9338048179429693,0.542485486464038,0.10321754639702009,0.3542969562313375
1262,Women empowerment,  من يوم جاء زمن تمكين المرأة بالحق والباطل والأمور متغيرة للاسوأ,0,0,Against,Against,0.9260490009393875,0.3146448677842321,0.9260490009393875,0.04059646897628257,0.03335453861840396
1265,Women empowerment,  صدقني الشعوب لا تعني لها الاسماء بل الانجازات     وضع رؤية للتحول الاجتماعي والاقتصادي على كافة المستويات البلاد عبارة عن اوراش عمل مصانع ومدن صناعية جديدة وطرق و تمكين المرأة في كل المجالات واطلاق هيئة حكومية مهمتها ترفيه الش,2,2,Favor,Favor,0.8863002582404038,0.4062230521724612,0.01946019814178955,0.09423957039203557,0.8863002582404038
1267,Women empowerment,بالصور .. الطيارة المحجبة سيدة سلوى فاطمة مثال ذهبي تمكين المرأة المسلمة في الهند URL,2,2,Favor,Favor,0.6227378410893109,0.9239261922892227,0.1958965542110103,0.18136561085569025,0.6227378410893109
1268,Women empowerment,  كل ماكانت الحياة الزوجية قائمة على نظام الند للند فلن تنجح أي علاقة زوجية و كل ما تم تمكين المرأة ستكون ند للرجل,0,0,Against,Against,0.8751593352053554,0.45664531281157517,0.8751593352053554,0.08215502478793202,0.042685631990698136
1274,Women empowerment,كلنا فخر بنساء الوطن وما وضعنه من بصمات رائدة في طموح المملكة المستقبلي، وتحية تقدير لجهود الوطن في تمكين المرأة، وإيمانهم بما تملكه من مهارات وقدرات لتكون شريكاً رئيساً في صناعة المجد التنموي.  #يوم_المرأة_العالمي #IWD2021,2,2,Favor,Favor,0.9392074316499464,0.23977352355286272,0.002565362704034914,0.058227202192529255,0.9392074316499464
1279,Women empowerment,إن هذا القرار يعد تكليفاً أفخر به ودلالة على المكانة المميزة التي أصبحت تحظى بها #المرأة_الإماراتية في مختلف القطاعات، ما يعكس رؤية قيادتنا الرشيدة وجهودها المستمرة في تمكين المرأة بكافة الصور وفتح المجال أمامها لإثبات ذاتها وجدارتها ,2,2,Favor,Favor,0.9258618955376146,0.2787433558454705,0.003643270819119247,0.07049484112852267,0.9258618955376146
1280,Women empowerment,من أحلى التغييرات على الصعيد الرسمي في السعودية توجه الارادة السياسية إلى نشر الوعي حول ( تمكين المرأة) بين الرجال والنساء معًا، فلا عبرة لنجاح المرأة اقتصاديًا على حساب النجاح الأسري والاجتماعي.,2,2,Favor,Favor,0.9273549081178469,0.2847734147194363,0.007600567669325474,0.06504452527835738,0.9273549081178469
1294,Women empowerment, كل المصايب واللى احنا فيه. سببه تمكين المراه ..... ان كيدهن عظيم.........؟.؟عايزين نرجع. للرجال قوامون على النساء. بما فضل الله,0,0,Against,Against,0.7388480019663044,0.7546422489642364,0.7388480019663044,0.12148857332480333,0.13966342743598797
1300,Women empowerment,تمكين المرأه شي جميل  الغير جيد ان مرحلة تمكين الرجل لم تبدأ بعد URL,2,2,Favor,Favor,0.8567678817959079,0.5100437868493646,0.07028494795309387,0.07294715803974285,0.8567678817959079
1304,Women empowerment,    كل قوانين تمكين المرأة واعادة حقوقها المسلوبة منها تمت في إطار الدين  لا يوجد قانون جديد مخالف للدين لأن ولي أمرنا لا يمكن أن يصدر قانونا مخالفا للدين  الفرق ان هناك ثقافة ديتية متشدده وثقافة دينية سمحه  ,2,2,Favor,Favor,0.517571400252167,1.0152651055123063,0.29402961968444846,0.18839896291834402,0.517571400252167
1318,Women empowerment,تحدث توم دي ويلي  الشريك الإداري لشركة بين أند كومباني  مع جريدة  حول كيفية تمكين المرأة في العمل وأفضل الممارسات المتبعة من قبل الشركات للحفاظ على الكوادر النسائية  وتقليص الأعباء والضغوط الإضافية  بهدف تعزيز شعورهن بالاندماج والدعم المستمر. URL,2,2,Favor,Favor,0.8779767848127515,0.39519079409349933,0.006111516861982294,0.11591171935710663,0.8779767848127515
1326,Women empowerment, بل هي اوامر للدول الإسلامية كما حصل عندنا في الأردن خصصوا كوتا للمرأة وقالوا هي فترة مؤقتة لتمكين المرأة من خوض هذا المضمار لكنهم لن يدعموا تمكين المرأة من القيام بواجباتها الفطرية,0,0,Against,Against,0.8714155328261197,0.4676043700781872,0.8714155328261197,0.0824705886787638,0.04611391881167597
1329,Women empowerment, تمكين المرأة  الثقافة والفن   قصص نجاح ملهمة,2,2,Favor,Favor,0.8731748286873806,0.40484152676687213,0.006124631294462068,0.12070050891870028,0.8731748286873806
1332,Women empowerment," لا تتعب نفسك مع هذا العوج فيهن فهن حاليًا يعشن وهم زمن تمكين المرأة وحقوقها وصدقن هذه المقولة من تُجار "" الانحلال والانسلاخ """,0,0,Against,Against,0.8384005167237494,0.5536209349358825,0.8384005167237494,0.07326302019088828,0.08833648814026544
1335,Women empowerment,هربت من خدمة زوجها فوقعت في خدمة الغرباء والمدير والمسؤول تمكين المرأة 👌🏻 URL,0,0,Against,Against,0.5186937680341042,0.8699497912927945,0.5186937680341042,0.4230976033559997,0.05820866440994183
1348,Women empowerment,MENTION تمكين المرأة السعودية ورحلة كفاحها هو الانتصار,2,2,Favor,Favor,0.8517646092319748,0.4627328235195687,0.012594915337675554,0.13564047161371443,0.8517646092319748
1349,Women empowerment,إستعراض شامل ورائع عن #تمكين_المرأة في المجتمع #البحرين ي #الأمين_العام للـ #المجلس_الأعلى_للمرأة #البحرينية تستعرض إنجازات وطموحات أخواتنا ومستقبل بناتنا الذين كانت إبداعاتهم مكتومة.   URL,2,2,Favor,Favor,0.9235303228419174,0.28751516552586487,0.004623748975377763,0.07184595533102517,0.9235303228419174
1350,Women empowerment,تمكين المرأة السعودية ساهم بشكل كبير في تسارع الانجازات السعوية على المستوى المحلي والعالمي بقيادة وتوجية من ولي العهد. #محمد_بن_سلمان_الأعلى_شعبية,2,2,Favor,Favor,0.9446833678210039,0.23071356474238391,0.0050203199093626525,0.05029627763338238,0.9446833678210039
1352,Women empowerment,   والله إن أغلبكم منافقين   حاطين صورته خوف منه وأنتم بداخلكم ومن خلال كلامكم تعارضون تمكين المرأة اللي حاصل   لعلمكم يامنافقين   ترى المنافقين في الدرك الأسفل من النار,2,2,Favor,Favor,0.8686863565345908,0.47325118772146324,0.0863657287795244,0.04494787010376706,0.8686863565345908
1357,Women empowerment,اسمعوا يا دعاة تمكين المراه URL,1,1,None,None,0.5821942049348512,0.8874799305439494,0.08272458674966895,0.5821942049348512,0.33508119667053327
1359,Women empowerment,مع تمكين المرأة,2,2,Favor,Favor,0.8307071996504556,0.5449433958904548,0.03802588896839277,0.13126687512031565,0.8307071996504556
1361,Women empowerment,"تعي علّمِك كيف بكون ""تمكين المرأة"" تعي URL",1,1,None,None,0.5146320814336598,0.9589509837204357,0.11541434188746638,0.5146320814336598,0.36995356181368116
1365,Women empowerment,إنّ الوّطن لا يُحلَّق مِن دُون المرأة           - قابوس بن سعيد طيب الله ثراه   و كل عام و العمانيات في رفعة و تمكين    #يوم_المراه_العمانيه,2,2,Favor,Favor,0.8560649082332583,0.45240931510412824,0.011613929953765197,0.13232114428122135,0.8560649082332583
1366,Women empowerment,أطيب التمنيات بمناسبة يوم المرأة! لقد رأينا خلال الـ20 سنة الماضية، كيف أن تمكين المرأة يعود بالفائدة على كل من الشركات والمجتمع. حان الوقت لتتألقي، اليوم وكل يوم! لنحتفل بإنجازات المرأة تاغ لامرأة تعرفها. نود تقدير جميع عضواتنا المتميزات طوال الشهر. سجّلي الدخول لمعرفة المزيد. ,2,2,Favor,Favor,0.8988946622106238,0.3569546562825945,0.008613712280583169,0.09249159488119615,0.8988946622106238
1367,Women empowerment,حلقة نقاشية حول تمكين المرأة تحت شعار “لأننا نستحق” بين أسيل عمران و المتحدثين الرسمين باسم “لوريال باريس”.   URL,2,2,Favor,Favor,0.5918957202088881,0.7073144378910666,0.005971251528747574,0.4021330294154443,0.5918957202088881
1383,Women empowerment,تحية إجلال للمرأة في جميع أنحاء العالم في يومها العالمي وتحية خاصة لبنات ديرتي البحرين على جهودهن الطيبة في شتى المجلات ونحمد الله على ديننا الحنيف في تكريمه للمرأة وشكراً لقيادتنا الرشيدة على تمكين المرأة في جميع الميادين #منى_الدلهان #اليوم_العالمي_للمرأة  ,2,2,Favor,Favor,0.9468766657088397,0.2179343803899799,0.002580995863121444,0.050542371690933015,0.9468766657088397
1387,Women empowerment,هذه قائمة بالدول ذات النسبة الاعلى في تمكين المرأة في المناصب الادارية ( من الممكن ان يكون مديرك امرأة )  لاحظ ان هذه الدول عاهات اقتصادية من افقر دول العالم و بالطبع المانيا ليست احد هذه الدول ,0,0,Against,Against,0.6015595347624061,0.8426266799025289,0.6015595347624061,0.3376142063755706,0.0608262686862756
1393,Women empowerment,  تمكين المرأه 🤣😭,2,2,Favor,Favor,0.8370450983051243,0.48856643637695885,0.012469605211825751,0.1504853046717253,0.8370450983051243
1402,Women empowerment,MENTION اذا يتكلمون عن تمكين المرأة صدقاً يجنسون ابنائها.كل ما نراه للاسف مساعدة المرأة على الخروج عن طاعة ولي امرها سواء كان زوجاً او أباً والله المستعان .,0,0,Against,Against,0.867590145415865,0.48134844935032606,0.867590145415865,0.07572318219962632,0.05668662999700625
1409,Women empowerment,عهد تمكين المرأة 🇸🇦💚  #ولي_العهد  #محمد_بن_سلمان,2,2,Favor,Favor,0.89042228136257,0.3676235764708677,0.0055603457218807465,0.10401734593692287,0.89042228136257
1411,Women empowerment,#القبض_علي_مدعيه_النبوه كانها تحمست مررررررره🙆🏻‍♀️ فاهمه تمكين المرأة غلط ياغاده نبيه مره وحده🤦🏻‍♀️😂,1,1,None,None,0.6737039684818656,0.8513500498482747,0.19521888574919566,0.6737039684818656,0.1310771489908449
1423,Women empowerment, الله يوفقكم شباب والله الحياة صارة صعبه والوظيفه صارت أصعب لكن ختاما ماقول الا الله يلعن تمكين المرأه واليوم اللي دخلوا فيه سوق العمل,0,0,Against,Against,0.8272421832171117,0.5745810442441608,0.8272421832171117,0.10785848953459397,0.06489928186424174
1439,Women empowerment,MENTION هذا الشي يلي صاير من ورا تمكين المرأة خراب للمجتمع,0,0,Against,Against,0.9024798620448647,0.3869418523964523,0.9024798620448647,0.04524442496141506,0.052275715358388423
1454,Women empowerment, نؤمن بالمساواة و تمكين المراة,2,2,Favor,Favor,0.85513923215077,0.46560159552882,0.016766509744063345,0.12809427313418892,0.85513923215077
1455,Women empowerment,لاتنسون ٢٠٢٠ اكثر سنه الذكور صاحو فيها تحت كل خبر فيه عن تمكين المرأه وعقبال المزيد من صياااح ب ٢٠٢١,2,2,Favor,Favor,0.7674702764413561,0.701366633822509,0.1319616373687181,0.10056807513490335,0.7674702764413561
1456,Women empowerment,احب الاخبار الي تخلي الذكور يصيحون بسوالف تمكين المرأه  ,2,2,Favor,Favor,0.5571600090042673,0.8250109768954994,0.04179536964426061,0.40104458650516,0.5571600090042673
1459,Women empowerment, طيب وظفوا الشباب عشان يسترون البنات ويتزوجون ويعفون بعضهم البعض صرتوا مثل اليهود تقلدونهم في كل شي قال ايش قال تمكين المرأة والشاب عاطل ماعنده لا وظيفة ولا مستقبل والعطالة كل مالها في ازدياد,0,0,Against,Against,0.713044503644787,0.7845250237749524,0.713044503644787,0.09937181227568806,0.1875836624360852
1461,Women empowerment,   نحن مسلمين وامرنا بالتراحم وان نلين الجانب لبعضنا البعض. اللي تسوونه مو قوة ولا استطاعة. هذه اعاقة فكرية ويمكن عقلية. اسأليني فأنا أعيش في دولة وفي مجتمع اعطى المرأة كامل حقوقها وأيضاً نعطي المرأة المجال في مثل هذه المواقف. ,2,2,Favor,Favor,0.48842234088031167,1.04160877398394,0.21711774533070646,0.29445992420857664,0.48842234088031167
1462,Women empowerment,      تريد الوظيفة تريد السفر اي شي غير الزواج😂مع عصر تمكين المرأة كل شي تغير يا سلامة بس يا عزتي لك,0,0,Against,Against,0.542288902808758,0.8894234772360262,0.542288902808758,0.385308878169241,0.07240224421001872
1465,Women empowerment,MENTION انا ابغى اشتغل معاك في كتابة محتوى ابداعي وتسويقي لشغلك   ليش؟ لان شغفك في تمكين المرأة والوعي بالذات يلهمني و روحك طيبة.,2,2,Favor,Favor,0.8368514145319761,0.48886555520116515,0.012456328976813997,0.15069225592406188,0.8368514145319761
1466,Women empowerment,تمكين المرأة في قطر في مختلف القطاعات مبنية على استراتيجية ورؤية صحيحة  والأرقام والاحصائيات تشيد بذلك للتقدم المنشود.        ,2,2,Favor,Favor,0.9256324693030904,0.2825485176846041,0.004785175255284176,0.06958234125445312,0.9256324693030904
1467,Women empowerment,بفضل القيادة الرشيدة في دولتنا الحبيبة قطر   وتماشياً مع رؤية قطر الوطنية 2030حققنا المراكز المتقدمة لسد الفجوة بين الجنسين من خلال مجموعة من المبادرات تهدف إلى تمكين المرأة في كافة المجالات، وتعزيز بيئة العمل، وإتاحة فرص متساوية للنساء في القطاعين العام والخاص. ,2,2,Favor,Favor,0.899605682721797,0.33912918952277904,0.002912591612734733,0.09748171950144892,0.899605682721797
1468,Women empowerment,  الدافع براغماتي استقطاب للغرب في ادلب مكتب تمكين المرأة الأولى لهم أن يغلقوا هذا المكتب,0,0,Against,Against,0.8143283091188469,0.6058412405252399,0.8143283091188469,0.0769197721335692,0.10875192831356462
1470,Women empowerment,  ماندري وين بروح مع تمكين المراة من جرف لدحديرة,0,0,Against,Against,0.9148279484094451,0.34827633497678945,0.9148279484094451,0.051740930669492265,0.03343113340752367
1479,Women empowerment, تمكين المرأه من العمل ضرر لكل بلد هذا المطلب تقف خلفه قامات رؤوس الاموال كبرى  لانهم يرون ان النساء باب إستهلاك للسوق العالمي عندما كنت ارى الاعلانات كلها نساء كنت اظن السبب إفتتان الرجال ولكن وجدت السبب مبدأ اذا اردت ان تسوق منتجك في بلد وتستنز,0,0,Against,Against,0.792569088387543,0.6279938971029937,0.792569088387543,0.05260642849374324,0.154824470529377
1480,Women empowerment, حسب رأيي ليس المقصود من دعم المرأه  الحقوق بل هو دعم لتمكين المرأه من المال العام (وهذا أحد الأسباب) السبب هو مصلحه للدول المصدره وبذلك لعلمهم انك اذا اردت ترويج منتجاتك ف بلد فعليك بإختراق عقول نساءهم ولهذا لايطالبون بحقوق النساء في البل,0,0,Against,Against,0.5466544056755879,0.8940207458306009,0.5466544056755879,0.3771814698067404,0.07616411336939288
1481,Women empowerment,   تمكين المرأه من الوظايف وجعلها تستحوذ على قدر كبير من المال هو يسير لصالح رؤوس الاموال والدول المصدره فبعد دراسات طويله اكتشفوا ان المرأه المستهلك رقم واحد في كل بلد فإذا ارادت الدول الصناعيه ترويج بضاعتها عليها بدعم ,0,0,Against,Against,0.5547104787111254,0.8997018969876429,0.5547104787111254,0.08191296813551524,0.36337658654515914
1482,Women empowerment, فيه حساسية زايدة ضد مناقشة تمكين المرأة حتى على حساب الرجل والعائلة والأسرة والبيت والدين والعادات والتقاليد.!!!! الوضع زاد عن حده مرة مرة,0,0,Against,Against,0.7863441083421939,0.6394213874835551,0.7863441083421939,0.15977080430654184,0.05388509826049131
1483,Women empowerment, هذي نهاية شعارات تمكين المرأة واخراجها عن دورها الاساسي وهو صنع الاجيال من المنزل.. اخرجتوها من المنزل للعمل والرياضه ومنافسة الرجال ف شعرت انها لا تحتاج الرجل وتريد ان تصبح كيان مستقل تفعل ماتشاء .. والضريبه ف المستقبل ستكون باهضة الثمن,0,0,Against,Against,0.9102910287248014,0.36388522608122453,0.9102910287248014,0.042174079287805984,0.047534894428083035
1486,Women empowerment,"أطمح إلى تمكين المرأة. و أطمح بأن يكون لي دور في إدراك النساء لقوتهن.   علما وإيمانا بأن المرأة قوية بحد ذاته بداية للتمكين"".💪👩‍🦰👧👩👩‍🦳👱‍♀️👵🧕👩‍🍳👩‍🏫👩‍💻👩‍🏭👩‍💼👩‍🎨👩‍🔧👩‍🔬👩‍⚖️ نجوان الحلبي ",2,2,Favor,Favor,0.8864801840386866,0.39208555422122393,0.01198450130360194,0.10153531754135176,0.8864801840386866
1490,Women empowerment,في #يوم_المرأة_العالمي نحتفل  بانجازات جميع النساء ونفتخر بهن وبكل ما ساهمن به في كافة مجالات الحياة #الاردن #تمكين_المرأة ,2,2,Favor,Favor,0.9037994169031136,0.3292491051156841,0.0027810612227306985,0.093419504662884,0.9037994169031136
1491,Women empowerment,رؤية تمكين المرأة السعودية هو فرع عن شجرة تكريم المرأة في الإسلام والتي كانت مشوبة ببعض العادات والتقاليدالتي تشوه الإسلام. فجاءت الرؤية لتظهرقيمة المرأة ودورها البناء وفكرها الوقاد ورأيها الحصيف وأقول لهن انهضن الآن بكل إبداع وتطوير دعى إليه ديننا الحنيف وأيدته دولتنا الحبيبة,2,2,Favor,Favor,0.9263419937085104,0.28692701621965244,0.007357664021177553,0.06630035518700818,0.9263419937085104
1502,Women empowerment,القادم اعظم 👏👏 عصر تمكين المرأه ،، الله يطول بعمر محمد بن سلمان ❤❤❤❤#ولي_العهد_محمد_بن_سلمان ,2,2,Favor,Favor,0.9153897332764493,0.31350871410612685,0.006783048476869995,0.07782716662309086,0.9153897332764493
1503,Women empowerment,تمكين المرأة وإدماجها في العملية الانتخابية، يساهم في تحقيق حكم ديمقراطي رشيد، يستند إلى مفهموم وأسس المواطنة  الفاعلة. #مشاركتك_مسؤوليتك #cmcgaza ,2,2,Favor,Favor,0.8957986838042926,0.3662014214643033,0.009577617657570174,0.09462368996726397,0.8957986838042926
1504,Women empowerment,في #مصر... نحو 3.3 مليار$ تمويلات موجهه لدعم تكافؤ الفرص و #تمكين_المرأة #اليوم_العالمي_للمرأة #internationalwomensday   ,2,2,Favor,Favor,0.5990373894125598,0.6994871072627379,0.004816933285969857,0.39614566936893303,0.5990373894125598
1506,Women empowerment, هذا لا وطني ولا يحزنون  دْكوري قذر يصيح يومياً عشان  تمكين المرأه .. وأي ذكر يرعبه موضوع تمكين المرأه هذا رْباله بإختصار لأنه كان يستمد قوته  من الإستقواء على نساء بيته لأنه برا مع الرجال مايسوى مواطيهم ولا يعبرونه  ..,2,2,Favor,Favor,0.46349261193492985,0.9506093850807771,0.4350747990599932,0.10143260415006464,0.46349261193492985
1507,Women empowerment,MENTION اللي عجبني ان الخبر له حوالي 11 سنه يعني قبل تمكين المرأه بشكل كامل   وهذا يدل فعلاً على ان المرأه دائماً وأبداً عندنا مُنتجه ومُنجزه وصاحبة بصمه 👏🏻💚🤍 .. #النساء_السعوديات_فخر  💚💚,2,2,Favor,Favor,0.9086078773799461,0.33811209744349774,0.010389201412292074,0.08100294468683918,0.9086078773799461
1509,Women empowerment, عمر الحمل والزواج ماياثر على الانتاجية بالوظايف هو شيء نابع من المسوؤلية الداخلية اتجاه وظيفتك والحمدالله على نعمة محمد بن سلمان ونعمة تمكين المراة في جميع القطاعات. وعموما المفروض تكون صادقة حتى اذا توظفت يصرف لها تامين يغطي رعاية كاملة لل,2,2,Favor,Favor,0.9360101452588818,0.280835057930907,0.025502136403349557,0.03848771957398741,0.9360101452588818
1512,Women empowerment,مو عاجبني تمكين المرأة الي يصير في mcu,0,0,Against,Against,0.5869329307861032,0.8524937955844031,0.5869329307861032,0.3511466611156978,0.061920387221355844
1516,Women empowerment,تمكين المرأه صار أحد أهم مؤشرات تقدم الدول  منظومة تمكين المرأه في عموم دول الخليج تسير بوتيره متسارعه وبشكل تصاعدي وهو أمر محمود ولله الحمد ولكن هناك من يحاول عرقلة عملها  أن تأتي العرقله من المرأه نفسها فتلك مصيبه (بعضهن)🤔يعني حواءتحارب حواء وأدم شايل البلوه .,2,2,Favor,Favor,0.9171800815802267,0.33964468939311665,0.029686451986664007,0.053133468004121366,0.9171800815802267
1517,Women empowerment,إن ملف تمكين المرأة المصرية حظي خلال آخر سبع سنوات بالكثير من الدعم والاهتمام من قبل القيادة السياسية، حيث حصلت النساء على الكثير من الامتيازات والحقوق في النواحي الاجتماعية والسياسية والاقتصادية. #تنسيقية_شباب_الأحزاب_والسياسيين #برلمان_بمفهوم_جديد   #اليوم_العالمي_للمرأة ,2,2,Favor,Favor,0.9274018766921407,0.28039311435796743,0.0057452660247792504,0.0668528446158553,0.9274018766921407
1518,Women empowerment, الحياة الكريمه للمراة و تمكين المراة القمو 😂😂,2,2,Favor,Favor,0.7685970737658504,0.6081808164517353,0.01963541015721767,0.21176749817706375,0.7685970737658504
1521,Women empowerment, هذا بداية تمكين المرأه والمساواة اللي يطالبون فيه 💔🤝,2,2,Favor,Favor,0.8722218305066396,0.42604878094481563,0.01387946188533019,0.11389872360983024,0.8722218305066396
1522,Women empowerment,تمثل #النساء و #الفتيات نصف سكان العالم وبالتالي نصف إمكانياته إن #المساواة بين الجنسين، إلى جانب كونها حق أساسي من #حقوق_الإنسان، أمر ضروري لتحقيق #السلام وإطلاق إمكانيات #المجتمع الكاملة. كما ثبت أن #تمكين #المرأة يحفز الإنتاجية والنمو الاقتصادي ,2,2,Favor,Favor,0.8850011357524906,0.39195803531082984,0.010491158496483655,0.10450775173264498,0.8850011357524906
1525,Women empowerment,لاأدري  لكنِّي إذا قرأتُ عبارة فيها كلمة [ تمكين ]   يأتيني شعور أنها بدون [ ياء ]   أرجوكم  لاتصدِّقوا هذه العبارات التسويقية  فقد مر زمانٌ    فما رأينا من تمكين المرأة إلا التمكن منها.    ولا من حرية الإرادة إلا حرية الوصول  ولا من التصفيق إلا الصفاقة ..  الله المستعان,0,0,Against,Against,0.9360452279676328,0.2811437505439039,0.9360452279676328,0.03732834122099251,0.02662642630018786
1527,Women empowerment,أهدافنا مشتركة؛ المساواة بين الجنسين  المساواة الإجتماعية والإقتصادية وكامل حقوق الإنسان ونبذ العنف واحترام الجميع  تمكين المرأة ومشاركتها في السياسة  والقضاء على النظام الأبوي. #النسوية ما تعني كره الرجل. محاولة تشويه وشيطنة الحركة النسوية والنساء فاشلة ⬇️,2,2,Favor,Favor,0.5801636915244219,0.8916890073271712,0.3348807705385725,0.08495553656578589,0.5801636915244219
1530,Women empowerment,  نحن مع تمكين المرأة لذالك اتمنى من هيئة الرياضة مضاعفة الدعم لنا وهذا قليل في حقنا,2,2,Favor,Favor,0.9305104862006133,0.27219431540449823,0.005768224949372153,0.06372123987396387,0.9305104862006133
1532,Women empowerment,موجة تغييرات في وطنا ابرزها تمكين المرأه البالغه من السفر بدون قيود فسخ نظام الولاية شيئاً فشيئاً وشهدناه لما صار النظام يحسب لكل فرد بالغ بالمجتمع رمز بريدي منفرد  ٤-أمكانية سكن المرأه بسكن مستقل  والقادم اكثر بأذن الله  أطال الله بعمر سيدي سنين مديده 🤍#نسويات_نشكر_ولي_العهد,2,2,Favor,Favor,0.9576318278705094,0.1902632811551183,0.004748660706413313,0.03761952207166052,0.9576318278705094
1536,Women empowerment,اختفاء قصري و اخبار كتير عن سحلها رغم الاعاقة فين حركات حقوق المرأة و تمكين المرأة و طيز المرأة ولا دول عشان السيسي قاعد يمكن فيهم ليل و نهار كفاية ميكنة بقا يريس #صفاء_الكوربيجي,0,0,Against,Against,0.9301857932082835,0.3006970941748752,0.9301857932082835,0.04035149011548318,0.02946275921987765
1540,Women empowerment,اليوم وكل يوم ندعوا لتمكين المرأة في المجتمع وتعزيز دورها الفعال وإبراز شخصيتها وإنجازاتها العظيمة المثمرة  #جمعية_دعم #تمكين_المرأة #السعودية #صباح_الخيرᅠ ,2,2,Favor,Favor,0.9180043599296069,0.298008788723802,0.003477287374791256,0.07851839683228012,0.9180043599296069
1543,Women empowerment, النصاب هذا يحاول يغطي على فضيحة بيكيه بهذة القصة لكسب تعاطف الحقوقيين في اسبانيا. أصلاً توجه السعودية ككل — قبل حتى ما يجلس هذا المخلوق مع أي مسؤول سعودي — هو تمكين المرأة في كل المجالات.,2,2,Favor,Favor,0.8235794675247473,0.5701340626579051,0.048979744486712724,0.12744081854539419,0.8235794675247473
1547,Women empowerment,#المراه_السعوديه_قاضيه من تقدم إلى تقدم تمكين المرأة في وظائف مهمه وحساسه في الدوله..دليل على الثقه المطلقه بها. وهم اهلا لها....,2,2,Favor,Favor,0.9352292409852145,0.2641484251928169,0.008018046922054682,0.056752741406905324,0.9352292409852145
1551,Women empowerment, هذه السنة شهدت نسبة طلاق غير طبيعية بين اللي اعرفهم  شكرًا تمكين المرأة,0,0,Against,Against,0.5042742061006705,0.8819324231222474,0.5042742061006705,0.43270283088735256,0.06302299672731614
1552,Women empowerment,#البدون_أولوية #تجنيس_أبناء_الكويتيات تمكين هذه الفئات المراه الكويتيه وابناءها و اخواننا الافاضل من البدون هي نقطه ايجابيه ان استقطبت منهم النخبه و هم جميعا على اتم الاستعداد لخدمة الوطن و أجمل مقابل نحصل عليه هو النتيجه الايجابيه لعملنا و احلالنا🌸 POV,2,2,Favor,Favor,0.9301646627162008,0.27962310452083694,0.008780101196325675,0.061055217882878626,0.9301646627162008
1553,Women empowerment,#تجنيس_ابناء_الكويتيات تأكيد على تمكين المرأه في المجتمع  هو حق مدني بحت لا يتعارض مع النسب والشرع  الدستور لم يأتِ على ذكر او تحديد جنسية الأب ولكنه وضع شروط للاستحقاق للأم الكويتيه وابناءها  تجنيس المستحقين منهم حق وعدالة للمواطنه الكويتيه #أحمد_النواف_رجل_المرحله  #احمد_النواف,2,2,Favor,Favor,0.8260841585437741,0.5190575171688938,0.01761035011650089,0.15630550813800864,0.8260841585437741
1561,Women empowerment,ميلان يعلن عن تجديد شراكته مع oppo لتشمل حتى الفريق النسائي   Oppo هي الراعي الرسمي لهاتف ميلان والآن تمت توسعة الشراكة لتتضمن نساء الفريق   الهدف كما ذكر بالبيان هو تمكين دور المرأة في المجتمع والتأكيد على أهميتها. #ميلان #سيدات_ميلان URL,2,2,Favor,Favor,0.9000168584198949,0.3449620010007066,0.005022237798772521,0.09496089601135971,0.9000168584198949
1564,Women empowerment, تمكين المرأة سوف يكون ترياق شافي لكثير من الأسقام الإجتماعية,2,2,Favor,Favor,0.9040541290517632,0.3471511499483275,0.009539185705107929,0.08640666986205245,0.9040541290517632
1568,Women empowerment,او تشعره ثورتنا بالفشل . نعم هو فاشل .. فشل في احتواء قادة النهضة والوعي و اعتقلهم . فشل في تمكين المراة واعتقل المطالبات بها . فشل في جميع رؤياته و فشل في حربه على اليمن و سيفشل و ينتهي امره و نحن لسنا هنا لنطبطب على ظهر مغتصبنا لكي لا يشعر بالفشل. توقفو عن تغذية نرجسية المجانين,0,0,Against,Against,0.8171272635110565,0.5958396220454446,0.8171272635110565,0.066946856542457,0.11592588066080932
1571,Women empowerment, هذي نتاج الانظمة الداعمة لحقوق المرأة    تمكين المرأة هههههههه  عقبال كل المسترجلات 🎸🎸💞,0,0,Against,Against,0.7664805578134641,0.6745243386263755,0.7664805578134641,0.058120295635331394,0.17539915195509065
1575,Women empowerment,"مايسمى بـ""تمكين المرأة"" مدمّر بشكل ماتتصورونه من عِدّة جوانب..  فيكفي دماراً ذكر جانب واحد  ألا وهو تكثيف توظيف النساء تحت هذا الشعار  فمن يعلم الحاصل على أرض الواقع    يرى أن توظيف النساء يقوم على فصل الرجال تعسفياً ومنع توظيف العنصر الرجالي في الأيام المقبلة..⏬",0,0,Against,Against,0.8704638152052193,0.4746777965140726,0.8704638152052193,0.05846724886215205,0.07106895474180078
1576,Women empowerment,من نتائج تمكين المرأة والفخر ببنات بلدنا المزعوم  أننا رأيناهن يعملن كاشيرات ومنظفات ذليلات في محلّ يملؤه الأجانب  بعد ماكانوا متسترات في بيوتهن..  يهربن من الزواج لأنه مهانة وعىِودية ويخضعن للعىِودية الحقيقية عند التاجر!,0,0,Against,Against,0.763308979564962,0.7072112018312351,0.763308979564962,0.14027245172706124,0.0964185943742274
1579,Women empowerment,تقع المرأة العاملة في ماتدّعي الهروب منه..  بعد أن كانت عزيزة في حمى رجالها عن الناس وخدمتهم  أصبحت تتودد للغرباء!  كيف يصدّقن أن هذا الحال المهين تمكين وكرامة؟!  والله لو جلست إحداهن في كفاية طول عمرها  تحت قدم زوجها الذي تتأفف من خدمته  لكان ذلك أعز وأكرم مما هن فيه اليوم! URL,0,0,Against,Against,0.7696724676530002,0.679282008081993,0.7696724676530002,0.1624944839029658,0.06783302343642247
1581,Women empowerment,بشعار تمكين المرأة والتحفيز على الإستقلال جعلوا المرأة.. -صبابة قهوة لمتذوقي اللحم الرحْيص -كاشيرة+مزهرية جاذبة للزبائن -تغسّل سياراتك عند باب بيتك -واليوم يوجّهن لرعي الغنم!  ولازال النساء بكل عْباء يسعين للإستقلال عن عزّ الرجل القوّام!  ولهم وجه يستنقصون من العزيزات في بيوتهن! URL,0,0,Against,Against,0.40753874352504693,1.083193514906682,0.40753874352504693,0.3280272341315683,0.26443404259623254
1584,Women empowerment,         بالتوفيق للجميع    ونفخر بوجود امرأة من ضمن اعضاء المجلس    واعطاء فرصة لهن بالمشاركة  حيث ان تمكين المرأه في معظم قطاعات الدولة اصبح من الضر,2,2,Favor,Favor,0.9538477537682343,0.20128149213746668,0.004281164102193779,0.04187105400685879,0.9538477537682343
1585,Women empowerment,  وهذا بعيد كل البعد عن تمكين او دفاع عن المرأة بل مجرد تشجيع للتفاهات التي لا تمد بصله الى المرأة الصومالية المحافظة صاحبت الحياة,0,0,Against,Against,0.46744124040215895,1.001478507664904,0.46744124040215895,0.14362346803619697,0.388935298292319
1586,Women empowerment," تمكين المراة هو خراب للمجتمع.. ولعبوا علينا وحطوا مصطلح ""تمكين"" وانما هو تخريب للبيوت وزيادة لبطالة الشباب وزيادة لعنوسة البنات. وبعض الوظائف اصبحت مختلطة اختلاط فاحش وبسبب هذا انتشرت العلاقات المحرمة. اسال الله ان يغنينا بحلاله عن حرامه.",0,0,Against,Against,0.9449165750357866,0.25100106035531045,0.9449165750357866,0.024229981484772563,0.030853420342611064
1587,Women empowerment, اقسم الله اللي يصير يضيق الصدر.. معقولة كثير من بناتنا انسلخوا من دينهم وبعضهم ارتد؟؟  تمكين المرأة ما وراه الا الخراب والنسويات يغسلون عقول بناتنا  لازم يوقفون هذا الشيء عن حده.. ما اقول الا حسبنا الله ونعم الوكيل,0,0,Against,Against,0.8998833271200752,0.38820450145243046,0.8998833271200752,0.06793931939261723,0.03217738245935363
1594,Women empowerment,  اذا كانت للكفؤ ليش ماتُلغى مبادرات تمكين المرأة و نسبة التأنيث الاجبارية الي من وزارة الموارد ؟  ولا الاولوية ذي زينه؟,0,0,Against,Against,0.7878577370171118,0.6629887376689702,0.7878577370171118,0.11549478107139237,0.09664751315071451
1595,Women empowerment,"  تقول مفروض فيه تساوي... واذا قلت لها طيب وش رايك في مبادرات تمكين ""المرأة"" ماراح تجاوب 😂",0,0,Against,Against,0.633316650931367,0.8417830657421635,0.633316650931367,0.2925296767099521,0.07415368326893289
1596,Women empowerment,  ما اتكلم عن مفهومك للتمكين..تمكين المرأة برنامج كامل تحته مبادرات مثل برامج دعم المواصلات للمرأة من هدف ونسبة التأنيث المشروطه ببرنامج نطاقات من وزارة الموارد الي يُدعم فيه راتب المرأة اكثر من الرجل بفارق 20%  ليش ما أمكّن المواطن السعو,2,2,Favor,Favor,0.8482274046247988,0.5249655796429056,0.05467821968444628,0.09709438488886347,0.8482274046247988
1597,Women empowerment," اذا بتحارب التمييز اجل يبيلك تحارب مبادرات تمكين المرأة الي نقول ""لازم نزيد نسبة مشاركة المرأة في سوق العمل"" يعني الهدف نزيد نسبتهم بسوق العمل حتى لو كان الرجال اكفأ  و ان كانك راضي عن مبادرات تمكّن جىْس دون الآخر..ليش معترض على كلامه؟",2,2,Favor,Favor,0.8384037012124517,0.554260436526799,0.07865082262314405,0.08294550314299881,0.8384037012124517
1598,Women empowerment, المرأة مواطن لكن نزلت لها مبادرة تمكين لجنسها = تمييز  حل المشكلة اني اوظفهم لانهم اكثر عطاله؟ وين راحت الكفاءة الي تتكلمون عنها؟,0,0,Against,Against,0.8832859828772723,0.4346053933937125,0.8832859828772723,0.07782535525259984,0.0388886639704406
1599,Women empowerment,ال ٦ بال ٢٠١٨ صاروا ٨ بال٢٠٢٢...  تقدّم خجول ولكن الآتي اعظم!  العيون عليكن وعلى إنجازاتكن اللي جايي.  كلّنا ثقة فيكن وبجدارتكن! ... #مؤسسة_ديان #توعية_مدنية #إنماء_مستدام #انتخابات2022 #لبنان #بيروت #انتخابات٢٠٢٢ #المرأة #المرأة_في_السياسة #تمكين_المرأة URL,2,2,Favor,Favor,0.9137688736776272,0.3449325779275828,0.024220445446073584,0.06201067713490582,0.9137688736776272
1601,Women empowerment,بمناسبة #يوم_المرأة_العربية  يُسّعدنا أن نحتفي بإنجازات المرأة القطرية  ودورها الفعّال في شتى المجالات  وفي المسيرة التنموية  ومساهمتها في تمكين المجتمع  والحفاظ على التماسك الأسري. وكل عام والنساء العربيات بألف خير. URL,2,2,Favor,Favor,0.9335515165250587,0.25413479636868186,0.0022357242089280655,0.06421275893909341,0.9335515165250587
1604,Women empowerment, السيارات بعد تمكين المرأة صايره دلوعه ماتبي تشتغل بالظهر,0,0,Against,Against,0.8813226477009031,0.44555033613783634,0.8813226477009031,0.05167714293189543,0.06700024102796745
1605,Women empowerment, هذا  اخر صيحات تمكين المرأة  !! عجباً لكم يا إ يها المسعؤلين  او المسؤولين     خسارة المناصب !,0,0,Against,Against,0.8073709079839922,0.6194936066208538,0.8073709079839922,0.11597000817903916,0.07665909492442234
1609,Women empowerment,التقى نائب محافظ #البصرة د. ضرغام الأجودي بمديرة قسم تمكين المرأة في ديوان المحافظة السيدة إيناس إسماعيل  وتم التداول بشأن جوانب متعددة تتعلق بخطة عمل القسم  وخلال اللقاء أكد #الأجودي على أهمية القسم في تبني ودعم قضايا المرأة البصرية. URL,2,2,Favor,Favor,0.8809532171552683,0.385335722917157,0.004863267844360462,0.1141834510363273,0.8809532171552683
1611,Women empowerment,انا مع تمكين المرأه لكن بحدود لان اكثر اساليب الم5نثه تطلع منهم لذلك خلو لها ليمت مايطلع فوق راسها,2,2,Favor,Favor,0.585412108926826,0.9647181973502583,0.1919475949894562,0.2226403083524125,0.585412108926826
1616,Women empowerment,(اثبات الذات)(الانوثة والمساواة)(التحرر)، و(تمكين المرأة)جميعها-وغيرها-تصطدم بمصلحة الأبناء، والأسرة، والوطن، وتفسد التوازن العاطفي.,0,0,Against,Against,0.8137104914483166,0.590909735520677,0.8137104914483166,0.1344961159171562,0.05179341618373504
1621,Women empowerment, صور الشباب اكثر عن صور البنات وتصرخون تمكين المرأه والمساواة ضمن ٦٠ مشاركة  ٥٠ رجال و ١٠ نساء 😁😁😁  واااابوي عليكم المهم متى التصويت لأنه شي صوره تستاهل جائزة أحلى سيلفي,0,0,Against,Against,0.4494751644946372,1.0020626413576963,0.4494751644946372,0.14175653738908683,0.40876831227943233
1633,Women empowerment,. نحمد الله ونشكره على قيادة ومجتمع يمكن المرأة لإستدامة حضارة وطن زايد الخير و خليفة الطيب 🇦🇪 . MENTION . #تمكين_المرأة #لتمكين_المجتمع  . URL,2,2,Favor,Favor,0.9210598679524105,0.2928744207065383,0.004302548831768485,0.07463757187419386,0.9210598679524105
1634,Women empowerment,   كلنا مع تمكين المرأة وتوجهات حكومتنا الرشيدة لذلك بقوة من خلال السير الحثيث لتحقيق رؤيا ٢٠٣٠ والتي نوقن بإذن الله انها ستنقلنا لمصاف الدول العظمى حيث بدأت تتمحور رؤية العالم لنا بأننا اصبحنا من دول العالم الاول,2,2,Favor,Favor,0.9431729842710717,0.23356813024306117,0.004375777376220093,0.05245122248903501,0.9431729842710717
1636,Women empowerment,وأختم حديثي للرجال الأفاضل🧔🏻‍♂️  لا تزعلون من حديثنا عن #تمكين_المرأة 🧕🏻 فهي نصف المجتمع  وتمكين المرأة هو تمكين للأسرة و المجتمع   فالمجتمع بحاجة لطاقاتها وابداعها لتحقيق التكامل والتوازن المطلوب..👍🏻🤝,2,2,Favor,Favor,0.908479157177535,0.3409545893884933,0.01166223222811161,0.07985863033107427,0.908479157177535
1645,Women empowerment,وعدت وزارة المواردالبشرية والتنمية الاجتماعية مبادرة تمكين المرأة في الخدمة المدنية وتعزيز دورها القيادي ..  لكن نرى بناتنا مع أنه يحملن شهادات جامعية في تخصصات مطلوبة إلا أنهن يعملن في الشوارع في بيع الشاهي!! ولا خير في وعد إذا كان كاذبا *ولا خير في قول إذا لم يكن فعلا #السعودية URL,2,2,Favor,Favor,0.5128246358097677,0.96607412922059,0.3660165710965838,0.12115877505162533,0.5128246358097677
1650,Women empowerment, هو كلام مش هيعجب ناس كتير لكن الاجندة العالمية الجديدة لها اساسيات 1- نشر الشذوذ و لاباحية و الانحلال 2- تهميش الدين و التدين اي دين 3- تمكين المرأة في كل المجالات و جعل العنصر النسوي هو السائد 4- ادخال الربا في كل المعاملات الاقتصادية,0,0,Against,Against,0.8703150575181868,0.46708532623185106,0.8703150575181868,0.08818244850574157,0.04150246844161384
1652,Women empowerment,حقيقة ما أشاهده في الوقت الحالي من تمكين المرأة وعملها شيء مثلج للصدر، وقد أثبتت المرأة جدارتها في شتى المجالات خصوصا التي تتطلب الدقة. #الرؤية_بلا_حدود #تمكين_المرأة ,2,2,Favor,Favor,0.9347688263365928,0.2592438489483273,0.005191674386451232,0.060039479992862715,0.9347688263365928
1657,Women empowerment,موضوع مهم المجتمع بحاجة إليه. المرأة نصف المجتمع وتربي النصف الآخر. حفظ حقوقها وتمكينها ضرورة من أجل مجتمع مستقر متطور وآمن .. ولذلك كان تمكين المرأة من أبرز المحاور التي ركزت عليها رؤية 2030  بالتوفيق دكتوره نوره.. ,2,2,Favor,Favor,0.9563368194948432,0.19158956358418083,0.0034936282577440413,0.04016960109624329,0.9563368194948432
1660,Women empowerment,تمكينُ المرأة في إدارةِ الدولة رؤيةٌ اقتصادية وسياسية   محور الجلسة الحوارية التي أقامها مركزنا  مركزُ اليرموك للدراسات والتخطيط الاستراتيجي والمجلس العراقي لسيدات الأعمال. URL,2,2,Favor,Favor,0.8589396238069167,0.4378185284819106,0.00807414864211366,0.13298624067362622,0.8589396238069167
1662,Women empowerment,من أخطر العبارات التي يعتبرها النظام الدولي وكل الحكومات التابعة، مسألة عقائدية عليا مثل حق الحياة، هي عبارة: #تمكين_المرأة  وهي مبدأ يتم العمل عليه إعلاميا وتعليمياً، غايته هدم الأسرة التي هي غاية عليا في الإسلام.,0,0,Against,Against,0.7880190997514858,0.6542248375350505,0.7880190997514858,0.07486153591976008,0.1371194330119151
1663,Women empowerment,كثير من نساء اليوم فاقدات للعقل والدين، والدليل قبولهن بخدعة ذكورية اسمها #تمكين_المرأة وما #يوم_المرأة إلا إثبات هذا الضياع. #تمكين_المرأة شعار ينادي به قادة الدول الرجال، غايته هدم الأسرة وتدمير المجتمع، واستغلال المرأة وخداعها وهي راضية!,0,0,Against,Against,0.9157932893548253,0.34667404731228646,0.9157932893548253,0.03700528472686255,0.047201399317747285
1664,Women empowerment,كل ما تشتكي منه النساء اليوم من عنصرية، سببها خضوع المجتمعات لثقافة #تمكين_المرأة والتي أنتجت التمييز والتحرش والعنف، أما قبل ذلك فقد كانت الإساءة نادرة، ومكانة المرأة عالية، ولقد طال الظلم الرجل بسبب هذا الخلل. #يوم_المراه_العالمي  نريد تمكين الرجل الآن!,0,0,Against,Against,0.857295725764852,0.5068554196986529,0.857295725764852,0.08297570639808008,0.05972858425111745
1672,Women empowerment,"""تمكين [المرأة] و [الشباب] محورين أساسيين للنمو المستدام""👍🏻 محمد بن سلمان💕",2,2,Favor,Favor,0.9284490973262016,0.27326858142316474,0.0040759050527221586,0.06747498556589436,0.9284490973262016
1705,Women empowerment,   المرأة جزء لا يتجزأ من المجتمع لا يقل أهمية أو مستوى من الرجل. تمكين المرأة ومنحها كامل حقوقها كمواطنة سعوديه  ليس ترفًا، بل ضرورة ان اردنا الدفع بوطننا إلى مستقبل أفضل 🌹,2,2,Favor,Favor,0.9325658214246242,0.27386088391209673,0.009223008044528068,0.0582111456576372,0.9325658214246242
1706,Women empowerment,نجحت السعودية بدعم ولي العهد محمد بن سلمان في تمكين المرأة وأصبحنا نرى اليوم نساء سعوديات في مواقع قيادية مهمة لا ننكر بأن #المراه_نصف_المجتمع واساس بناء الوطن 💚💚,2,2,Favor,Favor,0.9557457234095695,0.1925385703892201,0.00312785038507281,0.04112641477991481,0.9557457234095695
1713,Women empowerment,نعم ... لابد من تمكين المراة ... بشرط الكفاءة والمهنية والنزاهة ... وليس تمكين المرأة لكونها ..مرأة .. فقط. ,2,2,Favor,Favor,0.8834748940533558,0.4327445814705165,0.03696535435579583,0.07955974090362457,0.8834748940533558
1725,Women empowerment,"""مشروع تمكين المرأه عندنا ثلاث أرباعه مشروع علاقات عامة ودعاية، أصلاً (تمكين المرأة) فكرة أبوية"".  - #محمد_الربيعه",0,0,Against,Against,0.878978362197756,0.45284046259354693,0.878978362197756,0.06027241562541489,0.060749217459044574
1728,Women empowerment, الارتقاء بمجتمعنا يأتي من خلال الارتقاء بدور المرأة ومكانتها و تمكين خياراتها و حريتها,2,2,Favor,Favor,0.9002250479995121,0.35637071858132957,0.009682673210683598,0.09009230906963331,0.9002250479995121
1732,Women empowerment,تمكنت المرأة في الخليج من تولي مراكز قيادية في شتى المجالات،مما يبشر بغد أفضل.  في#اليوم_العالمي_للمرأة نود أن نأكد بأن تمكين المرأة يؤدي إلى نتائج اجتماعية واقتصادية إيجابية  لأنفسهم وعائلاتهم ومجتمعاتهم.      ,2,2,Favor,Favor,0.9412918307533762,0.23570909795776904,0.0031614177490400905,0.055546749147430546,0.9412918307533762
1738,Women empowerment, كل الشكر و التقدير لجهودكم لدعم و تمكين المرأة,2,2,Favor,Favor,0.9318334350557773,0.2643872063713125,0.00410647303399123,0.06406004124325076,0.9318334350557773
1758,Women empowerment, تمكين المرأة = تمكين التغريب,0,0,Against,Against,0.8399882986135755,0.5400064567734466,0.8399882986135755,0.10879365033322783,0.051218023099058256
1769,Women empowerment,أعجبني كلام إمرأة اليوم عندما أكدت على أهمية #تمكين_المرأة ولكن يجب كذلك أن لا ترهق نفسها بهذا التمكين. بمعنى أن لا تكلف نفسها فوق طاقتها فهي في الأول والأخير بشر، يسقط ثم ينهض لكي لا يكرر سقوطه,2,2,Favor,Favor,0.620667115857267,0.8892515873976106,0.10683880279278424,0.27249409458461626,0.620667115857267
1771,Women empowerment,#نساء_المستقبل | نبارك لسعادة الدكتورة #تهاني_الدسيماني  اختيار ورقتها العليمة ضمن 21 مشاركة بالمؤتمر الدولي للتعليم المفتوح | #نفخر_بك  #تمكين_المرأة ,2,2,Favor,Favor,0.9227849328707425,0.2964275284950516,0.007456198274138699,0.06975883409059266,0.9227849328707425
1774,Women empowerment,⁧#رؤية_2030_واقع_يتحقق⁩ نعم يتحقق  ١- قائد الإصرار      ٢-  قائد طموح  ٣- قائد مجدّد  ٤- قائد ملهم    ٥-  قائد الحالمين   ٦-  قائد التطور والنهضة ٧- قائد تمكين المرأه السعوديه في كثير من المجالات  دمتم لنا قيادتنا الحكيمه فخراً وعز  ⁦,2,2,Favor,Favor,0.922434225001098,0.29136700105502467,0.005014886920814588,0.0725508729203771,0.922434225001098
1775,Women empowerment,MENTION  طيب دول مثل امريكا وفرنسا وبريطانيا وتركيا وماليزيا وسنغافورة  ليه ما نخليها نماذج تحتذى في تمكين المرأة  هناك المرأة في كل الميادين تعمل وتعد تجارب ناجحة,2,2,Favor,Favor,0.8988186948329822,0.3775440435966015,0.0196959549670761,0.0814853060729149,0.8988186948329822
1776,Women empowerment, المرأة لها دور كبير في وظائف عدن ومن الطبيعي تمكين الكفأه منهن بالمناصب القيادية وأتوقع ان يكونوا عند حسن ظن المحافظ والمواطنين,2,2,Favor,Favor,0.9460022331537123,0.227493405078734,0.005316955877610372,0.048680840309800015,0.9460022331537123
1789,Women empowerment,"مع الثورة المعلوماتية في البيانات الضخمة أصبح تمكين المرأة ليس ضرورياً من الناحية الحقوقية فحسب بل أصبح جزء لا يتجزأ من فرص التنوع الاقتصادي وفتح أسواق جديدة للمساهمة في التنمية المستدامة، ليس فقط في مملكتنا الحبيبة بل في العالم أجمع"". #يوم_المراه_العالمي  #الذكاء_الاصطناعي ",2,2,Favor,Favor,0.9295351228038882,0.27589103445842317,0.006226909457051079,0.06423797697385464,0.9295351228038882
1806,Women empowerment,#ظاهره_اجتماعيه_ترغبون_زوالها اهانة الرجل في ظل تمكين المرأة . ,0,0,Against,Against,0.5985101429149168,0.9378943208285133,0.5985101429149168,0.14802633962870046,0.25346353479453987
1807,Women empowerment, تمكين المرأة من وظيفة تعفها عن السؤال و الحاجة ما تمنع شهامة الرجل  وانا في الرسول عليه الصلاة و السلام افضل مثال و زوجه خديجة رضي الله عنها و ارضاها,2,2,Favor,Favor,0.4585784206611439,1.0239439430776407,0.16664575070193444,0.37477583590155106,0.4585784206611439
1816,Women empowerment,اليوم الدولي للمرأة هو مناسبة للتفكر بالإنجازات الاجتماعية والاقتصادية والثقافية والسياسية للمرأة. كما انه دعوة إلى التغيير لتعزيز المساواة بين الجنسين وتسريع تمكين المرأة. احتفل معنا اليوم! #يوم_المرأة ,2,2,Favor,Favor,0.8621049233352869,0.421024486804348,0.004521819206194289,0.1333732541243076,0.8621049233352869
1823,Women empowerment,اكذوبة #تمكين_المرأة  ماهي الا فخ لِإبعاد الناس عن دينهم ليسهل ابتلاعهم.,0,0,Against,Against,0.8835808446054885,0.4389107976061569,0.8835808446054885,0.06757701013074112,0.04884217485953883
1825,Women empowerment,"بصفة عامة  تمكين المرأة لايعني عدم تمكين الرجل! فكلاهما يشكل نصف المجتمع .. مانحتاج إليه هو ""التوازن""",2,2,Favor,Favor,0.8318892750337543,0.5244801606571401,0.02552945481264952,0.14258127068797505,0.8318892750337543
1826,Women empowerment,أحيي كل نساء العالم ممن أعانوا أسرهن ومجتمعاتهن على النهوض والتقدم والصمود في مواجهة التَّحديات أقول لهن شكرًا على ما قدمتموه وأدعو الجميع لبذل المزيد من أجل تمكين المرأة وتجريم تعريضها لأي عنفٍ أو ظلمٍ أو تهميشٍ وضمان حصولها على حقوقها كاملة دون أي تمييز #اليوم_العالمي_للمرأة,2,2,Favor,Favor,0.8838074196863689,0.4041977918208999,0.015122298550106928,0.10107029772783245,0.8838074196863689
1831,Women empowerment,من بعد رؤية 2030 تم تمكين المرأة السعودية وأصبحت شريكاً للرجل في العملية التنموية للبلد، وفي المقابل أثبتت المرأة السعودية جدارتها المهنية وكانت قد الثقة التي أعطيت لها 👩🏻💚  #رؤية_2030_واقع_يتحقق ,2,2,Favor,Favor,0.9235313030454324,0.3036897099106225,0.012240929754205928,0.06422779993255943,0.9235313030454324
1863,Women empowerment,"يبدو لي أن الايجابية الوحيدة في الموضوع للزمن اللي انولدت فيه .. هو أني عشت في زمن تمكين المرأة ،  ""ياسلام على مواليد ٢٠٢١ تتهنّوا بحاضركم ومستقبلكم""",2,2,Favor,Favor,0.9309515417062818,0.279899713180376,0.010095363736432227,0.058953043006718414,0.9309515417062818
1874,Women empowerment, اشوف ان تمكين الشباب اولى. المرأة اساساً مجالات عملها محصوره بحكم طبيعتها: معلمه  ممرضه،دكتوره بقسم النساء . وليس مطلوب منها لا بناء بيت ولا نفقه على زوج ولاشي.,2,2,Favor,Favor,0.4139121518832349,1.074029023635752,0.2378264303238642,0.3482614275836735,0.4139121518832349
1891,Women empowerment,"""تمكين المرأة"" أشمل وأوسع من مجرد توفير وظائف.",2,2,Favor,Favor,0.8566284900814587,0.4407581645575921,0.007601046654359833,0.1357704293644098,0.8566284900814587
1893,Women empowerment, الله يطول لنا بعمره ويخليه ذخر .. عقبال تمكين المرأة أكثر وأكثر,2,2,Favor,Favor,0.9511436114886473,0.20948235715656457,0.004211945287207673,0.044644457715979226,0.9511436114886473
1894,Women empowerment,  صاروا يخلوهم مديرات و هم كفاءتهم أقل بحجة تمكين المرأة,0,0,Against,Against,0.8804173679824243,0.4483547814740402,0.8804173679824243,0.05367795837575155,0.06590466287761007
1903,Women empowerment,"التقت وزيرة الدولة لشؤون المرأة السيدة ""حورية الطرمال"" ظهر الأمس الثلاثاء، مع عدد من أعضاء التنسيقية العامة لأعضاء هيئة التدريس بجامعتي الزاوية وبني وليد. وناقش الحضور تمكين المرأة داخل الكادر التدريسي والصعوبات التي تواجه هذه الفئة في العمل الأكاديمي. ",2,2,Favor,Favor,0.8596496518055536,0.43753295218444194,0.008449770616298447,0.1319005467686134,0.8596496518055536
1904,Women empowerment, علينا ان ندرك جميعا..  ان سبب كفاحنا من اجل تمكين المراه اليمنيه..  هو لاجل مستقبل اليمن..  لان الحل لجميع مشاكل اليمن كلها.. الحل يمكن في شي واحد-هو ان تحكم النساء اليمن-عندها سوف يعم السلام والامن لليمن.. وتنتهي جميع المشاكل في اليمن بص,2,2,Favor,Favor,0.8768850631328963,0.42843822236500656,0.0204457883862247,0.10266911960745022,0.8768850631328963
1906,Women empowerment,"""تمكين المرأة لايعني إقصاء الذكور وتفضيل الإناث.. إنما يعني إتاحة الفرص المتكافئة للجميع على حد سواء بناء على معيار الكفاءة لا الجنس""  الواقع: ",2,2,Favor,Favor,0.6529086397237225,0.8858526342804673,0.16564060599460584,0.18145072756970076,0.6529086397237225
1914,Women empowerment,فخر للوطن 🇸🇦  لو كانت جاهلة تنكر تمكين عمل المراة وحقوقها  لسمعنا تكبير وتهليل قطيع الصحوة. URL,2,2,Favor,Favor,0.8280975513294935,0.5766598736975023,0.09684265515698855,0.07505980389952231,0.8280975513294935
1915,Women empowerment,هذه هي اعوام تمكين المرأة السعودية💙  #يوم_المراه_العالمي ,2,2,Favor,Favor,0.8831565723660695,0.39041843173757224,0.008254264128765473,0.10858914362505406,0.8831565723660695
1936,Women empowerment, تمكين المراة امر جيد بي مراعاة الدين الاسلامي الذي يحفظ حقوقها هم نصف المجتمع وشركاء النجاح,2,2,Favor,Favor,0.9431801011298524,0.23596864606250562,0.005399451692643294,0.05142044905999925,0.9431801011298524
1938,Women empowerment,ممتنة للقدر اللي جعلني إمرأه سعودية، ألمس وأرى تمكين المرأه يومياً في وطني .. عملي حقوقي وواجباتي وسلم راتب لايفرق بين إمرأه أو رجل بل لدينا بعض المميزات، إجازة وضع وساعات رضاعه وإجازة أمومة وكثير من المزايا الحمدلله 💕   أتمنى لنساء العالم العدل والمساواة   #يوم_المرأة_العالمي,2,2,Favor,Favor,0.9479019630635787,0.22966010854887545,0.009681277371979982,0.04241672082184014,0.9479019630635787
1939,Women empowerment,المرأة العمانية مثال نفخر به أمام نساء العالم من تمكين في مختلف مجالات العمل في البلاد وتقليد لأرفع المناصب في المؤسسات الحكومية. #المرأة_العمانية URL,2,2,Favor,Favor,0.9195641065334476,0.30054058060398436,0.005749420405015687,0.07468646223778727,0.9195641065334476
1941,Women empowerment,# وكيلة المعهد د. سمية حريري تشارك في الملتقى الثقافي النسائي بعنوان تمكين المرأه السعودية والذي تنظمه الرئاسه العامه لشؤون الحرمين. ,2,2,Favor,Favor,0.8940188998642797,0.35154100883580963,0.0029606118349651996,0.1030204889130271,0.8940188998642797
1948,Women empowerment,فخورين فيكم وفي انجازاتكم عزيزتي مرام   مجلس سيدات الاعمال قام بالكثير من المبادرات الهامة والتي تدعم تمكين المرأة وتحفز مشاركتها الاقتصادية ,2,2,Favor,Favor,0.9611328876104295,0.1719699250770627,0.0019187224419483144,0.03694839061296654,0.9611328876104295
1951,Women empowerment,تمكين المرأة هي أولى خطوات التقدّم و التطوّر في المجتمع .. المرأة هي التي تصنع الرجال 🙌,2,2,Favor,Favor,0.916441554647468,0.31606005215545147,0.00906293902806155,0.0744954907510838,0.916441554647468
1962,Women empowerment, بالفعل تمكين المرأة اصبح واقعا ملموسا ولله الحمد,2,2,Favor,Favor,0.9315388628766206,0.2650834425405654,0.004073166100717217,0.06438797235098968,0.9315388628766206
1966,Women empowerment,بمناسبة يوم المرأة العالمي..نتمنى تمكين المرأة أكثر في تولي مناصب قيادية في الدولة، وستتفاجئون بمكاسب وانجازات وطنية غير مسبوقة. #الكويت,2,2,Favor,Favor,0.9476819216202157,0.21778350718164557,0.0033690768787553527,0.04894900470336539,0.9476819216202157
1968,Women empowerment,المرأة السعودية في الجيش 👏🏻مبروك 👏🏻🇸🇦  #تمكين_المرأة  #رؤية_السعودية_2030 ,2,2,Favor,Favor,0.8865913636110648,0.3874389859953336,0.010011229255627198,0.1033973908873884,0.8865913636110648
1977,Women empowerment,بعد أن كانت الخيارات محصورة بين التعليم والمجالات الصحية، اليوم في كل مجال تجد مكان للمرأة. حقاً إن أعظم تمكين للمرأة #السعودية حدث في هذا العهد شكراً لقيادتنا 🇸🇦 والله كلي فخر لما حققته النساء من إنجازات في وطني 💚   #HappyWomensDay   #يوم_المراه_العالمي ,2,2,Favor,Favor,0.9469265426280771,0.21874515741720663,0.0029099469995488053,0.0501635303091192,0.9469265426280771
1986,Women empowerment, تفصيخ المرأة وليس تمكين المرأة  حتى يرضى عنكم أسيادكم في واشنطن,0,0,Against,Against,0.7308597387575841,0.7466120990860747,0.7308597387575841,0.0805090474906599,0.18863121412383713
2002,Women empowerment,الذل في سطور جميع وظائف تمكين المرأة تعارض دينها؛ تمكين في التبرج، تمكين في الخلوة، تمكين في الإختلاط، تمكين في السفر بدون محرم، تمكين في إذلالها بعد إكرامها، هذه هي قصة التمكين! في الحقيقة ليس تمكين لها بل هو تمكُّنا منها! تأملي أخية هل خلت وظائف اليوم منها ؟  ,0,0,Against,Against,0.9049366917733336,0.3780396397230211,0.9049366917733336,0.05713050005572778,0.037932850476926586
2008,Women empowerment, المواطنة تترقب هذا الحق فهذا زمن تمكين المرأة عهد رجل القانون محمد بن سلمان عهد أنصاف المواطنة وإعطائها حقوقها,2,2,Favor,Favor,0.9034265100957136,0.3446964030186964,0.00784354777329679,0.08872993813274381,0.9034265100957136
2011,Women empowerment,يجب  تمكين المرأة وتعزيز مشاركتها في الحياة العامة. #قادرات,2,2,Favor,Favor,0.8972369418013637,0.3583650673099651,0.007659001972787125,0.09510401868030369,0.8972369418013637
2013,Women empowerment,  تمكين المراة ام تعهير المراة وكثرة اللحاد والشواذ والطلاق ؟؟؟؟؟؟اخرجي من الدين احسنلك,0,0,Against,Against,0.4806735111678347,0.8370485563810048,0.4806735111678347,0.47783102994880067,0.04149547386347707
2014,Women empowerment,      لكن عموما واختصارا للكثير من الكلام تم السماح لها ان تكون قاضية غصبا عن الكل 😍 تمكين المرأة باقي ومستقبلها واعد وبتمسك مناصب اكثر و اللي كان المجتمع واقف بطريقها فيها ☺️,2,2,Favor,Favor,0.928880429894009,0.29312623849549374,0.014971777769595924,0.05614778621522422,0.928880429894009
2021,Women empowerment, شكراً لك د. خالد على المقال الرائع ،الذي يؤكد على أن تمكين المرأة عنصر مهم من عناصر قوة المجتمع.,2,2,Favor,Favor,0.9200789528066255,0.292984169205691,0.003511844184154963,0.07640919314845938,0.9200789528066255
2022,Women empowerment,معلش هو تمكين المرأة زاد وغطي عن الكل 😂😂 شوية كمان وهيطردوا الرجال من الكوكب خالص ويخلوا المرأة تتمكن من الكوكب كله 😂 انا بدأت ازعل علي حال الرجال والله,0,0,Against,Against,0.9041854838040952,0.382133462210824,0.9041854838040952,0.04971307097041104,0.04610145304117822
2023,Women empowerment, تمكين المراه في وقتنا هذا واثبات ماتقدمه شي غير مستغرب منها كأمراه عظيمه وجاهدت بالعديد من الامور,2,2,Favor,Favor,0.9186925224747194,0.30802911915377296,0.007970594050865669,0.07333686465488243,0.9186925224747194
2033,Women empowerment,ليشهد التاريخ بدور تمكين المرأة #السعودية منذ التأسيس فهكذا نحن بهمتنا وهكذا سنبقى بطموحنا دون الوطن  انتهى ✅ URL,2,2,Favor,Favor,0.9270825987206073,0.29192719562908687,0.010928137172568388,0.06198924966403024,0.9270825987206073
2037,Women empowerment, الوضع ليس كما كان سابقاً  تمكين المرأة ... هو بداية انحلال,0,0,Against,Against,0.8884532519929653,0.42573872590796324,0.8884532519929653,0.0643259779490576,0.04722081287168984
2042,Women empowerment, والله متوظفين بجهدنا، دراستنا، خبرتنا، مستوانا  و توجه الدولة هو تمكين المرأة منو انت عشان يكون عندك اعتراض حسين؟,2,2,Favor,Favor,0.5416040581380552,0.8439344490587739,0.04825443832385406,0.4101415110271877,0.5416040581380552
2045,Women empowerment,#تمكين_المرأه #السعودية  لا كلمات تختصر سعادتي ,2,2,Favor,Favor,0.8645009568463078,0.4537709413995042,0.02020185562064358,0.11529720067468047,0.8645009568463078
2072,Women empowerment,عصر تمكين المرأة إنجاز راح يخلينا في مصاف الدول الكبرى 💪 ,2,2,Favor,Favor,0.9230263485609193,0.29701195040778083,0.008007272073613932,0.06896638809078257,0.9230263485609193
2092,Women empowerment,شكرا جزيلا للسيدة الاولى اللتي شرفتنا اليوم بحضورها، فلنعمل جميعا على تمكين المرأة الموريتانية. كل عام و انتن بخير. ,2,2,Favor,Favor,0.9397275844474273,0.2401551465081687,0.003176049021993653,0.057096365435331566,0.9397275844474273
2113,Women empowerment,16 سنة دراسة وفي الأخير تتوظف بائعة تلمع قزاز 😠 . #تمكين_المرأة أكبر أكذوبة في البلد. ,0,0,Against,Against,0.9153565173242026,0.347905639186055,0.9153565173242026,0.04787635552758906,0.036767119176134004
2132,Women empowerment, كل دعاوي تمكين المرأة  ستسفر لا محالة عن مجتمع هش  يكثر فيه المطلقات والمخلوعين وبالتالي جيل من الابناء يصعد وهم في صراع بين الاب والأم,0,0,Against,Against,0.917010424907606,0.3424717934385939,0.917010424907606,0.04812242398917846,0.03486715912717736
2138,Women empowerment,اتمنى المزيد من الانجازات في تمكين دور المرأة سواء عميده للجامعه او متحدثه لوزارة او وزيره او سفيره ومازلنا في بداية الرؤية اتمنى لكم المزيد من الانجازات الله يوفقكم يارب ❤️ ,2,2,Favor,Favor,0.9667903501150874,0.15737567516524956,0.0037203534607671116,0.029489294498259693,0.9667903501150874
2153,Women empowerment,  يحاربون تمكين المرأة ويشوفونه فساد و برضو هم نفسهم اللي يدورونها موظفة هههههههههههههههههههههههه,2,2,Favor,Favor,0.539196973769996,1.0026634042117053,0.19088216494913812,0.26992089590218565,0.539196973769996
2168,Women empowerment, اتوقع ان الوضع الحالي يستوجب تمكين المراه في كل المجالات المتعددة ، شي جميل صراحه اننا نشوف بناتنا واخواتنا يعملون في اعمال تخدم وطنهم وتخدم فئتهم من النساء 👍🏼,2,2,Favor,Favor,0.9540856634454019,0.19638211298466285,0.0026309997805289563,0.04328335813022489,0.9540856634454019
2183,Women empowerment,الحرية التي نعيشها و تمكين المرأة تحت قيادتكم الحكيمة تبقى عرفان لكم في أعناقنا أدام الله عزكم. ,2,2,Favor,Favor,0.9581270995078417,0.188531425053134,0.0046879624202710085,0.03718493600974332,0.9581270995078417
2184,Women empowerment, تمكين المرأة ولى بنا للهاوية والله قبل تتمكن كانت ايام جميلة رواتب حلوة وفيها بركة. واسعار حلوة وفيها بركة وفلة ووناسة فلوسنا معيشتنا اروع جو. ولانعرف ضرائب ولا زياداة اهلكتنا ولاااا غيره. خلاص بالله فكونا ولا تتمكن😅😇🤣,0,0,Against,Against,0.9091443394453029,0.3523212498936683,0.9091443394453029,0.019937450130233184,0.07091821008099727
2185,Women empowerment,أميرة الطويل ألقت كلمتها في حفل تمكين المراه قبل سنوات وقالت إراده المرأه  لا يوقفها تخويف ولا تؤخرها حواجز ولن يمنعها احد وياربي يا أميرة صدق انك أميره ❤️,2,2,Favor,Favor,0.8738826668236487,0.44183098830386264,0.02506729251176797,0.10105002451181788,0.8738826668236487
2186,Women empowerment,الله يلعن تمكين المرأه,0,0,Against,Against,0.8598569126401094,0.5007581942575986,0.8598569126401094,0.08065512611001498,0.05948792725912701
2197,Women empowerment, اللهم المزيد والمزيد من تمكين المرأه وحريتها💚,2,2,Favor,Favor,0.8956231637682,0.3614359675677691,0.007448905109742744,0.09692790178841314,0.8956231637682
2212,Women empowerment, بروباغندا حكومية بإمتياز لترويج كذبة تمكين المرأة.,0,0,Against,Against,0.828484280973061,0.5771330894006765,0.828484280973061,0.08404988943577035,0.08746583955168341
2213,Women empowerment, حسبي الله اتمنى تفهمو ان مافي شي اسمه تمكين المراة السعوديه كلها عناوين عريضه لتلميع الصوره عند الغرب هذا المجتمع ذكوري وعمره ماراح يتغير,0,0,Against,Against,0.8804168843423958,0.44362422295392695,0.8804168843423958,0.042027894705896865,0.07755518575986849
2215,Women empowerment,معليش بس تمكين المرأة تعدى الحد المعقول,0,0,Against,Against,0.47473700008064235,0.8662291918948264,0.47473700008064235,0.47108296834160845,0.0541800188886048
2221,Women empowerment, شعار #تمكين_المرأة هو في الواقع تمكين منها لا لها والواقع خير شاهد #ماذا_بعد_قيادة_المرأة1 URL,0,0,Against,Against,0.9227172961332446,0.3256504535790333,0.9227172961332446,0.03867208951643635,0.03861065282347616
2230,Women empowerment,رجل يرى المرأة كنظير له   ورجل أخر ينبح خوفًا من تمكين المرأة   شتان مابين الاثنين,2,2,Favor,Favor,0.7491201234031085,0.7326280104522794,0.14930574386301315,0.10157416136395997,0.7491201234031085
2243,Women empowerment, عمل الغرب منذ سنوات على تفكيك وتشتيت الأسرة المسلمة بشعارات ظاهرها تمكين المرأة من حقوقها وباطنها تمكين الرجل من المرأة أكثر من ذي قبل بتحويلها إلى سلعة رخيصة ومنتج للتسويق والإستهلاك، وللأسف الشديد انطلت هذه الخدعة على المرأة وقدمت نفسها,0,0,Against,Against,0.9200556228359112,0.33387702527791807,0.9200556228359112,0.03736923508618964,0.0425751083167651
2245,Women empowerment, تمكين المراه سيقدمنا الى الامام جميع دون شك فهذا الواقع من الازمان الماضيه وهي متواجده المراه في كل شي ولها بصمتها,2,2,Favor,Favor,0.9368923513520858,0.2574398869737259,0.007008060937877486,0.05609956873388853,0.9368923513520858
2250,Women empowerment,إن تمكين المرأة ليس مجرد شعار يتم تداوله، وإنما عامل رئيسي في النجاح الاجتماعي و الاقتصادي فعندما تنجح المرأه يستفيد المجتمع  #جمعية_جود #اليوم_العالمي_للمرأة   ,2,2,Favor,Favor,0.871543002073764,0.41593951880853597,0.008959114745158005,0.11949784905361922,0.871543002073764
2272,Women empowerment,هنالك جهود جبارة فيما يخص تمكين المرأة في قطاع الاعمال بشكل عام  تحقيقا لرؤية ٢٠٣٠ عن طريق الالتزام بالواجبات اللازمه لتحقيق التنمية المستدامه التي من ابرز اهدافها تحقيق الموساواه بين الجنسين وتوفير فرص متكافئه لهم .. ,2,2,Favor,Favor,0.928460889975559,0.27113767120100585,0.003353319959459946,0.0681857800679383,0.928460889975559
2274,Women empowerment,اللي ما يفرح لاخبار تمكين المرأة يراجع نفسه,2,2,Favor,Favor,0.8375408365902464,0.5213741030642994,0.029952947157421646,0.13250619680656914,0.8375408365902464
2275,Women empowerment,#رؤية_2030_واقع_يتحقق   تمكين المرأه ،، الرؤية أعطت كل إمرأه الفرصة في تحقيق أهدافها وبناء مستقبلها واعطاها الفرصة في المساهمة في بناء اقتصاد ومستقبل الوطن. شكراً محمد بن سلمان شكراً وطني🤍💚🇸🇦,2,2,Favor,Favor,0.925126977455554,0.28428878688567927,0.004947976095433849,0.06992501804691112,0.925126977455554
2276,Women empowerment,#اكثر_ما_يخافه_الرجال حرية المراة و تمكين المراة انتهى ✅,2,2,Favor,Favor,0.615733400013396,0.8990875890988935,0.27103471476737273,0.1132318948696527,0.615733400013396
2279,Women empowerment,فخورة جداً بوصول النساء لكل المجالات بالحياة وتمكينها بقطاعات كثيرة، وتصدقون هاف مليون من اكثر الجهات الي دعمت تمكين المرأه وعملها ، تعرفون كم عدد النساء العاملات عندهم شوفوا حفلهم السنوي الثالث #نصك_الثاني ♥️ ,2,2,Favor,Favor,0.9212709306622208,0.2953527626277085,0.005406935332222525,0.07332216477817341,0.9212709306622208
2281,Women empowerment, #المراه_السعوديه_قاضيه ذا عصر تمكين المرأه والقادم اعظم😌🤍  ,2,2,Favor,Favor,0.9083502681840829,0.3407734697661054,0.01140715568101522,0.08024257496719486,0.9083502681840829
2283,Women empowerment,المرأة السعودية حققت نجاحات مبهرة في عدة مناصب سابقًا تم السماح للعنصر النسائي بمزاولتها. أنا متأكد تماما لن يكون القضاء عائق أمامها، والقادم أعظم طالما نحن في عصر تمكين المرأة.    #المراه_السعوديه_قاضيه ,2,2,Favor,Favor,0.884312676991207,0.42779129367656715,0.03342315334383013,0.08226416415983748,0.884312676991207
2284,Women empowerment, المرأة تحتاج الى تمكين المجتمع.,2,2,Favor,Favor,0.790103234406363,0.6389730052605495,0.059512905014871734,0.150383899821659,0.790103234406363
2295,Women empowerment,"لاحظ  -مستقبل المجتمعات يرتبط بالمشاركة ""المتساوية"" والفاعلة للنساء والرجال، إذًا المساواة بين المرأة والرجل أولوية في الرؤية المستقبلية للدولة  -تمكين المرأة أولوية أساسية في رؤية التنمية الإماراتية، يدل على أنه لازال هناك المزيد من التمكين للوصول لمرحلة الكمال والاكتمال ",2,2,Favor,Favor,0.9211393259315377,0.294817625817741,0.005078400678620431,0.07378228859130224,0.9211393259315377
2303,Women empowerment,المرأة إنسان كامل الأهلية  يجب أن يحترم رأيها ،واستقلاليتها ونرى تمكين حقيقي على أرض الواقع بإلغاء بلاغات التغيب والعقوق  التي تمنعها من الحياة وتهدد مستقبلها  #اسقاط_بقايا_الولايه349,2,2,Favor,Favor,0.8332305726203635,0.5656975280553351,0.07617113767547774,0.09059831534126289,0.8332305726203635
2308,Women empowerment,     الحمدلله ان الامارات وفي المنطقة العربية تتصدر ملف تمكين المرأة، مسيرة ناجحة في ملف عمل المرأة حقوقها وتبقى هناك بعض التحديات ولكن بالامكان القول ان الامارات في التوجه الصحيح,2,2,Favor,Favor,0.9161899450722563,0.31687785512494215,0.009151648758194932,0.07465845180139043,0.9161899450722563
2313,Women empowerment,أرقام مبهجة عن تمكين المرأة ... والقادم أجمل #السعودية ,2,2,Favor,Favor,0.9077966199723142,0.32851785234612824,0.00552657061306496,0.08667678419383504,0.9077966199723142
2314,Women empowerment,تمكين المرأة #السعودية ليس مجرد أقوال، إنه فعل يتكرس بشكل يومي ضمن رؤية المملكة 2030. أبارك للسيدة  إسراء عسيري تكليفها رئيسا تنفيذيا للهيئة العامة للإعلام المرئي والمسموع. خالص الدعاء بالتوفيق في هذه المهمة   ,2,2,Favor,Favor,0.9288279975936571,0.27089903441244084,0.0035961473801107945,0.0675757972123294,0.9288279975936571
2315,Women empowerment,قلت لابنتي رغد : إن برنامج التحول الوطني ورؤية المملكة 2030 كان من الأهداف الأساسية لها تمكين المرأة. شكرا للقيادة التي جعلت احتفال النساء في بلادي بمناسبة #اليوم_العالمي_للمرأة يزهو بالمنجزات والتمكين والشراكة الحقيقية في بناء وطن الشموخ #السعودية,2,2,Favor,Favor,0.9467337391713885,0.217839022612066,0.0024104195686367627,0.05085585690410874,0.9467337391713885
2317,Women empowerment,*الدكتورة موزة غباش في حديث جريء عن تمكين المراة : المرأة تمكنت حتى تمرد...  عبر  وأنا أقول تمكنت فتمردت ففقدت قيمها الدينية والمجتمعية,0,0,Against,Against,0.7495082862888636,0.7009007998089022,0.7495082862888636,0.19038654509958874,0.060105139168290606
2329,Women empowerment,MENTION MENTION MENTION تمكين ايش!؟ المرأه مكانها بالبيت الا للضروره كمعلمه كدكتوره او  ليس لها عال يعيلها ام ان اضع المرأه بالسلك العسكري هذا كثير ومبالغ فيه.,0,0,Against,Against,0.8823781091570707,0.44186285977011525,0.8823781091570707,0.04847417639342257,0.06914772927094033
2331,Women empowerment,ليست نصف المجتمع ... بل كل المجتمع #يوم_المرأة_العالمي #يوم_المرأة  #تمكين_المرأة ,2,2,Favor,Favor,0.7746840719747361,0.6160970863288913,0.026972095455786382,0.19834380583845812,0.7746840719747361
2333,Women empowerment,"""إن المرأة هي مصدر التطور لأي مجتمع فمن غير نساء ممكنات يصعب اصلاح المجتمعات ، وقد أثبتت عبر التاريخ دورها البارز والفعال في قيادة التغيير وصنع القرار""  #خادم_الحرمين_الشريفين 🇸🇦 #تمكين_المرأة #اليوم_العالمي_للمرأة ",2,2,Favor,Favor,0.9121003362475565,0.3303805739224093,0.010788776859411922,0.07711088281493403,0.9121003362475565
2335,Women empowerment,إلى أى مدى وصل تمكين المرأة .. الإسلام الجديد...المساواة المطلقة . غدا ستكون العصمة بيد المرأة إجبارية  سيكون بيدها تطليق الرجل / الذكر...!!! يارجال عليكم تعلم الطبخ ..!! ,0,0,Against,Against,0.8881113685561999,0.42558421098501487,0.8881113685561999,0.06753049322706718,0.04435816008865086
2340,Women empowerment,(٤) تمكين المرأة شعاراً أساس للرؤية ارتبط عملها ارتباطاً وثيقاً بما تحرص المملكة على توفيره لمواطنيها من فرص للتنمية  وزيادة رفاهبة المواطن وتأمبن سبل الحياة السعيدة لهم فنالت المرأة السعودية مكانتها في كافة المجالات العلمية والثقافية والعملية والاقتصادية ..,2,2,Favor,Favor,0.9285600584914171,0.2874194598495301,0.010643137532969122,0.060796808469169177,0.9285600584914171
2341,Women empowerment,  ما أرآه ولله الحمد من تمكين للمرأة يدل على أن الأنظمة التي تمكنها من إتخاذ قرارها بنفسها وأيضاً القوانين التي تحمي المرأة ستأتي تباعاً المسألة مسألة وقت الجميلة Rawan🙏🏽,2,2,Favor,Favor,0.9102831804264812,0.3372121697997717,0.012016024834814405,0.07770078070245892,0.9102831804264812
2345,Women empowerment,مشروع #تمكين_المرأة لانختلف على جدواه الإقتصادية والإجتماعية لكن أمنيتي ألا تركز مخرجاته على الكم دون الكيف.  ,2,2,Favor,Favor,0.8290020730522867,0.5368884565036071,0.030006762108568234,0.1409911238722043,0.8290020730522867
2347,Women empowerment, (١)نحو الحرية ليس لك من أسمك نصيب  المشاريع موجوده وكل ما عليك البحث في قوقل عنها  اما الطموحات الخيالية فاصبحت حقيقية كان طموحنا القيادة فتم تحقيقها كان طموحنا مثل باقي الدول والان عندنا كل شي كان طموحنا وطموحكم تمكين المرأة السعودية والان الم,2,2,Favor,Favor,0.8541342677180195,0.5165687028995285,0.07217142613180702,0.07369430092067705,0.8541342677180195
2350,Women empowerment, موضوع النقاش فيه محسوم  أنتم لا زلتم تزيفون الحقائق وتنشرون الأكاذيب الا المرأة في السعودية تعيش اعظم سنواتها منذ ان اصبح محمد بن سلمان ولي للعهد  أتاح لها كامل حقوقها وأزال عنها كافة العقبات ومكنها خير تمكين,2,2,Favor,Favor,0.8670958788643437,0.483009263663317,0.05837950947501337,0.07452458163693841,0.8670958788643437
2351,Women empowerment,#تمكين_المرأة والشمول المالي هما حجر الزاوية لبناء اقتصاد مستدام. ,2,2,Favor,Favor,0.9191511249144195,0.2976999499440972,0.004321743092482433,0.0765271564959337,0.9191511249144195
2356,Women empowerment,نحن نؤمن بأن تمكين المرأة أمر أساسي للوصول إلى مجتمع آمن  ومزدهر !   كيف يمكننا تعزيز #المساواة بين الجنسين في الأردن؟ شاركنا أفكارك! #IWD2021 ,2,2,Favor,Favor,0.7008581068126774,0.653762689117412,0.009944443125872724,0.2891974284298164,0.7008581068126774
2361,Women empowerment, حيل فخورة بكل الاشياء اللي وصلت لها المرأة السعودية و الأكيد ان رؤية المملكة و هدفها تمكين المرأة بدينا نشوفه يتحقق على ارض الواقع 💞💞👏,2,2,Favor,Favor,0.9343819756290406,0.26602393964012594,0.0077708203488195925,0.057847205767126784,0.9343819756290406
2362,Women empowerment,  نحن في عصر تمكين المرأة في زمن سيدنا محمد بن سلمان الله يحفظه ❤️❤️❤️❤️,2,2,Favor,Favor,0.9095905884394315,0.3257687679383966,0.006080740017305148,0.08432864753670391,0.9095905884394315
2365,Women empowerment,٢-انت في زمن تمكين المرأة ، القانون و القضاء ضدك عزيزي الرجل . . وهذا شىء مغري لأتقى حرمة ممكن تتخيلها ، انت في ٢٠٢٠ كل حرمة تبي جيبك و عيالك و بتتخلص منك ,0,0,Against,Against,0.488008175463394,1.0026060701603854,0.488008175463394,0.3618809483388085,0.15011090688195186
2366,Women empowerment,الكل يعلم أن حديث الحقبة الحالية هي #المرأة، حقوق المرأة.. تمكين المرأة.. الخ.. ولكن على المرأة الحكيمة أن تعي بأن ربها الله أمرها بالحجاب والعفّة وترك وظائف الاختلاط لأجل مرضاته ولا مقارنة عند وجود ذلك أن أطيع مخلوق أو أحقق هواي الشخصي .. فسأجد أضعافه في جنة الخلد بإذن الله,0,0,Against,Against,0.5251004024095697,0.9146066381881482,0.5251004024095697,0.08472980078808512,0.3901697858000223
2381,Women empowerment,في زمن #تمكين_المرأة في السعودية... صارت المرأة أهون شيء بعد أن كانت أكرم شيء على البلد  شخص عديم الرجولة ينهب امرأة كبيرة في السن ويعتدي عليها حتى تسقط أرضا.. #اترك_جوالك URL,0,0,Against,Against,0.8987812214219144,0.3954958122728883,0.8987812214219144,0.061623634175510665,0.03959512984354332
2383,Women empowerment, اعتقد تمكين المرأة سيورث شباب عاطل عن العمل وهنا مشكلة كبيرة وكارثه,0,0,Against,Against,0.8994893029315723,0.39587019036609694,0.8994893029315723,0.04992252664582674,0.05058819334146666
2385,Women empowerment,تمكين المرأه من العمل يعني شباب عاطل واذا الشباب عاطل  يعني عنوسه واذا حصلت العنوسه حصل مالا يحمد عقباه كما يحصل الآن في الجزائر وتونس والمغرب. والله المستعان,0,0,Against,Against,0.8962511746868744,0.39669423463417797,0.8962511746868744,0.07253544123489812,0.03121339043630991
2390,Women empowerment, كان المجتمع منضبط بدون قوانين سيداوية. و اتفاقية تمكين المرأة,0,0,Against,Against,0.7745964009567025,0.6810825100844036,0.7745964009567025,0.1440189786295728,0.08138463337287391
2396,Women empowerment, عصر تمكين المرأه السعودية 👍🏻 الحمد لله,2,2,Favor,Favor,0.9172828233222978,0.31350180980046166,0.008853427097441757,0.07386373349759401,0.9172828233222978
2399,Women empowerment, والقادم أفضل بإذن الله #تمكين_المرأة_الإقتصادي  #دولة_الكويت 🇰🇼,2,2,Favor,Favor,0.9142058313550276,0.3143078753729969,0.005947585278601692,0.07984655668053882,0.9142058313550276
2400,Women empowerment,MENTION جهود مشكورة أستاذة غرام نحو المزيد من الإصلاحات التشريعية في #تمكين_المرأة_الإقتصادي  بإذن الله #الكويت,2,2,Favor,Favor,0.9373850490067548,0.25381512657855654,0.005972374866047921,0.05664258450817161,0.9373850490067548
2415,Women empowerment,#WomensDay  #يوم_المراه_العالمي  #يوم_المرأة كل تحية وإجلال للمراة حول العالم ولكل مناضلة في سبيل تمكين المرأة وتحقيق المساواة الجندرية سواء بالفعل او القول او حتى بإيمانها بهذه المبادئ دون تعبيرها عنها لظروف مفروضة عليها واتمنى زيادة وازدهار الوعي النسوي #المحامية_دانة_الرشيد,2,2,Favor,Favor,0.916295930280207,0.3208745224883979,0.011311829917955131,0.0723922389607873,0.916295930280207
2418,Women empowerment,عمر صغير.. وعقل كبير!👩‍🔬 مبدعات ومبتكرات سعوديات فتحوا أبواب مستقبلهم! واجبنا تجاههم نشجعهم ونمكنهم💙 #تمكين_المرأة ,2,2,Favor,Favor,0.9186414099159192,0.3031968589854789,0.00588430519338804,0.07547431032655512,0.9186414099159192
2422,Women empowerment, كل دعايات التمكين والادعاءات الكاذبه بشأن تمكين المرأه ماهو الا منظر قدام الدول والحقيقه اننا لحد الأن نعيش بقمع وقهر الله يلعنهم,0,0,Against,Against,0.9206876092980828,0.33067002830414527,0.9206876092980828,0.03224838354836483,0.047064029254276496
2423,Women empowerment, زمن تمكين المرأه كذبه عشان تلميع الصوره قدام الدول وبس,0,0,Against,Against,0.8346466218210189,0.5600202973195654,0.8346466218210189,0.06688413452521716,0.09846923171933158
2426,Women empowerment,حسبي الله ونعم الوكيل   وكفى  #موتمر_تمكين_المراه_2022,0,0,Against,Against,0.8573362842240764,0.5073455395085259,0.8573362842240764,0.08098764574051504,0.06167610740857511
2429,Women empowerment, مهما حاولتوا من تطبيع الاختلاط واستبدال تغيير طبيعة المرأة وتعطيل الرجل المسؤول عن إقامة الأسرة والنفقة عليها... سيظل ما يجري تدمير للمجتمع وجره إلي التفكك والضياع ولن يغير هـذه الحقيقة كل الشعارات والأوصاف الرنانة من تمكين ومساواة الخ من الخدا,0,0,Against,Against,0.8888928396794469,0.4228450251052249,0.8888928396794469,0.04271839880632163,0.06838873294572759
2431,Women empowerment,كل خطابات تمكين المرأة و حقوق المرأة و المساواة والعدالة الإجتماعية مجرد شعارات للتكسب من المعونات الخارجية ... لا أحد يهتم لمصلحة الإنسان في هذا البلد #مئوية_الأردن  #مئوية_الدولة_الأردنية ,0,0,Against,Against,0.8696495107391956,0.47696033544245414,0.8696495107391956,0.07055296919970194,0.059797554457985985
2435,Women empowerment, دليل واضح وصريح على أن تمكين المرأة أثر على الأبناء بطريقة مباشرة..,0,0,Against,Against,0.9180686927275494,0.3401592378715822,0.9180686927275494,0.039021302491401275,0.04290998783729348
2436,Women empowerment,تمكين المرأة السعودية يسير بقوة وثبات، ومشاهدة المرأة السعودية سفيرة ونائبة وزير ومجندة في القطاعات الأمنية والعسكرية، وفي خدمة الحرمين الشريفين وقاصيهما يدعوا للفخر💪🏻🇸🇦🤍🤍🤍🤍🤍🤍   #رؤية_2030_واقع_بتحقق     الهدف سيتحقق مئه بالمئه🇸🇦💪🏻  ,2,2,Favor,Favor,0.9292621333749693,0.28133317889208986,0.008405604112893839,0.06233225739888588,0.9292621333749693
2440,Women empowerment,"""عصر تمكين المرأة""👏🏼👏🏼.   #المراة_السعودية_قاضية ",2,2,Favor,Favor,0.8820814625663551,0.3947097953947539,0.009060324582294726,0.10885822639978827,0.8820814625663551
2441,Women empowerment,تمكين المرأه هو أفضل الأشياء الذي يمكن أن نقوم بها من أجل كوكبنا عندما يتم قمع المرأة يخسر المجتمع عندما تكسب المرأه نكسب جميعًا. -لويز هاي.,2,2,Favor,Favor,0.8292636167784946,0.5693249989579177,0.06273613632012831,0.10800023072227154,0.8292636167784946
2453,Women empowerment,ممتاز ذا تقدم كبير في مجال تمكين المرأة و ارقام البطالة و هي افضل من الرجل في الكثير من المهام الادارية و الميدانية ,2,2,Favor,Favor,0.9244380837436211,0.3047503097028837,0.014506660158786648,0.06105530358472055,0.9244380837436211
2455,Women empowerment,خطت المرأة السعودية خطوات شاسعة في التقدم وفي هذا العهد الميمون وعصر تمكين المرأة أثبتت المرأة نجاحها وأنها شريك مهم في تحقيق رؤية 2030 🤍 كُل الدعم والحُب والاحترام والفخر لنساء بلادي 💚🇸🇦   #المراه_في_السعوديه ,2,2,Favor,Favor,0.945181613334502,0.22159892529479341,0.002169828073576129,0.05264857184853295,0.945181613334502
2464,Women empowerment,اتابع تغطية سمو أمير #منطقة_القصيم خلال افتتاح مبنى الكلية التقنية للبنات في مدينة #بريدة  عبر سناب  زيارة رائعة تتسم بأهمية تمكين المرأة الأمير مستمع رائع ومحفز يمنح من امامه الاريحية للتحدث ختم جولته داعماً المنسوبات ب ِأنتن ( كحيلات الوطن ) ,2,2,Favor,Favor,0.9543271931598718,0.1956830499454775,0.0026484337808141173,0.043024406994829734,0.9543271931598718
2469,Women empowerment,   يا حبكم للدراما .... 🙄 الحمدلله من قبل و من بعد على تمكين المرأه  وهذا فخر لنا  كثير من القضايا الي تخص المرأه تخجل من ذكرها مع رجل قاضي!؟ المرأه اقرب للمرأه و افهم و احشم و استر   ما اكرمهن إلا كريم  عزّ يامال العزّ ,2,2,Favor,Favor,0.5685973378204904,0.894877941862039,0.08294651892300332,0.34845613381788265,0.5685973378204904
2470,Women empowerment, وما قصرت قيادة الإمارات في مجال تمكين المرأة 🇦🇪❤🖤💚🤍,2,2,Favor,Favor,0.9123333183396602,0.3176942785834938,0.0055134348858157005,0.0821532335374283,0.9123333183396602
2479,Women empowerment,هذا اللي اقوله من بداية تمكين المرأة ..  *سابقاً كان دور المرأة بمنزلها فقط ، والان هي تعمل وحصلت على جميع حقوقها و و إلى آخره.  اذاً يجب الانصاف والعدل بالادوار ، وليس نقصاً للرجل او عيباً ان ساعدته زوجته ، فالرسول قد عمل لدى امنا خديجة ,2,2,Favor,Favor,0.6068285647836966,0.8814158001342413,0.3033668509713117,0.08980456540916772,0.6068285647836966
2485,Women empowerment, الله يوفقها والى الامام ومنها للاعلى يارب ، تمكين المرأه مهم في المجتمع ولها دور كبير في نجاح المجتمع .,2,2,Favor,Favor,0.9562782518480819,0.19911184111825095,0.007173082024799071,0.0365486814052322,0.9562782518480819
2489,Women empowerment, حسبي الله على من مكنهم .. بأسم تمكين المراة...,0,0,Against,Against,0.8308087646525187,0.5718482827499909,0.8308087646525187,0.08612338554403044,0.08306781923228822
2497,Women empowerment,#المرآه_السعوديه_قاضيه  فخوره و مبسوطه اني عشت وشفت عصر تمكين المراءه 👍🏻,2,2,Favor,Favor,0.92275699919442,0.3010697512914975,0.009646740908580934,0.06759629825430241,0.92275699919442
2500,Women empowerment,عاجبني دخول المرأة في كل هالمجالات بكل سلاسة وهدوء  #نفخر_بك  #تمكين_المرأه #السعودية ,2,2,Favor,Favor,0.9528186850880529,0.20473825011751035,0.004391651887142447,0.042789635693786895,0.9528186850880529
2508,Women empowerment,فخورين بنساء الوطن،فخورين بوطن أعطى المرأة كامل حقوقها🇸🇦 كلنا فخر بتقدم تمكين المرأة يوم بعد يوم🇸🇦المرأة السعودية على مر العصور كانت شريكة ومساندة للرجل  في تفاصيل الحياة لكننا نراها اليوم تبرز أكثر ليرى العالم مكانتها #يوم_المراه_العالمي ,2,2,Favor,Favor,0.9358662188345637,0.25663341988907024,0.005362927025268661,0.05877081224691657,0.9358662188345637
2509,Women empowerment,كل عام ونساء العالم ومنهم العاملة  القائدة  والأم المربية بخير وتقدم وعطاء💕 أشكر وطني وقيادته الحكيمة على ما يُقدم لي من تمكين ومساواة وحرية..  وأشكر هيئتنا  الغالية على هذه اللفتة الجميلة والمميزة والتي تظهر حرصهم على ابراز دور المرأة وتمكينها💕 #يوم_المرأة_العالمي ,2,2,Favor,Favor,0.9582771215744643,0.18298455633207505,0.002551996969086146,0.03917092928034644,0.9582771215744643
2513,Women empowerment, تمكين المراة امر جيد بي مراعاة الدين الاسلامي الذي يحفظ حقوقها هم نصف المجتمع وشركاء النجاح,2,2,Favor,Favor,0.9431801011298524,0.23596864606250562,0.005399451692643294,0.05142044905999925,0.9431801011298524
2519,Women empowerment, احذف كلامك  وتغريدتك معيبة تمكين المرأة ضرورة مجتمعية في ظل فقدان واستشهاد ملايين الرجال  من شعبنا,2,2,Favor,Favor,0.8758695709617473,0.4553931495400567,0.04336626990266801,0.08076414650765215,0.8758695709617473
2520,Women empowerment, تمكين المرأة  يقصد به إذلال المرأة,0,0,Against,Against,0.8162892756310279,0.5771324864243528,0.8162892756310279,0.14054646891585176,0.04316424157817076
2521,Women empowerment, يستاهلون فالمرأة اثبتت قدرتها على الانجاز والابداع بمهنية وحرفية والتزام عالي   ونحن مع #تمكين_المرأة المميزة  وبانتظار حساب نجوم الإعلام العربي ليتعرف الجميع على الابداعات العربية من الجنسين  شكراً لكم  #ماجد_الصويغ,2,2,Favor,Favor,0.9463787473471169,0.2239635377892764,0.004278553595918426,0.04934270061128048,0.9463787473471169
2522,Women empowerment,مبسوطه وفخورة بسبب تمكين المرأه اللي صرنا نشوف نتائجة في السنوات الأخيرة وطمس الصحونج في المجتمع ,2,2,Favor,Favor,0.933188680050073,0.2743805206844926,0.010506370731637375,0.056304979722344925,0.933188680050073
2528,Women empowerment,فخرنا الحقيقي هو دعم وفكر وطننا الغالي في تمكين المرأة 💚   الف مبروك دكتور فعلا إنجاز وطني عالمي .. تخطينا فيه دول كثيرة  .. 🙏🏻 ,2,2,Favor,Favor,0.944400159272802,0.22565403831264572,0.002756924854684994,0.052842935189782156,0.944400159272802
2544,Women empowerment,كل الشكر علي جهود وطننا الغالي الامارات 🇦🇪الذي يقف بكل قوة من أجل دعم و تمكين المرأة ❤️للعمل في مختلف المجالات بجانب الرجال من أجل بناء دولة قوية💪 تقوم علي المساواة و هو ما جعل الامارات الأولى عربيا في مؤشر المساواة بين الجنسين 👆,2,2,Favor,Favor,0.9313670287327404,0.2643832200201065,0.003661940438258049,0.06497102381821744,0.9313670287327404
2545,Women empowerment,حفظ الله جهودكم في دعم و تمكين المرأة الاماراتية من اجل مواصلة العمل و الابداع في جميع قطاعات الدولة ,2,2,Favor,Favor,0.9389547011036674,0.2454509236181606,0.004324899216616123,0.05672035890136835,0.9389547011036674
2546,Women empowerment,حقيقي شكراً قيادتنا الحكيمة في #الامارات علي جميع الجهود المبذولة من اجل دعم و تمكين المرأة ❤️ ,2,2,Favor,Favor,0.9462481979363119,0.22291732295700156,0.0037111131803286585,0.05004068378883162,0.9462481979363119
2548,Women empowerment,ترفض ان تعمل في بيت والدها او زوجها وتخدمه وهي بسترها وتعمل لتخدم الناس وهي متبرجه وتتكسر امام الرجال . #تمكين_المرأة URL,0,0,Against,Against,0.7672706324149714,0.6732401639300902,0.7672706324149714,0.1747151386803304,0.058014219840348207
2551,Women empowerment,تمكين المرأة في مجالات جديدة متعة ومسؤولية نسأل الله التوفيق فيها💚💪🏽 ,2,2,Favor,Favor,0.9195502232706672,0.30011240738572137,0.005570024786023615,0.07487977629627236,0.9195502232706672
2557,Women empowerment,خطوات واثبه في ملف تمكين المرأة وانجازا جديدا علي مستوي التوافق لمعايير حقوق الإنسان،  وجه السيد الرئيس / عبدالفتاح السيسي رئيس الجمهورية،  وزير العدل تفعيل تعيين المرأة في النيابة العامة ومجلس الدولة بداية من العام 2021-2022.,2,2,Favor,Favor,0.8824749035269578,0.3764476703549019,0.0031430029977635317,0.1143821190838595,0.8824749035269578
2585,Women empowerment,نبارك للدكتورة فهدة السديري هذا التعيين ماشاءالله وخطوة رائعة من أجل المزيد من تمكين المرأة السعودية ,2,2,Favor,Favor,0.9438619540307769,0.23469969924582318,0.005725372387175317,0.05041267831552812,0.9438619540307769
2593,Women empowerment,"إيمانًا بدورها الفاعل في رحلة التحول الرقمي، وتحفيزًا لاستمرار تمكينها؛ تأتي ""جائزة تمكين المرأة في قطاع الاتصالات وتقنية المعلومات"" لتحقيق أهداف التنمية المستدامة كإحدى مبادرات التنوع والشمولية  #قائدات_التقنية ",2,2,Favor,Favor,0.9124936148317377,0.3172413327992473,0.0054886621693226055,0.08201774821271088,0.9124936148317377
2601,Women empowerment,اشتراك النساء في مواقع متقدمة من صناعة القرار ليست هبه بل هيا ضرورة قصوى لإرساء دعائم ألأمن والسلام . #تمكين_المرأة  #اليمن. ⁦#UNWomen⁩  ⁦#OSESGY⁩ ⁦#GroupofNine⁩   ⁦#WoVoicesofPeace⁩ ⁦#LEAPYemen⁩  ⁦#JapanGov⁩ ,2,2,Favor,Favor,0.8805705121252358,0.4055079260021983,0.01235460733442199,0.107074870876249,0.8805705121252358
2603,Women empowerment,الوطن يفخر بكن 🇸🇦   #يوم_المراه_العالمي  #تمكين_المرأة  #المرأة_السعودية #المرأة_نصف_المجتمع    ,2,2,Favor,Favor,0.9376794411891937,0.2495302610997838,0.004525227905633433,0.057795351044512,0.9376794411891937
2607,Women empowerment, تمكين المرأة على حساب الرجل,0,0,Against,Against,0.8540579260105766,0.5106577771434617,0.8540579260105766,0.0939319375869126,0.05201012031863302
2614,Women empowerment, الناس الي يصيحون تقدرون ترجعون كهوفكم وتعيشون فيها هناك  اذا ماتبون تمكين المراة بمختلف المجالات انقلعوا دوروا لكم مكان ثاني تعيشون فيه,2,2,Favor,Favor,0.8031337021082974,0.6202885741998152,0.06414758460024922,0.1327187179498916,0.8031337021082974
2615,Women empowerment,    كيف مع التمكين وضد عملها كقاضية؟؟؟ ترا تناقض نفسك كذا  عموما محد مهتم لنظرتك كلنا فخورين وندعم تمكين المرأة الي قاعد يصير بكل المجالات,2,2,Favor,Favor,0.8503313636508185,0.525842151064623,0.07323637662496366,0.07643226486987342,0.8503313636508185
2616,Women empowerment,"( رؤية الإبصار، العزيمة ، الأحلام ) الرؤية تمثل تحقيق سنوات انتظار كانت مثل الحلم! تمكين المرأة في مجالات لا تعد ولا تُحصى، الازدهار في التنمية، تغيير مفهوم الترفية تغيراً جذري. الرؤية هي طريقنا للمستقبل المشرق 🤍 ""طموحُنا عنانَ السماءِ""  #رؤية_2030_واقع_يتحقق",2,2,Favor,Favor,0.8973598697806686,0.36901421836329884,0.01257305741807015,0.09006703661316594,0.8973598697806686
2619,Women empowerment, هم لا يخافون بل يرتعبون. فكره تمكين المرأه وفي المجتمع تقضى على الشكل الهرمي الذى يعتمد عليه الطواغيت كوسيله من وسائل السيطره على المجتمع.,2,2,Favor,Favor,0.6425183060366729,0.8509232510155382,0.269960104173274,0.08752160674408059,0.6425183060366729
2622,Women empowerment,‘’ نعيش الفترة الذهبية للمرأة السعودية بفضل قيادة طموحة ‘’  #مشاعل_العيدان #اول_سعودية   #مهندسة #تصميم_داخلي  #عالم_مشاعل   #امير_منطقة_القصيم #الامير_فيصل_بن_مشعل  #تمكين_المرأة  #رؤية_المملكة_2030  #همة_حتى_القمه  #جامعه_القصيم      ,2,2,Favor,Favor,0.9206181058875067,0.2921150984879523,0.003667442514186045,0.07571445484905012,0.9206181058875067
2623,Women empowerment, تمكين المراه في السعوديه حقق قفزات كبيرة ودخلت اليوم في جميع المجالات والمناصب القيادية والارقام الان تشوف شرطيات وضابطات وتشوفهم مدراء تنفيذيين في المشاريع الجديدة والارقام تثبت ذلك ولايمكنك تشويهها بصورة لانعلم حالها هل هي سعوديه او لا ..الخ و,2,2,Favor,Favor,0.9339436345664569,0.2754979358346373,0.012594538458954838,0.05346180134945414,0.9339436345664569
2624,Women empowerment,#تمكين المرأة الكويتية.... الوتيرة تسيير ببطئ...ولكن المهم أنها مسكت الجاده ,2,2,Favor,Favor,0.8959300962091543,0.37811946656335155,0.01572234519720414,0.08834761517131053,0.8959300962091543
2637,Women empowerment, سبحان الله العظيم الإسلام مانهى عن أمر الا وفيه شر للإنسان الوظائف المختلطة شر ووبال وفساد للمجتمع.! قال تمكين المرأة قال.!!,0,0,Against,Against,0.8893983255402755,0.4244036653675469,0.8893983255402755,0.05661022864964705,0.053991443833740854
2638,Women empowerment,MENTION والله إنه الخبث الذي يحاك للأسرة المسلمة لتفككها وإفسادها والتركيز على المرأة في جميع الاتجاهات تمكين.! تمكين.! تمكين.! وليتها تعلم أنها هي الضحية.!,0,0,Against,Against,0.9099744504450686,0.36484356071833635,0.9099744504450686,0.04764790455538314,0.042377657467001034
2642,Women empowerment,اليوم المرة الثالثة اللي انرفض من وظيفة واكتشف انهم وظفوا بنت   هذه ماصارت تمكين المرأة .. هذه صارت تركيب المرأة ! على ظهر الرجل   لا حول ولا قوة الا بالله والله طفشت,0,0,Against,Against,0.9608909544683475,0.1922054565680431,0.9608909544683475,0.019240613563585585,0.019868409756010418
2643,Women empowerment,أشارك بصوتي في دعم أهمية تمكين المرأة السعودية وعلى ضرورة تكافؤ الفرص بين الرجل والمرأة بطريقة تتناسب مع مبادئنا وقيمنا الاجتماعية والأخلاقية .  #اعتمدي_علي  ,2,2,Favor,Favor,0.8170842364418549,0.5267287419304318,0.014613332431554122,0.16830242946980378,0.8170842364418549
2646,Women empowerment, هذا تمكين المرأة الي أزعجونا فيه وبالأخير مضيفة طيران قمة في المسخرة,0,0,Against,Against,0.8746923870273101,0.46306638399021527,0.8746923870273101,0.07116048277622752,0.05414712940704137
2648,Women empowerment,الحمدلله الذي بفضله تمم الصالحات...أمس يوم الأحد تم عقد ملتقى تمكين عمل المرأة في قطاع خدمات الحج ...الذي ركز على انجازات المرأة في قطاع خدمات الحج وتمكينها وتفعيل دورها... كما اسعدني وشرفني تواجد المطوفات الغاليات ومشاركتهم في هذا الملتقى 💕🌸 ,2,2,Favor,Favor,0.9630373061799994,0.16601140979187262,0.0020226609364675753,0.034940042123181116,0.9630373061799994
2649,Women empowerment, تمكين المراة امر مهم للغاية فهي نصف المجتمع كما ذكر الدكتور محمد و هي المكملة للرجال في جميع امور حياته,2,2,Favor,Favor,0.9312939583423729,0.2755689470717052,0.008284962880667213,0.06042106690386241,0.9312939583423729
2652,Women empowerment, تمكين المرأة كذبة,0,0,Against,Against,0.8656379624363195,0.48502452115367867,0.8656379624363195,0.08061263326043971,0.05374941092050108
2655,Women empowerment,تظهر مؤشرات التقارير العالمية ريادة المملكة في تمكين المرأة، وتعزيز دورها الحيوي في مسيرة التنمية. وفي هذا اليوم نحتفي ونفخر بإنجازات المرأة السعودية، التي تسابق بها الزمن. #يوم_المرأة_العالمي ,2,2,Favor,Favor,0.9173059235943577,0.3018753345286934,0.004188787000681875,0.07850528626753,0.9173059235943577
2668,Women empowerment,  تمكين المرأة وفي نفس الوقت ملزوم ابوها بالقانون يصرف عليها لين تموت تمكين المرأة وزوجها بالقانون ملزوم يعطيها مهر ونفقة هذا يسمى فرعنة المرأة مو تمكين وهذا اعتداء على الرجل وحقوقه,0,0,Against,Against,0.8643613226755271,0.4822326743358951,0.8643613226755271,0.09191614043730278,0.04372258024899843
2671,Women empowerment,  كثرة الطلاق وتمرد البنات كله بسبب (تمكين) المرأة والله يستر من اللي جاي,0,0,Against,Against,0.8524089535751406,0.500789493335083,0.8524089535751406,0.1113361778993307,0.03625486503263037
2672,Women empowerment,انجاز و نقلة اخرى تحتسب للمرأة العمانية وتطبيق فوري للتوجيهات السامية في تمكين المرأة. نبارك  وندعو لها بالتوفيق. هيفاء معروفة بكفاءتها وانجازاتها العملية في السلطنة وخارجها .  👍 ,2,2,Favor,Favor,0.9249868414304678,0.28744794666854834,0.006049896955369111,0.06896324733113285,0.9249868414304678
2673,Women empowerment, اهم شي تمكين المرأة وتوظيفها حتى لو الشباب يقعدون بالبيوت,2,2,Favor,Favor,0.9004867670945984,0.37414566214792755,0.02014701861675651,0.07936620041664127,0.9004867670945984
2675,Women empowerment, لان تمكين المرأة يعني خروجها من البيت واهمال الاسرة وتربية الابناء وهذا يؤدي الى ضياع الجيل .. كما يؤدي تمكينها الى الاختلاط الذي يؤدي الى فساد المجتمع ..,0,0,Against,Against,0.8901635077320488,0.42062067516781465,0.8901635077320488,0.06451440917120138,0.045322035613329544
2685,Women empowerment," هناك خلط شديد بين حقوق المرأة التي كفلها الإسلام لها وبين "" تمكين المرأة"" الذي يقوم على الأفكار الإنسانية القابلة للخطأ والصواب. للأسف تم استغلال فكرة  "" تمكين المرأة"" لإشغالها عن مهمتها الأساسية واستخدامها كأداة للترويج والحط من كرامتها ",0,0,Against,Against,0.8939580288638499,0.41020757252899087,0.8939580288638499,0.06178242280897673,0.044259579413212034
2686,Women empowerment,"هناك خلط كبير بين حقوق المرأة التي كفلها الإسلام لها وبين ""تمكين المرأة"" الذي يقوم على الأفكار التي تجردها من حقوقها الحقيقية.  للأسف تم استغلال فكرة  ""تمكين المرأة"" لإشغالها عن مهمتها الأساسية واستخدامها كأداة للترويج والحط من كرامتها بالزج بها في أعمال لاتتفق مع دينها وأنوثتها.",0,0,Against,Against,0.9141411005264941,0.35234785672406377,0.9141411005264941,0.04211077254921122,0.04374810918933228
2687,Women empowerment, تمكين المرأة ، واضعاف الرجل اهنيكم الصراحه على المصخره وقلة الحيا,0,0,Against,Against,0.7915799477397727,0.6412761099758174,0.7915799477397727,0.14332242982386081,0.06509760758029934
2689,Women empowerment,المرأة السعودية مساهم فعّال في مسار #مدن نحو تحقيق التنمية الصناعية المستدامة و#تمكين_الصناعة. مؤتمر #سيدات_الصناعة 2020 ,2,2,Favor,Favor,0.9231640425079479,0.2920427953677758,0.006004491256545194,0.07083147081779212,0.9231640425079479
2690,Women empowerment,نحن في مدن، نؤمن بأن تمكين المرأة من أهم أسباب نجاح المؤسسات، وبمناسبة يوم المرأة العالمي، نتمنى لجميع سيدات العالم دوام النجاح والتقدم.   #يوم_المرأة_العالمي ,2,2,Favor,Favor,0.9377258758112066,0.24218661192237417,0.0020479526464762293,0.060226179498033106,0.9377258758112066
2702,Women empowerment, مفرح هذا الإصدار .. تعزيز لـ #تمكين_المرأة كـ #قوة_ناعمة وتمثيل مشرّف لمكانة المملكة عبر #التواصل_الحضاري .. متشوق لقراءته 🥰 ومبارك لكِ أ. نوال هذا الإنتاج الأدبي العميق.,2,2,Favor,Favor,0.9321506788927372,0.2586346102800828,0.0024660058458587882,0.0653833070951098,0.9321506788927372
2706,Women empowerment, تمكين غير مسبوق ساهم في تعزيز تنميه مشاركة المرأة 👍🏼,2,2,Favor,Favor,0.9288967442413063,0.26852381384160784,0.0028753743521879936,0.06822782050636672,0.9288967442413063
2707,Women empowerment,هذا ليس تمكين بل احلال المراة مكان الشاب المكلف بالصرف على المرأة وهو المسؤول كذلك عن اعطاء المراة مهرها واسكانها واطعامها وسداد الفواتير هذا اجحاف بحق الرجل المكلف بكل مايخص المرأة ,0,0,Against,Against,0.8213820754651657,0.5903406532085941,0.8213820754651657,0.10496597072850444,0.07365192695886268
2708,Women empowerment,وبرغم اني عاطل الان الا اني لم اعد ارى بأس في تمكين المراة صح ان الشباب اولى بالعمل  عن العمل لكن المراة تساعد المحتاج من اهلها والغرباء اكثر من الذكور,2,2,Favor,Favor,0.8070862577581628,0.593502063836004,0.04358950677515611,0.14932426910138538,0.8070862577581628
2712,Women empowerment, ليس للسيدة أدنى سلطان في الأرض شرع الله الذي يحاول الغرب تدميره ليسود الفحشاء و البغاء العالم كله علناً و لن يحدث بامر الله مهما حاولوا بزعمهم الفاشل تمكين المرأة في المجتمعات الأسلامية,0,0,Against,Against,0.8597269534827388,0.4983760176659757,0.8597269534827388,0.08743872397510093,0.05283434023471463
2725,Women empowerment, تمكين المرأة=كمين للمجتمع    حرية المرأة=حرية الوصول إلى المرأة.....الأمر الذي يحيرني ماذا تغير في المجتمع الإسلامي عندما خرجت المرأة من بيتها وزاحمت الرجال في أعمالهم؟؟ النتيجة ضاع الجيل  وانعدمت التربية وخسرت الدولة فلوس كثيرة لأن المرأة ,0,0,Against,Against,0.8992889233135108,0.3964382796798168,0.8992889233135108,0.04958038563946398,0.05113071551224515
2742,Women empowerment,كما قلت سابقا هناك محاولات لإدراج المرأة في اماكن لاتليق بها من اجل زعم تمكين المرأة وهم في الحقيقة يهينونها لكي يسترضون الغرب ، لانحتاج نساء للدفاع عن البلد بل نحتاج رجال لإدارة البلد ,0,0,Against,Against,0.7952931438787821,0.6302417584271027,0.7952931438787821,0.059497556044817754,0.1452093095869745
2743,Women empowerment,(لانستطيع أن ننجح او تنمو السعوديه بدون المرأه) 💚🇸🇦🤝 تمكين المرأه من أولويات الرؤيه واصبحت على ارض الواقع حقيقه مبهره ومثمره ..   وهاهي المرأه اليوم جزء لايتجزأ من نمو هذا البلد 💚💚💪💪   💪#قول_وفعل  #رؤية_2030_واقع_يتحقق   ,2,2,Favor,Favor,0.9392230705696113,0.24920910539264507,0.00623878269851072,0.05453815838936986,0.9392230705696113
2745,Women empowerment,عصر تمكين المرأه في شتّى المجالات 🇸🇦👩🏻‍✈️. #محمد_بن_سلمان  حافرين آسمك وسط قلوبنا ❤️.   #التجنيد_الموحد_وزاره_الدفاع ,2,2,Favor,Favor,0.9236963850462345,0.2855522203628686,0.004075537215756704,0.0722280674084964,0.9236963850462345
2746,Women empowerment, اي انسان عاقل بيفهمها  تعطيه مهر الجديدة ..  وتفكه من شرها 🤷‍♀️ كل القوانين ضد المرأة  و يسمونها تمكين لها والصحيح  انها تجريدها من كل حمايه والتمكين منها 💔,0,0,Against,Against,0.9063022250833699,0.37541670051152787,0.9063022250833699,0.04182239932879827,0.05187539317219606
2750,Women empowerment,تمكين المرأة ليس ترفاً وانما ضرورة #يوم_المرأة,2,2,Favor,Favor,0.8871043500049018,0.3870224660658219,0.010308238677385355,0.10258739558609323,0.8871043500049018
2755,Women empowerment,  تم تمكين المرأة بشكل كبير وملحوظ في السنوات الخمس الأخيرة 👍🏻,2,2,Favor,Favor,0.9373430821415738,0.25245068301203366,0.005331184419877506,0.05732576416495392,0.9373430821415738
2759,Women empowerment,-نقص في اعداد نسبه البطاله  -القضاء على الفساد  -دحر الارهاب  -تطوير قطاعي الرياضة والسياحه  -تمكين المراة  ا-صلاحات اقتصاديه عظيمه  كل هذه الاعمال والقائمه تطور انجزها سمو #ولي_العهد حفظه الله بوقت وجيز وقياسي ليصعد بالمملكة الى القمة ,2,2,Favor,Favor,0.9209998567654132,0.3007097973830131,0.007322737754036618,0.07167740997783474,0.9209998567654132
2770,Women empowerment, للأسف تمكين المرأة تحوّل إلى غطرسة المرأة .,0,0,Against,Against,0.858551344525758,0.5043730913177099,0.858551344525758,0.06131283556919863,0.08013579847337711
2771,Women empowerment, تمكين المرأة ليس بالطريقة هذي ولا بشرع الله. اتقوا الله يابشرر.....!,0,0,Against,Against,0.9177684692485626,0.3367741608192448,0.9177684692485626,0.054460005399793704,0.027771506136861007
2784,Women empowerment, المرأه اهم عناصر المجتمع كانت مهمشه ومعطله. تمكين المرأه يعني نهوض حضارتنا. اللهم انفع بهم ووفقهم لما تريد.,2,2,Favor,Favor,0.9375247547515118,0.25974637429341424,0.009149875290043229,0.05332540205931942,0.9375247547515118
2785,Women empowerment,مبروك للاستاذة هيفاء ومبروك للوطن باستمرار مسيرة تمكين المرأة ,2,2,Favor,Favor,0.9329378126410448,0.2729616188748328,0.009296050917668415,0.057766156603805956,0.9329378126410448
2786,Women empowerment, عطو البنات الوظايف وضيعو الشباب بالشارع اهم شي نرضي الغرب وشعارنا تمكين المرأة,0,0,Against,Against,0.8166069902417528,0.6017892952502844,0.8166069902417528,0.07876864894413337,0.10462437066861983
2793,Women empowerment,  تمكين المرأة المزعوم هو من خطط الماسونية لتدمير قوامة الرجل و تشجيع المرأة للتمرد على الرجل حتى يتم افساد الزواج مما يؤدي الى تقليل سكان العالم ,0,0,Against,Against,0.8968464063900763,0.4012090734002097,0.8968464063900763,0.06230738033685851,0.040846196101376867
2795,Women empowerment, رؤية المملكة لها أهداف كثيرة من أهمها تمكين المرأة   و هذا الهدف تحقق على ارض الواقع و نشوف الان المرأة السعودية وصلت لأعلى المناصب,2,2,Favor,Favor,0.9245977261183501,0.2973827345921527,0.010258040465604462,0.06514425263852709,0.9245977261183501
2796,Women empowerment, احد اهم أهداف رؤية المملكة واللي هو تمكين المرأة نراه يتحقق على ارض الواقع و المرأة السعودية أصحبت تعمل في المناصب العليا في وطننا الغالي و جزء مهم في مواكبة و تحقيق رؤية المملكة ٢٠٣٠ 👏,2,2,Favor,Favor,0.9290034815597878,0.27328738688763554,0.004615941301942239,0.06638053537681095,0.9290034815597878
2809,Women empowerment,تمكين الشباب و تمكين المرأة في المنشأة بات أمرًا ضروريا لتحقيق أهداف تلك المنشأة و مواكبتها لتطلعات وطموحات قيادة هذا البلد الغالي حفظها الله، هناك مستهدفات وفقا لـ #رؤية_السعودية_2030 لن تستطيع أي منشأة العمل نحوها ألا بالتمكين،  وهما محوران أساسيان لتحقيق النمو المستدام.. ,2,2,Favor,Favor,0.9359580462294947,0.2577993224929834,0.005971713135089185,0.05807023220507887,0.9359580462294947
2811,Women empowerment,الحمد لله ثم الشكر لولاة أمرنا حفظهم الله الذين سعوا ومازالوا يسعون لإعطاء المرأة حقوقها الشخصية والعلمية والعملية من خلال برنامج #تمكين_المرأة وهذا أمر سر عقلاء الوطن من رجال ونساء وأصبح الأب يفخر ويفاخر بتولي إبنته المناصب القيادية كما يفرح لأبنه بذلك. #المراه_السعوديه_قاضيه,2,2,Favor,Favor,0.9658279551914788,0.15957345934488243,0.003196347697752334,0.030975681324505767,0.9658279551914788
2812,Women empowerment,سنمضي بفخر واعتزاز إلى مامضى إليه العالم المتحضر من قبلنا، والبكر من المبتكرات، طالما أنه في حدود الممكن دينيا، والحمدلله ثم لقادتنا الذين يسعون إلى المراتب العليا دينينا ودنيويا في حق #الوطن و #المواطن على حدٍ سواء. #السعودية  #تمكين_المرأة ,2,2,Favor,Favor,0.9408866139713792,0.2421729480127615,0.0052203477380442665,0.05389304327574256,0.9408866139713792
2813,Women empowerment,MENTION الخلل ان هذا الزمان كل ما يحاك فيه ضد الأسره والهدف منه هدم الاسره وتخبيب الزوجات تحت ما يسمى تحرير او تمكين المرأه .. الموضوع مدروس وليس عبثيا كما يضن العامه .. ( انظر للأفكار التي يتبناها الغرب بقيادة امريكا الملعونه وستعرف الى اين تسير البشرية ),0,0,Against,Against,0.860515540226471,0.49932354019871683,0.860515540226471,0.05992594183496849,0.07955852170412725
2814,Women empowerment,"إذا دققنا النظر في الهدف بعيد المدى من مصطلح ""تمكين المرأة"" نجده إبعادها تماما عن بيتها وواجباتها في الأسرة، وإدماجها كليا في العمل العام؛ مما يؤدي إلى خفض كبير في خصوبتها وعدد أطفالها...؛ مما يؤدي إلى تقليل عدد السكان في العالم، وهذا بيت القصيد للمؤسسات الدولية. أ.ست البنات خالد ",0,0,Against,Against,0.8588227196371139,0.5036138407324159,0.8588227196371139,0.08029051092447219,0.060886790233754734
2816,Women empowerment,افتخر كوني مواطنة في بلاد العز والفخر و العطاء 🇸🇦 وسعيده اليوم بتواجد المرأة السعودية في مختلف القطاعات وخاصتاً عصر التقنية والرقمنة   #يوم_المرأة_العالمي  #تمكين_المرأة ,2,2,Favor,Favor,0.9376046589913548,0.24703305477335874,0.003515040256604625,0.05888029711954415,0.9376046589913548
2820,Women empowerment,   تمكين المرأة غصبا عنك وباقي اخذنا القليل ننتظر الكثير فالايام القادمه باذن الله وانتو موتوا بغيضكم يا قوم المرأة ناقصه عقل ودين حفظ الله ولاة امرنا,2,2,Favor,Favor,0.9169421907341635,0.3425838276798384,0.03459746423283645,0.048460378384281216,0.9169421907341635
2831,Women empowerment,ابو تمكين المراة على المراة 👿👿👿😈,0,0,Against,Against,0.8391451818920067,0.5518333122165345,0.8391451818920067,0.07268022275253286,0.08817460088454168
2834,Women empowerment, هذة  العقلية المجوفة الفارغة والعين التي تبحث عن القبح في كل شيئ لم ترى الزوايا العظيمة التي صنعتها المرأة في الحياة ويكفي بأنها ربت وصنعت الرجال .. 🤔 وبعدين ككيف يعترض علي سياسات دولة في تمكين المرأة 🤔,2,2,Favor,Favor,0.8289943251414902,0.5742141349661113,0.09787050898072995,0.07313516753662312,0.8289943251414902
2838,Women empowerment,"نحن فعلا بحاجة الى تمكين نصف المجتمع "" المرأة"" من تقلد مناصب استشارية و قيادية و المساهمة في الدراسات والاقتراحات وطرح حلول جذرية للعديد من القضايا بما فيها #البدون و #ابناء_الكويتية وغيرها مما يخص التركيبة السكانية وحقوق الفرد .",2,2,Favor,Favor,0.9061136225417694,0.3328644017468119,0.0056756771520361906,0.08821073219927703,0.9061136225417694
2843,Women empowerment,  تمكين المراة السعودية اعلاء لعزة الوطن وقيمة المواطنة و غرس وتثبيت لحقوق المراة دون انتقاص من الهوية والثوابت,2,2,Favor,Favor,0.7773737545439611,0.6797259195758361,0.08828463615051615,0.13434162034216113,0.7773737545439611
2848,Women empowerment, تمثل النساء والفتيات نصف الشعب  السعودية  وبالتالي نصف إمكانياته ..  فقد ثبت أن تمكين المرأة يحفز الإنتاجية والنمو الاقتصادي ....,2,2,Favor,Favor,0.8940096274218035,0.3718288495581996,0.01029360726298499,0.09569674392627686,0.8940096274218035
2857,Women empowerment,#تمكين_المرأة  ويابلادي واصلي 🇸🇦 الله معاك ,2,2,Favor,Favor,0.8612024001975919,0.465102973619106,0.0230035943251686,0.11579400138883987,0.8612024001975919
2859,Women empowerment, يجب تمكين المرأة في مجتمعها كشريك في العملية السياسة  والاجتماعية بجانب أخيها الرجل,2,2,Favor,Favor,0.8643815109769855,0.47705245993556356,0.037665499283768694,0.09795299790372893,0.8643815109769855
2860,Women empowerment, تمكين المرأة هو مصطلح جديد موجهة للعالم الاسلامي، بعد فشل مصطلح المساواة  وكلاهما مجرد ستار شيطاني يخفي خلفه الهدف الحقيقي الا وهو افساد المرأة وتفتيت الاسرة وهدم المجتمعات ليعيث فيها الشيطان واعوانه  قال ابليس الرجيم: فَبِعِزَّتِكَ لَأُغْوِيَن,0,0,Against,Against,0.8861112957891097,0.4297504367374446,0.8861112957891097,0.07149640371828025,0.04239228604116347
2882,Women empowerment,هذا نهايه تمكين المرأه زرعت الحقد والكره بين الجنسين فعلينا ان نتحمل عواقب هذا الامر  #اعتدا_شاب_علي_فتاه_بالحفر,0,0,Against,Against,0.8555968586163676,0.5101953497258284,0.8555968586163676,0.08630824487701359,0.05809491334213065
2919,Women empowerment,ما تعرفون شكثر اكره تمكين المرأة 🙂,0,0,Against,Against,0.5890065378123666,0.8213840846734446,0.5890065378123666,0.3649427534866925,0.04605070699701491
2920,Women empowerment,اليوم اكتشفت اني اداوم في مكان هدفهم الرئيسي تمكين المرأة 🥲💔 و احس كيف اصارحهم اني عدوة التمكين اللدودة,0,0,Against,Against,0.8318588752172895,0.5612299243811294,0.8318588752172895,0.1101779180937674,0.05796317553874306
2922,Women empowerment, اغلب الي يعترضون على قرارات تمكين المرأة مثل هذي النوعية الله يمحيهم ونفتك,2,2,Favor,Favor,0.8424458065626004,0.5446513464832177,0.07535467079283996,0.08219952682382846,0.8424458065626004
2957,Women empowerment,المرأة تسند المرأة والرجل يسند رفيقة دربه وأمه وأخته وإبنته.. فإن أعددت أم .. أعددت شعباً طيب الأعراق.. تحياتي العظيمة لسيدات هذا البلد العظيم.. الذي مكّن المرأة وقدرها تقدير عالمي يشار به بالبنان.. وتحياتي لكل سيدة مخلصة دعمت نساء وطنها ومكنتهن أحسن تمكين🇸🇦 #يوم_المراه_العالمي ,2,2,Favor,Favor,0.9392686874742455,0.24974301701415047,0.006548943965617126,0.05418239487591348,0.9392686874742455
2959,Women empowerment,لا زالت المرأة العربية تعيش ظروفا صعبة تؤثر على عطائها للمساهمة في بناء #المجتمع، نؤكد ضرورة متابعة قضايا تمكين المراة، ونشدد على أهمية منحهن مجالا اكبر في النشاطين السياسي والاجتماعي وتسلم المناصب الحكومية.  ,2,2,Favor,Favor,0.8873341332526434,0.38655013092032575,0.010318540499595255,0.10234731757002753,0.8873341332526434
2960,Women empowerment,هذي هي السعودية الحقيقية 🇸🇦 فخوره جداو بأني ابنة هذا الوطن العظيم ادام الله امنه وامانه 🤍 #ملتقى_تمكين_المرأه ,2,2,Favor,Favor,0.9290910487832238,0.2775268336505402,0.006420931682955312,0.06448802011022157,0.9290910487832238
2963,Women empowerment,بالتوفيق يا رب. تمكين المرأة ودعمها المستمر هو نجاح للمجتمع كله. ,2,2,Favor,Favor,0.9197609743255346,0.3023558828221239,0.006681440633563387,0.0735575939414826,0.9197609743255346
2970,Women empowerment,#اليوم_العالمي_للمرأة المرأة نصف المجتمع، ولاشك أن تمكين المرأة وفتح فرص العمل أمامها سيكون إضافة هامة للتنمية الاقتصادية في المملكة.,2,2,Favor,Favor,0.9235555862387821,0.2873762149781392,0.00459666161450925,0.07184775063421812,0.9235555862387821
2985,Women empowerment,  ساهم تمكين المرأة السعودية في استثمار طاقاتها وتعزيز مكانتها وأصبحت ذات شأن ولها دور مهم في التنمية ولقد شهدنا في وقتنا الحالي تحقيق عدد من الإنجازات للمرأة السعودية  ف المجالات الحقوقية والأكاديمية والأمنية تبرز ثقة القياد,2,2,Favor,Favor,0.9447967859853058,0.23388117420017757,0.0066575784215619155,0.04854562793710709,0.9447967859853058
3006,Women empowerment, فيه كثير شباب متفوقين بس للاسف تم توظيف نساء بدالهم بحجة تمكين المرأة وانا شاهدة على ذا الشيء,0,0,Against,Against,0.7438785833602417,0.7340853251055742,0.7438785833602417,0.08852823849441645,0.16759317652507075
3017,Women empowerment,"عائلة تمكين تكبر يوماً بعد يوم  بعد 3 سنوات ها نحن معاً وسوياً نمضي في تحقيق أحلامنا وأحلامكنّ   نكمل مسيرة العطاء مع التوفيق بين وظيفة المرأة المقدسة ""الأمومة"" وبين حاجة المجتمع إلى كفاءات نسائية عالية المستوى.  #شريكات_في_الانجاز_شريكات_في_القرار تمكين .. #حلمك_أصبح_أقرب ",2,2,Favor,Favor,0.9194920997608349,0.302522573598761,0.006469871302488011,0.07403803210000665,0.9194920997608349
3018,Women empowerment,عصر تمكين المرأه السعودية ♥️✨. ,2,2,Favor,Favor,0.8741731963285726,0.4090114706350826,0.00831914773050181,0.11750764730233398,0.8741731963285726
3019,Women empowerment,كنا نعاني من توظيف الاجانب والحين صارت المعاناه دبل مع تمكين المرأه  #الشهاده_الجامعيه,0,0,Against,Against,0.630059782623767,0.8784842227998271,0.630059782623767,0.10379861822287215,0.26614160532726727
3024,Women empowerment,خطوات رائعة في تمكين المرأة شكراً لوزارة الداخلية وكل القطاعات الحكومية والخاصة على تمكين المرأة من اغلب وظائفها. ,2,2,Favor,Favor,0.9607859287172539,0.17705900367128707,0.003424938033965879,0.03578914238326466,0.9607859287172539
3026,Women empowerment,شكراً وزارة الموارد البشرية قرارت متلاحقة تصب في مصلحة تمكين المرأة يوم بعد يوم اصبحت المرأة شريك حقيقي للرجل . ,2,2,Favor,Favor,0.9485337299491274,0.22210435452776306,0.006383689010074916,0.04508256388486688,0.9485337299491274
3033,Women empowerment,ثم يقول احدهم ماذا عن الحكام العرب؟ نعم ماذا عنهم  لماذا يستميت الحكام الطغاة في تمكين المرأة؟ لماذا اول وسيلة لتودد الطغاة العرب للغرب وخاصة امريكا يكمن في تشريع قوانين تخص المرأة مخالفة للدين والثقافة! تمكين المرأة لن يمكن الا السفلة من جسدها  ويدمر الأسرة مفهومًا وكيانا,0,0,Against,Against,0.8694899117020511,0.4775625074506602,0.8694899117020511,0.06933611370169832,0.061173969870262156
3037,Women empowerment,المسلسل اصلا فكرة قائمه على تمكين المرأه وهذا شيء يستحق التمجيد ,2,2,Favor,Favor,0.9117842418677655,0.3235594667905304,0.007295430870986262,0.08092036607251918,0.9117842418677655
3045,Women empowerment,هذا اليوم اختيار إلهي لتأريخ حدث عظيم في حياتي وانجاز كبير لي .  الحمدلله استطعت المساهمة في تمكين المرأة 😄 ,2,2,Favor,Favor,0.9212100119785145,0.2975577261835209,0.00621722211133182,0.07257276980214625,0.9212100119785145
3048,Women empowerment,      الفساد هو وظيفة المراه وقيادتها للسيارة وكثرة خروجها من المنزل  تمكين المراه والقوانين الحديثه هي الفساد بعينه  ومن يتزوج في هذا الزمن وفي ظل هذه القوانين ارتكب مخاطره كبيره وان مو ,0,0,Against,Against,0.9086896193818428,0.36846678599290983,0.9086896193818428,0.04147148913193976,0.04983891395100191
3063,Women empowerment,أنا #نسوي و مع حقوق و تمكين #المرأة ، عاشت #المرأة و يسقط النظام #الذكوري #العنصري المتحيز للذكر.,2,2,Favor,Favor,0.5631858155449463,0.9236167252675223,0.33390505633446765,0.10290917747390639,0.5631858155449463
3067,Women empowerment,ما يدعونه حقوق انسان هي  الالحاد  المثلية  تمكين المرأة يعني نزع الستر عنها ⁉️⁉️  كلها من اجل تفكيك الاسرة وتفكيك المجتمع وايجاد دولة ضعيفة سهل التحكم بها والسيطرة على مقدراتها,0,0,Against,Against,0.9153525156221058,0.34595731577243516,0.9153525156221058,0.052940445353645824,0.03170704958984401
3073,Women empowerment,#تمكين_المرأه #السعودية  عصر النهضة بالمرأة في كل الميادين ❤️ شكراً ولي العهد ,2,2,Favor,Favor,0.913737000147445,0.3177832163421617,0.006872521470847685,0.07939049465066793,0.913737000147445
3077,Women empowerment,قمة السطحيه في طرح موضوع تمكين المرأة.. يهمني موضوع تمكين المرأه لدرجة لايمكن وصفها.. واهو مايقتصر على ان حضرتج تندعمين غصب للوصول للمجلس..!! ,2,2,Favor,Favor,0.4587118351466541,0.9620089446753313,0.1092813695443913,0.4320067880720864,0.4587118351466541
3078,Women empowerment, هذا تمكين المرأه اللي ربي يفكنا منه!!,0,0,Against,Against,0.6731647656152742,0.7646835357501204,0.6731647656152742,0.2808507134073503,0.045984525651805636
3080,Women empowerment,حضور ممثلتي تجمع اصحاب الحضانات في مؤتمر ( تمكين المرأة والاسرة) . ,2,2,Favor,Favor,0.9068507983541232,0.3265826534049776,0.004101638663405219,0.08904756727477842,0.9068507983541232
3084,Women empowerment,ولازالت آثار تمكين المرأة وزجها في أتون الوظائف تجر الويلات للمرأة في بلاد المسلمين    #وقرن URL,0,0,Against,Against,0.9178976894790046,0.3407816268292435,0.9178976894790046,0.04130077628727122,0.04080153615338913
3085,Women empowerment,فيديو: الجلسة الثانية من مؤتمر تمكين المرأة: إعادة النظر في المادة 153 من قانون الجزاء  ,1,1,None,None,0.9163858176867582,0.3284539165326956,0.016087645144471186,0.9163858176867582,0.06752656719269694
3088,Women empowerment,أيدت حيات وبشدة نظام الكوتا لأنه بمنزلة التعويض عن التمييز ضد المرأة، كما أنه يساعد على تمكين المرأة بشكل أفضل وتأهيل الكوادر النسائية للعمل في المجالس المنتخبة،,2,2,Favor,Favor,0.9238498473741099,0.3089875646276625,0.016439126987031497,0.05971103820606536,0.9238498473741099
3089,Women empowerment,رئيس مجلس الأمة مرزوق الغانم يكرم المشاركين في مؤتمر تمكين المرأة والأسرة  ,2,2,Favor,Favor,0.8728046350795048,0.39508475439425966,0.002962154247127546,0.12423322178964245,0.8728046350795048
3090,Women empowerment,جمعيات نفع عام لحماية تمكين المرأة اقتصادياً ,2,2,Favor,Favor,0.8033433834303222,0.5451986782961082,0.01360646979968333,0.18305018588648575,0.8033433834303222
3091,Women empowerment,تمكين المرأة مرعبهم 👻,2,2,Favor,Favor,0.4085016786834482,1.0791377918674603,0.24980554765732915,0.3416927683943794,0.4085016786834482
3092,Women empowerment,الغانم: تمكين المرأة ليس ترفا.. بل ضرورة قصوى ,2,2,Favor,Favor,0.841158683795677,0.4878341594179024,0.01518833351939062,0.1436530054317914,0.841158683795677
3095,Women empowerment,سبب تقدم المرأة في الحياء العملية هي مسكنات الألم التي تستخدمها وقت الدورة  كذلك حفاضات الدورة كان لها دور في إنطلاقها في ميدان العمل  الأم تصلح في التربية أكثر من الرجل لكن في الأمور المهنية قدراتها محدودة لضعف الجسد  تمكين المرأة على حساب الرجل ظلم.  #نطالب_بتجريم_الفكر_النسوي,0,0,Against,Against,0.6004424610599963,0.8189716890510035,0.6004424610599963,0.04771243632898722,0.35184510658965246
3098,Women empowerment,وفخورة لأني من ضمن مؤسسين برامج جامعة تمكين المرأة اليوم 💜 ,2,2,Favor,Favor,0.9258619721101713,0.288250958726448,0.00738489082506009,0.06675312825816598,0.9258619721101713
3101,Women empowerment,يأتي احتفالنا في #المملكة_العربية_السعودية بهذا اليوم العالمي في الأعوام الأخيرة حافلاً بالإنجازات التي قللت إلى حد كبير بين الفروق بين الجنسين واستطاعت أن تحقق شوطاً كبيراً من التغيير المنشود في #تمكين_المرأة.,2,2,Favor,Favor,0.9170124545986469,0.3024766600430725,0.004148138060581322,0.07883939439587495,0.9170124545986469
3102,Women empowerment,واقعنا كنساء سعوديات حقق مراتب عالية في الكثير من المجالات، بل وحصلنا على الكثير من الحقوق مقارنة بنساء في دول أخرى سبقننا في حملات المناداة بالحقوق، وهذا لم يكن ليحدث لولا أن أصبحت رعاية و#تمكين_المرأة السعودية توجه دولة .. ,2,2,Favor,Favor,0.921197046846572,0.2961927407381237,0.005659717596587557,0.07314325245668724,0.921197046846572
3103,Women empowerment,وزارة الثقافة السعودية تحقق التوازن في المراكز القيادية بين الجنسين 🇸🇦👍🏻  #تمكين_المرأة  #السعودية  #المجتمع_الوظيفي ,2,2,Favor,Favor,0.9174192899125427,0.30079282072634966,0.003917641545425142,0.0786630457003267,0.9174192899125427
3106,Women empowerment,  الصندوق العقاري تمكين المراه   هيئة حقوق الانسان بالسعوديه تمكين المراه   سوق هيئة المال تمكين المراه   الوزارات المؤسسات والشركات خاص وعام   مكنو المراه   هل يعقل ان المراه كانت مستضعفه مهمشه معدومه بالسعوديه الفتره السابقه   اللهم,2,2,Favor,Favor,0.49294863064124883,0.9250431388066692,0.42032312074025424,0.08672826120154334,0.49294863064124883
3110,Women empowerment,المرأة السعودية..  قوة، قيادة، تمكين.  #اليوم_العالمي_للمرأة ,2,2,Favor,Favor,0.8791708680484209,0.39303489773779077,0.006203466641291842,0.11462564969171442,0.8791708680484209
3111,Women empowerment,أخبارنا في الصحف 🗞  ضمن أولى جلسات مبادرة هن د. عائشة المناعي:تمكين المراة يساهم في تنمية المجتمع، الراية 17مارس 2021   #اخبارنا_في_الصحف  #الملتقى_القطري_للمؤلفين ,2,2,Favor,Favor,0.8000371577536773,0.5136092413427683,0.002458755861999441,0.19750405075134989,0.8000371577536773
3112,Women empowerment,منتدى الدوحة يعقد ندوة افتراضية بالتعاون مع مركز ويلسون في الولايات المتحدة الأمريكية، ناقشت تمكين حقوق المرأة الأفغانية في ظل مفاوضات السلام الأفغانية الجارية. #قنا  ,2,2,Favor,Favor,0.8296652083626401,0.4800236236211095,0.005299691803012017,0.16503512934488546,0.8296652083626401
3113,Women empowerment,"إدارة حقوق الإنسان بوزارة الخارجية تنظم، بالتعاون مع سفارة المملكة المتحدة لدى قطر، ضمن الاحتفال باليوم العالمي للمرأة ندوة حول ""تمكين المرأة في المجال السياسي والدبلوماسي""، بهدف زيادة الوعي بالأدوار الهامة التي يمكن أن تقوم بها المرأة في المجالين السياسي والدبلوماسي. #قنا",2,2,Favor,Favor,0.8731012874258848,0.39477267313041553,0.0030337990045550705,0.12386495386219518,0.8731012874258848
3114,Women empowerment,د. بثينة الأنصاري خبيرة التخطيط الاستراتيجي تتحدث عن تمكين المرأة   #في_الضحى #تلفزيون_قطر ,2,2,Favor,Favor,0.7497686397630654,0.6016502344599013,0.009090893492682441,0.24114046646619242,0.7497686397630654
3115,Women empowerment,الوطن/ 21.5 % التوطين في القطاع الخاص والشرقية الأعلى مكة/ 5 ملايين معتمر ومصل منذ عودة العمرة صحيفة سبق/ أكثر من 10 آلاف شخص تلقوا لقاح #كورونا حتى الآن.. وقوائم التسجيل نصف مليون.  البلاد/مبادرات قوية لدعم دور المرأة السعودية تمكين سيدات الصناعة ,2,2,Favor,Favor,0.8767760716522008,0.39862473015710087,0.006456879623839172,0.11676707720466982,0.8767760716522008
3117,Women empowerment,جاءت #رؤية_2030  في انسجام تام مع خصائص المجتمع السعودي وثقافته الأصيلة ؛ لنجد تمكين المرأة من ممارسة دورها القيادي في تنمية المجتمع، يتصاعد في مختلف الميادين.🤝💜  #قطوف  #جمعة  #المرأة_في_2030 ,2,2,Favor,Favor,0.909630418725923,0.32450877259156596,0.005644041312328606,0.08472556817276675,0.909630418725923
3118,Women empowerment,اليوم ، تمكين المرأة وتوظيف قدراتها واجبًا وطنيًا، يدعم تجربة الدولة التنموية والنهضوية.💜  #قطوف #تمكين_المرأة ,2,2,Favor,Favor,0.9055414459036494,0.3309195877636234,0.00453223301545935,0.08992634027697965,0.9055414459036494
3121,Women empowerment,المرأة هي الأم والقائدة القادرة على تربية شباب وشابات المجتمع تربيةً طيبة💜   هي الأكثر تأثيراً فيهم وإسهاماً في نجاحاتهم؛ لذلك يُعدّ دور المرأة من أكثر الأدوار الإنسانية تأثيراً في المجتمع.🌺  #قطوف  #تمكين_المرأة ,2,2,Favor,Favor,0.9284566759401839,0.287216866981813,0.010367882623644922,0.06117545387596968,0.9284566759401839
3122,Women empowerment,تؤكد رؤية 2030 على ضرورة ضمان تمكين الفرص الاقتصادية للقوى العاملة النسائية 💜  وهذا بمثابة تشجيع رسميّ لكل امرأة  للنهضة بنفسها ومجتمعها.🌺  #قطوف #المرأة_في_2030 ,2,2,Favor,Favor,0.9202932075236329,0.29425808544409443,0.004115973297412754,0.07559081123860713,0.9202932075236329
3123,Women empowerment,مرحبًا بكم في مملكة تمكين المرأة! 💜 #جمعية_قطوف_للخدمات_الاجتماعية ,2,2,Favor,Favor,0.8873826713263671,0.36929315376036786,0.00401864108172049,0.1085986841752575,0.8873826713263671
3124,Women empowerment,إنّ تحليل الواقع يظهر حقيقة تمكين المرأة💜  للمساهمة الاستراتيجية في تحقيق أهداف التنمية المستدامة للمملكة.  #قطوف 🌺 #المرأة_في_2030 ,2,2,Favor,Favor,0.8850779430632076,0.38236041748904864,0.00674799109883011,0.10817405375309494,0.8850779430632076
3125,Women empowerment,تعزيز جاهزية دُولنا لاقتصاد مستقبلي مشرق يتطلب نهجاً شمولياً لتمكين المرأة في جميع المجالات فالمرأة مصدر التطور لأي مجتمع💕 #قطوف  #تمكين ,2,2,Favor,Favor,0.9036203824631682,0.3381319795488492,0.005495692386918382,0.09088392150160343,0.9036203824631682
3126,Women empowerment,نحنُ نســـاءُ المستقبل 💜 #قطوف #تمكين_المرأة ,2,2,Favor,Favor,0.8256972052103111,0.5040595897909241,0.011140715979686163,0.16316210096965747,0.8256972052103111
3128,Women empowerment,تمكين المرأة هو من أهم خطوات التنمية في المملكة🇸🇦  #تمكين_المرأة #قطوف URL,2,2,Favor,Favor,0.8957697916818779,0.3547047472760221,0.00512144580268374,0.09910874673203202,0.8957697916818779
3129,Women empowerment,تمكين المرأة  هو أخذ حقوقها المناسبة لها في حياتها الاجتماعية والمهنية والوطنية.  #تمكين_المرأة #المنصة_الوطنية URL,2,2,Favor,Favor,0.7969238855260776,0.616740656586305,0.048905252081263624,0.15417088100944276,0.7969238855260776
3130,Women empowerment,نفخر بإسهامنا في جهود تمكين المرأة السعودية وزيادة مشاركتها في التنمية عبر برامج ومبادرات متنوعة لخلق الوظائف وتعزيز المهارات المهنية والتهيئة للمراكز القيادية ورفع قدراتها في قطاع الأعمال والصناعة.  #اليوم_العالمي_للمرأة  مجموعة #مختار_المزين القابضة ,2,2,Favor,Favor,0.9073460710254813,0.3264283535132074,0.0044304083586927745,0.08822355853866277,0.9073460710254813
3134,Women empowerment,الثامن من مارس، يوم تمكين المرأة العالمي، وكل يوم في السنة هو للمرأة🌻🌻.. #يوم_المرأة_العالمي_2021  وبهالمناسبة، ودي أتكلم عن كل أنثى ممتنة لوجودها في مراحل حياتي والقائمة ستطول لكن نذكر البعض..,2,2,Favor,Favor,0.8773399868011165,0.3929982622780606,0.004971553381967139,0.11768848557470328,0.8773399868011165
3136,Women empowerment,تُحدّثنا مشاعل حسن النعيمي، رئيس تنمية المجتمع في مؤسسة قطر، عن تمكين المرأة وإسناد الأدوار القيادية لها، وأهمية الابتكار لتحقيق تكافؤ الفرص. #اليوم_الدولي_للمرأة #جيل_المساواة   ,2,2,Favor,Favor,0.8843586376493405,0.3763409580862312,0.0042438860456963864,0.11139748505009155,0.8843586376493405
3139,Women empowerment,وش اكثر من التمكين ؟ - يحق لكل سيدة كويتية الترشح والتصويت. بس ترا تمكين المرأة مو معناها تهميش الرجل أو إجبار الشعب يصوتون للحريم. - كش وجه. ,2,2,Favor,Favor,0.7761189887969824,0.6824723401326397,0.08960545939322313,0.1342755510427649,0.7761189887969824
3141,Women empowerment,مسلسل #حظر_تجول وأبطاله ناصر القصبي وفايز المالكي الهدف منه هو استهداف مبطن للقيم والاخلاق الاسلاميه وتشجيع المجتمع السعودي على الانحلال والفسوق شعارات حقوق المرأه او تمكين المرأه جعلوا منها وسيله لتحقيق هدفهم القذر اللذي اصبح توجه رئيسي لعصابة محمد بن سلمان,0,0,Against,Against,0.8600678426520683,0.5013650579005531,0.8600678426520683,0.07569056073380422,0.06424162820398903
3143,Women empowerment,MENTION فعلا لابد من تمكين المرأة لأنه لم يعد يوجد رجال بمهلكة قرن الشيطان,2,2,Favor,Favor,0.7941856054494547,0.6510166765789009,0.10258646269554236,0.10322794326805185,0.7941856054494547
3144,Women empowerment,تمكين المراة كسر خشوم اشباه الرجال #المساواه_جنسيتي_لابنايي2,2,2,Favor,Favor,0.7783740971600617,0.6751824537180195,0.13927896436931544,0.08234696081351095,0.7783740971600617
3146,Women empowerment,"تم عقد #منتدى_المرأه_الاقتصادي بنسخته السادسة تحت عنوان ""تمكين وطموح"" وشارك البرنامج في الحديث حول القطاعات الاستثمارية الواعد في مجالات جودة الحياة وآثارها الاقتصادية على المرأة  #برنامج_جودة_الحياة   #رؤية_السعودية_2030 ",2,2,Favor,Favor,0.9162736615749902,0.3013622186175712,0.003200226790030944,0.08052610210064236,0.9162736615749902
3147,Women empowerment,الرئيسة ساهلورق: تُبذل جهود لتعزيز تمكين المرأة ومشاركتها على جميع المستويات  #إثيوبيا,2,2,Favor,Favor,0.8770997987799004,0.4032688298751554,0.008384841000986082,0.11451536767279331,0.8770997987799004
3152,Women empowerment,نجحت السعودية بدعم ولي العهد محمد بن سلمان في تمكين المرأة وأصبحنا نرى اليوم نساء سعوديات في مواقع قيادية مهمة لا ننكر بأن #المراه_نصف_المجتمع واساس بناء الوطن.     ,2,2,Favor,Favor,0.9561602467415309,0.1912412745235663,0.0031313270567653183,0.0407084125308892,0.9561602467415309
3153,Women empowerment, خلاص مابقي شي للشباب المواطن رزق وبسبب هذه المبالغة وماتسمونه تمكين المرأة اصبح الشباب عاطلا عن العمل فكثرة العنوسة في السعوديات واصبح أمن وطننا على صفيح بارود يجب ان يكون عمل المرأة في مجالها والرجل يعمل في مجاله بدون تضاد ولا تعارض ولا استع,0,0,Against,Against,0.8384402475157955,0.5330633234717108,0.8384402475157955,0.04035838241329533,0.12120137265740615
3154,Women empowerment,خلاص مابقي شي للشباب المواطن رزق وبسبب هذه المبالغة وماتسمونه تمكين المرأة اصبح الشباب عاطلا عن العمل فكثرة العنوسة في السعوديات واصبح أمن وطننا على صفيح بارود يجب ان تعمل المرأة في مجالها والرجل يعمل في مجاله بدون تضاد ولا تعارض ولا استعلاء طرف على أخر ولاخلط الامور او عكسها ,0,0,Against,Against,0.8599552562178421,0.4868314832556248,0.8599552562178421,0.03791730871022804,0.10212742505992323
3155,Women empowerment, اذا كان تمكين المرأة يعني الاختلاط في العمل والتعليم  فلايعتبر تمكينا لها بل تمكينا منها وسيؤدي الى النحو بها الى منحنى المرأة الغربية السلبي والنحو بمحتمعنا نحو ضياع مجتمعهم  والعجيب اصرار الغرب لنقلدهم في التفاهات ولكنه لايسمح بان نكون مثله,0,0,Against,Against,0.9118795602032064,0.3587189500438711,0.9118795602032064,0.03923740835997251,0.04888301898462357
3157,Women empowerment, المرأة ناقصه عقل وتحكم بعاطفتها ووضعها في القضاء سيكون سبب دمار لكثير من القضايا والأسر   تمكين المرأة لا يأتي على حساب مصالح الناس فاتقوا الله في عباده,0,0,Against,Against,0.9292285022949964,0.304098530613748,0.9292285022949964,0.030836210625734096,0.03993528986243038
3158,Women empowerment,من النهاية تمكين المرأة هو تعطيل لعجلة التنمية وهدر للموارد وضياع للأوقات وبطالة للشباب وعزوف عن الزواج وتفكيك للأسر  قلنا لكم من أول الحرمة مكانها الصحيح في البيت وفي تربية الأولاد والاهتمام بالزوج لكن بعض الناس ما يسمعوا الكلام  هذه نهاية من يخالف سنة الله في خلقه والقادم اشد ,0,0,Against,Against,0.8632226335010404,0.48161977647997584,0.8632226335010404,0.039877420041705185,0.09689993401081934
3161,Women empowerment,استراتيجيات التدريب لدنيا تهدف إلى تمكين المرأة في التنمية  الاقتصادية .  #معهد_التدريب_النوعي_النسائي   #اكاديمية_التدريب_النوعي,2,2,Favor,Favor,0.9191346159673534,0.3037714096709707,0.006613574354730557,0.0742517782672209,0.9191346159673534
3162,Women empowerment,"محاولة ترسيخ صورة نمطية في الذهن  ان المرأة هي من تقود الأمور نيابةٍ عن الرجل! نتفهم ان هناك حقوق للمرأة في اطار الشريعة  اما زيادة الأمور عن حدها الطبيعي ومحاولة ""تمكين المرأة"" من رقبة الرجل وحكمه  فهذا أمر شنيع!   الرجل الذي يقبل بذلك ""ان يقاد"" هو ناقص  احترمها ولاتخليها تقودك URL",0,0,Against,Against,0.8633375731210504,0.4935219474672651,0.8633375731210504,0.07041332332940838,0.066249088701938
3164,Women empowerment,من سنه ٢٠٠٨ م.  وضع سمو الامير الوالد الشيخ حمد بن خليفة رؤية قطر الوطنيه ٢٠٣٠  وفيها بند واضح يتكلم عن (تمكين المرأة القطرية في المجتمع )  ويطلعون لنا اشخاص في ٢٠٢١ يقولون هل تصلح المرآة القطرية للقيادة !!  هذا ان دل فيدل انكم ما قريتوا رؤية قطر الوطنيه ولا تدرون شنو محتواها !!!,2,2,Favor,Favor,0.5806981694040262,0.7830718185728438,0.028069716633319558,0.39123212190105056,0.5806981694040262
3167,Women empowerment,تعلن جمعية قدرات للتنمية المجتمعيةوضمن وحدة تمكين المرأة الموجودة في الجمعية عن #عقد_دورة_التجميل_للسيدات ,2,2,Favor,Favor,0.8572351551508387,0.43589990693404645,0.006342304729414724,0.13642258497318321,0.8572351551508387
3169,Women empowerment, اتوقع المناخ متاح اللحين بشكل كبير بعد تمكين المرأة والقرارت الاخيرة  لكن الثقافة العامة استطيع اقول بثقة ان الغالبية غير مقبول عندهم الموضوع يحتاج وقت وثقة في بناتهم وعيالهم,2,2,Favor,Favor,0.8882371284023163,0.425208595602115,0.044235783980836274,0.06752711987488667,0.8882371284023163
3171,Women empowerment,دعم ومساعدة المرأة تمكين للجمتمع  فما بالك بتعليمها وتحفيظها القرآن ليكون رفيق حياتها #علمهن_القرآن,2,2,Favor,Favor,0.9028862349037836,0.3529022232651991,0.010950355369354303,0.08616340103356313,0.9028862349037836
3172,Women empowerment,محمد بن زايد: تمكين المرأة أولوية في رؤية التنمية الإماراتية  via ,2,2,Favor,Favor,0.8460675633822808,0.4534085095071546,0.005564810936977214,0.14836760500240118,0.8460675633822808
3173,Women empowerment,سفير #إيران لدى الأمم المتحدة: هناك مكاسب كبيرة في تمكين المرأة في إيران URL,2,2,Favor,Favor,0.9058499093123997,0.33930610702370007,0.00795653169826079,0.08619356126723275,0.9058499093123997
3177,Women empowerment,  ليش يا كرم يوسف وش اللي ما عجبك في كلام اللاحم ؟ هل أنت ضد سياسة الحكومة في تمكين المرأة ؟,1,1,None,None,0.8930049518741139,0.4139223287278273,0.05827498987194668,0.8930049518741139,0.04872003423104366
3179,Women empowerment,لا حولا ولا قوة إلا بالله.  إنا لله وإنا إليه راجعون. وقفوا تمكين المرأه أرجوكم 💀 ,0,0,Against,Against,0.9333666020745854,0.2906529265746266,0.9333666020745854,0.02978048205994044,0.03685291369693174
3180,Women empowerment,"سنراكِ قريبا قيادية ""رفيعة"" وواعدة في تمكين المرأة... والوطن ينتظر عودتك بكل شوق وفخر 🇸🇦❤️ ",2,2,Favor,Favor,0.9355594926638534,0.2540107290481159,0.004001822372898666,0.06043866451012795,0.9355594926638534
3181,Women empowerment, في اليوم العالمي للمرأة..أوجه تحية تقدير إلى المرأة  الجنوبية..لقد وقفت بشجاعة وإخلاص لتؤكد أن مستقبل المجتمعات يرتبط بالمشاركة المتساوية والفاعلة للنساء  والرجال..تمكين المرأة أولوية أساسية في رؤية التنمية  سر نجاح المرأة الجنوبية أنها تواجه مصا,2,2,Favor,Favor,0.9210993532090127,0.2992098785148272,0.00678601045868447,0.07211464494688606,0.9210993532090127
3182,Women empowerment,#رؤية_2030_واقع_يتحقق  خلال خمس اعوام السعودية تسابق الزمن وتقفز واقعيا لتحقيق رؤية 2030 ومن ابرزها محاربة الفساد واجتثاث التطرف من جذوره.  توطين الصناعة العسكرية و ضخ المليارات للاستثمار في الترفيه داخل السعودية واخيراً وليس اخراً تمكين المراة في جميع المجالات  ,2,2,Favor,Favor,0.8837338147090985,0.3876995471745619,0.0076767339380417205,0.10858948110637254,0.8837338147090985
3183,Women empowerment,#تمكين_المرأة زمن تمكين المراءه السعودية بدء من عام 2018 ومازال في تطوير حتى الآن .,2,2,Favor,Favor,0.9290125295908098,0.27732663900871224,0.006244649286527692,0.06474279558925576,0.9290125295908098
3191,Women empowerment,فعلا احنا بعصر تمكين المرأه ولا من يصدق! ابوي جالس في البيت  : وين امكم؟ انا: راحت تشتري اغراض المطبخ 🤭😬,2,2,Favor,Favor,0.5339043010533606,0.901806826701394,0.0782781703175234,0.3878175305974452,0.5339043010533606
3192,Women empowerment,   لقاء جميل ،، الله يعطيك العافيه أستاذه حنان ، حقيقي ولاة أمرنا ما قصروا في تمكين المرأة و إعطائها حقها في شتى المجالات ، و مثل ما ذكرتي كانت البداية في عهد المؤسس رحمه الله ، ثم أكملوا ما بدأ به حتى وقتنا الحالي ، حف,2,2,Favor,Favor,0.9436988560460502,0.23188129096620472,0.004309459701161738,0.05199166193598166,0.9436988560460502
3193,Women empowerment,"""ممتنة للنساء المثابرات في تمكين مجتمعاتهنّ... أنتنّ جميعاً رمز القوة والكرم في يوم المرأة العالمي""#يوم_المراه_العالمي ",2,2,Favor,Favor,0.8827344905064961,0.3804038318678217,0.004462374371836398,0.1128031015761377,0.8827344905064961
3194,Women empowerment,شعار الدولة الفرنسية حرية مساواة عادلة نُسف  ب قانون حضر الحجاب . بعض النساء المسلمات تعد  الحجاب التزام ديني وليس مجرد عادة   ودائماً ما يُصدر الغرب المبادئ والمفاهيم الرنانة بخصوص تمكين المرأة  ... 👈👈,0,0,Against,Against,0.5659283029499884,0.9109517078789591,0.5659283029499884,0.3402928135343922,0.09377890242742976
3196,Women empowerment,من المضحك فعلا ان البعض في #مساحات_تويتر  منفصل عن الواقع تماما ولازال يجيش ويصدر التوجيهات في محاوله لاعاده فرض الوصايه على المجتمع وخصوصا #المرأه  قرارات تمكين المرأه احدثت صدمه عنيفه للعقول المؤدلجه يصعب عليهم استيعابها افيقوا اثابكم الله 😂 #مساء_الخيرᅠ 🇸🇦🇸🇦,2,2,Favor,Favor,0.7544263388348025,0.7247465850291686,0.10398000950992455,0.14159362851016508,0.7544263388348025
3197,Women empowerment, ياراجل حاليا الوظايف كلها للبنات وساحبين ع العيال يقولك تمكين المرأه والمشكله على حساب العيال اي واحد يوظف بنت ياخذ نقاط اكثر بالسعوده وياخذ دعم اكبر غير انها ماتشتغل بالليل ويشيلو الشفتات العيال واشياء كثير وهنا يصايحون,0,0,Against,Against,0.8477036130133728,0.515999473376691,0.8477036130133728,0.04162645123939929,0.11066994200050147
3198,Women empowerment,وقالت اللجنة في بيان لها: هدفنا الأساسي هو #تمكين_المرأة نحن منصة فريدة من نوعها تعزز التراث الثقافي والقيم التقليدية والمشاركة من خلال الترويج للسياحة حول بلدنا وشعبنا ونعزز فضائل الثقة وتقدير الذات والنزاهة وخدمة المجتمع مع تركيز موازٍ على التعليم,2,2,Favor,Favor,0.8962401121435644,0.3574478770295995,0.006456616848188522,0.09730325490491355,0.8962401121435644
3200,Women empowerment,ما فيه شيء مستحيل عند محمد بن سلمان قبل وبعد السعودية مختلفه تماماً تمكين الشباب والبنات في المناصب القيادية في الدولة ومكنهم اكثر في سوق العمل وجعل المرأة تشارك في التنمية والتطور وهذا ما حدث,2,2,Favor,Favor,0.9235105767797761,0.30058621000278263,0.010435520594806243,0.06605388881791013,0.9235105767797761
3202,Women empowerment, جهود رائعة وخبر جميل ويابلادي واصلي  #تمكين_المرأة #تمكين_المحاسبات  💚💚🇸🇦,2,2,Favor,Favor,0.9306740552576067,0.2642350965920135,0.0029962859515100314,0.06632964089178718,0.9306740552576067
3203,Women empowerment,سعيدة بخبر تدشين مبادرة تمكين المرأة في المحاسبة اتمنى كل التوفيق والنجاح للمحاسبين والمحاسبات واود المشاركة  بورشة عن بعدمجانا لمن درسوا باللغة الانجليزية ويستعدوا لاختبار الزمالة المحاسبة كتاب الهيئة المترجم والكتاب الاصلي باللغة الانجليزية ومصادر مهمة، ٧ ابريل #محاسبة_ملهمة,2,2,Favor,Favor,0.9188762152428314,0.30000258860456036,0.004898219183412564,0.0762255661463584,0.9188762152428314
3204,Women empowerment,تمكين المرأة وحضورها الفاعل ساعد في تطوير عمل الهيئة العام للزكاة والدخل ,2,2,Favor,Favor,0.9371456986584452,0.2531094825938712,0.005376572177165262,0.057477685496625255,0.9371456986584452
3211,Women empowerment,عهد تمكين المرأة وسندها🤍. ,2,2,Favor,Favor,0.8479951542221528,0.480152149570222,0.017353046912520553,0.13465182119130903,0.8479951542221528
3216,Women empowerment,   نرجع للتغريده الأم ( عصر تمكين المرأه ) وهدم البيت المسلم .. والقادم ادهى وأمر .. اللي مقبل على زواج فليتريث وليشاهد لدراما العصريه . هنيئاً لهن الحريه والمولات وجلسات الكفيهات والاهم تصوير ستار بوكس .,0,0,Against,Against,0.8405245500150214,0.5454839714020245,0.8405245500150214,0.062276175511144546,0.09719927708948346
3224,Women empowerment,يُعد تمكين المرأة من التعليم حق رئيس من حقوقها وضرورة مهمة للارتقاء بمستوى طموحها وسعيها نحو تحقيق النجاح والارتقاء بنفسها ومحيطها,2,2,Favor,Favor,0.9052315602448435,0.3514294444811972,0.013058263077282417,0.0817101774483936,0.9052315602448435
3226,Women empowerment,كل الشكر والتقدير للأستاذ بندر الخريف رعايته #مؤتمر_سيدات_الصناعة وكلامه المطمئن عن تمكين المرأة في القطاع الصناعي، الأمر الذي يساعدها في تنمية مهاراتها واستثمار طاقاتها، فـ #المرأة_السعودية اليوم مكون استراتيجي للتنمية الشاملة والمستدامة في كافة القطاعات #تمكين_المرأة ,2,2,Favor,Favor,0.9491538453966646,0.21233784480293524,0.0029777796073645097,0.047868370746905496,0.9491538453966646
3227,Women empowerment,خلال مسيرة التعليم في #المملكة كان واضحاً الاهتمام بدعم و #تمكين_المرأة  فالمملكة من أوائل البلدان التي استحدثت مدارس خاصة بالإناث  واليوم تتبوأ #المرأة_السعودية أرفع المناصب وتمثل وطنها خير تمثيل في كل المجالات مستمدة قوتها من شخصيتها ودعم قيادتنا الحكيمة  #اليوم_العالمي_للتعليم ,2,2,Favor,Favor,0.9570402715758415,0.18707085808751242,0.0026073028558374674,0.04035239902259059,0.9570402715758415
3228,Women empowerment,بلادنا عندنا ترسم خطة التمكين، تَفْعل 💪🏻  اليوم، #المرأة_السعودية أحد أعمدة الأمن والأمان في الوطن 🇸🇦🤍 فخر🤍  #تمكين_المرأة #السعودية ,2,2,Favor,Favor,0.8979863473690757,0.35512738016750384,0.0070513660204204135,0.09496233473795257,0.8979863473690757
3232,Women empowerment,#رؤية_2030 طورت اشياء كثير منها  تمكين المرأة و بعد الرؤية اصبحت المرأة تشغل اكبر المناصب القيادية و تعمل في اكثر المجالات و اصبحت تشارك في تطوير و تنميه الوطن  وهذا الشي بفضل الله ثم دعم #محمد_بن_سلمان للمرأة  #سفيرة_النوايا_الحسنة  #رند_بن_علي   ,2,2,Favor,Favor,0.9480070827041294,0.2227456704454273,0.005906145240734074,0.04608674398177002,0.9480070827041294
3233,Women empowerment, لي الشرف اخدم ديني ووطني #ولي_العهد_الأمير_محمد_بن_سلمان  #تمكين_المرأة  #رند_بني_علي,2,2,Favor,Favor,0.9027528155315272,0.3568866145406226,0.012810985653801137,0.08443615477343185,0.9027528155315272
3240,Women empowerment, تمكين المرأة السعودية للحد اللي وصلنا له اليوم يجعلني فخورة بقيادتي وبوطني اللي ما قصر معنا من بداية التاريخ لليوم,2,2,Favor,Favor,0.9199153029779128,0.3133493869155623,0.012315462815605296,0.06776921539499339,0.9199153029779128
3247,Women empowerment,تمكين المرأة مطلب اساسي لمجتمع صحي ⭐️👍🏻 تمكين المرأة : يعني مساعدتها انها تنجح و تحقق التوازن بأريحية ❤️👍🏻 ,2,2,Favor,Favor,0.8701101249422376,0.4403487579690645,0.019063300357704656,0.11082659653623594,0.8701101249422376
3248,Women empowerment,MENTION  تمكين المرأة والنهوض بدورها هو النهوض بالمجتمع ككل  والبرنامج يهدف لنشر الوعي ومعرفة خطوات تمكين المرأة ودورها الفعال بالمجتمع .,2,2,Favor,Favor,0.8778300499176528,0.3923899535084844,0.00509143938489693,0.11707849631881723,0.8778300499176528
3251,Women empowerment,تمكين المرأه موجود من زمن و ولي العهد ماقصر زاد الخير خير ودعم المرأه في جميع المجالات🇺🇦 ,2,2,Favor,Favor,0.8959830161325539,0.37212311992280467,0.012550438990798747,0.09146656506604771,0.8959830161325539
3254,Women empowerment, نعم يا بنات !!! 🙂🙂 احنا في عصر المرأة و تمكين المرأة واستقلالية المرأة ،  معقولة باقي في وحدة تصدق مشاعر العيال !!!!!,2,2,Favor,Favor,0.6447009309036181,0.85456828469475,0.26263744027373864,0.0926616045540132,0.6447009309036181
3256,Women empowerment,"""المرأة.. حقوق المرأة.. تمكين المرأة..""  لقد صدّع التغريبيون رؤوسنا بهذه العبارات الزائفة وكأن أمهاتنا وأخواتنا عشن في سجن ومحبس  والواقع عكس ذلك تماما..!  لقد خاض هؤلاء بكل شؤون المرأة إلا في أمومتها وفطرتها وحراسة فضيلتها  لأن هدفهم الأساسي هدم البيوت وتفكيك الأسر فالحذر الحذر! URL",0,0,Against,Against,0.8893198041278213,0.420145850454079,0.8893198041278213,0.039655575859544254,0.07102457223006957
3257,Women empowerment, بمثل هذه السيدة العظيمة  وتفانيها في تمكين المرأة السعودية نفتخر لوجودها بارك الله فيها,2,2,Favor,Favor,0.9205583077485073,0.32792779243736153,0.02642069666615964,0.053020974857272446,0.9205583077485073
3259,Women empowerment,بعد فضل الله سبحانه وتعالى وجهود خادم الحرمين الشريفين وولي عهده الأمير محمد بن سلمان صرنا نشوف تمكين المرأة بابهى صوره 💚 لا توجد كلمات تصف مدى فخري و اعتزازي.💚🇸🇦 ,2,2,Favor,Favor,0.9472169631334695,0.223648891946584,0.005214985162663878,0.04756804358306551,0.9472169631334695
3261,Women empowerment, الحمدلله هذا من فضل ربي العمل على تمكين المرأة من صياغة القرارات وتعزيز كفاءتها في العمل بجميع القطاعات ، واظهار قدرتها على العمل متى واين كان 😌🙏🏻,2,2,Favor,Favor,0.9208757438299426,0.29972861903971304,0.006764692848966042,0.07235956946298838,0.9208757438299426
3263,Women empowerment," تمكين المرأة السعودية هو أحد أركان رؤية السعودية 2030  طيب ليش مايكون في الأندية الرياضية اعضاء ""نساء"" ؟؟  ولله الحمد أثبتت المرأة السعودية نفسها وقدراتها وعلمها ومعرفتها في شتى المجالات العلمية والعملية وحتى الرياضية 😎",2,2,Favor,Favor,0.9228879937529285,0.2966795873697766,0.0076899069743344515,0.06942210713262366,0.9228879937529285
3269,Women empowerment, الحقيقة انك مازلت في زمن الصحوة ! هالكلام انتهى زمانه ، نحن نعيش بزمن تمكين المرأة .. مسلمات، محجبات ، قائدات ، متمكنات وناجحات .. سواء أمهات او صاحبات منصب او موظفات👌🏼,2,2,Favor,Favor,0.8937010866044104,0.41022264562247157,0.04245948022102979,0.06383943653122251,0.8937010866044104
3276,Women empowerment,قد عُرف عن عمل المرأة الجودة والإخلاص✨     #يوم_المراه_العالمي  #سعوديات_تمكين_ورياده ,2,2,Favor,Favor,0.8119840477579117,0.5265067430394716,0.011463223696685494,0.17655275837013518,0.8119840477579117
3277,Women empowerment,سحر المرأة شغفها بالعمل، وهي من ركائز المجتمع السعودي✨  #حكيمة_الرويلي  #يوم_المراه_العالمي  #سعوديات_تمكين_ورياده ,2,2,Favor,Favor,0.8969639139260255,0.35948929316303124,0.00786310669101574,0.09517298642628758,0.8969639139260255
3278,Women empowerment,اصبحت المرأة السعودية مشاركة بقوة في بناء الاسرة والمجتمع والوطن💫  #لطيفه_السعدون #يوم_المراه_العالمي  #سعوديات_تمكين_ورياده ,2,2,Favor,Favor,0.9213498039040895,0.28916087066011015,0.00330201158153676,0.07534816463473275,0.9213498039040895
3279,Women empowerment,وش استفدنا من تمكين المرأه؟ ,0,0,Against,Against,0.5366187926565855,0.8257921472489257,0.5366187926565855,0.42375305294737986,0.03962816477492965
3281,Women empowerment,بطريقة تتناسب مع مبادئنا وقيمنا الاجتماعية والأخلاقية نشارك في دعم أهمية تمكين المرأة السعودية و العمل على تكافؤ الفرص بين المرأة والرجل. #اعتمدي_علي  #يوم_المرأة,2,2,Favor,Favor,0.9021803419117795,0.3376797410807247,0.00422703304846979,0.09359258117713641,0.9021803419117795
3283,Women empowerment, ستكون بمشيئة الله وفضله سنواتنا القادمة أفضل على كافة الأصعدة عندما بدأنا باشراك المراة في حياتنا العامة   ولهذا استطيع القول : عصر تمكين المرأة يعني اضافة داعمة لمسيرتنا الوطنية ( عصر المراة السعودية = دولة سعودية أقوى من السابق  ) والقادم,2,2,Favor,Favor,0.9360371775214065,0.25510757898915704,0.004930939583884791,0.05903187349037306,0.9360371775214065
3285,Women empowerment,الله يلعن تمكين المرأة اللي تعرفونه وصجيتونا فيه بكل المحافل شوفوا الواقع كيف : ,0,0,Against,Against,0.8572282455672289,0.5077812270806444,0.8572282455672289,0.08041027592798164,0.06236147401125365
3286,Women empowerment,نحن في عصر تمكين المرأة ووجود هذه المراكز يدعمها كثيرا لتحقق التوازن بين كونها عضو فعال في بناء الوطن وبين كونها ام للجيل القادم  نتمنى ان يتم اعفاء الضرائب عن هذه المراكز لما في ذلك من اعانة للمرأة العاملة   #نناشد_الدعم_الوزاري_لمراكز_ضيافات_الاطفال_بالمملكه,2,2,Favor,Favor,0.9471424038854981,0.2236458222536445,0.005113287138548473,0.047744320261317565,0.9471424038854981
3291,Women empowerment,  بالنسبة للتوظيف، تمكين المرأة مافيه شيء يسيء للرجل، والرجل مفروض عليه التكاليف لكن بعضهم يتحلطم من واجباته وكثير ما يصرفون على زوجاتهم وبناتهم وعادي عنده يدفع للاستراحات والسفريات اللي مالها داعي لكن زوجته مطنشها ومستقوي، لذلك وجب ,2,2,Favor,Favor,0.7530288116015763,0.7076342958915158,0.071551425851748,0.17541972888946833,0.7530288116015763
3298,Women empowerment,MENTION بيرجعونا لزمن الجواري وإستعراض النساء  قال تمكين المرأة قال  هذا إستعباد وإستغلال للمرأة,0,0,Against,Against,0.8953465243688994,0.40717868360117176,0.8953465243688994,0.05768966416194019,0.04696381632203365
3307,Women empowerment,#شخطاط 🔴قرارات تمكين المرأة بالوظائف حسب الدين والاعراف  سترت بنات مالهم عد وسترت بيوت ربي اعلم بحالها وخففت الحمل عن رب البيت  والأهم مساحة جديدة من الإبداع والانتاج والإعمار مثلهم مثل باقي البنات في كل الدول  مشكلة بعض الرافضون يحسبون انفسهم المسلمون الوحيدون من باقي العالم,2,2,Favor,Favor,0.8911040030744035,0.4195301713124009,0.051575457780226146,0.057320500093806126,0.8911040030744035
3308,Women empowerment,   إيرادات الدولة بالخمس سنوات الأخيرة بعد تمكين المرأة تضاعفت والأعتماد على النفط قل  الفلس كان من الرجال الذين خانوا الدولة ونهبوا الأموال وأستقروا بالخارج,2,2,Favor,Favor,0.7492371387154795,0.7135860612393825,0.17868806232800508,0.07207477284497424,0.7492371387154795
3309,Women empowerment,تمكين المرأة = إذلالها وتسليعها ومساواتها للرجل وجعلها عامل من عوامل قلة الزواج وتكوين الأسرة الصحية وصعوبتهما  يعني يساوونها بالرجل فتذهب الوظائف للنساء فتعنس من النساء بقدر ماتتوظف منهن لأنهن أخذن مكان الرجل القوام الساعي للزواج .. URL,0,0,Against,Against,0.9019080128568713,0.38870293194957245,0.9019080128568713,0.04625003619172838,0.05184191148538459
3318,Women empowerment,تحية إجلال للمرأة 🇰🇼 في يومها العالمي  على جهودكم الطيبة والمُثمّنة في شتى المجالات ونحمد الله على ديننا الحنيف في تكريمه للمرأة وشكراً قيادتنا الرشيدة على تمكين المرأة 🇰🇼 ,2,2,Favor,Favor,0.9472511365078312,0.21636992252971657,0.002425763383832693,0.05032310841069883,0.9472511365078312
3319,Women empowerment,أنا ضد تمكين المرأة للأبد.. تقعد في بيتها ملكة معززة مكرمة تربي عيالها و تؤمر ولا يؤمر عليها 🙄💅🏼 ,0,0,Against,Against,0.860862323222035,0.4998317920685933,0.860862323222035,0.06891344409236051,0.07022426477040825
3320,Women empowerment,🤍🤍🤍🤍🤍🤍🤍🤍🤍🤍🤍 طبعاً اختي مع تمكين المرأة في الحدود التي شرعها الله الحمدلله ♥️♥️♥️♥️♥️♥️ ,2,2,Favor,Favor,0.8860817895616683,0.41709031096901206,0.027066576753465858,0.08685162169644013,0.8860817895616683
3321,Women empowerment,  اكيد اكيد واحنا بالطبع مع تمكين المراه,2,2,Favor,Favor,0.8913154684051097,0.39130626709057387,0.01724806532162932,0.09143650007487668,0.8913154684051097
3325,Women empowerment,قوانين #تمكين_المراة كيديه ومقننه لشتات الاسره وتدمير الرجال وظلمهم واظطهادهم وانتهاك #حقوق_الانسان وهي شبيهه بالحرب المفتوحه على المجتمع ولا تنتمي لا للشرع ولا اي قانون او عرف..الصكوك العشوائيه الظالمه بقيد الرجال اصبحت توزع على النساء شبه متعمده وكيدآ للرجال.هناك امر غير طبيعي.,0,0,Against,Against,0.921954730633432,0.3280589987762186,0.921954730633432,0.03850182958053694,0.039543441260444845
3326,Women empowerment,#حقيقه_يجب_ادراكها تمكين المراه من رقاب الرجال ليس له دخل لابمظلومية المراه ولا حقوقية امراه بل هو لهدم الاسر الحاليه. وبناء اسر تواكب العهد الجديد لمسيرة العلمانيه والمجتمع هم الضحيه..,0,0,Against,Against,0.9087726296621268,0.36761720441340456,0.9087726296621268,0.038922237762160194,0.05230515018032436
3327,Women empowerment,#تمكين_المرأة كشف حقيقة المراه طبعآ لا نعمم ولاكن اكثر النساء لا ترا الرجل الا فلوس فقط..ولو كان لها قوه وسلطه على الرجل قسمآ لتشرب من دمه وتقطعه اوصال وترميه طعام للوحوش فاجره بالخصومه مهما ما كان تدينها.مكنوها بكم قرار وانقضت على زوجها واخذت ماوراه ودونه وسحبت عليه بكل دم بارد.,0,0,Against,Against,0.8643664239125686,0.485114764585603,0.8643664239125686,0.04803233959902638,0.08760126155246471
3328,Women empowerment,#حقيقه_يجب_ادراكها  من يؤويد تمكين المراه الذي تسبب في تفكك الاسر وتمكين المتمردات من الولايه على ابنائه وسلب امواله ورضي ان يكون خادمآ لمتطلباتها بعد خلعه...هو من يستحق الاهانه ويستحق ان يعيش تحت وطأة الاستعباد النسوي الليبرالي..,0,0,Against,Against,0.8795354364837964,0.44695955004315274,0.8795354364837964,0.044071456765447596,0.07639308451572131
3330,Women empowerment, #تمكين_المرأة قطع شوط طويل بشكل رائع، ونتطلع أن يستمر على مختلف المستويات بما في ذلك المستويات #القيادية في مختلف القطاعات الحكومية والخاصة. #المرأة_السعودية قادرة على تجاوز التحديات مهما تعاظمت 💪🏼🇸🇦   ,2,2,Favor,Favor,0.9253302355272599,0.28684080158202874,0.006167847045836954,0.06850195905932102,0.9253302355272599
3335,Women empowerment,اي تمكين للمرأة يخدش حياها ويقلل حشمتها باختلاطها مع الرجال غير المحارم يصبح تمكين منها لا تمكين لها  فالمرأة قيمتها بحيائها وحشمتها وحقوق المرأة مكفولة لدى الشريعة الاسلامية الذي تطبقها السعودية والمرأة مصنع الرجال وعلى جودة المصنع تجود البضاعة  #يوم_المرأة_العالمي_2021 ,0,0,Against,Against,0.8167125627764911,0.603330983485378,0.8167125627764911,0.09391102807120719,0.08937638570175838
3336,Women empowerment,(الرجولة في خطر) حسب الدراسات العالمية العالم يعاني من أزمة رجولة حيث فقدو الرجال خصائصهم الجسدية والنفسية والأخلاقية واقتربت صورة الرجل لتتشابه مع المرأة والسبب  نسبة الاختلاط الزائد الثورة النسوية المطالبة بمساواة الجنسين  تمكين المرأة مما انعكس على ضياع دور الرجل ,0,0,Against,Against,0.9125645820699878,0.3571569598979074,0.9125645820699878,0.04298127120919955,0.044454117367613614
3364,Women empowerment,"""المحاسبة العمود الفقري لأي منشأة"" د.ماجد القصبي    شكرًا ل #هيئة_المحاسبين على الدعوة لحضور حفل تدشين برنامج: تمكين المرأة في مهنة المحاسبة، وشكرًا لهم على جهودهم المستمرة في دعم المرأة وتطوير المهنة ..   #اليوم_العالمي_للمرأة  ",2,2,Favor,Favor,0.9327022711341173,0.2564508872283501,0.0022502104619914324,0.06504753647967006,0.9327022711341173
3373,Women empowerment,هذا عصر تمكين المرأة وسحق الرجل،عكل حال الخسران الأخير من هذا الأمر هن النساء، لأن الطبيعة لا تُحابي من يُخالفها بالنهاية مهما عملن ومهما ادخرن من مال سيظل بداخلهن فراغ كبير لن يُملأ إلّا بزوج وأطفال وأسرةدافئة،والرجل المسحوق لن يُحقق لهن ذلك ولن يملأ فراغهن وستكون شيخوختهن باردة ,0,0,Against,Against,0.8921429544411874,0.4167548291261726,0.8921429544411874,0.05489692092528356,0.05296013868769641
3374,Women empowerment,فخورة كوني عضوة في نادي تمكين المرأة بجامعتنا الالكترونية 💪🏼,2,2,Favor,Favor,0.9274274053406695,0.2763037152607161,0.004205943880059377,0.06836664432765217,0.9274274053406695
3375,Women empowerment,"  ""تمكين المرأة"" مصطلح مضلل ينطلق من سياسة غربية يتم تسويقها وإن شئت قل فرضها على العالم العربي والإسلامي وله أهداف بعيدة المدى لتفكيك منظومة القيم في مجتمعاتنا واستبدال كيان الأسرة بنظام بهيمي فرداني قائم على المادة والشهوات وإشباع الغر",0,0,Against,Against,0.8712330477056069,0.47165592307167536,0.8712330477056069,0.0746202745573965,0.054146693740379004
3388,Women empowerment,أشارك بصوتي في دعم أهمية تمكين المرأة السعودية و العمل على تكافؤ الفرص بين المرأة والرجل بطريقة تتناسب مع مبادئنا وقيمنا الاجتماعية والأخلاقية.  #اليوم_العالمي_للمرأة,2,2,Favor,Favor,0.8750938968276039,0.4079485533388711,0.008620130011405302,0.11628594292253079,0.8750938968276039
3389,Women empowerment,مؤمن بأن التمكين هو بداية كل نجاح، ولطالما كانت المرأة السعودية أكثر ابداع في كافة المجالات عن الرجل. #تمكين_المرأة سيشكل فارق حقيقي في إنجاز الأهداف. ,2,2,Favor,Favor,0.9256427164738535,0.28704567635740724,0.006598669537087262,0.06775862620455048,0.9256427164738535
3390,Women empowerment, عصر تمكين المرأه و اثبات جدارتها، اتمنى نشوفهم قاضيات و وزيرات ، دمت بخير و اطال الله بعمرك ايها الرجل العظيم محمد بن سلمان.,2,2,Favor,Favor,0.9495420212496041,0.21713094515810422,0.005447972513984482,0.045010062968150286,0.9495420212496041
3398,Women empowerment, مشاركة المراة في عملية التنمية ، أصبحت حتمية تمليها متطلبات العصر الحديث، نظرا للمقومات المتراكمة التي فرضت نفسها في مجالات عملية  البناء الوطني .لقد حققت بلادنا خطوات جبارة على طريق تمكين المراة من كسب الرهانات ، حتي تضطلع بالدور المنوط ,2,2,Favor,Favor,0.9077585986322835,0.3425926035588364,0.011605131012370033,0.08063630535957213,0.9077585986322835
3399,Women empowerment,#تمكين_المرأة حتى يتمكن الرجل منها وتصير رخيصة ورقاصة  #مدير_يرقص_مع_الموظفات,0,0,Against,Against,0.8677160016228425,0.4810549719993153,0.8677160016228425,0.056733531125741,0.0755504790148787
3402,Women empowerment, تمكين المرأة االسعودية عنصر مهم جدا في تحقيق رؤية الوطن,2,2,Favor,Favor,0.9461584611505145,0.22496699152053873,0.004423877810551766,0.049417633038223475,0.9461584611505145
3410,Women empowerment,نحتفل معكم اليوم بواحد من أهم وأبرز الأحداث وهو #اليوم_العالمي_للمرأة. نحن نفتخر بالدور الذي نلعبه في #ردم_الثغرة بين الجنسين و #تمكين_المرأة من خلال برامجنا ومبادراتنا، نفتخر ونعتز بكل امرأة بذلت جهدا لترتقي بمكانتها وتترك بصمة في هذا المجتمع. ,2,2,Favor,Favor,0.9302560991628223,0.2624335529770161,0.002109632258961435,0.0676342680647249,0.9302560991628223
3415,Women empowerment,MENTION تمكين المرأة وكسر كل الأعراف والتقاليد ونزع الدين من قلوب الناس والابتعاد عن هوية المسلم الحق .. فلا حول ولا قوة إلا بالله,0,0,Against,Against,0.8733718872171659,0.4639821809001136,0.8733718872171659,0.07857719965814135,0.04805091204758819
3421,Women empowerment, كفوو رهف والله يحق لك الفخر عزيزتي فما وصلتِ له عظيييم جداً ماشاء الله تبارك الله ، تمكين المرأة ضرورة في أي مجتمع متحضر ومتطور ، نثق ونفتخر بكِ رهف تحدثي وانطلقي وأخبري العالم أن المرأة تستطيع 💪🏻 موفقة يا بطلة ❤,2,2,Favor,Favor,0.9223194718630021,0.299569623795829,0.00834740987988227,0.06933310780491286,0.9223194718630021
3424,Women empowerment,خلف كل حدث ومشروع ناجح، تمكين وثقة.. شكرًا #جمعية_دوائي 💙✨   #يوم_المرأة_العالمي ,2,2,Favor,Favor,0.8805745576516013,0.3830749311893886,0.003934260003712227,0.11549120746019594,0.8805745576516013
3431,Women empowerment, مشاركتهم على السنوات الماضية كانت مثمره وايجابية ومن تم تمكين المرأة من اعلى الهرم كانت مشاركتهم في بناء المجتمع والتنمية ملحوظة عسى الله يوفق الجميع ❤️❤️,2,2,Favor,Favor,0.9635074817336985,0.16944159651188279,0.0040930662925352905,0.03239945579003064,0.9635074817336985
3434,Women empowerment,تحية لكل امرأة سعودية ناجحة ساهمت في صنع التغيير و ألهمت نساء اليوم والغد لمستقبل أفضل!   #تمكين_المرأة #تمكين_المرأة_السعودية  #يوم_المراه_العالمي  #يوم_المرأة ,2,2,Favor,Favor,0.9129936878444556,0.31544783806407917,0.005272802279299068,0.08173351827888152,0.9129936878444556
3437,Women empowerment,"""تمكين المرأة سينتج عنه ارتخاء في الرجولة وموت للشهامة؛ لا لشيء إلا لأن رسالة التمكين: لسنا بحاجة إليكم. وهذه صفعة قمة في الإيجاع؛ ستقود الرجال إلى اللا مبالاة والتخلي عن أدوارهم وقيمهم. كيف تساعد من يعلن أنه ليس بحاجتك؟""  -أبوعمر   #وزير_عدل_السعوديه",0,0,Against,Against,0.8802063479352171,0.4495162490844329,0.8802063479352171,0.058513269796491484,0.06128033918960476
3442,Women empowerment,إن تمكين المرأة ليس مجرد شعار جذاب يتم تداوله،وإنما عامل رئيسي في النجاح الاجتماعي والاقتصادي للأمم. فعندما تنجح النساء، يستفيد الجميع.  #المرأة_في_السعودية #اليوم_العالمي_للمرأة  #InternationalWomensDay ,2,2,Favor,Favor,0.878507888509416,0.40517491720411736,0.01030826374825002,0.11118383255294116,0.878507888509416
3443,Women empowerment, زمن تمكين المرأة 👍🏻,2,2,Favor,Favor,0.8451690550090374,0.4805227055111673,0.0151174061982389,0.13971354801720437,0.8451690550090374
3446,Women empowerment, تركت خدمة زوجها وراحت تشتغل قهوجية وسفرجية للغرباء  .. الحمد لله الذي عافانا مما أبتلاهن .. صدّقن خرابيط تمكين المرأة والنهاية غسيل سيارات وقهوجيات  هذه نهاية من يطيع النسويات والمغرر بهن ,0,0,Against,Against,0.9066322867177015,0.3748089406073556,0.9066322867177015,0.04949798399980865,0.043869779710072804
3448,Women empowerment,كل عام و أنتِ في مكانٍ، مكانةٍ و تمكينٍ أفضل. #InternationalWomensDay  #يوم_المراه_العالمي #تمكين_المرأة   ,2,2,Favor,Favor,0.8826046085549191,0.4065921208424474,0.015014811229249013,0.10238057465801166,0.8826046085549191
3449,Women empowerment, انا ما اناقشك عن تمكين المرأة انا اناقشك عن الدليل وانها ناقصة عقل اما التمكين فهي في المنصب راح تتبع لوائح وضعت لها مسبقا من قبل الرجال الذين بنوا الدولة من العدم ولن تاتي بجديد ولا في المسالة حقد لاني ما انزل نفسي لمستوى ناقصات العقل والدين,0,0,Against,Against,0.823881693724028,0.5812903500360052,0.823881693724028,0.11136400412262085,0.06475430454838019
3451,Women empowerment,MENTION صدق عصر تمكين المرأة وتفوقها ونجاحها كلنا فخورين فيك💗💗💗💗💗💗,2,2,Favor,Favor,0.9328202166476576,0.27314822390193677,0.00921953104818673,0.057960216776795755,0.9328202166476576
3452,Women empowerment,كل الشكر والتقدير لسمو الشيخ محمد بن راشد لإيمانه بدور المرأة الإماراتية، وبمناسبة اليوم العالمي للمرأة، وتعزيزا لدورها الرائد في تمكين المرأة في القطاع الرياضي، تم تكريم النماذج الإبداعية، وتنظيم الملتقيات والندوات والمؤتمرات الرياضية المخصصة للمرأة في المجال الرياضي. ,2,2,Favor,Favor,0.9243511112366608,0.2738664651931395,0.0011259237801016907,0.07452296220377075,0.9243511112366608
3460,Women empowerment, ليش العالم. تتكهرب وتزعل من اي قرار يخص تمكين المرأة بالعكس والله حتى الرجال ارتاحوا من حركة هاتي معرف هاتي الوصي. وين موافقة ولي الامر... والموضوع كله لها  كان تعقيد بكل شيء. اللحين سهالات للطرفين..,2,2,Favor,Favor,0.5646432200598978,0.8161460587148832,0.39631804310344365,0.039038700860118965,0.5646432200598978
3473,Women empowerment,يا سادة ،،قبل أن تكون المرأة قاضية ، فهي تستحق ان تكون مواطن من الدرجة الأولى. أما حصول المرأة على المناصب فهو قبل أن يكون في مصلحتها ،، يبقى دائما وأبدا مصلحة الدولة ويهمها أن تكون في مصاف الدول الكبرى ولا يمكنها ان تكون كذلك بلا تمكين سياسي وإقتصادي للمرأة #شيماء_حسني_المحامية,2,2,Favor,Favor,0.8804198718085579,0.4324918512781575,0.029142200946860264,0.09043787891997002,0.8804198718085579
3481,Women empowerment,تمكين المرأة اقتصاديا يساهم في رفع الناتج المحلي، ويوفر حياة افضل لها ولأسرتها وهو عنصر مهم من عناصر تقدم المجتمعات وفي مكافحة الفقر #تمكين_المرأة,2,2,Favor,Favor,0.8926186251804911,0.3802195243862755,0.012792309191018064,0.09458906766984881,0.8926186251804911
3501,Women empowerment,#اليوم_العالمي_للمرأة الان نستطيع أن نحتفي بهذا اليوم بكل فخر في ظل قيادتنا الحبيبة والتي ساهمت في تمكين المرأة السعودية💚,2,2,Favor,Favor,0.943161731805572,0.2276371351688619,0.002246452205806208,0.054591773793999814,0.943161731805572
3503,Women empowerment,كرهت كلمة ( تمكين المرأة ) 🙂,0,0,Against,Against,0.8866605970254752,0.4268194996148671,0.8866605970254752,0.07367462247343448,0.03966480734049585
3507,Women empowerment, تمكين المرأة في كل الميادين واجب وطني وحق تستحقه بجدارة مثلها كمثل الرجل..,2,2,Favor,Favor,0.8970243602901882,0.36303527556890514,0.009401755545543948,0.09357391633218506,0.8970243602901882
3510,Women empowerment,في #اليوم_العالمي_للمرأه نجدّد الفخر بكل ما حققته المرأة السعودية من نجاح وتطور في المجالات التقنية والإدارية، كما نعتز بما نراهُ من آثار إيجابية لتفعيل برامج تمكين المرأة التي دعت لها #رؤية_السعودية_2030,2,2,Favor,Favor,0.9478278018615274,0.21514311655477225,0.0025828224133068035,0.04958940413529666,0.9478278018615274
3513,Women empowerment,  مبدع أبو عبدالله، وبرنامج جداً رائع يهدف الى تعزيز تمكين المرأة السعودية في سوق العمل وتسليط الضوء على قصص النجاح للتعلم والاستفاد ومنها .,2,2,Favor,Favor,0.9281650454727562,0.27050607997654225,0.0028992336361337774,0.06893577111761623,0.9281650454727562
3517,Women empowerment,  المرأة شقيقة الرجل في الإنجاز والعطاء، ولربما تفوق المرأة الرجل في طريقة التخطيط والتنفيذ فوضع المرأة جانباً وعدم اعطائها دور، كان سبب عدم تطور بعض الدول العربية أعادت مملكتنا للمرأة مكانتها الحقيقية عبر تمكين المرأة في مجالات ال,2,2,Favor,Favor,0.8847383623502352,0.43103499351153296,0.03884798683709753,0.07641365970912878,0.8847383623502352
3518,Women empowerment,MENTION تمكين المرأه من ايش ؟ من الخلع وكثرة الطلاق وغيرها,0,0,Against,Against,0.8578293028657005,0.502189801035521,0.8578293028657005,0.09026547353695245,0.05190521431776561
3527,Women empowerment,أتمنى فتح ملف تحقيق و محاسبة كل من يسيء للمرأة العاملة و يتهمها بأبشع الكلام ، مثل هذا الشيء يعطل مصالح المرأة و الوطن لان المرأة السعودية عنصر مهم و مكمل للاقتصاد السعودي .         #تمكين_المرأة   #المرأة_نصف_المجتمع   #المرأة_في_السعودية ,2,2,Favor,Favor,0.8759489570595711,0.4579397818148181,0.04851791458696055,0.07553314332668037,0.8759489570595711
3528,Women empowerment,ويقولون ليه البنات يعملون و اللي يبكي على الوظيفة و البنات سرقوا وظائفنا 🙃 المسألة اجتهاد شخصي   ولان البنات يتميزون باكثر عطاء و اللي يعطي هو اللي يساهم بالنمو   و هذا لسه ببداية تمكين المرأة و القادم ان شاءالله افضل 🙏🏼💖 URL,2,2,Favor,Favor,0.9069318058526632,0.3732596201085282,0.040329166164003616,0.05273897502545384,0.9069318058526632
3538,Women empowerment, تمكين المرأة السعودية ورفع نسبة حصتها في سوق العمل تبث روح المنافسة الجميلة بين القوى العاملة من الجنسين وتعطى ريادة للمرأة السعودية لتثبت جدارتها التى تستحقها باذن الله.,2,2,Favor,Favor,0.9243872105180067,0.29314948453727974,0.007859035852785889,0.06775373993364793,0.9243872105180067
3542,Women empowerment,كل عام والمرأة السعودية أكثر تمكين وانجازات ونجاح ❤️❤️❤️❤️❤️#يوم_المراه_العالمي,2,2,Favor,Favor,0.9000148266677686,0.3553590747284364,0.009024349344816229,0.09096082458304396,0.9000148266677686
3546,Women empowerment,#تمكين_المرأة .. تمكين لنصف المجتمع و تحقيق لرؤية طموحة نحو وطن مزدهر  #يوم_المرأة_العالمي ,2,2,Favor,Favor,0.9013756280932668,0.34382840098807155,0.005698804319800601,0.09292557611263767,0.9013756280932668
3555,Women empowerment,المرأة أمان .. المرأة تضحية .. المرأة شموخ .. من وقف في سبيل نصرتها أعزه الله .. ومن أذلها عاش في شقاء .. وطن العزة وطني #تمكين_المرأة 🇸🇦,2,2,Favor,Favor,0.8422477889588857,0.5390010113760076,0.05678946910337599,0.10096269996358843,0.8422477889588857
3556,Women empowerment, الحمدلله على هذا الشيء كانت حجج الغرب انه المملكة يديرها ناس عواجيز تولى الأمير محمد زعلوا وبدؤوا بتمكين المرأة وإعطائها حقوقها زادوا زعلا وفي عز بدأ تمكين المرأة دخلوا لجين الهذلول لفرملة المشروع بالمختصر الغرب لاعاجبنه العجب ولا الصيام في ,2,2,Favor,Favor,0.7513506736643243,0.6699874367885171,0.20897537621475132,0.039673905350280134,0.7513506736643243
3557,Women empowerment,سيراً علي نهج زايد بأهمية دور المرأة الإماراتية واستكمالاً لمسيرته في تمكين المرأة في #الإمارات وحصلت علي المركز الأولى عربيا والـ18 عالميا في مؤشر المساواة 2020 أصبحت المرأة شريك أساس في عملية التنمية الوطنية.🇦🇪❤️💪,2,2,Favor,Favor,0.9198802646380699,0.29671943123349126,0.004617176381760779,0.07550256008216559,0.9198802646380699
3559,Women empowerment, تمكين المرأه لايعني تهميش الرجل ودوره ومسؤلياته بل  مساوتها بالرجل في الحقوق وهذا  امر مهم وفعال لتطوير المجمع وانجاز الخدمات بصور مختلفة ورؤية جديدة وبالتالي يسهم في زيادة التطور كل الشكر لسمو الامير محمد حفظه الله على هذا التمكين المشرف وال,2,2,Favor,Favor,0.9586238640686393,0.1840859925728011,0.003416667311275383,0.03795944812554651,0.9586238640686393
3560,Women empowerment, مو المفروض كتكريم للمرأة في الوظائف وضعها ضمن طاقم نسائي في المجمعات🤔 او تكون وظائف الرسبشن او النادل او المكاتب او التمريض للنساء اما تحشرهم في مستودع مع رجل واجنبي هذه إهانة ولا حق تمكين المرأة,2,2,Favor,Favor,0.5004436306040383,1.0362840154787003,0.2218517084425712,0.27770466082337997,0.5004436306040383
3564,Women empowerment,  ههههههههههه  مين الرجال علشان يقطعونه ههههه اللي اصدر نظام تمكين المراه يقدر يصدر نظام يلغيه والا انا غلطان,0,0,Against,Against,0.4685835758876814,0.8869608689232112,0.4685835758876814,0.46724471754457464,0.06417171287982988
3565,Women empowerment,#تمكين_المرأة #المراة_السعودية_قاضية كمية صياح ذكوري في التايم لاين على قرار تمكين المرأة في القضاء، مابالهم الشكاؤون البكاؤون😂؟ بالنهايه المكان راح يروح للاجدر والاكفئ سواء ذكر او انثى، بس هم يحبون وضعية الضحيه المغلوب على امرها 😉,2,2,Favor,Favor,0.7442605167358873,0.7136522445222436,0.06512032035741856,0.19061913272833833,0.7442605167358873
3566,Women empowerment, وترشيح نفسها لعضوية رئاسة البلدية، وهنا نجد أن تمكين المرأة السعودية ودعم قدراتها بالتأهيل وإتاحة الفرص جعلها شريكًا حقيقيًا فاعلًا في بناء الوطن والتنمية.,2,2,Favor,Favor,0.892659743421768,0.37437800388674003,0.010091027080484203,0.09724923175082378,0.892659743421768
3567,Women empowerment,    مع تمنياتنا بالتوفيق، استفزنا التصميم الذكوري للبوستر. إنت النجمة الأهم في الصورة مع كامل الاحترام للنجم أحمد عزّ، لكن يبدو أن الدراما العربيّة ما زالت مصمَّمة لإبقاء النجوم الرجال في المقدمة. تمكين ال,2,2,Favor,Favor,0.6818038716715953,0.8456408476002819,0.16725270185106006,0.15094341004137482,0.6818038716715953
3570,Women empowerment,  بالله ايش رأيك...اتوقع بعد كم سنة الموضوع هذا يصير عندنا من الشرع ويطلع له دليل... كله من أجل تمكين المرأة...او بالأحرى تشييخها...,0,0,Against,Against,0.4903620619051885,0.8718222892483543,0.4903620619051885,0.45248944665544066,0.05714846424449496
3572,Women empowerment,والجروح اللي بداخلنا كيف تشفى وانتوا قامعين النساء ومازلتوا قامعينهم و مستخدمين برجوازيات لكذبة تمكين المرأة ,0,0,Against,Against,0.9130939137628091,0.3552743779047325,0.9130939137628091,0.03993644745922043,0.04696963439272375
3576,Women empowerment,كلمات في تمكين المرأة السعودية المتفانية والطموحة والناجحة  انضموا إلينا على حساباتنا على مواقع التواصل الاجتماعي للاحتفال بالمرأة الطموحة التي تعمل على تحسين حالة رعاية السكتة الدماغية في المملكة العربية السعودية!  #اليوم_العالمي_للمرأة #InternationalWomensDay ,2,2,Favor,Favor,0.9051442851461555,0.3274462378813633,0.0031479216127049668,0.09170781372115686,0.9051442851461555
3581,Women empowerment, الاسواق المطاعم الكافيهات  لازم مساواه زي تمكين المرأه,2,2,Favor,Favor,0.802562763797061,0.5842784611769426,0.03197891701174495,0.16545835103534337,0.802562763797061
3582,Women empowerment,#فضاء_سيبراني_آمن_للأطفال  كذلك لتحقيق اهداف تمكين المرأة السعودية وحماية الطفل السعودية تماشياً مع رؤيتنا 2030,2,2,Favor,Favor,0.9327793904019922,0.26844140576085607,0.006813242773165618,0.06040737408169992,0.9327793904019922
3583,Women empowerment,MENTION تحيا مصر قيادة وشعبًا؛ على هذا القرار السديد  تمكين المرأة يسعد المرأة لا يغضبها فمن تشعر بغير ذلك  فهي عدوة نفسها قبل أن تكون عدوة لغيرها من النساء  وهذا ما يسمى بالاعتلال النفسي  لذا أنصح بشدة لمن يعانون من هذا الاعتلال الذهاب إلى طبيب نفسي حتى تتماثل للشفاء..,2,2,Favor,Favor,0.9118049822559,0.3384926228217636,0.01495791419435576,0.0732370499900263,0.9118049822559
3584,Women empowerment, جهود مباركة و موفقة مع معقل المرأة السعودية جامعة الأميرة نورة بنت عبدالرحمن .. معا لتحقيق تمكين المرأة في ظل رؤية المملكة ٢٠٣٠,2,2,Favor,Favor,0.948177983673978,0.21523842418791087,0.002976313484393465,0.04884572392028135,0.948177983673978
3586,Women empowerment,جانب من مشاركتي إدارة جلسة دور الإعلام في تمكين المرأة وملامح من الخطة الخمسية العاشرة بجمعية المرأة العُمانية في صور وتنظمها جمعية الصحفيين العمانية بالتعاون مع وزارة الاقتصاد ..     #مساء_الخير ,2,2,Favor,Favor,0.8989364751016563,0.339773114452394,0.002676459896355136,0.09838705975878638,0.8989364751016563
3587,Women empowerment,جمعية الصحفيين العمانية تنظم جلسة حول (دور الإعلام في تمكين المرأة وملامح من الخطة الخمسية العاشرة) بصور  ,2,2,Favor,Favor,0.8248756172134987,0.48842448584619474,0.005517045705132979,0.16960731373902826,0.8248756172134987
3588,Women empowerment,مانعرف وش يقصد هالتاق لكن نقول نسأل الله السلامه والسعوديه معطيه النساء اكبر من حقها وخاصة في موضوع تمكين المرأة وخلطوها مع الرجال بالوظايف وهي انثى ،الله يصلح حال المسلمين ويهلك الكفار والمشركين والملحدين اعداء الدينن #ايقاف_التمييز_الجنسي,0,0,Against,Against,0.7364821340885475,0.7279107807754499,0.7364821340885475,0.06870201386173135,0.19481582391187865
3591,Women empowerment,غدا نحتفل بـ #يوم_المرأة_العالمي  يعد تمكين المرأة أمرًا بالغ الأهمية لإعادة البناء بشكل أفضل بعد #COVID19  انضم إلينا غدا حيث نسلط الضوء على بعض الموظفات الرائعات لدينا اللواتي يعملن بلا كلل لتقديم المساعدة الغذائية ودعم التغذية والمزيد  #IWD2021 ,2,2,Favor,Favor,0.8414327437246238,0.464246895373169,0.006446822843951123,0.1521204234858907,0.8414327437246238
3596,Women empowerment,مبادرة 8مارس  من الهيئة السعودية للمحاسبين القانونيين   تمكين المرأة في مهنة المحاسبة  تحت شعار #محاسباتنا_كفو   -أنتِ محاسبة ؟  -        أنتِ كفو 👍🏼,2,2,Favor,Favor,0.8776921417711085,0.39210952939059973,0.004914510609264992,0.1173933429675575,0.8776921417711085
3600,Women empowerment,حلقتنا القادمة من بودكاست عقال 🙏 حلقة تطرقنا فيها للكثير من المواضيع أهمها تمكين المرأة السعودية في مجال العلوم والأبحاث 👍 كنا بالقرب  ,2,2,Favor,Favor,0.9032724172046471,0.3344391602933011,0.00398346594161508,0.09274409075063886,0.9032724172046471
3603,Women empowerment,في ظل #تمكين_المرأة بودّي لو أمكنهنّ جميعًا.,2,2,Favor,Favor,0.7786005191827747,0.6531471449475147,0.055325252693444835,0.16607416413496978,0.7786005191827747
3604,Women empowerment,#المرأة في عالمي عطاء ونعمة احمدالله عليها كل يوم ، شكراً لوالدتي مثال العطاء ولخواتي ولزوجتي وبنات اختي وبناتي وكل أمرأة في وطني، ولكل من ساهم في تمكين المرأة وخدمة الإنسانية وعلى رأسهم سيدي خادم الحرمين ومهندس الرؤية سمو سيدي ولي العهد.  #اليوم_العالمي_للمرأة,2,2,Favor,Favor,0.9328986792953929,0.2714455069716774,0.008433002123095912,0.058668351775508,0.9328986792953929
3611,Women empowerment,ارى ان الدولة ممثلة بالحكومة الجديدة يجب ان تضع خطة إعلامية وفاعلة في جميع هيئات الدولة وإعلامنا ل #تمكين_المرأة والأخذ بيد السيدات ذوات الخبرة والناشطات في كافة المناحي وصولا الى التمثيل البرلماني بعد الخيبة التي منيت بها المرأة في صناديق الاقتراع ! #انتخابات_مجلس_الامة_2020,2,2,Favor,Favor,0.8827411998275265,0.41499691283932794,0.02000517233611786,0.09725363499346999,0.8827411998275265
3618,Women empowerment,بعد القضاء على ربع #الفساد لدينا كثرت الوظائف الشاغرة في القطاعين الخاص و العام و تم تمكين المرأة لتكون عنصر إجتماعي مهم .. مقبلين على خير بإذن الله بقيادة حكامنا حفظهم الله .. #محمد_بن_سلمان #السعودية_العظمى #قمة_الخليج #العلاء,2,2,Favor,Favor,0.9276938953787428,0.2804557714096183,0.006089098886022777,0.06621699155836144,0.9276938953787428
3619,Women empowerment, معاك انا في موضوع الكهرباء اما تمكين المراة اكثر من كذا!؟,0,0,Against,Against,0.7185819916447271,0.7610341543657452,0.7185819916447271,0.2027491059707865,0.07866889635236132
3624,Women empowerment, نبارك للفاضلة الأستاذة #هيفاء_الخايفية    بالنسبة لي لا فرق بين المرأة والرجل والإنجاز يسجَّل باسم تمكين المواطن العُماني 🇴🇲 الجدير في الوظائف القيادية. إن شاء الله نرى مستقبلاً تعميناً للوظائف القيادية بنسبة ١٠٠٪.,2,2,Favor,Favor,0.9277451899515019,0.2819261899765908,0.00677954656573973,0.06547526662546257,0.9277451899515019
3630,Women empowerment, انا مايحوم كبدي الا تمكين المرأة و واول سعوديه  والنسويه بصفه عامه 🌚🤝,2,2,Favor,Favor,0.8431131972812729,0.5261048067498196,0.042488330083800874,0.11439848969585871,0.8431131972812729
3632,Women empowerment,رؤية ٢٠٣٠ واقع يتحقق رأينا ذلك في تمكين المرأة في جميع المجالات، دعم المجالات الصناعية التجارية المالية ،دعم أسرنا القوية المنتجة، إدخال التكنولوجيا في الصحة و إطلاق تطبيق صحة و خدمة موعد ، لا ننسى أستحداث التخصصات الجديدة بالجامعات.   أفتخر بأنني سعودية💚.  #رؤية_2030_واقع_يتحقق,2,2,Favor,Favor,0.9460980561706105,0.2285023733661476,0.005918083066474002,0.04798385614784215,0.9460980561706105
3633,Women empowerment,MENTION MENTION MENTION MENTION MENTION MENTION ربئي يا ربئي! يعنني بدوية الساس والمنشى تنعتهم بالذكور وتحتمي بمتابعينها الذكور  الحكومة تتحمل توابع تمكين وتدليل وتفضيل وأشهار المرأة والتي لم نرى نتائجها في كثير من النساء الا في قلة الحياء وقلة الأدب والمسخرة وتدني الاخلاق وسواء بالحياة العامة او بمواقع التواصل وحتى في الوظائف,0,0,Against,Against,0.8392612021778558,0.5514815586418219,0.8392612021778558,0.07222367347575755,0.0885151139475108
3635,Women empowerment, الإيمان بالله تعالى    #تمكين_المرأة_في_خدمة_ضيوف_الرحمن,2,2,Favor,Favor,0.8748806932534844,0.41330104485500624,0.010598253827243026,0.11452106677096982,0.8748806932534844
3637,Women empowerment,بورصة الكويت و مبادرة تمكين المرأة ,2,2,Favor,Favor,0.6182985068914357,0.7382332820386304,0.01826574623585224,0.36343574545536167,0.6182985068914357
3638,Women empowerment,شكرا ل  ع تقديم الفرصه الجميله و المفيده لتنمية مهاراتنا التسويقيه و الابداعيه 😍😍😍 👏🏻👏🏻👏🏻 #التأهيل_المهني_والحرفي #ينبع #تمكين_المرأة,2,2,Favor,Favor,0.9192994978695372,0.2988087516789378,0.004847629503946711,0.07585289724870978,0.9192994978695372
3641,Women empowerment,MENTION هذي آخرة تمكين المرأة,0,0,Against,Against,0.885165296132052,0.43586125952720345,0.885165296132052,0.061140848819643295,0.05369384142909308
3642,Women empowerment,جلسة لدور الإعلام في تمكين المرأة وملامح من الخطة الخمسية العاشرة في #ولاية_صور .      ,2,2,Favor,Favor,0.8390593316631907,0.45955869284501355,0.003892336255275352,0.15704832694281762,0.8390593316631907
3643,Women empowerment,تمكين المرأة من المشاركة السياسية هو استثمار في مستقبل حقوق المرأة، حيث ستتمكن النساء من إحداث التغيير #بدي_حقي #womensurvivors ,2,2,Favor,Favor,0.8838551851980476,0.415723972458647,0.02212202802581531,0.09402276026285379,0.8838551851980476
3644,Women empowerment,#حديث الصحافة عن الجلسة الحوارية والتي كانت بعنوان ( دور الإعلام في تمكين المرأة العمانية وملامح من الخطة الخمسية العاشرة) ..    ,2,2,Favor,Favor,0.8633756505834407,0.4177734198278825,0.0042655062146406105,0.13235886889521337,0.8633756505834407
3645,Women empowerment,الولد ضد تمكين المرأة 😅 ,0,0,Against,Against,0.42943536479272637,1.0211897529101248,0.42943536479272637,0.411106385319399,0.15945828035236873
3649,Women empowerment,اعطيت الثقه والحرية الكامله في عصر تمكين المراة وللاسف قامت الموقوفه بالتخابر ضد وطنها ومساس امنها الوطني #لجين_الهذلول ,0,0,Against,Against,0.5494697309168167,0.9116336608672495,0.5494697309168167,0.08863283375961592,0.3618974500984607
3650,Women empowerment,لجين عبدالله الهذلول عضوا   اعطيت الثقه والحرية الكامله في عصر تمكين المراة وللاسف قامت الموقوفه بالتخابر ضد وطنها ومساس امنه الوطني #FreeLoujaiلجين_الهذلول ,0,0,Against,Against,0.45570722124796015,0.9351070648013335,0.45570722124796015,0.09112094990011894,0.4531718252045985
3655,Women empowerment,yeah it’s 2022 and this sh1t still among us!¡ اتساءل كيف ربط تمكين المرأة بإهتمامي بالفن الكوري الي أصلًا المُهتمين فيه افضل منه وامثاله بأضعاف   احنا الي كيف نحصّل عالم نظيف واعي والعnصRية والـtخلف هذا للحين في الناس URL,2,2,Favor,Favor,0.5923236620564405,0.8962482195049032,0.3135821034001944,0.09409421385247752,0.5923236620564405
3660,Women empowerment,"""تمكين المرأة""  يعني إشغالها بوظائف الرجال عن واجباتها الحقيقية من رعاية للابناء وتنشئتهم وحفظهم  وأول خطوات هذا التمكين هو: احتقار الأمومة وازدراؤها واعتبارها حالة بدائية أو حيوانية!!",0,0,Against,Against,0.8955151524756124,0.4070526685641147,0.8955151524756124,0.05545413180175472,0.049030697313096436
3663,Women empowerment,  تمكين المرأة لا علاقة له بالحجاب   إنما في مجالات عديدة كانت سابقا محتكرة للرجل   اكيد دولتنا حكيمة لن تضعها في موضع لا يناسب طبيعتها كأمرأة .  وهذا ما حصل بالفعل الحمد لله  وكثيرا منهم ما زالت متمسكة بالحجاب الشرعي ..,2,2,Favor,Favor,0.8958070874897118,0.3930356340100469,0.02627244143259564,0.07792046828494233,0.8958070874897118
3665,Women empowerment,MENTION قصدوا بالتمكين..ربط المرأة بحبل ماchن من خلال القروض وصندوق المرأه... اي تمكين في زمن البطاله.. في زمن المديونية.. اي تمكين ووجوه الطبقه المخمليه تدور من موقع إلى آخر,0,0,Against,Against,0.9083588320389919,0.3657622093048576,0.9083588320389919,0.03225487656276846,0.059386277391145874
3667,Women empowerment,يضحك علينا بكلمة تمكين المرأه اذا الكلام اللي كاتبه صحيح له اسم ثاني ما بقوله والسؤال وش استفدت من كل اللي صار مو حرام وحده مثل هذي تشوف نفسها ؟ وعليك وعتيبي بعد #قضيه_محمد_الحمودvsمودل_روز,0,0,Against,Against,0.5118984997515595,0.8003481151918529,0.5118984997515595,0.46000493435862455,0.02809655483230809
3669,Women empowerment,  (معروف انني مع تمكين المرأة) وما يهمني رايك واهتماماتك. الفكرة تطرح دون أي مقدمات لافكارك لأنها لاتهمنا. لان افكارك لم يكن لها دور فيما يحدث الآن.,2,2,Favor,Favor,0.5732644130251761,0.8990348893416134,0.3391089351932228,0.08762663878139285,0.5732644130251761
3671,Women empowerment," في اليوم العالمي للمرأة..أوجه تحية تقدير إلى المرأة في الإمارات والعالم..لقد وقفت بشجاعة وإخلاص في الخطوط الأمامية لمواجهة ""كورونا"" لتؤكد أن مستقبل المجتمعات يرتبط بالمشاركة المتساوية والفاعلة للنساء  والرجال..تمكين المرأة أولوية أساسية ف",2,2,Favor,Favor,0.9164215997866034,0.3016797042060323,0.003412591955754938,0.0801657937443349,0.9164215997866034
3675,Women empowerment,حصلت 145 طالبة على منح وقروض جامعية خلال العام 2020 بدعم من #التعاون.  هنّ بدأنّ ببناء مستقبلهن، بينما إحتفلت دفعة أخرى من الطالبات بتخرجها 👩‍🎓  تمكين #المرأة تمكينٌ للمجتمع بأكمله.  #يوم_المراه_العالمي  #يوم_المرأة  #تمكين #تعليم ,2,2,Favor,Favor,0.9273611925295134,0.2729397955511734,0.003009597671226453,0.0696291734160927,0.9273611925295134
3677,Women empowerment,ويسرنا دعوتكم لحضور ملتقى #سعوديات_تمكين_ورياده   للحديث عن انجازات وتمكن وريادة المرأة السعودية ومناقشة المستقبل الريادي للمرأة🧕💫 في جلسات حوارية مع مجموعة من الشخصيات النسائية المُلهمة✨  لحضور الملتقى عن بعد🔗  ,2,2,Favor,Favor,0.8743670413189442,0.3889126887944679,0.002158698898787691,0.12347424336372702,0.8743670413189442
3685,Women empowerment,MENTION نتيجة تمكين المرأة والانفتاح وأولويتها بالعمل,2,2,Favor,Favor,0.84638743808333,0.5322765124401698,0.06136854479624622,0.09224398712372414,0.84638743808333
3691,Women empowerment,    الوطن هو الامان والطمأنينة الوطن هو الحياه والامل الله يحفظ المملكه حكومة وشعبا ويديم نعمة الامن والامان  الإنجازات  تمكين المرأة السعودية في مختلف المجالات  تطور الاقتصاد أدارت المملكة أزمة كورونا بحنكة  ,2,2,Favor,Favor,0.9134148786289528,0.32275557857674264,0.008678193070061221,0.07790692240447926,0.9134148786289528
3692,Women empowerment,راما عشان الاغنية ماخلصت خلتنا ناخد لفة تاني وربي اشكر ام تمكين المرأة 😭,2,2,Favor,Favor,0.7513135766976213,0.6940535755475276,0.05642184828868617,0.19226455634576106,0.7513135766976213
3695,Women empowerment,تحية شكر وتقدير إلى المرأة في قطاع الإتصالات خاصة وإلى كل إمرأة في أي موقع كانت، بمناسبة #يوم_المرأة_العالمي. لقد أثبتت بإرادتها وروحها القيادية، قدرتها لا على منافسة الرجل، بل التكامل معه للنهوض بمجتمع أفضل. لا شك نجحت المرأة في تمكين دورها بنجاح في شتى المجالات عالمياً. #لبنان,2,2,Favor,Favor,0.9273484088204113,0.2822784582305303,0.006475753164446388,0.06617585818772612,0.9273484088204113
3696,Women empowerment,         مع دعم جميع المبادرات الإيجابية و تمكين المرأة ورؤية الوطن 2030 في رفع مستوى ثقافة الوعي والسلوك الصحي. بارك الله في جهودكن ّ.,2,2,Favor,Favor,0.9532805854377315,0.19898984783021767,0.0026756474406794393,0.044043772702426535,0.9532805854377315
3698,Women empowerment,"وبعدين تكلمت "" عن القصور المباشر في تمكين جهود المرأه ""  عن اي قصور تتكلم عنه !   الشعب بالسنين الاخيره شاهد دور المرأه عالصعيد السياسي سواء في مجلس الامه او حتى دورها في الحكومه ك وزيره   ف توجه الشعب والمجتمع وكذلك الحكومه يكون للاكفأ عزيزي بغض النظر عن جنسه 🙃",2,2,Favor,Favor,0.8880642356337896,0.42348462220351485,0.03995362940900615,0.07198216972765202,0.8880642356337896
3699,Women empowerment, جاي بوقت تمكين المرأة وتسليمها مناصب عليا تقلل من قدراتها وتسوي استفتاء عارف انه امنية كل جاهلة متخبطة بعملها ولايمكن تحقيق هالكلام الفاضي الموضوع بسوء الادارة النسائية في مجتمعنا له اسباب جذرية وعقد في انفسهن بسبب عدم الثقه والانتقاص منهن حتى ا,0,0,Against,Against,0.8717772209787538,0.46284766134706257,0.8717772209787538,0.04034533422960658,0.08787741942322325
3700,Women empowerment,MENTION لا مسوين تمكين المراه اعرف اخويانا وعقولهم علشان يضمنون بنت تفوز ويطلعون يتصورون معها,0,0,Against,Against,0.7116620363324838,0.8003621798294267,0.7116620363324838,0.14890039779508596,0.1394376000859671
3703,Women empowerment, اتفق معك كلياً. الحكومة فعلاً بدأت بقرارات شجاعة ولعل الهيئة، قيادة المرأة، تمكين المرأة، واخيراً المناهج لها وقعها الشديد على الرجعيين الا  أيضاً حذرة من ردات الفعل فيما لو اصدرت قرارات سريعة وحاسمة بوقت قصير,2,2,Favor,Favor,0.9187049738295796,0.3274264402691334,0.02013405776598681,0.06116099112930748,0.9187049738295796
3705,Women empowerment,في مسيرة تمكين المرأة السعودية تلك المسيرة المباركة  والمرأة السعودية تستحق ذلك التكريم وتلك الثقة  ولكن هل نراهن قريباً ( شيخات شمل قبائل ) 🤔 ونائبات  يجب ان يشاركن  في النسيج ( القبلي ) الأجتماعي  مجرد فكرة عبرت في مخيلتي 🤔,2,2,Favor,Favor,0.7242564241638303,0.7548904319162417,0.07992406816104057,0.1958194992543186,0.7242564241638303
3706,Women empowerment,تمكين تاريخي تعيشه السعوديات، وقفزة حضارية تبرز مكانتهن في المجتمع كمشاركات وقائدات في التنمية..  المرأة السعودية بعد تمكينها حلّقت عالياً في فترة زمنية قصيرة وأثبتت بعطائها تميّز إنجازها.  في زخم الاحتفاء بـ #يوم_المرأة_العالمي   كل عام وأنتن فخرٌ للوطن ومجتمعه ,2,2,Favor,Favor,0.9209407419008222,0.30199803330774244,0.007829423368108764,0.07122983496160526,0.9209407419008222
3707,Women empowerment,الحمدلله على نعمة تمكين المرأة أختي راحت تجيب عشاء,2,2,Favor,Favor,0.7845119543793051,0.5864859654415815,0.019460954693698865,0.1960270964410497,0.7845119543793051
3708,Women empowerment, مو فاهمة شو المشكلة، صحيح إنه مشاريع تمكين المرأة محصورة جدا عنا، بس هذا ما بيعني التقليل من جهد السيدات الي اهتماماتهم و هويتهم بهذا الاتجاه. بالعكس يعطيها ألف عافية.,2,2,Favor,Favor,0.8793860740642541,0.4360829744352414,0.03025481474939667,0.09035911972001319,0.8793860740642541
3715,Women empowerment,تزامناً مع #اليوم_العالمي_للمرأة نتحدث عن تمكين المرأة السعودية في ظل #رؤية_المملكة_2030.     #تمكين_العنود  #العنود_الخيرية ,2,2,Favor,Favor,0.8100458293077308,0.5012133800977538,0.0029122732711731347,0.1870419033781077,0.8100458293077308
3716,Women empowerment,دور المرأة في #رؤية_المملكة_2030    #تمكين_العنود #العنود_الخيرية ,2,2,Favor,Favor,0.8107271518335695,0.5265986054372466,0.010806624608447927,0.17846618138014564,0.8107271518335695
3719,Women empowerment,في يوم المرأة العالمي  كل عام وانتي مُلهمه وطموحة وقوية ومنجزة . كل عام وانتي أساس المجتمع. استخدم كود الخصم WOM10 واحصل على خصم فوري على الاجهزة الصغيرة ومنتجات العناية الشخصية.  #كوني_قدوة #تمكين #اليوم_المرأه_العالمي #هي_تقود ,2,2,Favor,Favor,0.8939519674603795,0.3724387779900683,0.01051040834258946,0.09553767247174405,0.8939519674603795
3720,Women empowerment,نحن نؤمن بأن جهود المرأة وابتكاراتها ساعدت على وصول قطاع التكنولوجيا إلى ما هو عليه اليوم، لذا في #تمكين_للتقنيات نفخر بأن ٤٢٪ من موظفينا نساء يلعبون دور هام في نجاحنا. #يوم_المراه_العالمي 🧕🏼 ,2,2,Favor,Favor,0.938260420210978,0.24419105301689176,0.0031577140057304103,0.058581826504855244,0.938260420210978
3721,Women empowerment,رحلتنا بدأت من هنا.. من نزل البستان بولاية #نزوى .. لنحلق نحو آفاقا جديدة 😍  #تمكين #تمكين_المرأة #إقلاع #نزوى ,2,2,Favor,Favor,0.8708886457054319,0.4063090813282109,0.005142965398610079,0.1239683838767112,0.8708886457054319
3723,Women empowerment,صباح الخير 💙  #صباحات_تمكينية #صباح_الخير #إقلاع #تمكين_المرأة #تمكين ,2,2,Favor,Favor,0.8628681949590004,0.4366198095391616,0.010431632435650134,0.12670013690614298,0.8628681949590004
3725,Women empowerment,مرحبا بكم في الحساب الرسمي لمؤسسة تمكين المرأة اليمنية ,2,2,Favor,Favor,0.7920114933411895,0.5368503943242731,0.00554563217478078,0.20244287738573813,0.7920114933411895
3728,Women empowerment,تم تدشين🎀منصة دعم المرأة البحرينية🎀 بالتعاون مع أعضاء وعضوات🌴#منتدى_البحرين_الاقتصادي🌴 بهدف تمكين المرأة بالفرص والمشاريع. 🌿يمكن للجميع مؤسسات وأفرادا الدخول مجانا لإعلان خدماتهم ومنتجاتهم لدعم المرأة. 🎀🌷وفقكم الله لخدمة المرأة والوطن 🇧🇭 🎀🌷 ,2,2,Favor,Favor,0.9094680553749825,0.31787795867556257,0.003282660633259737,0.08724926729265117,0.9094680553749825
3736,Women empowerment, هاذي على شان تمكين المرأة ، والمشكله الحريه عندنا تشمل كل شي الا السياسه وانتقاد القرارات ... هنا تقف كل أشكال الحريه 😂😂😂,1,1,None,None,0.658095475171784,0.8152704850368375,0.27214784302855216,0.658095475171784,0.06975665221777312
3738,Women empowerment, نعم وبكل تأكيد استاذتنا القديرة الدكتورو ريما  تمكين المرأة من خلال التعليـــــم يسهم في تحسين النفسية وتمتعها بروح مرحة متفهمة بسبب ان التعليم يعمل على تزويدها بالغــذاء الروحي والوجداني ويوسع من افاقها الفكريــه اضافة الى انه يمنحها الاستقلال,2,2,Favor,Favor,0.9379727285652166,0.25821458457408236,0.009010671465652034,0.053016587139175515,0.9379727285652166
3739,Women empowerment, انها البداوة الموحشة والجائرة و القفراء . انا لست مع التسيب والانفلات. كل حالة يجب ان تو'خذ على حدة. والتبين من حقيقة الامر .ربما الضحية تعاقب مرتين من الجاني والقريب! الحياة العصرية يحتم الاختلاط ولكن علينا ان لا نكون القاضي والجلاد في ا',1,1,None,None,0.7495616583103907,0.6789312577443307,0.20662443380660572,0.7495616583103907,0.043813921999877166
3741,Women empowerment,"""تمكين المرأة وتوفير البيئة المناسبة لها تمكين للمجتمع""  شكراً لكل امرأة ساهمت في أسعاد أسرنا  المستفيدة وحققت أهداف #ترميم التنموية ..  #يوم_المرأة_العالمي_2021  #المرأة_في_السعودية  #InternationalWomensDay ",2,2,Favor,Favor,0.9087980733497837,0.32454086958399,0.004948292201698754,0.08625360964894106,0.9087980733497837
3744,Women empowerment, بعد ما فعله ولي العهد من تمكين المرأة في كل المجالات ومساواتها مع الرجل في الحقوق اصبح ظالم؟ الاتباع الاعمى وترديد مايقوله بعض المغرضين الحاقدين دون النظر الى الواقع الايجابي قد يضرك,2,2,Favor,Favor,0.5895881000686778,0.8806384965803519,0.329576663976625,0.0808352827755982,0.5895881000686778
3746,Women empowerment,"حول ""المرونة في التجارب المشتركة"" تشارك السيدة توكل كرمان في افتتاح المؤتمر السنوي ""Women in Power"" يومنا هذا السبت 6 مارس 2021  والذي تنظمه جامعة هارفارد.  #توكل_كرمان #تمكين_المرأة ",2,2,Favor,Favor,0.8618680546419268,0.4198545768534377,0.0040534817971604655,0.13407849521959805,0.8618680546419268
3747,Women empowerment,"حول موضوع ""مكافحة العنف ضد النساء والفتيات"" تشارك السيدة توكل كرمان يومنا هذا السبت 20 مارس 2021 بكلمة افتتاحية في قمة الشباب البريطاني - الجنوب آسيوي.  #توكل_كرمان #تمكين_المرأة ",2,2,Favor,Favor,0.8466919127643067,0.4494635000198097,0.004715258222241834,0.1485928397999602,0.8466919127643067
3748,Women empowerment,ونحن نحتفل باليوم العالمي للمرأة، نفتخر بما وصلت إليه الإمارات من إنجازات مشرفة في مجال تمكين المرأة ضمن مختلف القطاعات وتبوء مكانة مرموقة بين الدول. ,2,2,Favor,Favor,0.9122541463370664,0.3078754970095785,0.0022831558432131922,0.08546272276203097,0.9122541463370664
3754,Women empowerment,الهيئة الوطنية لشؤون المرأة تعقد الاجتماع الافتراضي الثاني مع ضابطات وضباط الإرتكاز الجندري في الوزارات في إطار برنامج تمكين النساء  ,2,2,Favor,Favor,0.6791495420512474,0.6523751480519563,0.004783542500520889,0.3160669287181105,0.6791495420512474
3755,Women empowerment, بارك الله في جهود متخذي القرار في بلدنا الحبيبة اللذين لا يألون جهداً من تمكين المرأة وتفعيل دورها بعد عقود من التحجيم والإنكار لدورها الفاعل في المجتمع قامت خلاله بعض عناصر الظلام بمنعها من الظهور والمشاركة الإيجابية فالحمد لله ولدولتنا الحب,2,2,Favor,Favor,0.9454349610249002,0.22836401426086608,0.004959682723678196,0.049605311863430125,0.9454349610249002
3756,Women empowerment, عرفوا نقطة ضعف السعودية الحالية ومن ثم عرفوا من أين تأكل الكتف 😉  تمكين المرأة من السعودية يشمل كل نساء العالم وخصوصا المتبرجات,2,2,Favor,Favor,0.6288599920841442,0.8000246851417198,0.046717220140654867,0.32442279444483463,0.6288599920841442
3766,Women empowerment,"وجهة نظرها بتتغير و دا شيء كويس  أكم من ستات مشهورات بيخافوا يقربوا من جملة""تمكين المرأة"" عشان مايزعلوش جمهورهم URL",2,2,Favor,Favor,0.7977176319134336,0.6357504491316711,0.0728656015837224,0.12941674582655108,0.7977176319134336
3767,Women empowerment,أهمها تمكين المرأة اقتصاديًا وتدريب مليون سيدة على ريادة الأعمال 👍👍 تعرف على الخطة التنفيذية المقترحة للمشروع القومي لتنمية الأسرة المصرية ⬇ #TeNTV ,2,2,Favor,Favor,0.7287808295183504,0.6216577058668993,0.008322854219505318,0.26289636652222015,0.7287808295183504
3768,Women empowerment,تمكين المراة.. أحد استراتيجيات السيسي لبناء مصر 🇪🇬👏 #TeNTV ,2,2,Favor,Favor,0.8340622496236374,0.5048625374042643,0.01729888960394016,0.14863885768701865,0.8340622496236374
3771,Women empowerment,"MENTION هذا ليس جديد وهناك موظفات وايضاً عسكريات مجندات يعملن في الحرمين وفي قوات امن الحج والعمرة..السعودية متقدمة جدا جداً في تمكين المرأة  روسيا اليوم ببعض محرريها العرب ""غير المنصفين"" تريد أي خبر عن السعودية لتخلق الإثارة  حتى لو كان خبر توظيف روتيني نضعه في اواخر صفحات صحفنا المحلية",2,2,Favor,Favor,0.9433101376320512,0.24870014797691933,0.013347058311041505,0.04334281378571251,0.9433101376320512
3772,Women empowerment,MENTION الشغلة مو راكبة بس وش يفهم صاحبنا إن تمكين المرأة ما يكون بهذا الشكل  حشرها في كل قطاع وكل وظيفة  وصلت إلى طرد رجال فاتحين بيت لأجل يوظفون حرمة,0,0,Against,Against,0.8805083797371942,0.4483789916545965,0.8805083797371942,0.06436255326286533,0.05512904746094845
3773,Women empowerment,  بزمانه كان عنا مركز لدعم الشباب  ذكور و إناث وكان كتير ناجح  انا مع تمكين الطرفين وهالشي موجود  مثلا هلق في مركز ل آفاق بأطمة عبيشتغل هالشي  مراكز المرأة الهدف منها غير الشي الي دارج او مفهوم مجتمعيا  الهدف منها الوصول للأكثر ضعف,2,2,Favor,Favor,0.9016726489799551,0.3777314563843157,0.02555760116303145,0.07276973590572218,0.9016726489799551
3778,Women empowerment,MENTION بدون مجاملات تمكين المرأه هوه السبب الرئيس     تمكين المرأه أفرز كل هذي المشاكل الأسرية المتعلقة بالعزوف عن الزواج والهروب من مسؤولية البيت وهي الركيزة الأساس لخلية المجتمع وهي الأسرة … يتبع,0,0,Against,Against,0.8776613306670069,0.45621538620886715,0.8776613306670069,0.06411722218817974,0.05822140865680106
3779,Women empowerment,MENTION تمكين المرأه فتح باب التوضيف الغير مجدي للمرأة في بناء الأسرة فعزفن عن الوظائف المكملة للمجتمع المرتبطة إرتباط مباشر بصناعة الفرد والأسرة مثل التعليم في كل مستوياته والطب في كل تخصصاته .,0,0,Against,Against,0.8327142235571365,0.5584384454886121,0.8327142235571365,0.05634928493736822,0.11093643731341002
3780,Women empowerment,نستذكر من خلال #يوم_المرأة_العالمي النجاحات التي حققتها المرأة الإماراتية التي تستحق أن تروى وتسجل للأجيال القادمة.  تمكنت دولة الإمارات بجهود سمو الشيخة فاطمة بنت مبارك ودعم قيادتنا من تمكين المرأة ودعمها للمساهمة في مسيرة التنمية خلال تبوئها المناصب التي أوكلت إليها بكفاءة,2,2,Favor,Favor,0.9366190322363457,0.24684718934615285,0.0025452947700999365,0.060835683588633185,0.9366190322363457
3781,Women empowerment, من جد ازعجونا يقولون تمكين المرأه وهم مانعين الاجهاض وبعد يسمحون للبنات يموتون علشان الشرف ولا يقبضون عن اخوها الي مانعها من حريتة جسدها !!   ويجيك تعوسي يقول ان البنات ماخذين حقوقهم ، حقوق طل والله,0,0,Against,Against,0.8731476055099161,0.4665333923030951,0.8731476055099161,0.05290567408248749,0.07394672805962751
3783,Women empowerment,تمكين المرأه يبدأ من حمايتها من معنفها داخل العائله   افتحوا الملاجئ مع تقديم البرامج لمساعدة ودعم المعنفات وايجاد سكن خاص وتوفير العمل لهم..,2,2,Favor,Favor,0.8977527596344108,0.3665434499834781,0.011790043982640695,0.09045718385059531,0.8977527596344108
3786,Women empowerment, ههههه ما بتلاحظي انو صار تغول على الرجل قد ما صار تمكين المراه!! طيب افتحي انتي على اي دراسه تحكي عن العنوسه!  او عزوف الشباب عن الزواج.. طيب ما رح تلاقي لانو اي حد بفكر يعمل بتهاجم زي هيك.. اعملي انتي دراسه على نسبة العاملين باي شركه شوفي ال,0,0,Against,Against,0.828633166243989,0.576260723492342,0.828633166243989,0.09266012649619076,0.07870676757492547
3793,Women empowerment,في إشاعات عم تحكي عن تمهيد الطريق لأسماء الأسد لتكون رئيسة سوريا بدال زوجها!! تمكين المرأة في المجال الديكتاتوري 🙃,0,0,Against,Against,0.8737868422532236,0.46322532757223783,0.8737868422532236,0.07765249919095522,0.048560670608089176
3799,Women empowerment,  م عشان كدا الموضوع كلو انو في نسوان بعيون زرق كانوا مظلومين في القرن19th ولما انعدم الدين عندهم طالبوا بالمساواة والتحرر الجنسي وكانوا فاكرين أنهم حيساعدوا المرأة ولكن حصل العكس وبقت المرأة لعبة للرأسمالية مع تمكين شوية نسوان ارستقرا,0,0,Against,Against,0.8889017809073874,0.4256620486760599,0.8889017809073874,0.052657176500132415,0.05844102578608217
3800,Women empowerment,مشكلة #تمكين_المرأة من #الوظائف قد استفحلت في ديار الحرمين ووصلت الى حد قذر غير مقبول اجتماعيا. حينما يكون هناك مئات الالاف من الرجال الذين ينفقون على انفسهم واهليهم لايجدون #الوظيفة بسبب تمكين #المرأة من وظائف تشترى بها الفساتين وتدفع للكوفيرا ولوازم الميك اب فقد انهار #المجتمع.,0,0,Against,Against,0.9055553062276547,0.3771732051048108,0.9055553062276547,0.05405896722539242,0.0403857401076305
3802,Women empowerment,ويقولك تمكين المرأه ياخي يلعن ابو المرأه,0,0,Against,Against,0.7768594317685529,0.6693024271051987,0.7768594317685529,0.1535879234516254,0.06955259980789714
3805,Women empowerment, الحين ذا يدخل في إيطار تمكين المرأة بعد؟!!!!! الرجال تلعب لو فوسط الشارع بس المرأة ترقص ذا وشو ابفهم!! قلة حيا تحت غطاء الإنفتاح والا سربته تحت غطاء المساواة مع الرجل والتمكين 😑,0,0,Against,Against,0.618636212824261,0.840421500809676,0.618636212824261,0.31536662920639175,0.06599715321800338
3808,Women empowerment,احب البنات لما يجون الصيدلية و يقولوا اخيرًا فيها بنات و احس ام براود اني جزء من هدف تمكين المرأة 😌♥️♥️♥️♥️,2,2,Favor,Favor,0.8441552316349981,0.48108290787620633,0.014557688518404558,0.14128706580374234,0.8441552316349981
3809,Women empowerment,نبي تمكين المرأة بالبلديه URL,2,2,Favor,Favor,0.8816970743295081,0.4175237889104735,0.020150086873038,0.09815282028002277,0.8816970743295081
3813,Women empowerment,"مشكلة والله   علما بأنه متوسط عمر الزواج للإناث بعمّان ٢٨ سنة، والذكور ٣٢ سنة   من أعلى النسب في العالم  هذا ويقلك لساتهم ببداية طريق تمكين المرأة وتجريد الذكور من "" إمتياز الذكر ""  ",0,0,Against,Against,0.5699562046611989,0.8806658440873284,0.5699562046611989,0.3561208944211711,0.07392290579884218
3815,Women empowerment,"بمناسبة اليوم العالمي للمرأة.. النائب أسامة الشاهين يعلن عن عقد مؤتمر باسم ""تمكين المرأة والأسرة"" لمناقشة قضايا متعلقة بذات الشأن.   ",2,2,Favor,Favor,0.5429767175660957,0.7076150897392028,0.003019531513257997,0.45400377828389765,0.5429767175660957
3816,Women empowerment,بمناسبة يوم المرأة العالمي.. رئيس مجلس الأمة مرزوق الغانم يعتبر تمكين المرأة ضرورة قصوى من أجل التنمية المستدامة.   ,2,2,Favor,Favor,0.8956140126765393,0.3563387403049694,0.005563594003201178,0.09882241521501942,0.8956140126765393
3817,Women empowerment,"تحت رعاية رئيس #مجلس_الأمة مرزوق الغانم.. بدء فعاليات مؤتمر ""تمكين المرأة والأسرة"" الذي تقيمه لجنة شؤون المرأة والأسرة والطفل البرلمانية في مسرح المجلس.  ",2,2,Favor,Favor,0.8586824320297508,0.4221582465995425,0.0030746514237623705,0.1382429361608387,0.8586824320297508
3819,Women empowerment,أماني العيسى خلال الجلسة الأولى لمؤتمر #تمكين_المرأة تطالب بتفعيل قانون أولوية توظيف أبناء الكويتيات البالغ عددهم 20 ألفا. #يوم_المراه_العالمي ,2,2,Favor,Favor,0.8881402257078025,0.36448269373188974,0.0030786134549189094,0.10878118876134187,0.8881402257078025
3820,Women empowerment,رئيس مجلس الأمة مرزوق الغانم أثناء تكريمه للمشاركين في مؤتمر #تمكين_المرأة_والأسرة. ,2,2,Favor,Favor,0.894677632778812,0.34826275685483676,0.002451271674930629,0.10287107625496326,0.894677632778812
3822,Women empowerment,منتدى الحوار العربي الأوروبي يناقش تمكين المرأة في دول الخليج ,2,2,Favor,Favor,0.7598571829328677,0.5760898528272256,0.005140431133991081,0.23500244429335915,0.7598571829328677
3824,Women empowerment,يا زين أيام جواز السفر في ملف في درج بابا الله يرحمه ويا ويلها اللي تفكر تشيله من مكانه ... شستفدنا من تمكين المرأة إلا ضياع جوازها 👨🏻‍🦯👨🏻‍🦯👨🏻‍🦯,0,0,Against,Against,0.8874845334379873,0.4281292042196239,0.8874845334379873,0.046783941542052655,0.06573153356972769
3825,Women empowerment,موظفات #شركة_البحر_الأحمر_للتطوير يشاركن في ندوة إلكترونية بمناسبة #يوم_المرأة_العالمي بقيادة رئيس الحوكمة د. مريم فيكتشلو و أ.روان السبيعي لمناقشة طرق تمكين ودعم المرأة في بيئة العمل. ,2,2,Favor,Favor,0.9104076828909459,0.31626016200843293,0.0034648128479603767,0.08612747781069481,0.9104076828909459
3826,Women empowerment,#اسقاط_بقايا_الولايه296  أين تمكين المرأة مادام عمرها يضيع هدرا دون زواج أو أمومة أو أسرة بسبب اشتراط موافقة ولي أمر ذكر محدد على زواجها مهما كان عمرها وظروفها المادية والاجتماعية؟!,0,0,Against,Against,0.9031294581278089,0.38478132303077406,0.9031294581278089,0.053430783280223236,0.043439755803843946
3827,Women empowerment,#اسقاط_بقايا_الولايه307  كي نصدق تمكين المرأة يجب أن نراه لا أن نسمع به فقط، ومن أهم خطوات التمكين السماح للمرأة الراشدة بنيل حقها في الزواج وتكوين أسرة دون اشتراط موافقة ولي أمر ذكر محدد لزواجها.,2,2,Favor,Favor,0.885870708331103,0.4202557319772841,0.029474355653750093,0.08465494102628075,0.885870708331103
3829,Women empowerment,#اسقاط_بقايا_الولايه342  تمكين المرأة الراشدة من حقها في الزواج دون اشتراط موافقة ولي أمر ذكر محدد أمر ضروري لاكتمال مسيرة نيل المرأة كامل حقوقها المشروعة في المملكة، ولا سقوط حقيقي لمأساة الولاية ومخاطرها دون نيلها هذا الحق كاملا.,2,2,Favor,Favor,0.8898362856266969,0.41722422521341634,0.037079922190627675,0.0730837787456502,0.8898362856266969
3836,Women empowerment,ادوشونا بيوم المرأه ودعم تمكين المرأه ولمن جاء الواقع كل جهه تجاهلت الامور يطلع قوانين لا تعلم من اين ولكن يستخدمونها لدعم المرضى ذول  #الدفاع_الجوي_السعودي بلاها التطبيل اللي على كذب كلنا دارين انكم انقصفتهم  ورضخوكم اقلها تعالو هنا وغردو على سنع #معنفه_شروره_حي_الفيصليه,0,0,Against,Against,0.7270688201004235,0.711989896668262,0.7270688201004235,0.047295256358874334,0.22563587867506363
3837,Women empowerment,من أجواء الحفل الختامي ل #حملة_16_يوم_لمناهضة_العنف_القائم_على_النوع_الاجتماعي والتي تضمنت عدة أنشطة متنوعة ضمن مساحة أمان في منطقة الحراك، #درعا، للتأكيد على أهمية #المساواة بين #الجنسين وضرورة #تمكين_المرأة داخل وخارج المنزل وذلك بكتابة رسائل صغيرة (أنتِ الأساس، حقوقنا وحدة) ,2,2,Favor,Favor,0.8892781720853985,0.37163610199721187,0.006101126199642436,0.10462070649601454,0.8892781720853985
3840,Women empowerment,دعماً لتمكين المرأة في قطاع الاتصالات وتقنية المعلومات، ندعوكم للتسجيل في ملتقى تمكين المرأة بنسخته الثالثة، بحضور نخبة من #قائدات_التقنية  وذلك بالتزامن مع #اليوم_العالمي_للمرأة ,2,2,Favor,Favor,0.9096942749842214,0.3145171089799201,0.0024552158588998754,0.08785048639472952,0.9096942749842214
3841,Women empowerment,ضمن جهود   في تمكين وطن رقمي، وإيمانًا منها بأهمية دور المرأة في تحقيق ذلك، ندعوكم للتسجيل في ملتقى تمكين المرأة في قطاع الاتصالات وتقنية المعلومات بنسخته الثالثة (الافتراضي)   بادري بالتسجيل   #قائدات_التقنية #يوم_المرأة_العالمي,2,2,Favor,Favor,0.917213269858904,0.29757872405039987,0.0027466686500518893,0.08004005126963548,0.917213269858904
3842,Women empowerment,في #يوم_المرأة_العالمي نلتقيكم مع  في ملتقى تمكين المرأة في قطاع الاتصالات وتقنية المعلومات عبر سلسلة من الجلسات الحوارية مع نخبة من الخبراء و #قائدات_التقنية  سجل الآن 👇  ,2,2,Favor,Favor,0.7517548598380424,0.5832399377161553,0.0045842260626538745,0.24366091473862503,0.7517548598380424
3843,Women empowerment,طوري مهاراتك التقنية مع ورش العمل في ملتقى تمكين المرأة في قطاع الاتصالات وتقنية المعلومات المقدمة من      #يوم_المرأة_العالمي #قائدات_التقنية ,2,2,Favor,Favor,0.8746168842666387,0.4029185516868161,0.006444266314454321,0.11893888658259712,0.8746168842666387
3844,Women empowerment,بدأ الآن البث المباشر للملتقى الثالث لتمكين المرأة في قطاع الاتصالات وتقنية المعلومات، يأتي الملتقى بعدد من الجلسات الحوارية المُثرية تدور حول سبل تمكين المرأة في سوق العمل بما يحقق رؤية المملكة 2030.  #قائدات_التقنية #يوم_المرأة_العالمي ,2,2,Favor,Favor,0.9048352576102245,0.3248951003728845,0.0022283506647556165,0.09293639908617837,0.9048352576102245
3845,Women empowerment,موضوع تمكين المرأة يتقاطع مع كل الأولويات د.هلا التويجري    #قائدات_التقنية #يوم_المرأة_العالمي ,2,2,Favor,Favor,0.9096355819984291,0.31922960856873955,0.0038284661204547456,0.08653595797911186,0.9096355819984291
3846,Women empowerment,تمكين المرأة ودخولها لقطاع التقنية والاتصالات أصبح أمر غير اختياري لسد الفجوة الموجودة   أ. شهد عطار    #قائدات_التقنية #يوم_المرأة_العالمي ,2,2,Favor,Favor,0.9032363666760543,0.35275597314074336,0.011281972951877878,0.08548164528086503,0.9032363666760543
3847,Women empowerment,يعتبر تمكين المرأة من ركائز واستراتيجية قطاع الاتصالات والتقنية  أ. دانية أركوبي    #قائدات_التقنية #يوم_المرأة_العالمي ,2,2,Favor,Favor,0.9226491461883313,0.29230244659413523,0.005582693746401279,0.07176819392138112,0.9226491461883313
3852,Women empowerment, هي خطوة جريئة ومميزة في تمكين المرأة لتتولى المناصب بجوار الرجل ولاتقل المرأة السعودية شيئا عن نظيرتها فى دول العالم الآخر .. المرأة السعودية بنت رجال.,2,2,Favor,Favor,0.9575532704110281,0.19077824121974393,0.004875407657926263,0.037571359692091515,0.9575532704110281
3853,Women empowerment, النسوية ما استدرجت الشباب بالعكس كشفت الستار عن المجرمين ، ما ناخذ دور المظلومين ما دمنا اصحاب الحق لكن نوقف ضد الظالمين ، دولتنا العزيزة ضد الارهاب ، ضد العنف ، ضد الاغتصاب والتحرش ، ومع تمكين المرأة طبعًا !  وما تقدر تنكر هذي الحقائق ، يعني باخت,2,2,Favor,Favor,0.8475067535395333,0.532267268955334,0.07044068302521869,0.08205251608197166,0.8475067535395333
3856,Women empowerment,"مجلس المرأة فى محافظة رفح ينفذ مبادرة بعنوان ""تمكين المرأة الريادية فى سوق العمل فى ظل أزمة كورونا"". #شركاء_من_أجل_الوطن  #تيار_الاصلاح_حركة_فتح ",2,2,Favor,Favor,0.8289684626579589,0.494352665438989,0.009550581782314932,0.16148094189947002,0.8289684626579589
3857,Women empowerment,"بوجود #ولي_العهد تحقق معنى مقولة ""المرأة نصف المجتمع"" ورأينا تمكين المرأة في شتى المجالات واعطاءها حقوقها واصبحت تمارس اغلب النشاطات #على_حد_سواء مع الرجال  فشكراً #محمد_بن_سلمان   #المراه_السعوديه_قاضيه",2,2,Favor,Favor,0.9518788877965505,0.2059270927825313,0.003674229805703888,0.04444687172674115,0.9518788877965505
3858,Women empowerment,تيكا التركية تدعم تمكين المراة في #الجزائر 🇩🇿 🇹🇷  ⬅️قدمت الوكالة التركية دعما بالمعدات والالات (34 الة) لورشة معالجة التوابل التي سيتم إنشاؤها للنساء اللائي يعشن في مناطق بني مليكيشي وبوحمزة وإغيل علي في #بجاية.  ⬅️وبفضل المشروع ستتمكن 109 امرأة من إنتاج #التوابل في ورشة العمل. ,2,2,Favor,Favor,0.5319816866813126,0.7636311988964863,0.01684271736293994,0.4511755711942549,0.5319816866813126
3861,Women empowerment,MENTION في الاوان الاخيره صار بزياده مع تمكين المرأه و تسهيل اجراءت الانفصال و كثرة الطلاق   بصراحه صار الموضوع مقرف يحق للمقبلين العزوف عنه,0,0,Against,Against,0.8385511172358271,0.5532416427542782,0.8385511172358271,0.08839995008124485,0.07304896418758619
3862,Women empowerment,مشروع تمكين مهارات المرأة من خلال الفنون URL,2,2,Favor,Favor,0.6576533912214697,0.7246960912024077,0.022169661547477276,0.32017699397548566,0.6576533912214697
3865,Women empowerment,احد صور تمكين المرأة #يوم_المراه_العالمي  #يوم_المرأة_العالمي_2021 ,2,2,Favor,Favor,0.8818786182669545,0.385096215424091,0.005398575654815298,0.11272282053600545,0.8818786182669545
3867,Women empowerment, يفترض يكون في ملف التوطين كامل للجنسين مع التركيز طبعا على تمكين المرأة !!,2,2,Favor,Favor,0.9373344694370486,0.25983187851164286,0.008892090915281849,0.05377344076099346,0.9373344694370486
3873,Women empowerment,استقبل سفير #السعودية بأسبانيا  في مقر السفارة  المدير الإقليمي لمنطقة الشرق الأوسط في منظمة السياحة العالمية أ. بسمة الميمان. ونوه سعادته خلال اللقاء على ما توليه القيادة الرشيدة من أولوية في تمكين المرأة وتعزيز تواجدها في المناصب القيادية وفي المنظمات الدولية MENTION URL,2,2,Favor,Favor,0.9398873824841767,0.2399133533614858,0.0032477182739080483,0.05686489992334073,0.9398873824841767
3874,Women empowerment,"بالسعودية على مذكرة التفاهم بين منظمة السياحة العالمية ووزارة السياحة لإنشاء أكاديمية دولية بالتعاون مع المنظمة والموافقة على الترتيبات التنظيمية للأكاديمية.  وأضافت أنه في إطار مشروع مركز الصدارة ""centre stage"" جارٍ الإعداد والتنسيق لتنفيذ ورشة عمل تمكين المرأة ""المملكة الأردنية",2,2,Favor,Favor,0.9081141041926064,0.32517760062948897,0.004613799620683026,0.08727205639305624,0.9081141041926064
3875,Women empowerment,تمكين المرأة من العمل وفي مجالات ذات اتصال مباشر بميادين العدالة كالمحاماة والتوثيق وكتابة العدل والتحقيق في النيابة العامة بات حقيقة ، بعدما ان كان حلما يوما ما . شكرا وزارة  ,2,2,Favor,Favor,0.9366287119845975,0.2466301105648596,0.0024854713309773674,0.06088582246796172,0.9366287119845975
3876,Women empowerment, بسبب مصطلح تمكين المرأة صار عندي ٢ اولاد عاطلين في سن فوق ال ٣٠. ٢ بنات متوظفات.,0,0,Against,Against,0.7280648844406654,0.7237854273328341,0.7280648844406654,0.21569157211606824,0.056243524521033234
3881,Women empowerment, أنا فخورة بك أيها الوطن 💚شكرا بحجم السماء لك ي وطني العظيم  ولي أبونا وملكنا العظيم سلمان العزم  ولي سند شعبة الجبار العظيم فخرنا سيدي سمو الأمير محمد بن سلمان . لدعمهم في تمكين المرآة والفتاة السعودية اللي بفضلكم  أصبحنا في مقدمة العالم ,2,2,Favor,Favor,0.9492349004779499,0.21868500315368214,0.005744274263727648,0.04502083481513299,0.9492349004779499
3882,Women empowerment, قمة السعادة حين ارى تمكين المرأة بالعمل ف جميع المجالات بدون تفرقه .. ربي اجعل في عملهم خير وبركة لبلادي المملكة العربية السعوديه وتحت القيادة حفظها الله وعلى راسها سيدي خادم الحرمين الشريفين اطال الله بعمره وامده بالصحه والعافيه .,2,2,Favor,Favor,0.9545472663642927,0.20593353222838096,0.007924591387286,0.037528158422425774,0.9545472663642927
3884,Women empowerment,  لن ننسى جهودك دكتورة في المجلس  في تقديم التوصيات التي تساهم في تعزيز #تمكين_المرأة واعطاءها حقوق مواطنة مثلها مثل الرجل في امور لا تخالف الشرع.  لكن ما هو مؤسف ان جل قرارات الدولة لصالح المرأة رفضها المجلس من قبل تكتلات دينية ا,2,2,Favor,Favor,0.4868934620050316,0.924426564952962,0.42731685532796954,0.0857896512063985,0.4868934620050316
3885,Women empowerment, القافلة تسير والكلاب تنبح!  الى الامام يا بلادي 👏🏻👏🏻👏🏻🇸🇦🇸🇦🇸🇦 #تمكين_المرأة,2,2,Favor,Favor,0.8792685822782681,0.4129116271868636,0.014604699411881908,0.1061267608660679,0.8792685822782681
3886,Women empowerment,المرأة السعودية بفضل الله ثم دعم الدولة أصبحت عضو مجلس شورى، مديرة جامعة، وسفيرة.  أما آن الأوان أن نفخر بها كوزيرة؟  #تمكين_المرأة ,2,2,Favor,Favor,0.9206620375438677,0.3031606238835674,0.008034143351153034,0.0713037942627018,0.9206620375438677
3887,Women empowerment,  حظ كل الصغيرات والشابات في مقتبل العمر بالتغييرات الاجتماعية اللي شهدتها بلادي والتقدم الكبير في تمكين المرأة ونيلها حقوقها الوطنية المشروعة.  ما راح يعرفوا معاناة الجيل الحالي والسابق  من النساء الا من خلال الحكايات التي ستروى لهم. ,2,2,Favor,Favor,0.9416980888806742,0.23881862050319402,0.004786211622298473,0.05351573423724543,0.9416980888806742
3888,Women empowerment, دام عز سيدي ولي العهد وسدد خطاه.. المرأة السعودية في سنوات قليلة نالت حقوق شرعية ووطنية لم تناله الاجيال السابقة منذ نشأة الدولة. #السعودي_الجديدة جعلت من المرأة شريكا في التنمية والتطوير والازدهار  #تمكين_المرأة ,2,2,Favor,Favor,0.9424189110367217,0.2450804885822749,0.008917652881112426,0.04866340997154373,0.9424189110367217
3889,Women empowerment, هذا هو #تمكين_المرأه الذي يرعبهم ويخفيهم.. هم يريدونها ان تكون تبعا للرجل وتحت رحمته وسلطته.. وحكومتنا تريد أن تكون المرأة شريك في التنمية والازدهار  والأمن وتكون ذات ارادة واستقلالية عن الرجل وتمنح لها كافة حقوق المواطنة دون تمييز بسبب جنسها.,2,2,Favor,Favor,0.8834582216377134,0.4357504194655137,0.04131185771940075,0.07522995970001273,0.8834582216377134
3892,Women empowerment,أقامت اليمن أول نظام سياسي ديمقراطي في العالم، وشرعت في تمكين المرأة من الحكم ،دليل واضح على عراقة تتمتع بها حضارتهم، ثم يأتي فارسي لاتجمعهم به علاقات قومية ، ولاجغرافية ، ولاحتى دينية ليصدر لهم ثورة القمع، والتجهيل أيعقل هذا ياعرب !!!!.,2,2,Favor,Favor,0.5586533513419943,0.8323574495979403,0.045340940711542994,0.3960057316758996,0.5586533513419943
3894,Women empowerment,MENTION ططبعًا وكلها للنساء تمكين المرأة 😍💪💪,2,2,Favor,Favor,0.6240831502151674,0.9095050764316193,0.13864553279049197,0.2372713314247046,0.6240831502151674
3896,Women empowerment, لازم الشباب ينتبهوا من هل اشكال مهما تعمدوا استفزازك اوالتحرش فيك   تجاهلهم لانك بالنهاية انت الي بتروح فيها  وهي تطلع مثل الشعرة من العجين  مع التعويض.اكثر مجتمع فاهم تمكين المرأة غلط,0,0,Against,Against,0.700885673639507,0.7714771997920937,0.700885673639507,0.06884590941996485,0.23026839532172622
3897,Women empowerment,حشر النساء  في كل مجال حتى  مع افتقارهن للخبرة شيء مقرف   تتصل على شركات الشحن ترد عليك امرأة  شركات الإتصالات  كادر نسائي  في كل مكان لاتجد الا النساء  مفهوم خاطئ لفكرة تمكين المرأة,0,0,Against,Against,0.7166540957856784,0.7891874857675095,0.7166540957856784,0.16324858194167385,0.12009730991951753
3898,Women empowerment,مختصون يتنبؤون بانتعاش اقتصاد الوطن بعد قيادة المرأة  وعملها حيث أنها مرجحة على الأجنبي والمواطن في فرص العمل   لالتزامها وتحملها وقناعتها  #حقوق_المرأة  #حقوق_الطفل  #تمكين_المرأة  #سعودة #نسوية,2,2,Favor,Favor,0.8910400253360757,0.39106844573362126,0.0167361148974417,0.09222388071962336,0.8910400253360757
3902,Women empowerment,اذا كنتي موجودة بالبيت ٢٤ ساعة وكنتِ منغمسة في شغل البيت عن  زوجك و أولادك معنى هذا انك لستِ موجودة...!  غسالة الأواني ستنقذك من خسارة أشياء كثيرة الوظيفة  ، الزوج  ، الأبناء ، الجمال والأناقة ، الصحة و اللياقة #حقوق_الطفل #حقوق_الإنسان #تمكين_المرأة,2,2,Favor,Favor,0.8339620716468328,0.5451749855374283,0.043629934945970665,0.12240800795951956,0.8339620716468328
3904,Women empowerment,لن يغير واقع فتاة ما المصباح السحري  قد يكون التغيير عابر  فلا أحد يدري!!!!  لذلك فتاة المستقبل اصنعي نفسكِ بنفسكِ وانفضي عنكِ غبار العبودية  #تمكين_المرأة #حقوق_الإنسان #حقوق_المرأه_مطلب #عقلانيون #حقوق_الطفل #حساب_المواطن,2,2,Favor,Favor,0.5167006184338494,1.002307254619414,0.3191192789877031,0.16418012979329533,0.5167006184338494
3905,Women empowerment,في الوقت الذي تقضي فيه امرأة ما في هذا العالم محندبة ظهرها على حوض الغسيل مستنشقة المواد الكيميائية والمنظفات فقط لأنها تقليدية في قرارتها؛ أنا أقضي وقتي في ممارسة الرياضةو تشكيل أوتاري وعضلاتي في الاتجاه المناسب #شكراً_غسالة_الأواني #حقوق_المرأة #حقوق_الطفل #تمكين #حقوق_الإنسان,2,2,Favor,Favor,0.6726355258104886,0.8575360817235795,0.18021198734160307,0.14715247475261267,0.6726355258104886
3908,Women empowerment, نطالب بوضع غرامة مشددة على رمي السيجارة المشتعلة تحت السيارات   #تمكين_المرأة,1,1,None,None,0.6814431350472612,0.7179507736340169,0.02688112524415705,0.6814431350472612,0.29167573351086123
3910,Women empowerment,MENTION الزلمة باعكم مع تمكين المرأة 🤣,0,0,Against,Against,0.4595067145273898,0.9859989937947633,0.4595067145273898,0.412257540512199,0.12823575433134166
3911,Women empowerment,في #يوم_المراه_العالمي نسلط الضوء على تمكين المرأة في #السعودية 🇸🇦 . . . ,2,2,Favor,Favor,0.8658732449122146,0.40955865282501747,0.003277367046015159,0.1308494170585847,0.8658732449122146
3914,Women empowerment,MENTION اللي بيشتكي مننا يروح يعمل زينا محروقين من بلاك يابنتي لانهم اشهر فرقه كيبوب في العالم واغانيهم مش عن الحب والذكور انما عن تمكين المرأه ده اللي خلاني ستان لبناتي ولجيني وبحب العضوات وبدعمهم كلهم غيرانين بسبب انجازات بناتنا بدل مايركزوا عالبينكز يروحوا يهتموا بمفضليهم 👑💅,2,2,Favor,Favor,0.8880812931970385,0.4280659670385231,0.056972604659412056,0.05494611781409441,0.8880812931970385
3916,Women empowerment,المرأة هي نصف المجتمع فكلما تعزز دور المرأة تعزز دور المجتمع من تمكين و دعم  ويعد اهم عناصر رؤية رؤية 2030⁩ دعم المرأة وتمكينها فالمرأة فتحت لها جميع القطاعات وصرنا نشوف سيدات قياديات بالاجهزة   الحكومية وهذا كله بدعم من سمو #ولي_العهد ⁧الله يحفظه,2,2,Favor,Favor,0.9484230731801339,0.220467737107229,0.0054196858205263635,0.046157286587777735,0.9484230731801339
3917,Women empowerment,خس الله تمكين المرأة نحن سواقة مانعرف نسوق 😀,0,0,Against,Against,0.4747973054882347,1.0259419349307835,0.4747973054882347,0.3504710473389409,0.1747316634835397
3922,Women empowerment,المساواة كانت خدعة انخدع بها الرجال في زمن مضى الواقع أن الهدف النهائي تمكين المرأة,0,0,Against,Against,0.9145015218298407,0.3512375850314119,0.9145015218298407,0.04373540596273489,0.04176306279894415
3923,Women empowerment,الولايات المتحدة الأمريكية كانت من أغنى دول العالم ولا زالت من عشرات السنين لكن معدل الخصوبة عندهم انخفض إلى 1.73 وهو أقل من معدل الاستبدال 2.1 تزامنا مع دعوات تمكين المرأة المتزايدة,0,0,Against,Against,0.8393796576632213,0.5225883035888067,0.8393796576632213,0.12738520421316904,0.03323510524491443
3924,Women empowerment,الذكورية إجمالًا تخالف توجهات الدولة في تمكين المرأة والمساواة بين الجنسين لهذا يكتب الذكوريون في السعودية بأسماء مستعارة والذكوريون في الدول العربية يكتبون بأسمائهم الصريحة لأنهم يأمنون من ردة فعل دولهم  ما أدري هذي التغريدة سذاجة أم خبث؟ ,1,1,None,None,0.6198935013127196,0.9000307152764654,0.11857499971409803,0.6198935013127196,0.26153148668336806
3945,Women empowerment,  كلام فارغ تمكين المرأه اولا يكون بما وافق طبيعتها وليس على حساب دور الرجل في المجتمع الذي خلق من أجله . + تمكين المرأه يكون بتوظيف العاطلات + الغاء الضريبه الورديه + اغلاق دور الرعايه + تصحيح وضع ابناء السعوديه + بقاء راتب المتقاعد,0,0,Against,Against,0.6838560655619946,0.8099565560335757,0.6838560655619946,0.08702414115388324,0.22911984669685587
3947,Women empowerment,MENTION ماحصل هو انه تم تمكين المرأه واهمال الشباب,0,0,Against,Against,0.8490867733909088,0.5174774455318321,0.8490867733909088,0.10443191637446562,0.04648128147868606
3948,Women empowerment,MENTION 🤕ايص هزا گلام؟؟؟!!! وصلت عند (عدم تمكين المراة) وصدعت😣 دكتور المرة ما مسكت ادارة الا عثت فيها فساد  تضع نظام اصرم من النظام و تسن الية تنفيذ اعسر من تخيل اعسر رجل😖 صارت دعوة( الله لا يولي مرة) من الدعوات المكررة على لساني ومسامعي. هالطلاب رسبهم والضمير مرتاااح😇,0,0,Against,Against,0.940645925815706,0.2657244915143252,0.940645925815706,0.025453261122318233,0.03390083514261134
3950,Women empowerment, نقطة نظام بس ..  لان حنا بزمن تمكين المرأه ويوجد الآن كفاءات نسائيه يعتد بها فاستغرب ترؤس رجل لعمل نسائي؟!,2,2,Favor,Favor,0.8701707978423785,0.47599767604480514,0.06302676020906561,0.06680240839987817,0.8701707978423785
3954,Women empowerment,قطر / نظمت إدارة حقوق الإنسان بوزارة الخارجية،بالتعاون مع سفارة المملكة المتحدة لدى قطر،في إطار الاحتفال باليوم العالمي للمرأة ندوة حول تمكين المرأة في المجال السياسي والدبلوماسي،بهدف زيادة الوعي بالأدوار الهامة التي يمكن أن تقوم بها خلال عملها في المجالين السياسي والدبلوماسي. ,2,2,Favor,Favor,0.8956671609833929,0.35052183821094857,0.0037099408360669263,0.10062287403937889,0.8956671609833929
3955,Women empowerment,  استبداد واليوم قوانين تمكين المرأة تملئ الدنيا وتم تعيينها في كل المناصب  اظن نحن قاعدين نتكلم عن شماعة كانت قبل سنين مضت واليوم نقرا عنها في الكتب ونحاول ننتقم من الجيل السابق  ترا مصطلح الحرية ماله حد ولا ساحل يعني لو ي,0,0,Against,Against,0.8822180748037979,0.443858195625788,0.8822180748037979,0.06283411021975549,0.05494781078648987
3957,Women empowerment,كرست الدكتورة مريم مطر جهودها في دعم وتمكين قيادة المرأة والمساواة في العلوم والتكنولوجيا والهندسة والرياضيات ، ولتعزيز قضية تمكين المجتمع.     ,2,2,Favor,Favor,0.9073607775684879,0.35203842839000876,0.016521996471667272,0.07611722190790543,0.9073607775684879
3959,Women empowerment,  والله صادقه ضاعت الاسره بسبب تمكين المرأه,0,0,Against,Against,0.8659673482397094,0.4855687428589466,0.8659673482397094,0.07639527206452112,0.0576373537543694
3960,Women empowerment,"في 21 يناير 2021 وقعت وزارة الخارجية والتعاون الدولي 🇦🇪 مع مبادرة #ناديا_مراد اتفاقية تعاون بمساهمة بقيمة 500 000 دولار امريكي لتنفيذ برنامج ""تمكين المرأة وسبل العيش في قضاء #سنجار #العراق 🇮🇶  #المساعدات_الاماراتيه ",2,2,Favor,Favor,0.7980801794268976,0.5237620480564913,0.0042749308755654835,0.19764493111090922,0.7980801794268976
3961,Women empowerment,ضمن مبادرات تمكين المرأة، أشرف سعادة السفير سلطان علي الحربي على حفل تدشين بئر ارتوازي في جنوب السنغال بتمويل من هلال الأحمر الإماراتي، حيث أكد السفير التزام الدولة بتعزيز حقوق النساء والفتيات تقديرا لدورهن المتميز في مختلف مجالات التنمية المستدامة. ,2,2,Favor,Favor,0.8865853373444081,0.3672792306501098,0.0029519811010882023,0.11046267214496162,0.8865853373444081
3963,Women empowerment,احتفاءا بيوم #يوم_المراه_العالمي،  إعلام #الإمارات يوثق لإنجازات سعادة فاطمة خميس المزروعي، سفيرة  دولة الإمارات لدى مملكة #الدنمارك  كدليل على تمكين #المرأه وإعطائها حق تمثيل بلادها في الحياة السياسية والدبلوماسية. ,2,2,Favor,Favor,0.9150937382424786,0.3001128257122151,0.002012939991804613,0.08289333222635555,0.9150937382424786
3964,Women empowerment,"تأكيدًا لدور دولة #الإمارات الريادي في تمكين المرأة ناقشت سعادة فاطمة خميس المزروعي، سفيرة الدولة لدى #الدنمارك في اجتماع افتراضي مع السفيرة البريطانية والسفيرات المشاركات بمسابقة ""سفيرة ليوم واحد""  سبل التعاون لدعم وتشجيع الفتيات على الانخراط في العمل الدبلوماسي. ",2,2,Favor,Favor,0.9176709867698242,0.29316526930746245,0.0018217787613639908,0.08050727366386015,0.9176709867698242
3965,Women empowerment,سعادة السفير أحمد المنهالي يهنئ المرأة أثناء الكلمة التي ألقاها خلال مشاركته كضيف شرف في اجتماع بمناسبة اليوم العالمي للمرأة، من تنظيم الجمعية المكسيكية لسيدات الأعمال، وبحضور هيئات أخرى في مجال تمكين المرأة والمساواة بين الجنسين. 🇦🇪🇲🇽  ,2,2,Favor,Favor,0.918560703039069,0.2928835555785403,0.002340162089912538,0.07909912013478608,0.918560703039069
3966,Women empowerment,#غداً أنتم على موعد مع حوار جديد من #الرواق_الثقافي_السعودي_الإماراتي في موسمه الثاني حول واقع #تمكين_المرأة ، نسلط الضوء من خلال على ماوصلت إليه المرأة السعودية وشقيقتها الإماراتية من تمكين وقيادة غير مسبوقة. ,2,2,Favor,Favor,0.8788488742082399,0.37827181350195216,0.0017279557138299346,0.11942315526274014,0.8788488742082399
3967,Women empowerment,عقدت سعادة/ نبيلة الشامسي، سفير الدولة، لقاء مع رئيسة جمعية النساء المعنفات SOS وتم التحدث عن ضرورة تمكين المرأة في المجتمعات المحافظة والخطوات التي قامت بها دولة الامارات في هذا الخصوص لتمكين دور المرأة. ,2,2,Favor,Favor,0.9078045786451427,0.3193175316282281,0.00256861097136196,0.08962680836502525,0.9078045786451427
3968,Women empowerment,اجرت سعادة/ نبيلة الشامسي سفير الدولة ، لقاءا مثمرا مع فخامة/ عاطيفات يحياغا ، رئيسة جمهورية السابقة، حيث استعرضت مع فخامتها التعاون في مجال تمكين المرأة وبحث سبل تنميتها وتطويرها في جمهورية كوسوفو. ,2,2,Favor,Favor,0.9001476604010239,0.3490224266690407,0.006583908094787391,0.0932684579492485,0.9001476604010239
3973,Women empowerment,واستعرض السيد طلال في كلمته جهود حكومة وقيادة دولة الإمارات في مجال تمكين المرأة ودورها البارز في التنمية،والمناصب القيادية الهامة للمرأة الإماراتية في الدولة ودعمها لتمكين المرأة إقليمياً ودولياً.       #50MAWSP    #50MillionStrong #MOWCY,2,2,Favor,Favor,0.9111232156550834,0.31287376839462383,0.002948759151677463,0.0859280358482089,0.9111232156550834
3976,Women empowerment, إيجاد كاتبات عدل خطوة ممتازة في تمكين المرأة من العمل الوظيفي والمناصب القيادية  ونرجو أن نسمع عن وزيرة للعدل أو وكيلة لوزير العدل قريبا بإذن الله سواء من كاتبات العدل أو من الكوادر النسائية المميزة في وزارة العدل أو من خارجها  المرأة في وزارة الع,2,2,Favor,Favor,0.9534107111642833,0.19994564193148368,0.003177173568873085,0.04341212004989254,0.9534107111642833
3977,Women empowerment, الوقت الان اختلف، معظم المراهقات ومن هم اقل من ٢٥ سنة تجدينهم مع الفكر المتخلف هذا، ويجب ان يكون هناك من يضع لهم حد ويعلمهم مقدارهم وما لهم وما عليهم قبل ان يطغوا، خصوصاً الان في وقت تمكين المرأة وقدرتها على العمل ومنافستها للرجال بسوق العمل (و,2,2,Favor,Favor,0.9019706252228965,0.3842136465710908,0.03433201559636767,0.0636973864069311,0.9019706252228965
3980,Women empowerment,خمس سنوات من الإنجازات خمس سنوات من العطاء والنهضه على كافة المستويات،حتى أصبحت مملكتنا الحبيبة نموذجا للدولة الحديثة على جميع الأصعدة، ولاسيما تمكين المرأة ودعمها، كل هذا بفضل الله ثم بفضل الملك سلمان والقائد الملهم الأمير محمد بن سلمان حفظهم الله.  #رؤية_2030_واقع_يتحقق ,2,2,Favor,Favor,0.9216744906779826,0.29353961964448655,0.00510657663521188,0.0732189482000837,0.9216744906779826
3983,Women empowerment,يتحدث السفير   إلى الأهرام حول التعاون بين #المملكة_المتحدة و #مصر ، التجارة والاستثمار، COVID-19 ، التعليم ، تمكين المرأة ، COP26 وغيرها من القضايا الهامة  / 2537240.asp,2,2,Favor,Favor,0.755283348242493,0.6023748402411343,0.011343944569611384,0.23337269798744023,0.755283348242493
3990,Women empowerment," فتركت دورها العظيم ومسؤوليتها تجاه ابناؤها وواجباتها نحوهم.. واستمعت لنداءات حرية المرأة..تمكين المرأة.. استقلال المرأة.. تحقيق الذات .. ونست قوله ""والمرأة راعية في بيت زوجها ومسؤولة عن رعيتها"" ...والله ثم والله عندما نقف بين يديه سيسألنا ",0,0,Against,Against,0.8696668179234017,0.4769795742278139,0.8696668179234017,0.07014085172182809,0.060192317869111035
3992,Women empowerment,تمثل النساء والفتيات نصف سكان 🌎 وبالتالي نصف إمكانياته  إن المساواة بين الجنسين، إلى جانب كونها حق أساسي من حقوق الإنسان، أمر ضروري لتحقيق السلام وإطلاق إمكانيات المجتمع الكاملة. كما ثبت أن تمكين المرأة يحفز الإنتاجية والنمو الاقتصادي  #جيل_المساواة  ,2,2,Favor,Favor,0.8911306943741428,0.3803452237972375,0.01125822992891182,0.09761107931087878,0.8911306943741428
4010,Women empowerment,— بمُناسبة #يوم_المرأة_العالمي    نذكر الجميع بـقول الملك سلمان عن #المرأة؛   «المرأة هي مصدر التطور لأي مجتمع فمن غير تمكين المرأة من الصعب إصلاح المجتمع»  ولي العهد الأمير محمد بن سلمان؛  «أنا أدعم السعودية ونصف السعودية من النساء لذا أنا أدعم النساء»  #حملة_وعي #لنتعاون_معا ,2,2,Favor,Favor,0.9175956723506431,0.3103105124481295,0.007756045884862458,0.0746482951184374,0.9175956723506431
4011,Women empowerment,"— "" نسير بخطى ثابتة وواثقة نحو تحقيق رؤية السعودية 2030 التي وضع أسسها سمو ولي العهد الأمير محمد بن سلمان والتي تتضمن في أولوياتها «تمكين #المرأة»... ""     #حملة_وعي #لنتعاون_معا   ",2,2,Favor,Favor,0.9160079171771438,0.30135903900741406,0.003001276443539838,0.08099078390527681,0.9160079171771438
4055,Women empowerment,(عصر تمكين المرأة)  هو عصر تشتيت المنازل وتفريق الأزواج وكثرة المشاكل وانتشار العنف بين الأزواج ,0,0,Against,Against,0.8731684760603686,0.4612437122102645,0.8731684760603686,0.08427124951878882,0.042560260235178095
4114,Women empowerment,تمكين المرأة يعني فتح المجال لها للعمل في مجالات تناسبها و لكن كانت بالسابق محصورة على الرجال فقط. بس تمكينها يكون بناءاً على الكفاءة و المهارة و ليس علشان إنها امرأة فقط. لا أحد يطير بالعجة و يقول البنات سرو وظايف الشباب علشانهم بنات فقط!! ,2,2,Favor,Favor,0.8576765835103943,0.504880340386947,0.05677281321404808,0.0855506113642089,0.8576765835103943
4119,Women empowerment, ليس عصر تمكين المرأة . وإنما عصر تدمير الأسرة والمجتمع .ولكن غباء بعض النساء لايشعرن بذلك . بسبب نشوة الإنتصار الكاذب على الرجل .متى تعي المرأة المسلمة أن الهدف ليست هي وإنما مجتمعها كله ؟,0,0,Against,Against,0.8545210240082695,0.506885226956679,0.8545210240082695,0.09769651079268869,0.04778248431689636
