ID,Target,Text,True_Label_ID,Predicted_Label_ID,True_Label,Predicted_Label,Confidence,Entropy,Prob_Against,Prob_None,Prob_Favor
2,Women empowerment,الوضع صار بالسعوديه يفشل لا عاد فيه شركات صاحيه ولا مشاهير صاحين.  الوضع الحالي اقبح صور تسليع المرأه تحت مسمى تمكين المرأه!  #مقاطعة_شاهي_خدير,0,0,Against,Against,0.9976721280475089,0.018051142385219345,0.9976721280475089,0.0012029332913186886,0.0011249917117632298
5,Digital Transformation,   الفساد الإداري انهك البلاد ومازلنا نعتمد على السندات اليدويه لتحصيل الإيرادات لابد من التحول الإلكتروني وبذالك نظمن جميع الإيرادات,2,2,Favor,Favor,0.9958228999569323,0.029696790209291904,0.0028033279171034747,0.0013737699497613914,0.9958228999569323
14,Covid Vaccine,-البي بي سي ١٠ دول اوروبية توقف تطعيم اوكسفورد..  -اطباء الكويت التطعيم بريء وامن..!!  تسويق وترقيع على حساب البشر غير معقول!!  #لا_للحظر #كورونا #التطعيم ,0,0,Against,Against,0.9979533717470911,0.01585648400225651,0.9979533717470911,0.0005019754395263767,0.0015446518346784615
16,Digital Transformation,منصة مدرستي بتسرع عملية التحول للتعليم الالكتروني. الان تقريبا جميع الطلاب معهم اجهزة اتمنى بعد انتهاء كورونا يسمحون لهم يجيبونها للمدرسة.,2,2,Favor,Favor,0.9960315368915598,0.028515694614948905,0.001462772464945631,0.0025056754169761938,0.9960315368915598
17,Women empowerment,انا مع تمكين المرأة اصلا URL,2,2,Favor,Favor,0.5307605961384414,0.7024693199622701,0.46754582747710527,0.0016935977910135253,0.5307605961384414
27,Digital Transformation,«بنك مصر» الأفضل في مجال التحول الرقمي وخدمات الصراف الآلي والدفع الإلكتروني URL,2,2,Favor,Favor,0.9901487409251355,0.06099738107910023,0.0025951769721670103,0.007256086079864954,0.9901487409251355
32,Digital Transformation, نقل الاموال مكلفة وخطرة وطبع النقود بعد مكلف عشان كذا التحول للدفع الالكتروني. الكاش يضيع او ينسرق او يتلف,2,0,Favor,Against,0.5848493154898294,0.7196524382530898,0.5848493154898294,0.008373233406126205,0.4067774292118932
34,Digital Transformation,من خلال تقديمي لدورات وورش عمل #التجارة_الالكترونية #التسويق_الألكتروني #التحول_الرقمي هناك تنافس محموم بين #قوقل و #فيسبوك للاستحواذ على سوق الاعمال والأنشطة التجارية والتسويق مع وجود منافسين أقل قوة مثل #تويتر و #مايكروسوفت,2,2,Favor,Favor,0.5178532232165852,0.7438835601971779,0.01071267110682652,0.4714341198042718,0.5178532232165852
36,Digital Transformation, الحاجة الوحيدة اللي استفدنا منها بكورونا  المجهود الجبار و التحول الحكومي الالكتروني  مجهود يذكر و يشكر بكل القطاعات الحكومية توفير للوقت و الجهد وكذلك التعليم  وكل هذا خلال فترة وجيزة  شكرا لكل من شارك بهذا المشروع الجبار 👏🏼,2,2,Favor,Favor,0.9946406731616001,0.03693816733294304,0.003300336473424403,0.002058995529673075,0.9946406731616001
62,Covid Vaccine,#اخذت_جرعه_لقاح_ولا_باقي للاسف ماحولنا مراكز تطعيم اقرب شي بعد ١٥٠ كيلو وان اخذته انا غيري كثير من اهل الديره مايقدرون ياخذونه 🤷🏻‍♀️ ,2,1,Favor,None,0.7184066285266463,0.6195414976611647,0.004994799202827015,0.7184066285266463,0.27659853745357227
64,Women empowerment,"من أسباب ""تمكين"" المرأة المزعوم: ١-أن تستفيد الدولة الرأسمالية من الضرائب والأجور التي ستدفعها المرأة بجانب الرجل  أي ستتضاعف الضرائب والعائدات لخزينة الدولة من المواطن ٢-إلغاء الأسرة وترسية قيم الفردية والأنانية وأبوية النظام (النظام هو الأب والأسرة) بلغوا من تتشدق بـ ""أنا حرة""",0,0,Against,Against,0.9940190607406654,0.03851933661395757,0.9940190607406654,0.000595719572133888,0.005385160273712231
65,Women empowerment,✴️تمكين المرأة اليوم: ١-تمكين الوصول إلى واستغلال وامتهان وتسليع جسدها ٢-تمكين الوصول إلى مالها (الدولة) ٣-تمكين استغلال جهدها الجسدي والعقلي (استعباد) ٤-تمكين عزلها عن تكوين وإدارة وتربية أسرة ٥-تمكين الانفراد بها فكرياً ٦-تمكين تمردها وضلالها ٧-تمكين الشياطين والدجال منها,0,0,Against,Against,0.9980940675263855,0.015065493930192736,0.9980940675263855,0.0006528245958606299,0.0012531084970823774
79,Covid Vaccine,#لا_للتطعيم_الاجباري #ساحة_الإرادة #سأحضر_السبت_ساحة_الارادة  زورت الجناسي زورت الشهادات الدراسيه زورت رخص القيادة شيصير اذا زورت شهادات تطعيم #كورونا_الكويت #الكويت كلها تزوير بتزوير,0,0,Against,Against,0.9953748868849821,0.03162199217466517,0.9953748868849821,0.0008074811959807154,0.0038176295509411242
85,Digital Transformation, ممكن تفهمونا شنو التحول الالكتروني لو هو مجرد خبر,1,1,None,None,0.986080205428452,0.08168049360493872,0.004011216872039752,0.986080205428452,0.009908521732705131
91,Digital Transformation,   ثانيا انا ما قلت ان النظام الالكتروني او التحول الرقمي ما ينجح انا قلت يحتاج اشياء لدعمة اكثر.. و لتمهيد له.. الانتقال الالكتروني مجاله كبير و واسع التدريب الصح وتقوية الانترنت والشبكة الداخلية الرابطة كل الجهات مهمة ج,1,1,None,None,0.5291140718820277,0.7037374995635601,0.0018847871922084319,0.5291140718820277,0.46900117542562797
100,Digital Transformation,  صحيح فيه بعض الوظائف صارت قليله وبعضها اختفى ولكن ما اعتقد فيه شخص فقد وظيفته ممكن يستمر في نفس المجال ولكن بالشغل التقني   بالنسبة في السعودية اخر ثلاث سنوات دخلت وظائف جديدة ومختلفة ما كانت عندنا قبل وهذا راح يعوض نقص الوظائف ب,2,2,Favor,Favor,0.98362680341548,0.0948689656925258,0.007567791972259624,0.0088053917014294,0.98362680341548
102,Women empowerment,تمكين المرأة كرامة ومساواة ,2,2,Favor,Favor,0.9943341925101821,0.03887403161182361,0.0030312579269245812,0.0026345518700702465,0.9943341925101821
110,Covid Vaccine,  يا ذكاء هو نفسه نفس تطعيم الانفلونزا اللي نأخذها كل موسم مع ذلك يجينا المرض و ما يمنعه لكن تكون اعراضه اخف و الايام تكون اقل بإذن الله ، و مافي اي لقاح في العالم يحمي من الاصابة و بالنسبة للشيخ جته لكن بدون اعراض,2,2,Favor,Favor,0.9675512186865632,0.16335989949056726,0.010207085993685538,0.022241720365125648,0.9675512186865632
116,Women empowerment, تمكين المرأه  واخر شي جامعيه كاشير ؟ لو ما انتي محتاجه اجلسي ببيتك اعز لك واكرم  ايش الشيء الي بتجنينه من الكاشير لا هو مجال دراستك ولا فيه تطوير لك,0,0,Against,Against,0.9952323086141938,0.03319728847352567,0.9952323086141938,0.0014800776604449663,0.003287626144996446
120,Covid Vaccine, يارجال اي لقاحات مظروبه تطعمنى وجاتنا كورونا وش الفايده.والله تطعيم الافلونزا بالمستوصف افضل من اللقاح,0,0,Against,Against,0.9973433537538074,0.020079417213652487,0.9973433537538074,0.0008571792081704461,0.001799450552516214
122,Digital Transformation,  معنى كده التحول إلى التعامل الإلكتروني,1,1,None,None,0.9926369361384787,0.0477501135594674,0.0019460698783772086,0.9926369361384787,0.005416977559458065
123,Covid Vaccine,لا توجد اي وفيات للاطفال من كورونا  ليش يتم تطعيمهم  اذا نحن الكبار طحنا شهر تعب وحرارة وهذا من اعراض اللقاح الطبيعي فـ كيف بأجسامهم الصغيرة  اشوف انه من الاجرام تطعيم الاطفال خصوصاً ان مناعتهم قويه و كورونا صار ضعيف العالم باكمله اغلقوا سالفة كورونا واللقاحات الا نحن ليش يا ترى؟ URL,0,0,Against,Against,0.998922725502221,0.009157181689978514,0.998922725502221,0.0006599854783747009,0.0004172875022033998
127,Covid Vaccine,  واضح للأسف الجهل في حسابك وتغريداتك   الله يكون بعونك بس . وبلادنا اللي تدعي لها بالبايو هي اللي قررت تطعيم الشعب بلقاح كورونا ولقاح عنق الرحم .,1,1,None,None,0.9854098100601272,0.08601513213063425,0.008667726526823285,0.9854098100601272,0.005922442635196419
136,Women empowerment, تمكين المرأة في الحياة العامة وخروجها من منزلها فهذا يعني انتكاسة للمجتمع .. تمكين المرأة لتصبح قائدة ويتحول الرجل المسئول عن القوامة وقيادة المجتمع الى حبيس المنزل، من سيربي اجيال المستقبل وكيف تستقيم الحياة اذا كانت المرأة تعمل والرجل عاطل..ا,0,0,Against,Against,0.9973409659550679,0.01971000149843896,0.9973409659550679,0.0005010023297678986,0.002158077433224678
145,Digital Transformation, كما أصبح التحول إلى التعليم الإلكتروني مطلبآ ضروريآ ليساهم ويساعد في تنمية وتطوير مخرجات التعليم وسرعة وسهولة إيصال المعلومات والأنشطة والأهداف التعليمية,2,2,Favor,Favor,0.9955479585889799,0.03134638732770062,0.0030164324612299612,0.0014356316968881099,0.9955479585889799
148,Digital Transformation,#كلمه_للحب_الالكتروني ٤جي ما عاد تتحمل التعامل مع الحب الالكتروني لانها ضعيفه وبثها مو ثابت  يجب التحول فورا لخدمه ٥ جي لمواكبة السرعه ٠ URL,2,0,Favor,Against,0.7317158440541701,0.6912584671660242,0.7317158440541701,0.038151330580696904,0.23013281813724057
151,Women empowerment,#تمكين المرأة هو ناتج عن #الجهل  والاستغلال والمتاجرة بالمرأة  وهن يصدقوا العوبيطيات,0,0,Against,Against,0.9963352321661731,0.025421129822845376,0.9963352321661731,0.00037396157677035627,0.003290747589972031
152,Women empowerment,#تمكين_المرأة   يَٰٓأَيُّهَا ٱلنَّبِىُّ قُل لِّأَزْوَٰجِكَ إِن كُنتُنَّ تُرِدْنَ ٱلْحَيَوٰةَ ٱلدُّنْيَا وَزِينَتَهَا فَتَعَالَيْنَ أُمَتِّعْكُنَّ وَأُسَرِّحْكُنَّ سَرَاحًا جَمِيلًا,0,0,Against,Against,0.993305025040357,0.044467962291984256,0.993305025040357,0.004439552488388615,0.002255424499390474
156,Women empowerment,تمكين المراة  هو تسليع المرأة اخراجها من بيتها واقحامها بين الرجال تغسل سياراتهم وتوصل طلباتهم وبيجي يوم ويتم ابدال عمال النظافة بالحريم بحجة التطوع والعمل البيئي URL,0,0,Against,Against,0.997405388980891,0.01897287304522847,0.997405388980891,0.00030170442052130633,0.002292878770603264
157,Women empowerment, تمكين المراة,1,1,None,None,0.976019396834115,0.12383413998775188,0.020058574296942154,0.976019396834115,0.003922010905242374
158,Women empowerment, #تمكين_المرأة يوحي بأن الرجل كان مغتصب حقوقها ..!! 🙄  جعلتوا التفرقة العنصرية تصل إلى داخل بيوتنا بين الرجل والمرأة ..!!  🙄,0,0,Against,Against,0.9976305819857696,0.01784750005405598,0.9976305819857696,0.000453735391791017,0.001915740954574407
189,Digital Transformation,"#صباح_الخير في ظل التحول الرقمي الي قاعدين نعيشه هالفترة من دراسة وعمل عن بعد و حتى المعاملات الحكومية وفرنا"" دورة مبادئ الحاسب""وحنا معك خطوة بخطوة ابتداءاً من المواصفات الي تحتاجها في جهازك مروراً ببرامج الاستخدام وحماية جهازك وحتى المتصفحات والبريد الالكتروني   سجلوا الان ❤ URL",2,2,Favor,Favor,0.906050456011289,0.31966885550258634,0.0015961781112210902,0.09235338966534748,0.906050456011289
190,Covid Vaccine,كيف تقر أعينكم في النوم والعباد من حولكم يدعون عليكم؟ ضيقتم علينا بغير حق  كورونا عبارة عن انفلونزا فلماذا الإجبار على التطعيم؟ لماذا تطعيم أولادنا بدون موافقتنا؟ لماذا حرماننا من وظائفنا؟؟ والله لن يترككم الله. #الغاء_القيود_مطلب_سعودي,0,0,Against,Against,0.9975672395785351,0.018755842586440863,0.9975672395785351,0.0011612492282201598,0.0012715389586764937
203,Covid Vaccine,انحش #تطعيم_كورونا,0,0,Against,Against,0.9922037729417895,0.05031094941175249,0.9922037729417895,0.0022685593402589394,0.0055276821973684115
215,Covid Vaccine, انت لا تحتاج الا تطعيم لكن هم يحتاجون لحقنك .. هذه اتفاقيات دولية لموضوع اهم .. لا كورونا ولا فايروس,0,0,Against,Against,0.9906373738286272,0.059459489041049224,0.9906373738286272,0.004063055939657268,0.0052995562911569444
226,Women empowerment,"  يا رجال، الله سبحانه وتعالى قال ""وَقَرْنَ فِيْ بُيُوْتِكُنَّ"" وهذولا صاروا يتبعون خطوات الغرب، ومما أراه أمامي في عملي أن ""تمكين المرأة"" كذب رأسمالي هدفه القضاء على ما تبقى من الأسرة الطبيعية وتحميل المرأة ما لا تطيق وفتح أبواب الفسا",0,0,Against,Against,0.9983557046497178,0.013274376608095495,0.9983557046497178,0.0006224415392957547,0.0010218592228875907
229,Digital Transformation, ما كان فيه استراتيجية بس سوو كم مركز زي امن المعلومات والامن الإلكتروني وعشان التحول الرقمي بدأ العمل على الامن السيبراني من 4-5 سنين لا اكثر,1,1,None,None,0.9784474169598191,0.11880817756444409,0.012057063174641712,0.9784474169598191,0.00949556115239606
241,Digital Transformation,تشرفت بتنفيذ برنامج التحول الالكتروني باستخدام تقنيات التخزين السحابي لجميع المعاملات الداخلية لمنسوبي الكلية التقنية بأضم لتصبح كلية بلا أوراق بلا طابعات وبلا أحبار. URL,2,2,Favor,Favor,0.9952851859510223,0.03308142270816165,0.0017701881000110043,0.002944632370760398,0.9952851859510223
248,Covid Vaccine,عزيزي ابوجرعتين لما يوصلك مسج الجرعة التنشيطية لا تتأخر والا سوف يتم حرمانك من (الإمتيازات) الممنوحة لك من وزارة الصحة  ملاحظة : الإمتيازات هي حقوقك الطبيعية والتي كنت تمارسها في العام 2019 وماقبل مثل الدخول للمجمعات والصالونات والاندية والسفر  #حاااحااا #لا_للتطعيم_الاجباري URL,0,0,Against,Against,0.997544975722891,0.018760821427565154,0.997544975722891,0.0008073886966998564,0.001647653676959722
253,Digital Transformation, تبارك الجمعية الكويتية للإعلام الإلكتروني للمهندس ناصر بدر العيدان تجديد الثقة بمجلس إدارة الجمعية الكويتية لتقنية المعلومات وتزكيته نائباً للرئيس.. سائلين الله عزوجل ان يكون قد وفق في تحقيق اهداف الجمعية في توعية المجتمع ودعم التحول الرق,2,2,Favor,Favor,0.98679662247755,0.07638096465905528,0.0023154611799028413,0.01088794229303487,0.98679662247755
254,Covid Vaccine,بما ان اللي ياخذ تطعيم فايزر يصير مثليي الجنس واللي ياخذ لقاح اكسفورد يصير زومبي   هل معناه اللي ياخذ التطعيمين مع بعض يصير زومبي ترف !؟   #نرفض_اللقاح_الإجباري ,0,0,Against,Against,0.9970316153126884,0.022289035240416664,0.9970316153126884,0.0015906181440781333,0.0013777579177951169
259,Women empowerment,كره عظيم لكلمة تمكين المرأه 😕,0,0,Against,Against,0.9984866918435814,0.012387064712793366,0.9984866918435814,0.0007351416859662235,0.0007781610915558521
265,Digital Transformation,مع التوجه للدفع الالكتروني تم ازالة اكثر من 2000 صراف الي للبنوك واغلاق 60 فرع بمعدل ازالة صراف كل 8 ساعات وبعد 5 سنوات سيتم إغلاق الكثير من فروع البنوك بسبب التحول الرقمي.,0,0,Against,Against,0.9917922794110338,0.05262730088090953,0.9917922794110338,0.00572126942113732,0.002486494396677894
266,Covid Vaccine,(سمعت) (يقولون)  كلمات المرجفين والجبناء حول تطعيم #لقاح_كورونا,2,2,Favor,Favor,0.8430048768857703,0.5366952656075188,0.05559747366061946,0.1013976312447476,0.8430048768857703
268,Women empowerment,  ضد تمكين المرأه وضد اي شيء متعلق بالمرأه 😅,0,0,Against,Against,0.997405339830994,0.019269302275688974,0.997405339830994,0.0004707055460668245,0.0021239504358653806
270,Women empowerment,  تزوجوا قبلنا اقل من 20 وناضجين وفاهمين ان الحياة فيها صعوبات وعواصف لكن هذا جيل معرض للتسطيح من تلفزيون وسائل تواصل والنتيجة على ماقال ازمة فكر كل بلشان بالمسؤوليه يبي الهروب في اتفه سبب والنتيجه الطلاق وضياع الاسرة زد عليها موضوع تمكين ,0,0,Against,Against,0.9980684325029805,0.015318879459229839,0.9980684325029805,0.0011085150983158737,0.0008231026023981708
273,Women empowerment,    ضيف مميز 🤍اسأل سليمان عن تمكين المرأة لعبته هالمواضيع..,1,1,None,None,0.9645532118889819,0.1707326017023888,0.006947548471025849,0.9645532118889819,0.028499192834654095
274,Digital Transformation,إختبارات إلكترونية قصيرة عوضاً عن الإختبارات الإعتيادية في #جامعه_الملك_خالد  وذلك خلال فترة التحول إلى التعلم الإلكتروني URL,2,2,Favor,Favor,0.5080382952602568,0.709506396681086,0.002650464195464227,0.4893112456270952,0.5080382952602568
275,Digital Transformation,تماشيًا مع أهداف التحول الرقمي ورؤية المملكة 2030  #الجمارك_السعودية ترتبط بمنصة #التزام للربط الإلكتروني مع  وإتاحة إمكانية تبادل بيانات الموظفين والوظائف آليًا وبشكل آمن من خلال الشبكة الحكومية الآمنة. URL,2,2,Favor,Favor,0.9949898026809489,0.034927830636738585,0.0029460448693644867,0.0020641552364908835,0.9949898026809489
280,Women empowerment,تمكين المرأة السعودية يسير بقوة وثبات، ومشاهدة المرأة السعودية سفيرة ونائبة وزير ومجندة في القطاعات الأمنية والعسكرية، وفي خدمة الحرمين الشريفين وقاصيهما يدعوا للفخر. شكرًا للقيادة الرشيدة وللوطن الكبير العظيم 💚🇸🇦💚,2,2,Favor,Favor,0.9939910549064594,0.040259531377297084,0.004354801667939987,0.001654140722276799,0.9939910549064594
281,Covid Vaccine,"#سعوديون_يحذفون_توكلنا  وكأنه زحمة البشر ذي الأيام مو نفسها في الحج  بس هاه الحج لازم تطعيم كورونا اللي انتهى وماعاد يعتبر جائحة لكن العمرة عادي 🥲 ""تعرف ايه عن المنطق؟"" URL",2,1,Favor,None,0.8908837907299029,0.4114010563359107,0.07628390809170302,0.8908837907299029,0.032832278959541335
286,Covid Vaccine,اللي استغربه من حقين الانت فاكسز انهم يقولوا راح ناخذ تطعيم كورونا الين نموت على اساس انه شي جديد ذا مو تطعيمات الانفلونزا كل سنة وبعض التطعيمات كل كم سنة معينة وانه الموضوع تجارة وشغل الله يقهرهم ماعندهم حاجة صاحية يحاججون الناس فيها,2,0,Favor,Against,0.9873780251539218,0.07614960912799519,0.9873780251539218,0.007744439476702043,0.004877518701203778
290,Digital Transformation,  هلابك اخي العزيز ابراهيم .. طبيعي مع الجائحة والعودة للعمل الجزئي وفي ظل التحول الالكتروني لم يعد للفروع اهميه تستوجب تواجد الطاقم الاداري والوظيفي السابق .! هناك توصيه من مجلس الإدارة بهذا الخصوص تحديداً وسترى النور قريباً بإذن الله,2,2,Favor,Favor,0.9938600788136492,0.03958641915850512,0.0007080488290585891,0.00543190432115138,0.9938600788136492
299,Digital Transformation,عندما بدأت مدارس نخبة الغد العالمية بـ #ينبع برنامجها #التعليم_الإلكتروني قبل ثلاثة سنوات ودربت معلميها وطلابها على تطبيقه كان التحول إلى #التعليم_عن_بعد أسهل وميزها وميز طلابها وطالباتها عن باقي المدارس.    #yanbu_yeis #تعلم_عن_بعد  #الملف_الإعلامي_بوزارة_التعليم,2,2,Favor,Favor,0.9928644681590585,0.04683453450156717,0.004874189235413344,0.0022612770603503128,0.9928644681590585
312,Digital Transformation, يمكن أحسن وزير في الأفكار  لكن على مستوى التنفيذ يعتبر أفشل وزير تعليم في تاريخ وزارات التعليم على مستوى الكورة الأرضية!!! التحول الرقمي والتعليم الإلكتروني ميتعملش بفتحة الصدر كده خالص ✋🏼 وفيه تجارب لدول كتير  مش بقول كلام من عندي,0,0,Against,Against,0.9982528639111795,0.014004041096153908,0.9982528639111795,0.0010735744586200086,0.0006735117137703046
318,Digital Transformation, لعل من أسباب عدم التحول الى التصويت الالكتروني أن نظام الانتخابات صادر وفق تنظيمات وتشريعات وتم اول تعديل عليها ١٨٠٤  كما أخذ تطويرها عقودا من الزمن آخرها ١٩٦٠  وادلى ربع الناخبين ٢٠١٦ باصواتهم عبر البريد وزاد هذا العام بسبب كورونا   ولاشك ,1,1,None,None,0.9906715683906925,0.05882377976338039,0.0031006208875563684,0.9906715683906925,0.006227801361881691
326,Covid Vaccine,MENTION MENTION التطعيمات الي يطعمونها وهم صغار ماقروها الا بعد بحوث وبعدين الامراض الي يطعمونهم عنها امراض خطيره والتطعيم يحميهم بعد الله ولايصابون اما تطعيم كورونا لايحمي من الاصابه وكورونا اطفالنا جاهم واعراض خفيفه وش له التطعيم تقولون كلام مو فاهمينه,0,0,Against,Against,0.9966889016460426,0.024422904093469706,0.9966889016460426,0.001280723232387166,0.0020303506279282678
344,Digital Transformation,أنفقت #الدولة أموال بالمليارات لـ #التحول_الالكتروني في جميع القطاعات وأزمة #كورونا تحتم عدم التواصل المباشر بين الأفراد واستخدام الحلول التقنية لانهاء الملتطلبات المعيشة,2,2,Favor,Favor,0.9928064515782586,0.04749213465220699,0.0028441025965554386,0.004349431720783104,0.9928064515782586
347,Covid Vaccine, تطعيم الورم الحليمي وليس كورونا,0,0,Against,Against,0.9814317973626876,0.095394873183666,0.9814317973626876,0.01786814466722961,0.0007000757174689855
355,Women empowerment,"أحيي كلَّ نساء العالم ممَّن أعانوا أسرهن ومجتمعاتهن على النهوض  والصمود في مواجهة التَّحديات، أقول لهن ""شكرًا على ما قدمتموه"" وأدعو الجميع لبذل المزيد من أجل تمكين المرأة من العمل والمشاركة في الحياة العامة وتجريم تعريضها لأي عنفٍ أو ظلمٍ أو تهميشٍ، وضمان حصولها على حقوقها كاملة",2,2,Favor,Favor,0.9890610635509604,0.06414280043622435,0.009697384892054824,0.0012415702499564984,0.9890610635509604
367,Digital Transformation,🏹الأمر طبيعي جداً أن يُنشأ مركزاً للدفاع الإلكتروني في ظل التحول إلى الحكومة الرقمية فالنظام دون حماية ودفاع عنه ضد الغزاة المارقين أصبح أمر واجب وخاصة عندما تكون جاراً بلا أدب وأصيب بالشبع بعد فقر لأنهم لا يشكرون نعمة انعمها الله عليهم.  #مركز_الدفاع_الالكتروني,2,1,Favor,None,0.6727381737512184,0.8283109299591098,0.09382905405657797,0.6727381737512184,0.233432748837182
374,Digital Transformation,الدولة تمنع تجمع الأفراد وسكن العمّالة للحد من انتشار الفايروس  لكن البنوك ما همها  وهذا ثالث فيديو أشوفه للبنوك.  هذا في محافظة صبيا بجازان  -الحل شخص واحد ينظم في كل مصرف -الاكتفاء بصرافات السيارات -التحول الإلكتروني قدر المستطاع     URL,2,2,Favor,Favor,0.697447258729319,0.6671900285638884,0.013176557246101546,0.2893761992734168,0.697447258729319
380,Women empowerment, تمكين المرأة وتحقيق مبدأ المساواة، بالعمل على بناء مستقبل التوازن، يتيح لها فرصة المشاركة الفاعلة في الحياة العامة، والتنافس مع الرجل في مسيرة التنمية، ويجعلها قادرة على العطاء والإنجاز أكثر فأكثر ،، يستاهلون بنات الوطن كل خير  💚🇸🇦💚🇸🇦💚,2,2,Favor,Favor,0.9945907582191625,0.036742923713413735,0.003988950369089285,0.0014202502559199895,0.9945907582191625
389,Women empowerment,متى المجتمع يتخطى موضوع تمكين المراه ويتقبلونه ؟,2,1,Favor,None,0.9855167341394613,0.08227052368487592,0.0024350022006723046,0.9855167341394613,0.01204826066145496
391,Digital Transformation,التحول الإلكتروني ترسيخ استراتيجيات التنمية الحديثة  URL URL,2,2,Favor,Favor,0.9909537491960126,0.05765872622175465,0.005429933238181132,0.0036162954515533492,0.9909537491960126
405,Digital Transformation,قبل اكثر من ٣ شهور سحبت ١٠٠ ريال وقلت اخليها في السيارة في حالة اني احتجت كاش بأي وقت.. الى الآن ما انلمست  حتى بطايق الصراف وبطاقة الاحوال كلها ما انلمست من وقتها.. التحول الإلكتروني صار رهيب رهيب ماتحتاج تشيل بطايق ولا محفظة.. ماغير جوالك ومفتاحك فقط,2,2,Favor,Favor,0.9458518067119126,0.2466537237793349,0.020875811135613088,0.033272369895164945,0.9458518067119126
434,Digital Transformation,اليوم #الأخير من اللقاء التعريفي بمشروع #التحول_الرقمي في #الجمعيات_الأهلية في #الأحساء لمنسوبي مركز التنمية الاجتماعية بالأحساء وتطبيق عملي على #نظام_رافد_الإلكتروني استعرضت في هذا اليوم إدارة الشؤون المالية وإدارة البرامج والمشاريع في النظام واهم التقارير والإحصائيات URL,2,2,Favor,Favor,0.9834664210293681,0.08980085806518828,0.0017472454252848767,0.014786280873205543,0.9834664210293681
440,Digital Transformation,نقله نوعية لإدارة المراقبين والمنسقين بالاتحاد السعودي  من خلال اعتماد نظام My SAFF لرفع تقارير المراقبين والحكام بطريقة سهلة  ضمن استراتيجية الإتحاد في التحول الالكتروني لتطوير منظومة كرة القدم على مستوى المملكة كل الشكر للأخ معيض الشهري وفريق العمل على عملهم الاحترافي والمميز . URL,2,2,Favor,Favor,0.995620442811905,0.03096184619248294,0.0014886623565446577,0.0028909290597322205,0.995620442811905
465,Women empowerment,#موتمر_تمكين_المراه_2022   هل تتفقون معي ان المراة بدت تاخذ الوظائف على الرجال ؟   يعني كم شاب عاطل بسبب امراة كم بيت ممكن يفتح لو توظف هذا الشاب ؟,0,0,Against,Against,0.9956538861786773,0.02997850775656493,0.9956538861786773,0.0007544172850297128,0.003591651393096714
466,Digital Transformation, هذه الجريدة تحديداً لا تنفع الا سفرة اكل للعزاب او تلف فيها الاغراض القابلة للكسر اثناء النقل وبسبب التحول الالكتروني خسرت حتى الفوائد المذكورة سابقاً,0,0,Against,Against,0.9973106831995565,0.020265178345653723,0.9973106831995565,0.0018580891891992017,0.0008312048860498469
467,Digital Transformation, الكاش👎🏻👎🏻👎🏻 لابد من التحول الرقمي زي الصين يستخدمون وي شات و علي باي و يكون هناك تشديد من ساما على المتاجر لإضافة الدفع الإلكتروني,2,2,Favor,Favor,0.992668785721058,0.04621937175855571,0.0009769006341405278,0.006354315828394383,0.992668785721058
471,Women empowerment,أشعر بفرحة حقيقية مع كل قرار سيادي يدعم #تمكين_المرأة. كل قرار سيادي هو درجة أخرى على السلّم للوصول لكرسي الوزارة لسيدة من وطني ❤️🇸🇦,2,2,Favor,Favor,0.9964451279287838,0.025998210696242943,0.0021084250826395165,0.0014464718991596156,0.9964451279287838
477,Digital Transformation, بغض النظر عما حدث التحول الإلكتروني فيه توفير قيمة لكل شي من إنسان او وقود او زحمة طرق او عاجز او مقعد والفوائد لاتعد ولاتحصى 🙏,2,2,Favor,Favor,0.974893870385624,0.12942636513562553,0.020388356004292674,0.004717792266342117,0.974893870385624
479,Covid Vaccine,#من_حقنا_نرفض رغم تطعيم 60% من سكانها..ارتفاع حالات فيروس كورونا في جزر سيشل - CNN Arabic URL,0,0,Against,Against,0.9975509392241851,0.018566357052794406,0.9975509392241851,0.0018192181256346759,0.0006298820096210579
483,Digital Transformation,تصاحب عملية التحول الرقمي عادة مخاوف من الموظفين الذين يخشون أن تؤدي التقنيات الرقمية إلى ألاستغناء عنهم  وقد تكون هناك مقاومة للتحول  لذا فإن من المهم التشديد على أن عملية التحول لا تعتبر تهديدا لأي موظف وإنما فرصة للموظفين للارتقاء بمهاراتهم الرقمية..  17-18,2,2,Favor,Favor,0.9935800918576916,0.043241993309369973,0.003445064637233109,0.00297485990530353,0.9935800918576916
487,Women empowerment,"   مالها دخل حتى في المجتمعات مثل امريكا و النرويج التي تبنت منهج ما يسمى ""تمكين المرأة"" منذ ١٩٧٠ لازالت كبرى الشركات والقطاعات تُفضل الرجال على النساء في الوظايف   لأن النساء بطبعهن يعقدن الأمور البسيطة   ويُكثرن الأسئلة والشكو",0,0,Against,Against,0.9786386696470346,0.11747949468909083,0.9786386696470346,0.008124168933779647,0.013237143222945433
494,Women empowerment,اي ابن وسخة عايز يبيع حاجة يحكها ف الفري سبيتش و تمكين المرأة و حقوق الآقليات..بقت آلية لاي ابن وسخة خلاص URL,0,0,Against,Against,0.9977931725130021,0.01717533469898069,0.9977931725130021,0.0008554614988187531,0.001351381678029417
497,Digital Transformation,#الهوية_الرقمية_في_البنوك  تجربة #السعودية في مجال التحول الإلكتروني ناجحة جداً و كثير من الدول أصبحت تحذو حذو المملكة في هذا المجال ..  من جوالك تقدر تخلص معاملاتك و فيه محفظتك الالكترونية من بطاقة أحول و سجل أسرة و غيره .,2,2,Favor,Favor,0.9949681935215559,0.034967012601011926,0.0031623897105742997,0.00186939851747408,0.9949681935215559
498,Digital Transformation,قبل شهر  كانت هذه المواضيع مجرد رفاهية ولا قيمة لها  والآن أصبحت حاجة ملحة !  ( #التعليم_عن_بعد   #العمل_عن_بعد   #التسويق_الإلكتروني   #الإجتماعات_المرئية   #الواقع_المعزز   #التحول_الرقمي ) و هذا كله بسبب #فيروس_كورونا,0,0,Against,Against,0.9597190119299805,0.19364115898415832,0.9597190119299805,0.012322885823791511,0.027958110045408265
502,Digital Transformation, التحول الالكتروني لوكان فيه حاجة ماسة مثل التحول الرقمي اللي حصل بالمحاكم والجوازات كانت ضرورة كانت تحولو والتاجر صدقني احرص منا على تجارته لو عارف انها تكسبه فلوس كان سواها,1,1,None,None,0.9964366452836271,0.02610583609813711,0.0019008192232356884,0.9964366452836271,0.0016625470908624138
518,Digital Transformation, في التحول الالكتروني للخدمات في وزارتنا السابقة كنت من المعارضين تقديم الطلبات الالكترونيه عن طريق مكاتب سند   والحمد لله صار تقديم الطلب عن طريق صاحب العلاقة بنفسه وعن طريق مكاتب المحاماة,2,2,Favor,Favor,0.9192306618054373,0.29466903084775775,0.0033765529903528146,0.07739279962764133,0.9192306618054373
522,Digital Transformation, ايوووووو صح التحول الالكتروني   واساسا الرقم المدني موجود في الجواز URL,2,2,Favor,Favor,0.9076568132889329,0.32196692279592276,0.0032414420072537377,0.08910175810846671,0.9076568132889329
524,Covid Vaccine,MENTION (اعقلها وتوكل) توكلي على الله والى اقرب مركز تطعيم لقاح كورونا  وتاخذين الجرعه الاولى    سهالات باذن الله,2,2,Favor,Favor,0.9970139988902844,0.02215182511783049,0.0008797456686079715,0.002106251721475473,0.9970139988902844
530,Digital Transformation,  للاسف خدماتكم سيئة للغاية  نريد نسجل لازم نروح مكتب سند و بعدها نرجع مكتبكم نريد نلغي روح مكتب سند وبعدها نرجع معكم أين التحول الإلكتروني,2,0,Favor,Against,0.919560378814732,0.30879578303441624,0.919560378814732,0.07106637187038461,0.009373314517208268
534,Women empowerment,تمكين المرأة مهم و المهم تثقيف الرجل كي لايقلبها سلطة... الكثير فاهم الموضوع غلط...!  #بوحي,2,2,Favor,Favor,0.960730930560514,0.18302565976093915,0.03289756152199685,0.006371526676040673,0.960730930560514
539,Covid Vaccine, لو كان فيه كورونا فعلا يبقى انا جات لى تلات مرات و برضه مخدتش تطعيم,0,0,Against,Against,0.9891345409418069,0.06205152307608617,0.9891345409418069,0.010338108568353122,0.0005273604837476922
541,Women empowerment,    مع تمكين المرأة من الوظائف يجب ان يعيد المجتمع ترتيب اوراقه فتتكفل المرأة بفتح البيت والمهر وتكاليف الزواج اما الرجل الذي اخذت المرأة مكانه في سوق العمل فيجلس في البيت 😁. وبالمرة نغير شرع الله ونخلي العص,0,0,Against,Against,0.997740188042621,0.017432909993734556,0.997740188042621,0.000711648136517816,0.001548163483967713
546,Women empowerment,بس أهم شيء تمكين المرأة علشان يرضى علينا الغرب و نصير مثله للهاوية 🤷🏼‍♂️ ,0,0,Against,Against,0.9973941077665768,0.019394986472374146,0.9973941077665768,0.0005095023361213086,0.0020963592468806985
558,Digital Transformation,لابد من رفض مقترح التربية التحول للتعليم الإلكتروني وجعل هذا رأي عام  موقع الفيس مهم للتعبير عن رأي الشعب  مستقبل أبنائنا في خطر ونرفض التعليم الإلكتروني.,0,0,Against,Against,0.9972372321612681,0.02088973019183711,0.9972372321612681,0.0016713073740757015,0.0010914901853697678
574,Digital Transformation, خطوة جيدة من الوزارة بعد خطوات سابقة في سبيل التدرج نحو التحول الإلكتروني ونأمل تكامل حلقات المنهاج الإلكتروني بشكل يتوافق وعناصره.,2,2,Favor,Favor,0.9953220697237884,0.032647800746883004,0.0032422895148352263,0.001435607372260498,0.9953220697237884
581,Digital Transformation, #كورونا_عُمان_التحول_الالكتروني  سيد الموقف والحل ضد البيروقراطية والنمطية وسيطرة صولجان التوقيع. إنعاش التقنيات في تخليص المعاملات الحكومية وتسويقها وجعلها رقم واح(1) في تقديم الخدمة أمر لازب. أمر مهم ومخيف للجهات الحكومية ويجب تطبيقه وهو ا,2,2,Favor,Favor,0.997270206029403,0.020571612024623872,0.0018305964632625573,0.0008992160994331491,0.997270206029403
582,Digital Transformation,#العمل_عن_بعد #الحكومة_الالكترونية ما مدى نجاحنا في التحول الالكتروني ؟! ما مدى رضانا عن مستوى العمل عن بعد؟! ما هي المؤسسة الأكثر فاعلية في الأداء؟! ما هي المؤسسة الأسوأ في الأداء؟! التجربة خير برهان..  استقراء الآراء ينير الأخطاء ويصوبها.. ربما علينا ذكر تجاربنا الشخصية!,1,1,None,None,0.9935978247967254,0.043156763201825155,0.00323899485767329,0.9935978247967254,0.003163135350842658
589,Digital Transformation, التحول للدفع الإلكتروني مهم وجميل لكن مشكلته تدفع بلا مبالاة وماتعرف كم باقي  أما الكاش يتقطع قلبك وأنت تدفع وممكن تكنسل بعض المشتريات,2,2,Favor,Favor,0.9703908184080478,0.15235166659496643,0.019556829584559364,0.010052333812708905,0.9703908184080478
592,Digital Transformation, المصدر هي منصة اعتماد وهي الكترونية تتبع لوزارة المالية وتمثل التحول الإلكتروني فيها. تسعى إلى تحويل أعمال وزارة المالية وكل ما يختص بالميزانية العامة والميزانية في الجهات الحكومية رقميا  وتشمل إدارة العقود والميزانية والمدفوعات  وإدارة ا,2,2,Favor,Favor,0.9932141800936288,0.0453148922647516,0.003061427319489437,0.0037243831186088722,0.9932141800936288
601,Covid Vaccine,   سويت  تطعيم  ٣ جرعات   وقالو   بعد  شهرين  معك   كورونا,0,0,Against,Against,0.9950005043296802,0.032817027386382897,0.9950005043296802,0.00462106139664555,0.0003784542499116045
611,Covid Vaccine,  عن أي تطعيم تتكلمي هل المقصود تطعيم الأطفال الاعتيادي او تطعيم لقاح كورونا,1,1,None,None,0.9813489226697273,0.10025225120948039,0.016063236258673404,0.9813489226697273,0.002587802525970897
613,Digital Transformation,"أرى بأن التحول الإلكتروني أدى الى قطع شوط كبير في القضاء على الفساد وضمان حق الدولة  ومن الأمثلة الواضحة هي ""المخالفة""   كان البعض يقدر يمسحها لما كانت ورقياً ويسعى لذلك  وبعد ما أصبحت الكترونية أصبح الغاءها شبه مستحيل. ايضا هناك  إيجابيات كثيرة هذا التحول منها التسهيل والاختصار URL",2,2,Favor,Favor,0.9866845115620184,0.07714094109696373,0.010831454361524516,0.002484032553981458,0.9866845115620184
622,Women empowerment, هذه نتيجة السماح للمرأه بالتبرج والتسكع في الطرقات .. قال تمكين المرأه قال,0,0,Against,Against,0.9979631722893955,0.016061821690205605,0.9979631722893955,0.0009430763384378882,0.0010937350932939312
623,Covid Vaccine,#وزارة العدل الأمريكية تُحاكم مراكز طبية و مستشفيات وةرؤساء تنفيذيون و ٢١ طبيب و مِمارس صحي   بسبب استغلال جائحة كورونا و خداع المرضى و عمل فحوصات غير ضرورية و إستغلال كبار السن و تقديم علاجات وهمية وةسرقة ١٤٩ مليون دولار   و تقديم شهادات تطعيم مُزورة لإسرائيليّين .؟؟؟ URL,1,1,None,None,0.9887122371800693,0.0687468155491782,0.0034017806997261313,0.9887122371800693,0.007885964300481952
625,Digital Transformation,فجأة نتحول لـ #التعليم_عن_بعد و يطبل لهذا التحول #مشاهير الفلس و أدوات التظليل وكأن البيوت كلها عندها الإمكانيات والقدرة على #التعليم_الإلكتروني  و  #منظومة_التعليم_الموحدة ولكن الواقع بعض الناس لايملكون أجهزة لأبنائهم ولا إنترنت  ,0,0,Against,Against,0.9941492135885283,0.03991987897407852,0.9941492135885283,0.00254517941145033,0.0033056920828154843
626,Women empowerment,#تمكين_المرأة في الطريق الصحيح ,2,2,Favor,Favor,0.9935800158969522,0.04280717130060926,0.004400632823940133,0.002019340356813217,0.9935800158969522
640,Women empowerment,وحدة تمكين المرأة في بلدية الطفيلة الكبرى تنظم لقاء حواري لعضوات مجالس البلدية والمحافظة URL  #الأردن #جريدة_الدستور_الاردنية #مصلحتك_في_اللقاح URL,1,1,None,None,0.9924764402142465,0.04945051047399368,0.00418406134675357,0.9924764402142465,0.003339460903322959
650,Covid Vaccine,   تطعيم كورونا يختلف عن التطعيمات القديمه تقنيته تجرب لاول مره في البشريه,1,1,None,None,0.9928923488560413,0.047118698141923945,0.0031372418533643642,0.9928923488560413,0.003970425508099426
651,Covid Vaccine,الحمد لله .اليوم تلقيت الجرعه الاولى من تطعيم  كورونا URL,2,2,Favor,Favor,0.9964772706016358,0.02583290470096841,0.0015570755539593294,0.0019656845057934194,0.9964772706016358
655,Women empowerment,#سوق_المواشي تمكين المرأة من دخول بيع وشراء في سوق الاغنام. #وزارة_البيئة 👇أغنام كيوت URL,0,0,Against,Against,0.9886845987631677,0.06749978144305796,0.9886845987631677,0.0021747365022577792,0.009140675616594004
658,Women empowerment,خلف تمكين المراة شخصيات عظيمة ارادت لها ان تُنصف ولكن لازلنا نعاني ممن يقيد ويحد من ذالك   URL,2,2,Favor,Favor,0.9950226462458427,0.03440720890030578,0.0034750667909134087,0.001502273430376005,0.9950226462458427
662,Women empowerment, ممتنة للنساء المثابرات في تمكين مجتمعاتهنّ... أنتنّ جميعاً رمز القوة والكرم في يوم المرأة العالمي ❤️,2,2,Favor,Favor,0.9969579043717369,0.02272999475361378,0.001783571300626734,0.001258501380386841,0.9969579043717369
667,Women empowerment,#ولي_العهد_محمد_بن_سلمان الله يحفظه وينصره  انت نموذج مشرف على تمكين المرأة♥️♥️ URL,2,2,Favor,Favor,0.9894493558911673,0.06507044768719082,0.003298042003723573,0.007252616851377278,0.9894493558911673
685,Covid Vaccine, مافيش تطعيم وقف على مااعتقد بروتوكول متكامل الاطفال بيتطعموه.  وعالفكرة تطعيمات اللى اخدناها زودتنا مناعه قويه وسبب رئيسي فالصمود امام كورونا,2,2,Favor,Favor,0.9947207287912065,0.035294154253479114,0.004420360990319817,0.000858898990127555,0.9947207287912065
688,Women empowerment," لا طبعا مو بس عشان هذا القرار ربما السبب ان اخواتنا المسلمات صايرات قهوجيات بعد ما كن محترمات في بيوتهن، ربما لان الحجاب و الحشمة صايرة تخلف و رجعية. ربما لان ""تمكين المرأة"" ما جاء الا بكل ما يدمر الاسرة و الاخلاق. ربما لان الفكرة من اساسها زي ",0,0,Against,Against,0.9978987464725365,0.016507158351812788,0.9978987464725365,0.001109327138996961,0.0009919643661433217
693,Covid Vaccine,الحمد لله  اللذي بنعمه تتم الصالحات  أخذت اليوم الجرعة الأولى من #تطعيم_كورونا أسأل الله أن يجعل فيها الخير والعافية وجزى الله حكومتنا الرشيدة على الخدمات المقدمة للوقاية من #فيروس_كورونا #السعودية 🇸🇦 تنظيم مميز وإنسيابي وكوادر متميزة شكراً #صحة_القصيم طاقم  #مركز_المعارض  #بريدة ,2,2,Favor,Favor,0.9951669746282488,0.033788720828923875,0.0030225269534732966,0.0018104888661209977,0.9951669746282488
700,Covid Vaccine,الحمدلله   أخذت #الجرعة_الثالثة من تطعيم #كورونا #كوفيد١٩ الله يديم على بلدنا نعمة الأمن والأمان   ويحفظ لنا قادتنا و ولاة أمرنا. أنصح من تنطبق عليهم شروط الجرعة الثالثة بأخذ التطعيم   الله يكتب لكم فيها العافية وحفظكم من كل مكروه. URL,2,2,Favor,Favor,0.9962474983966542,0.027215598153041528,0.002285439068926671,0.0014670808282397888,0.9962474983966542
703,Digital Transformation,العالم يتغير ونحن في مرحلة تحول رقمي كبير ودولة #الامارات 🇦🇪 دائماً سباقة والاولى  اقدمت بخطوات ناجحة وحماسها دليل على نجاح هذا التحول #الرقمي العالمي  لا تفوت  السباق.,2,2,Favor,Favor,0.9940728547375141,0.039968137294545104,0.001829145919280351,0.004098016046349676,0.9940728547375141
705,Digital Transformation,  يا حبك للفلسفة  التحول اللي جالس يصير هو تحول الاقتصاد من إقتصاد معرفي إلى اقتصاد رقمي  التعليم ما له دخل الله يصلحك التعليم الإلكتروني لطلاب المدارس فاشل وبسلامتك,0,0,Against,Against,0.9971574018055428,0.021462635481608615,0.9971574018055428,0.0015555797595134281,0.0012870520355864384
706,Women empowerment,للاسف استغل تمكين الدولة للمرأة من بعض ضعيفات النفوس والباحثات عن الشهره والمال واصبحن يشوهن صورة المرأة السعودية التي كانت على طول الازمان مثال للشرف فوجب ايقافهم عن هذا العبث #رهف_القحطاني_ومروج_بالمالديف,0,0,Against,Against,0.9961862702674821,0.02685344574353763,0.9961862702674821,0.0006932441808265436,0.003120438786560901
710,Covid Vaccine,انا ممكن اخد لقاح او تطعيم لأي حاجه في الدنيا إلا لكورونا ,0,0,Against,Against,0.9983376187779575,0.013445594200256273,0.9983376187779575,0.0009018566294825942,0.0007605116681983849
718,Digital Transformation, هل يتطلب التحول للجواز الالكتروني دفع رسوم,1,1,None,None,0.9907130297164383,0.05697723543596838,0.007679691806617591,0.9907130297164383,0.0016072395594259286
725,Digital Transformation,"#رؤية_2030_واقع_يتحقق  خدمة السداد الإلكتروني  قراءة إلكترونية لعدادات المياه موقع ""استدعاء""  بناء أول منزل بتقنية الطباعة ثلاثية الأبعاد  التحول الرقمي في الخدمات العدلية  مدينة الملك سلمان للطاقة (سبارك)  تخيل كل هذا تسويه من بيتك فقط URL URL",2,2,Favor,Favor,0.9892304522496517,0.06554483058115218,0.0026744812121434606,0.00809505752491516,0.9892304522496517
726,Digital Transformation, اغلب المؤسسات التي تطورت خدماتها قامت بتطوير الانظمة الالكترونية لديها ... الوزارة تعمل حاليا على التحول الالكتروني لعدد من الخدمات وسوف نرى اثر ذلك عند تفعيلها بشكل كامل,2,2,Favor,Favor,0.9970867750224556,0.02181974656767324,0.0018674195391262332,0.0010458180200408863,0.9970867750224556
732,Covid Vaccine,    مشكلة اللقاح الصيني ما يقلل من نسبة العدوى بعكس باقي اللقاحات، وهني المشكلة انك ممكن تعدي شخص مب ماخذ تطعيم وتعرضه للخطر. او ممكن تسافر دولة وتعدي شخص هناك وتعرضه للخطر. لهالسبب في دول ترفض دخول اي شخص ماخذ ل,1,1,None,None,0.9925987021645059,0.04844258881135296,0.004865978572579072,0.9925987021645059,0.0025353861152291384
746,Digital Transformation, التحول الالكتروني هو الحل.. صدقت فيما طرحت من واقع تجربة.. اكثر من ٨٠٪ من معاملاتنا ممكن ننجزها اون لاين,2,2,Favor,Favor,0.9978607455538704,0.01670852525030446,0.0013259647830452855,0.0008133128369782054,0.9978607455538704
754,Digital Transformation,تشير البحوث مؤخرا إلى أن الجمع بين الفصول الدراسية التقليدية وجهاً لوجه مع التعلم الإلكتروني  يؤدي إلى نظام تعليم ناجح وتعلم أكثر ابتكارًا. Shapley et al. (2011  p. 299) #التعليم_عن_بعد #التعلم_عبر_الإنترنت #التحول_الرقمي,2,2,Favor,Favor,0.9533064990001814,0.20839593346683907,0.03969165417030509,0.007001861018735472,0.9533064990001814
758,Covid Vaccine,MENTION MENTION اكيد  راح يقولوا الجرعة التنشيطية 2   وبعدها الخامسة الداعمة 1 وبعدها السادسة الداعمة 2   إلين ما يصير جهاز المناعة  معطل تماما .,0,0,Against,Against,0.9935238029472266,0.041723210545669465,0.9935238029472266,0.005565141179627866,0.0009110339633114571
760,Digital Transformation, وفقك الله ابا المثنى فعلا التحول للعمل الالكتروني فعال ومفيد   بارك الله في جهدكم,2,2,Favor,Favor,0.9952325400741353,0.03338544831423311,0.0030015375939105057,0.0017659637248289906,0.9952325400741353
764,Digital Transformation,لا يخلو مجلس الا و يتم الإشارة فيه إلى التحول الرقمي و أهميته في مؤسساتنا الا انه غالبا ما يختلط هذا المصطلح لدى البعض   فيظن أنه وبمجرد الاستعانة ببرنامج جديد أو تحول اعتماده على المراسلات الورقية الى البريد الالكتروني فقد تحولت مؤسسته رقمياً إن التحول الرقمي أكبر بكثير من هذا,2,2,Favor,Favor,0.9534391224285449,0.1931148430193198,0.0010060941040209745,0.045554778191946955,0.9534391224285449
787,Digital Transformation,    مرحبا هدى قد لا يشملها الان ولكن أعتقد ان برامج ومقررات الكليات الإنسانية أسهل في التحول إلى التعلم الإلكتروني. لانها لا تتطلب أعمال مخبريه وميدانيه وتعتمد في اغلبها كما تفضلتي على الفهم والحفظ. م,2,2,Favor,Favor,0.9958045705181062,0.030009665739015617,0.0024203828533298083,0.0017750573291979341,0.9958045705181062
796,Digital Transformation,التحول للسجل الطبي الإلكتروني   ترف أم ضرورة؟ تعرف على رحلة المريض في هذا السيناريو الافتراضي✅ URL,1,1,None,None,0.9863708832906267,0.08061283377692496,0.00434645098214296,0.9863708832906267,0.009282686174144338
797,Covid Vaccine,#كورونا حالات كورونا في تزايد واليوم رقم قياسي ١٩٠٠ أين هي المناعه المجتمعيه التي صرحوا عنها في حال تطعيم ٦٠/ ! وصلت نسبة التطعيم ٧٠/ في تصريح لوزارة الصحه ! لم نصل للمناعه المجتمعيه والاعداد في تزايد مهيب ولازالوا مصرّين على اللقاح,0,0,Against,Against,0.997281266676904,0.02062235909068288,0.997281266676904,0.0015869931282571244,0.0011317366033755018
803,Covid Vaccine,و تمت بحمدالله الجرعه الثانيه و جربت التطيعيم في السعوديه و بريطانيا و الحمدلله نفس مستوى الخدمه و اخدت الجرعتين استرازينكا يااارب تعدي خفيفه لطيفه من غير اي اعراض  #تطعيم_كورونا ,2,2,Favor,Favor,0.9951164245168526,0.03418151625438524,0.002838932126395004,0.002044631507876304,0.9951164245168526
831,Women empowerment,جامعة الشرق الأوسط تنظم ملتقى تمكين المرأة الاقتصادي URL URL,1,1,None,None,0.9309961570542075,0.2636794191850057,0.003092472385592115,0.9309961570542075,0.06591139421622393
833,Digital Transformation, #بوابة_المستقبل_مستقبل_ابنائنا                      التحول الرقمي هو الاستثمار في الفكر وتغيير السلوك لاحداث تحول جذري في طريقة العمل   عن طريق الاستفاده من التطور التقني الكبير الحاصل لخدمة المستفيدين بشكل اسرع واكبر.,2,2,Favor,Favor,0.992058269797508,0.051082586745999164,0.0056528187403284465,0.002288890792484143,0.992058269797508
837,Women empowerment,قالوا تمكين المرأة  = آخرتها نادلة في مقهى,0,0,Against,Against,0.9967314712782346,0.0235778995972922,0.9967314712782346,0.0006339677303284167,0.002634506184729101
839,Digital Transformation, اتمنى النظر في المادة 77 والاخطر منها التسارع في التحول الرقمي بدون دراسة تبعات . اتمنى ان لايكون هناك تحول رقمي الا بعد دراسة اثاره الاجتماعية والوظيفية الخ    التقنية جميلة لكن ان تقتل وظائف الناس لرفع ارباح وتوفير مصروفات على حساب الالاف ,2,0,Favor,Against,0.9979433130738717,0.01619726940758665,0.9979433130738717,0.0011133773532728162,0.0009433315705694362
841,Covid Vaccine,#جبل_طارق تم تطعيم جميع السكان👌🏻 وتعتبر المنطقه الوحيده الخاليه من كورونا عقبالنا يارب ,2,2,Favor,Favor,0.9951538388553893,0.03386598391042089,0.001812936602316905,0.0030331907235500843,0.9951538388553893
846,Covid Vaccine,قاتل الله الفقر! قتل الناس في #الهند الناس تموت لعدم وجود الأوكسجين ولا عندهم التطعيم!  وقاتل الله الجهل! قتل الناس في دولنا مع انه تطعيم #كورونا متوفر! ولازال أصحاب #حملة_ضد_التطعيمات يسوقون الناس للموت! قاتلهم الله أنى يؤفكون. احمدوا ربكم وطعموا #الكويت  ,2,2,Favor,Favor,0.8670274426232819,0.402124265086656,0.1310328802117248,0.001939673650945873,0.8670274426232819
850,Covid Vaccine, تطعيم إجباري عشان وشو بالضبط؟ كبرتوا كورونا أكبر من حجمها الفعلي. الجائحة خلصت في أغلب الدول وأنتم للحين عايشين وسطها وكأن كورونا ساكنة بيننا. الله يفكنا من شركم...,0,0,Against,Against,0.9986097296067695,0.011413055214990916,0.9986097296067695,0.0004533357524227545,0.0009370060445151059
854,Covid Vaccine,كل مكان في الكويت حاليا مايطلبون لا تطعيم ولا كمامات الا المدارس للحين يلزمون المعلمين والطلاب بلبس الكمامات!!  خلاص ربي لك الحمد الناس نست كورونا ترى.  #كوفيد_19,1,1,None,None,0.9880113903284912,0.0697647168747464,0.0016554666557117598,0.9880113903284912,0.010333127041473942
860,Digital Transformation,  ليسو مشاهير. بل هم صناع التحول التقني والعلمي  الاقتصادي بإذن الله. وفقهم الله لخدمة وطنهم والامة  جميعا,2,2,Favor,Favor,0.9948539295858218,0.035711432442121736,0.0030925336704901944,0.002053521850499567,0.9948539295858218
862,Covid Vaccine,"خرجت قبل قليل من مركز لقاح كورونا بمطار الملك عبدالعزيز بجدة  وأنا في قمة سعادتي وفخري بوطني 🇸🇦🇸🇦 .    خدمة سريعة جداً لدرجة اني مالحقت اجلس انتظر يجي دوري 😊   ترحيب وتصبيحات من كل شخص 😍😍.  على قول زميلي:  ""هذه رحلة ترفيهية وليست تطعيم ضد وباء""   شكراً من القلب 🌹  ",2,2,Favor,Favor,0.9931942723672038,0.045430819382084243,0.0030861043938885204,0.00371961092026831,0.9931942723672038
864,Covid Vaccine,الحمد لله الذي بنعمته تتم الصالحات تم تطعيم الجرعة الثانية من لقاح كوفيد ١٩ فايزر بايونيك ولله الحمد  #نعم_للتطعيم URL,2,2,Favor,Favor,0.9964809229685959,0.025714637780277858,0.0022134135396308825,0.0013056118767081674,0.9964809229685959
869,Covid Vaccine,. أنا حالياً متواجد في أمريكا وتقريبا وبنسبة ٩٥٪ لاتوجد لديهم كورونا ولا يتحدثون عنها والحياة طبيعية وبدون كمامات وأماكن الترفيه للأطفال والمجمعات جميعها مفتوحة   والسبب تم تطعيم العموم واللقاح في الصيدليات   وعندنا يتجمعون في ساحة الإرادة ضد التطعيم !   #التطعيم_الاجباري,2,2,Favor,Favor,0.5344848221045638,0.7233172004861876,0.45940410503887835,0.006111071162122517,0.5344848221045638
884,Women empowerment,"""تمكين المرأة في المجتمع"" بثقافة الطود بالأقصر URL",2,2,Favor,Favor,0.9195745406894629,0.3179735932506105,0.014645066968215912,0.06578039442128647,0.9195745406894629
886,Digital Transformation,التحول الالكتروني للمعاملات يقلص اعداد كبيرة من العمالة الهامشية  #كيف_تقلص_العمالة_الهامشية URL,2,2,Favor,Favor,0.9949348889565564,0.035287748462039206,0.0028749953292047433,0.002190121940548388,0.9949348889565564
893,Digital Transformation,التحول الإلكتروني الذي نعيشه حالياً ممتاز جداً و جميل و مريح لكل المواطنيين و المقيميين و اتمنى ان يتم رقمنة جميع المنشئات و الخدمات الباقية حكومية و خاصة و فردية / كبيرة و متوسطة و صغيرة  #مشروع_التجاره_الالكترونيه,2,2,Favor,Favor,0.9964303732490011,0.026135058477077498,0.001603805814733051,0.0019658257538216887,0.9964303732490011
900,Digital Transformation,فما الذي يمنع على سبيل المثال من التحول التقني لأغلب منافذ البيع وتحويلها من مهن تعتمد على الكثافة العمالية إلى مهن تعتمد على التكنولوجيا إضافة إلى العديد من الخدمات التي نراها في مطاراتنا والتي تُدار من قبل عمالة ويمكن تحويلها إلى خدمات ذاتية  ويمكن لهذا النموذج أن يُعمم,2,2,Favor,Favor,0.9912480697855913,0.055567013766302666,0.002669195696312026,0.006082723969696796,0.9912480697855913
949,Digital Transformation,      المدن الذكية وجودة الحياة وجهان لعملة واحدة.ومن اهم معاييرها التحول التقني والذكي لجميع الخدمات داخل المدينة واستخدام الطاقة البديلة وتصميم المباني الخضراء وزيادة فرص الجذب الاستثماري,2,2,Favor,Favor,0.9836699255537196,0.09226670117923566,0.012515837641633944,0.003814295279301229,0.9836699255537196
951,Covid Vaccine,عاجل | د. مناف القحطاني يؤكد استيفاء تطعيم (فالنيفا) الفرنسي المضاد لفيروس كورونا,1,1,None,None,0.972329732117385,0.14570916328753944,0.01434049756973207,0.972329732117385,0.013329759144951644
957,Covid Vaccine, لانريد تطعيم والسلام مافي عندنا شي يعني بالصميل نأخذ لقاح,2,0,Favor,Against,0.9974547955210139,0.019168972489383145,0.9974547955210139,0.000629079226345492,0.0019160965389686975
959,Covid Vaccine,كيف يمكن الحصول على شهادة تطعيم كورونا لغرض السفر دون الخضوع للقاح ؟,0,0,Against,Against,0.9982539974205998,0.014038698523651482,0.9982539974205998,0.0008155970056513824,0.0009303890022605617
966,Digital Transformation,يسعدني سماع رأيكم في تدوينتي عبر موقع و مدونة #ماوراء_القانون عن الحراك التقني و التحول الرقمي بالمهن القانونية بالمملكة URL,1,1,None,None,0.9879587689547136,0.06909983575876986,0.001204854945998761,0.9879587689547136,0.010836417432498403
972,Women empowerment, هنا نتذكر مقولة تمكين المرأة ! ماهي المعايير التي قامت عليها هذه المقوله ؟,1,1,None,None,0.9951033133105227,0.033974746150189486,0.003363224252124769,0.9951033133105227,0.001533427410846545
978,Women empowerment,وأظهر الاستبيان أن 22% من الذكور الذين استهدفهم الاستبيان  لا يسمحون لذويهم من النساء بالمشاركة في العمل السياسي والاجتماعي مستقبلًا  و73% يتقبلون ذلك  بينما يمانع 12% منهم تمكين المرأة الريفية سياسيًا واجتماعيًا  و82% ليس لديهم أي مانع.,1,1,None,None,0.9933140317105564,0.044773531181863474,0.00319901845654213,0.9933140317105564,0.0034869898753801705
985,Women empowerment, نحن في زمن تمكين المرأة ..!  حتى في الرياضة,2,2,Favor,Favor,0.9936737232505797,0.042645627465409404,0.003651704675309706,0.002674554668557335,0.9936737232505797
987,Women empowerment,إن تمكين #المرأة ليس مجرد شعار جذاب يتم تداوله وإنما عامل رئيسي في النجاح الإجتماعي والإقتصادي للأمم فعندما تنجح النساء يستفيد الجميع     #يوم_المراه_العالمي   #وزارة_الشؤون_البلدية_والقروية_والإسكان #أمانة_منطقة_الحدود_الشمالية ,2,2,Favor,Favor,0.9956784980505182,0.03080812781943771,0.0019222333007601652,0.0023992703153010455,0.9956784980505182
1019,Digital Transformation, التحول من التعامل الورقي الى الإلكتروني هو تمهيد لفرض ضريبة الدخل مستقبلًا طبعاً مع استمرار نسبة ضريبة القيمة المضافة 😊,0,0,Against,Against,0.9972800991423691,0.020666111896944162,0.9972800991423691,0.0013055938761420986,0.0014142900361332489
1035,Covid Vaccine,#COVIDー19  #تطعيم_كورونا  الحمدلله الجرعة الأولى 22/2/2021✅ من تطعيم (كوفيد-١٩) الحمدلله على نعمة الوطن شكراً من القلب لجميع المسؤلين وولاة امرنا ..🇸🇦 ,2,2,Favor,Favor,0.9947274272025236,0.036538715160294125,0.0029204907094715505,0.002352122274885302,0.9947274272025236
1040,Women empowerment,   والان بدأت الأمور تتصحح و يجب التمسك بشعار حقوق المرأة او عصر المرأة لانه شعار سعودي أصيل وهدفه واضح وضوح الشمس وهو تمكين و تطوير المرأة بشكل لا يعارض الشريعة الإسلامية.. أما شعار النسويات فهو شعار خبيث لانه غير واضح المقصود م,2,2,Favor,Favor,0.9549777852882244,0.19240472948490914,0.042812330936928406,0.0022098692057158247,0.9549777852882244
1044,Covid Vaccine, كل ما يحدث مقدمات لتقليص عدد  البشريه بفايروس كورونا او عن طريق لقاح مزور يحمل الفايروس و نهب ثروات الناس عن طريق بيع كل ما يتعلق بكورونا من ضمنها اللقاح الاصلي . علمًا ان اي فرد مستقبلًا لا يتمكن الحركه الا بواسطه جواز سفر ( اثبات تطعيم ) .,0,0,Against,Against,0.997289883777206,0.020121665228023652,0.997289883777206,0.0005719225204581464,0.002138152332904045
1055,Digital Transformation,#التحول_الرقمي يعد شيئا ضروريا إذا كنا نريد أن نواكب الثورة الصناعية الرابعة ولكن ما نشاهده على أرض الواقع  أن هناك انتكاسة للوراء نحو البيروقراطية المقرفة في كل تحول رقمي URL,2,2,Favor,Favor,0.9503242248596302,0.2184119026267699,0.04230824690128899,0.0073675305306277195,0.9503242248596302
1065,Covid Vaccine,   يا paradise هذا فيروس مثله مثل الفيروسات اللي قبل..و انا متأكد ١٠٠٪ انك ماخذ كل اللقاحات للفيروسات القديمه و عندك شهادة تطعيم مختومه عند كل لقاح اخذته..ليش يعني جات على كورونا؟!! ليش ما نطعم حاله حال السل و الجدري و الحصبه ,2,2,Favor,Favor,0.8114585300149622,0.5038302328446775,0.18444728946808675,0.004094176132271173,0.8114585300149622
1070,Digital Transformation, بدل تدعم التحول الإلكتروني والخدمات الإلكترونية تقول عطلوها دا كلام غريب,2,0,Favor,Against,0.7122411356024533,0.6891672500840578,0.7122411356024533,0.026759326294618992,0.26099950411798134
1075,Covid Vaccine, لازم تطعيم كورونا وانا ما ابغئ,0,0,Against,Against,0.9980963080154969,0.015142222612040762,0.9980963080154969,0.0010122851764591554,0.0008914059216978755
1099,Women empowerment,يُروَج مؤخراً للعديد من المنتجات والدورات تحت الطابع النسوي/تمكين المرأة  مثل علب حفظ الفوط الصحية ادوات الامتاع الذاتي ادوات تخفيف الآلام الدورة الشهرية دورات تعرفي ع جسدك  تعرفي ع كذا كذا الخ م هذه المنتجات بأسعار متفاوتة منها الباهض ومنها المتوسط الثمن #نسويات_ليبيا,0,0,Against,Against,0.9320292665558254,0.2835239280386221,0.9320292665558254,0.05352078026781207,0.014449958921322854
1102,Covid Vaccine,#تطعيم_كورونا  ارى انه من الافضل تلقيح #كبار_السن و #امراض_مزمنة و قليلي المناعة ... الخ  اولاً قبل الشباب ذوي المناعة و الطاقة القوية   فهم اقل تأثراً في حال الاصابة بـ #ڤايرس #كورونا,2,2,Favor,Favor,0.9674369026856363,0.16553625890005783,0.019336869407336192,0.013226270677598902,0.9674369026856363
1107,Women empowerment,صورة مشرفة في تمكين المرأة السعودية والثقة في قدراتها .. دام عزك ياوطن 🙏 ,2,2,Favor,Favor,0.9912334270882315,0.054895274196185784,0.006819943069187057,0.0019465964320554913,0.9912334270882315
1114,Women empowerment,  و هل تمكين المرأة في نظرك تطور و إنجاز!!!🙄 خلاص رجعت ترقص و تعربد و تسهر فألف مبروك عليكم هذا التمكين  !,0,0,Against,Against,0.9962342601883509,0.026370950406095568,0.9962342601883509,0.0005653463193746312,0.003200395211138083
1121,Digital Transformation,تستمر العملية التعليمية طالما بفضل الله التحول الإلكتروني موجود والجامعات تعمل بجد وإجتهاد وفق رؤية المملكة 2030   شكرا للجامعة السعودية الإلكترونية على وقفتها الحازمة لدعم هذه المسيره   #الدراسه_مستمره,2,2,Favor,Favor,0.9938057320732202,0.041165578793654324,0.004632111153093069,0.0015621495852118613,0.9938057320732202
1127,Women empowerment, الحين صاروا يدخلوا بأسماء نسائية فلانه الفلاني أو أم فلان وكلها وراها أشباه رجال من اللي اوجعهم تمكين المرأة,2,2,Favor,Favor,0.5247473568099337,0.7060387446026419,0.4730347181645063,0.002217919942748726,0.5247473568099337
1131,Digital Transformation,#كرونا اما التحول لنظام الدفع الالكتروني هو بداية الاستغناء الكامل عن النقود الورقيه لتصبح النقود مجرد ارقام في الفضاء السحابي وهو ما يمهد لنشر الشريحة الالكترونيه التي بداء بالفعل حقن بعض الناس بهاحتي يمكن محو اي انسان بالكامل من النظام بضغطه زر فتصبح بلا هويه ولا اموال,0,0,Against,Against,0.9835054509390493,0.08886763449575487,0.9835054509390493,0.001405175516860043,0.015089365494103087
1132,Women empowerment,اطلق من تشارك فخر #جازان الدكتورة منال المالكي ومن خيرة من يمثل تمكين المرأه قياديا نعتز بك هامة وقامة 👏🕊🙏 URL,2,2,Favor,Favor,0.9892711903281926,0.06362294113665672,0.009251970886245122,0.0014768114180961198,0.9892711903281926
1134,Covid Vaccine,احبابى وحبايبى عايز اقولكم تجربتى  الأخيره حتى الآن مع اوميكرون ويمكن كوفيد الله اعلم وعايزكم تقروا كويس  الكلام ده عشان تستفيدوا . اولا انا ما  اطعمتش ولا تطعيم واخدت كورونا اربع مرات من قبل وهذه الخامسه . طيب نعمل  ايه اذا جت . اولا واهمهم عدم الخوف نهائيا لانها بقت ضعيفه,1,1,None,None,0.9302602480579676,0.26309309738887937,0.06743408411219892,0.9302602480579676,0.0023056246787219624
1135,Women empowerment, عطرينا بسكوتش.. تبين بنات الناس صايعه مثلش عشان تكون هناك تمكين لحقوق المرأه,0,0,Against,Against,0.9965726512539137,0.024313026569124898,0.9965726512539137,0.0005078260689375645,0.0029195631395137122
1142,Covid Vaccine,احلى حاجة في هذي المرحلة..تطعيم كورونا  إنه راح يقضي على رواعي الفلير والبوتكس   راح يختفي الغش التجاري,1,1,None,None,0.9920355061997843,0.04974498134130209,0.006795634416039637,0.9920355061997843,0.0011688995305818475
1149,Women empowerment,تمكين المرأة، و حقوق المرأة مصطلحات يستخدمها النظام ولا يخدمها. المرأة قضية كقضية الدين والفن والعلماء، وكمصطلح الإرهاب، والفساد وغيرها كثير من المصطلحات والقضايا التي يستخدمها النظام لتلميع ذاته وتشتيت المجتمع. الحقائق هي الغائب الوحيد أمام الجميع؛ النساء والرجال مع هذا النظام.,0,0,Against,Against,0.9935651428512036,0.041133556650873156,0.9935651428512036,0.0007170031679533666,0.005717881267906884
1164,Women empowerment, تعبنا واحنا نقول أخلقوا فرص وظيفية تتناسب مع طبيعة المرأة   كله من ورا مصطلح 'تمكين المرأة' الذي لم يتم توظيفه بالطريقة الصحيحة 👎🏼,0,0,Against,Against,0.9958480817368572,0.02858085848423957,0.9958480817368572,0.0005738337633594094,0.0035780544504123856
1167,Covid Vaccine,أعرف وحدة ضد تطعيم كورونا لدرجة موقفه بناتها عن المدرسة متخيلين ؟؟؟؟  لأن الي مايطعم مايدخل المدرسة لهذا السبب هم واقفين عن الدراسة,1,1,None,None,0.9756121971393733,0.12323006963206075,0.02164600886850564,0.9756121971393733,0.002741821512904857
1172,Digital Transformation,الحكومة المصرية تستعرض 7 مبادرات للتحول الرقمي #صوت_العرب #كورونا  #مصر #التحول_الرقمي  URL URL,2,1,Favor,None,0.9161333936568016,0.30500585780904205,0.00427655297746312,0.9161333936568016,0.07959006631318633
1183,Women empowerment, ما شاء الله خطوة مباركة نحو #تمكين_المرأة ونسأل الله لكم التوفيق 🙏🏻🌷,2,2,Favor,Favor,0.9949801215488008,0.03459712267446414,0.003574968355948701,0.0014448959431059487,0.9949801215488008
1188,Women empowerment,.  تمكين المرأة = هدم حصونها بِـإبعادها عن  محارمها ⬅️ احتقارها + امتهان كرامتها +  تسليعها ⬅️ رميها في مستنقع الرذيلـة..,0,0,Against,Against,0.9984072697037134,0.012948853494876518,0.9984072697037134,0.0007203486982644663,0.0008723497753086365
1189,Digital Transformation,أمير حازم ولازلنا نفتخر بجهوده العظيمة استطاع أن يجعل من الاقتصاد في المملكة أكثر متانه وقوه وقدم ثورة كبيره في عالم التحول التقني والرقمي في السعودية وأصبحنا رائدين في كثير من المجالات وأصبحنا أكثر فخر وأعتزاز في ما تقدمة المملكة من إنجازات 💚 #MBS,2,2,Favor,Favor,0.9873827761490718,0.07638979399741117,0.00694564322089528,0.005671606476953214,0.9873827761490718
1196,Digital Transformation, وليش ما يكون الكتروني ؟ صحف عالمية والغت الورق وتحولت كلها الكتروني يقلل مصاريف احبار واوراق وكذلك كل عمليات التحول الالكتروني تقلل النفايات,2,2,Favor,Favor,0.9925099716556673,0.04925759624578725,0.004191604702725666,0.0032983837388344756,0.9925099716556673
1201,Digital Transformation,التحول الرقمي لم يعد خيارا ورفاهية في الوقت الحالي بل اصبح ضرورة ملحة.   وقيادتنا الرشيدة اعزها الله ادركت هذا الشيء وانشأت  اللجنة الوطنية للتحول الرقمي  التي تأسست في منتصف عام 2017 لتقود وتشرف على التحول الرقمي في المملكة.,2,2,Favor,Favor,0.992800380706821,0.04738128290524461,0.0025614247089658826,0.004638221299892887,0.992800380706821
1206,Covid Vaccine,🔴مـن الخـ📬ـاص🇸🇦       لقاح فايزر في اي مركز تطعيم بالمدينه حالياً بتاريخ 2022/4/2! وفقك الله  #المدينة_المنورة,1,1,None,None,0.9937906138194691,0.041970428227531734,0.0035957409903267356,0.9937906138194691,0.002613673251190477
1209,Covid Vaccine,🇸🇦 مـﻧـــ الخاصــ 📩   هل يوجد تطعيم كورونا بدون موعد في معرض اكسبوا بمعارض الظهران,2,1,Favor,None,0.9801689713103096,0.1102746026963905,0.007029618481979102,0.9801689713103096,0.012801475519915482
1210,Covid Vaccine,"📌من الخاص📩  ✨السلام عليكم "".. ممكن مساعدة بخصوص دخول البحرين. ابني اقل من ١٢ سنه عنده هوية وطنية ولم يأخذ اي تطعيم (كورونا) هل يقدر يدخل بالهوية + التأمين ؟  #من_سأل_ما_ضاع #اسأل_البحرين",1,1,None,None,0.9920545827349995,0.05183654206167864,0.0038900788746118677,0.9920545827349995,0.004055290765218084
1216,Covid Vaccine,  هالبيانات سربتها الشريحة اللي غرسوها فيك مع تطعيم كورونا 😅,0,0,Against,Against,0.998287046858784,0.013796301792564327,0.998287046858784,0.0007504082031211655,0.000962534868098001
1227,Digital Transformation,على الرغم من التحول الوطني الكامل للتعاملات الالكترونية  اي ان المراسلات اصبحت تتم عن طريق البريد الالكتروني  إلا انني الاحظ ان الهاتف المكتبي المباشر واجهزة الفاكس  مازالت تستخدم في الادارات المختلفة. إلغاء الهاتف والفاكس  سيوفر مبالغ سنويلة طائلة على خزينة الدولة.,1,1,None,None,0.9748268140522068,0.13451014370831652,0.010138035471048542,0.9748268140522068,0.015035179871849758
1228,Covid Vaccine, لماذا يسرعون في هذه الجرعات وحدة ورى الاخرى  ؟  والجسم يقدر يتحمل هذه الجرعات ؟   والاطفال المساكين من لما يولد الى سن السابعة   كم جرعة  حياخذه وجسمه الصغير سيستحمل هذه الكمية من التطعيمات   تطعيم الكزاز   الجدري   الشلل  الالتهاب الجذري ....,0,0,Against,Against,0.9965104150711989,0.02558242896840829,0.9965104150711989,0.0014124279226705237,0.002077131658433118
1230,Covid Vaccine, انا للاسف جاتني حمى أشد عن كورونا تنومت منها ولين الحين ضجة في الصدر. ومع اني ماخذة لقاحين. والحارة كلها جاتها هذة الحمى نعم إنها شديدة وأشد من كورونا. أي تطعيم يتكلمون عنه,0,0,Against,Against,0.9920733753064258,0.04914959260355082,0.9920733753064258,0.0069751515013813615,0.000951501268208972
1238,Covid Vaccine,ذكر مستشار مدير عام #منظمة_الصحة_العالمية ان الفيروس المتحور #أميكرون قد يكون بمثابة دعوة لليقظة ومعرفة خطورته تحتاج أسابيع.. والتطعيم هو الحل للقضاء على متحورات #كورونا وليس الإغلاق.. وعلى كل دولة تطعيم 40% من سكانها بنهاية العام,2,2,Favor,Favor,0.9423563353958476,0.2602965480235574,0.030460041877223048,0.02718363223361661,0.9423563353958476
1251,Women empowerment,ان شاء لله نسمع قريب. بأخبار ومستجدات تسر الخاطر بخصوص تمكين المرأة.. تزويج المرأة نفسها وإسقاط الولاااااايه وتجريم العنف والقتل,2,2,Favor,Favor,0.9953805623327252,0.03187832906165738,0.00360727132755282,0.0010121370276102567,0.9953805623327252
1253,Digital Transformation, التوجه الي التحول الالكتروني راح يؤثر على الوظايف في القطاع الحكومي و الخاص,0,0,Against,Against,0.9977031402845062,0.017841998497139723,0.9977031402845062,0.0011261633017687661,0.0011706861437446217
1254,Digital Transformation,إدخال التطبيقات وألعاب الفيديو في التعليم سيكون له تأثير إيجابي على مستويات الطلاب خصوصا في ظل التحول التقني الذي يشهده العالم.  بات من الصعب اليوم إتباع الطرق التقليدية في التعليم... اليوم بأمكاننا إدخال درس عن اليابان مثلا على شكل لعبة فيديو,2,2,Favor,Favor,0.9911911698245678,0.05567312506140607,0.006346079238671475,0.002462773059350327,0.9911911698245678
1276,Covid Vaccine, ملاحظة ______ مثل ماتم تسهيل أعطانا انا وابنائي كروت تطعيم كورونا ارجو تسهيل وضع معاملتنا والاسراع بإنهاء معاناه استمرت اكثر من ٣٥ سنه تقريبا معاناه نتوارثها الآباء ونورثها للأبناء؟؟ الابناء لا يستطيعون التسجيل في الجامعه ولا وظيفة تقبل توظي,1,1,None,None,0.9918266126059738,0.052633063932045136,0.005445317541215943,0.9918266126059738,0.0027280230719941346
1277,Covid Vaccine,ملاحظة ______ مثل ماتم تسهيل أعطانا انا وابنائي كروت تطعيم كورونا ارجو تسهيل وضع معاملتنا والاسراع بإنهاء معاناه استمرت اكثر من ٣٥ سنه تقريبا معاناه نتوارثها الآباء ونورثها للأبناء؟؟ الابناء لا يستطيعون التسجيل في الجامعه ولا وظيفة تقبل توظيفهم  حتى المسشفيات لانستطيع الدخول لها URL,2,1,Favor,None,0.9919282595216057,0.05098369906233803,0.0064539789960119595,0.9919282595216057,0.001617750959494063
1283,Women empowerment,في موضوع تمكين المرأة هل ترونها فعلا تمكنّت؟  #تمكين_المرأة #حديث_النفس URL,1,1,None,None,0.9925402565538052,0.047953252323680286,0.005777473189000392,0.9925402565538052,0.001682240036319946
1286,Digital Transformation,التحوّل أساس التقدم. #التحول_التقني URL,2,2,Favor,Favor,0.9914052791910227,0.05537286691566327,0.00461883920172657,0.003975912988425469,0.9914052791910227
1292,Covid Vaccine,الحمد لله أخذت اليوم الجرعه الاولى من تطعيم لقاح كورونا كوفيد-19 وتلقيت رعايه كامله تفوق الوصف من الجميع بداً بالاستقبال والتطعيم .  الشكر لله ثم العاملين اللهم متعهم بالصحة والعافيه وأجزهم عنا خيراً .,2,2,Favor,Favor,0.9969243367326781,0.0227994541936169,0.002077957414201378,0.0009977215324905003,0.9969243367326781
1298,Covid Vaccine,الحمد لله خذينا الجرعة الأولى نصيحة الي يبي يروح يروح قبل الموعد بفترة طويلة عشان المواقف حيل زحمة. الاجراءات سريعه و منظمة كل الشكر لوزارة الصحة و العاملين في موقع التطعيم على جهودهم و تنظيمهم  #وزارة_الصحة #الكويت #تطعيم_كورونا ,2,2,Favor,Favor,0.9973633377759649,0.019859111860984654,0.0007440674824479502,0.001892580682148123,0.9973633377759649
1307,Covid Vaccine,  وألف سلامة عليكم ربي يعديكم الشر بس هذا تصريح واحد من بورد شركة لقاح اكسفورد - وان ما حصلت مضاعفات آنية وقد تحصل لكن بعد اربع سنوات او اكثر هم ذاتهم لا يعلمون ترا اللي قاعد يصير الحين تطعيم تجريبي من حقكم تعرفون ,0,0,Against,Against,0.9734439956794279,0.1383110173917605,0.9734439956794279,0.0074418988594190235,0.01911410604105362
1308,Covid Vaccine,  كل العالم امس كللللللللله طلع مظاهرات ضد كذبة كورونا كاملة - كمام - اغلاق - تطعيم .. ,0,0,Against,Against,0.9978167170488189,0.017036997363450945,0.9978167170488189,0.0012835658597070891,0.0008996954153379067
1328,Digital Transformation,مستحيل نستغنى عن وسائل التواصل الإجتماعي مهما كان وخصوصا ونحن  في عصر التحول الإلكتروني في كل المجالات ولكن نستطيع نقنن استخدامها حتى لو قفل الجوال لفترة أو لساعات محددة من اليوم 😎😎😎😎 #برنامج_جونا_غير,1,1,None,None,0.9824933112542787,0.09529971970445023,0.0024729832641849224,0.9824933112542787,0.015033745355154764
1336,Covid Vaccine,MENTION طهور أن شاءالله والتطعيمات خدعه والله كثير اخذو الجرعتين وجتهم كورونا طرحتهم الارض يعني ليش ناخذ تطعيم وهو حتى مايخفف الم المرض,0,0,Against,Against,0.9899931855080067,0.05924870095361908,0.9899931855080067,0.0009837699483346769,0.009023079192590728
1339,Covid Vaccine,تطعيم كورونا كوفيد 19 مشروع  حرب بيولوجية و ابادة جماعية للبشر وفق  اهداف بيل غيتس الشيطانية لتطعيم كل سكان الارض لتخريب المناعة الجسم و نشر العقم بين الاناث و الذكور بتقنية حديثة لم تجرب اثارها على المدي المتوسط و البعيد URL,0,0,Against,Against,0.9985667410172351,0.011810820322987334,0.9985667410172351,0.0007209838189243651,0.000712348236413273
1344,Covid Vaccine,الهند   حالات كورونا بدات  في التزايد  بعد أن بدأت حملة  تطعيم الناس  في 15 يناير 2021 ,0,0,Against,Against,0.9982962136011664,0.013588106171717377,0.9982962136011664,0.0012114663881120946,0.0004923138228937186
1358,Women empowerment," يا استاذ انت تعلم ما تستقبله دولنا من تعليمات غربية لتنفيذ اتفاقيات تمكين المرأة والتي بالفعل طبقت في دولنا المنبطحة وأصبحت الوظائف و الرواتب معدة للمرأة سلفا وإن لم يجدوها فيعطونها الرجل ""الكيوت المستغرب""   فالمرأة الموظفة صارت هي الغالب ",0,0,Against,Against,0.9957186826385814,0.029192169119416907,0.9957186826385814,0.0005142505779546652,0.0037670636406940137
1369,Women empowerment, #هند_القحطاني  اللي غابنها  انها من يوم انحاشت و السعودية تغيرت ١٨٠ درجة في الأنظمة والقوانين و تمكين المرأة بتموت لانها مالحقت على التغير و بتجلس طول عمرها متهمة بالهروب,2,2,Favor,Favor,0.8470481629590203,0.44838842825552955,0.1483678299420892,0.00458396549596096,0.8470481629590203
1372,Women empowerment," #الجريك_كاميس روعة ""شغلنى ""مبادرة بإمتياز ممكن تتعمم على سائر المحافظات تمكين المرأة +تمكين الشباب بشركات ساويرس العطاء فى حب مصر حتى النخاع ليس بالضرورة تكاليف إنعقاد ملتقى ""شغلنى"" بكبرى الفنادق بالمحافظات ممكن الإكتفاء بتدشين أونلاين ""منص",2,2,Favor,Favor,0.9874355246487561,0.07557755654601897,0.00822375040682399,0.004340735899808126,0.9874355246487561
1374,Covid Vaccine, تطعيم كورونا بدون حضور  جرعه اولى  جرعه ثانيه جرعه ثالثه جرعه الرابعه,1,1,None,None,0.9905793981651461,0.059848452442422734,0.004585390123150721,0.9905793981651461,0.004835225535940914
1390,Digital Transformation, بعد الانتهاء من التحول الالكتروني الشامل ستصبح مؤسسات بلا ورق ولا طابعات  سوف يستطيع الموظف والمراجع انجاز كل اعماله وهو منزلة   كان ليل والا نهار والا وديان واعاصير لا ينقطع ابدا,2,2,Favor,Favor,0.9830830821904051,0.09731571317981112,0.009739242952607348,0.007177649811671228,0.9830830821904051
1395,Women empowerment,#السعودية تحت قيادة ولي العهد استطاعت تمكين المرأة في جميع المجالات ، مما ساهم بشكل واضح في ارتقاء السعودية في المؤشرات العالمية للمرأة 🙏🇸🇦 #المراه_في_السعوديه ,2,2,Favor,Favor,0.9905438610819715,0.057858993722046434,0.007809936242346714,0.001646223895645881,0.9905438610819715
1397,Covid Vaccine,MENTION دام اني ميت ميت خلني اموت من كورونا ولا اموت من تطعيم فاشل,0,0,Against,Against,0.9967001568035448,0.02404924613547054,0.9967001568035448,0.0008662999776676715,0.0024335983844310702
1404,Digital Transformation,#كورونا ربما خيره ان شاء الله وتكون مرحلة انتقالية للجهات الحكومية والغير حكومية للانتقال الى التحول الالكتروني كاملاً في المعاملات 👍🏻❤️,2,2,Favor,Favor,0.9973715910171363,0.01990251895637614,0.000859343586330982,0.001769077050804297,0.9973715910171363
1412,Women empowerment,MENTION يازين الخبر والله يزيد المرأة السعوديه تمكين ومشاركه في كل مفاصل الدوله نحن جزء عظيم من المجتمع ولا يكره ذلك الا مؤدلجة بالافكار العنصرية او الدينه المغالطة لعدالة الاسلام,2,2,Favor,Favor,0.9962278584106138,0.02642054564639287,0.003199199988939065,0.0005729008539392111,0.9962278584106138
1419,Women empowerment,-تمكين المرأة والشباب وضمان مشاركتهم في مؤسسات الدولة ومراكز صنع القرار وتنفيذ مهام المرحلة الانتقالية.  -ارساء قواعد عمل قائمة على الكفاءة والنزاهة والشفافية وتساوي الفرص. (5) أنتهى URL,2,2,Favor,Favor,0.9933269157769173,0.044682750688045586,0.003057308507257624,0.003615770798182631,0.9933269157769173
1420,Covid Vaccine,نصيحه من محب لكم لا تأخذون التطعيم اللهم بلغت اللهم فاشهد.   #تطعيم_كورونا URL,0,0,Against,Against,0.9922207786240873,0.04876302204737719,0.9922207786240873,0.00113686187672236,0.006642383774423707
1422,Covid Vaccine,رئيسة الوزراء الأسترالية  تأخذ اللقاح والغطاء لا يزال يغطي الإبرة 💉.. محاولة الخداع فشلت..  🤣🤣🤣  #تطعيم_كورونا URL,0,0,Against,Against,0.5729563468184941,0.766866393288979,0.5729563468184941,0.02122594226597519,0.40581776164643596
1425,Covid Vaccine,اليابان بنسبة تطعيم 57% من السكان اعلنوا انتهاء الطوارئ من اجراءات كورونا ⚠️⚠️        ,1,1,None,None,0.9866103321175927,0.07668030781254608,0.011399863099116342,0.9866103321175927,0.0019897886721983145
1427,Covid Vaccine,اتمنى ان ارى الاعلان عن  تحصيل الوظائف منح الاراضي منح العلاوات والترقيات وظبط مواعيد المستشفيات كما ارى الاعلان والحرص على تطعيم كورونا.,2,2,Favor,Favor,0.8034489351047631,0.5102031636110814,0.002784839861057082,0.19376619281132904,0.8034489351047631
1437,Covid Vaccine,MENTION سبحان الله من اول ما ينولد الواحد واهو ياخذ تطعيمات لغاية سن  الا تطعيم كورونا مايبونه خطر عالصحة 😄🤪 حمدالله على نعمة العقل,2,2,Favor,Favor,0.9781297037085462,0.11241295731298086,0.01965037946694014,0.0022199109137922388,0.9781297037085462
1442,Women empowerment, عصر تمكين المرأة...  يعقبهُ ضياع جيل بلا هوية ولا انتماء ليكون لقمة سائغة وصيد سهل لليهود والنصارى والمجوس وصدق الناصح الأمين  صلى الله عليه وسلم:(ويل للعرب من شرٍ قد اقترب),0,0,Against,Against,0.9969533711388642,0.021966478267935706,0.9969533711388642,0.00044850846963194864,0.0025981520544454025
1444,Covid Vaccine,MENTION MENTION  الوفاة بيد الله وحده   والله  م عاد نصدق مين من سوي تطعيم جاء كورونا   وأنا لن أخذ اللقاح إجباري  حتى لو فصلت من العمل,0,0,Against,Against,0.9982838889953063,0.013805533553789426,0.9982838889953063,0.0007089991755042006,0.0010070665217377815
1445,Covid Vaccine,الصورة التي تجلب السلام ❤💉  تطعيم أسطورة التدريب البرازيلي زاغالوا البالغ من العمر 89 عام ضد فيروس كورونا في ريو دي جانيرو. ,2,2,Favor,Favor,0.5149389008073489,0.7162571443378483,0.004079710043307899,0.4809814024966622,0.5149389008073489
1449,Covid Vaccine,العودة للمدارس واطالتها  ورجوعها الحضوري بنهار رمضان  مالهدف من ذلك إلا تطعيم اطفالكم  لقاح كورونا والورم الحليمي  اني اعرف النفوس الردية واهلها  اللهم اني اعوذ بك من علم لا ينفع  وقلب لا يخشع,1,1,None,None,0.991068965897258,0.05714105158921731,0.005058681766699169,0.991068965897258,0.003872332742463817
1457,Covid Vaccine,MENTION MENTION MENTION والله لو تحطين مليون ڤيديو حق جميع رؤساء العالم تطعيم محنا مطعمين  حريتنا وكيفنا .. أجسادنا وكيفنا ..  ليش هالتصميم على أخذ لقاح تجريبي وغير آمن !! #لا_للتطعيم_الإجباري,0,0,Against,Against,0.9980251446810834,0.015436256492575852,0.9980251446810834,0.0005471784101919895,0.0014276624512247556
1464,Women empowerment,عصر تمكين المرأة .. فخورة في اللي وصلنا له ♥️ ,2,2,Favor,Favor,0.9954505189207047,0.03210049539927404,0.0028081134686519307,0.0017413631476512292,0.9954505189207047
1485,Covid Vaccine,#كلوب_هاوس   يعني الحين شهادة تطعيم كورونا ل #ابو_سعبولة او #تيمورلنك  أهم من شهادة الدكتوراة للهامات والقامات السعودية   #جارح  #الطيار URL,2,1,Favor,None,0.6786672773764216,0.8505611407375808,0.16318966610332156,0.6786672773764216,0.15814300051123456
1487,Covid Vaccine,احس تطعيم كورونا عبارة عن موية بس و يطقونك فيه والجسم يحس وقتها انه راح يصير قوي عنده مناعة وماراح تجينا كورونا والاعراض حقته الحرارة تجي لأننا كنا متوقعينها وخايفين منها تطعيم كورونا كذبة وهذا اللي اعتقده🤚🏻,0,0,Against,Against,0.9974503856856947,0.01953122831864665,0.9974503856856947,0.0013748607059869467,0.0011746926183962224
1489,Women empowerment, حسبنا الله ونعم الوكيل وما خفي كان أعظم الانظمه الجديده في تمكين المراة للعمل تحتاج مراجعه الخصوصية مطلب والاختلاط مهلكه اللهم من اراد ببنات المسلمين وخاصه بناتنا سوءًا اللهم فكفنا شره ولا حول لنا ولا قوة الا بالله,0,0,Against,Against,0.9977219520977221,0.017667229967518065,0.9977219520977221,0.0013721436717721593,0.0009059324163100494
1496,Women empowerment, برئاسة سمو الشيخة فاطمة بنت مبارك (أم الإمارات) حفظها الله ورعاها  تم تأسيس الاتحاد النسائي العام الامارات اغسطس 1975 بهدف تمكين ودعم المرأة الإماراتية وإيجاد المزيد من النساء الإماراتيات الملهمات في مسيرة التنمية المستدامة والحركات النسائية ب,2,2,Favor,Favor,0.9962265450348351,0.02734904869084552,0.001481271020905431,0.002292181785023686,0.9962265450348351
1499,Covid Vaccine,"الغالبية يصفون حالة التسمم بأنها كورونا. أي واحد يتسمم ويمرض يقولوا أصيب بكورونا ! أي واحد يتلقى ""اللقاح"" ويتعب يقولوا هذا تأثير فايروس كورونا !! من وين يجيهم كورونا وهم يحقنون منتج فايزر وهو علاج جيني وليس تطعيم. لماذا لا يفهمون بأن هذه المنتجات سامة وأن السموم تمرض أجسامهم؟",0,0,Against,Against,0.9980702521960839,0.015314302203330337,0.9980702521960839,0.0008542327996123853,0.0010754984472950036
1510,Women empowerment, تمكين المرأة في السعودية اكد نجاحة في جميع الاعمال اللي شاركت فيها المرأة وش المانع انها تشارك في المجال الأمني بالعكس الا بيكون حافز وداعم للقطاعات الأمنية بشكل كبير,2,2,Favor,Favor,0.9915893477580103,0.0520224811891879,0.007203720173423626,0.0012069357178120367,0.9915893477580103
1511,Women empowerment,الان أنا بأحد المطاعم بالدمام وفيه بنت سعوديه تشتغل مع العمال الاجانب بالداخل؟ هل هذا يليق بالمرأة السعودية؟  قال ايش قال #تمكين_المرأة حسبي الله ونعم الوكيل,0,0,Against,Against,0.9964073304208142,0.026095893618752374,0.9964073304208142,0.0023950088741204216,0.0011976947494232932
1523,Women empowerment,"#المرأة_العربية #المساواة #الجندر #تمكين #تعليم #المساواة_الجندرية ""مبادئ عمان.. للآليات الوطنية للمساواة بين الجنسين وتمكين #النساء و #الفتيات""  URL URL",1,1,None,None,0.9916924056285863,0.05289203730562496,0.006089155471268516,0.9916924056285863,0.0022184379414380002
1524,Women empowerment,وفقا لإحصائيات #الأمم_المتحدة  تواجه #النساء في #المنطقة_العربية عوائق كبيرة أمام دخول #سوق_العمل  ويتعرضن لخطر #البطالة بشكل أكبر بكثير مقارنة بالرجال. ⬇ تمكين المرأة العربية في مجال ريادة الأعمال والتكنولوجيا URL,2,2,Favor,Favor,0.8902105156507486,0.38309640838207937,0.09819637092819125,0.011593130923833397,0.8902105156507486
1528,Women empowerment, أدوات اُعطيت للرجل لأسباب معينة و مُنعت عن المرأة بغير وجه حق فأكتسب الرجل سُلطة  و عندما تم توزيع الادوات بالتساوي وتم تمكين الطرف الآخر عجزنا عن التنازل عن سلطتنا بلا اي مبرر حقيقي .,1,1,None,None,0.9942124340977774,0.03959955004480638,0.0029371277132222225,0.9942124340977774,0.0028504356500050993
1533,Women empowerment," كلام عاطفي وسطحي  سأتحدث عن جزئية عمل المراة  بالفعل يتم تشغيل العديد من النساء خاصة في المصانع والشركات تحت غطاء ""تمكين المراة"" ليس حبا فيهن ولكن كيد عاملة بديلة للرجل  برواتب زهيدة وساعات عمل طويلة لان المراة في الغالب لن تضغط مديرها او تزعجه با",0,0,Against,Against,0.9963500292960261,0.02565680373373322,0.9963500292960261,0.0005380070008721937,0.0031119145018131127
1534,Women empowerment,تسريبات من بناطيل الاخوان بالصوت والصورة بس مفيش تآمر ولا حاجة على الاخوان كانت كلها سوء ادارة طبعا اهم سابولك الادارة يا جهبز من ٩ سنين عملت ايه بقا يا خwل يا بتاع تمكين المرأة. خليت الناس تشحت.الجهل سايد.بتبيع املاك البلد كانها ملكك.جباية في كل حتة. شغل كله سرقة ونصب فاشل.حرامي,0,0,Against,Against,0.9961626062213416,0.027315155669319156,0.9961626062213416,0.0009412275103715857,0.0028961857957053466
1542,Digital Transformation,فلسفة التحول الرقمي    التحول الرقمي يدمج ما هو مادي بما هو رقمي ويحوله لواقع جديد. ما يحدث الآن هو تغيير الطريقة التي نعمل بها  وحتى طريقة تفكيرنا.  التحول الرقمي هو نهاية طغيان الاعمال والأسواق التقليدية عبر ارتفاع الاندماج بين النموذج التقليدي والنموذج الرقمي.,0,0,Against,Against,0.9312929345735512,0.2918911111753248,0.9312929345735512,0.02019296064208058,0.04851413871944304
1549,Women empowerment,   الفرص موجوده ومتاحة للجميع بس اغلبها تروح للنساء تمكين المرأة وتركين الرجل لا حول ولا قوة الا بالله العلي العظيم,0,0,Against,Against,0.9921182130563388,0.047681770529456685,0.9921182130563388,0.00042624856740669027,0.007455551867476356
1565,Digital Transformation,نحن فخورون بالإنجازات التي حققناها ضمن رحلتنا للتحول لاقتصاد رقمي حتى هذه اللحظة الا انها بالتأكيد دون الطموح المرجو و يتوجب علينا الإستفادة من أخطائنا والبناء عليها   #كورونا #جمعية_انتاج #التحول_الرقمي #COVID19 #DigitalTransformation #STS  URL,2,2,Favor,Favor,0.9902075165797966,0.061423170433500575,0.0034892150354376467,0.006303231553592616,0.9902075165797966
1569,Women empowerment, لذلك عمل المرأه يضر الأسره أولاً والمجتمع بأكمله ولا يوجد تمكين للمرأه إلا باضطهاد امرأه أخرى (خدامه),0,0,Against,Against,0.992297352145594,0.046240815964814816,0.992297352145594,0.00024489281669519566,0.00745772497229412
1577,Women empowerment,هذا ماوصلن إليه النساء بفضل تمكين المرأة!  كثير من العاملات رفضن نمط العيش تحت ظِلّ رجل يكفي المرأة المهانة  وآثرن العمل على القرار لإعتقادهن أن الناصحون لهن عن فعل ذلك حسدة وذكوريين..  نسأل الله السلامة من البلاهة وإسترحْاص قيمة العِرض! URL,0,0,Against,Against,0.992605090233288,0.04564805206675057,0.992605090233288,0.0005642785930622616,0.006830614231477363
1578,Women empowerment,"""المرأة لازم تحقق ذاتها ودخلها الخاص""  ""هذا العصر عصر تمكين المرأة""  ""المرأة لازم تحب نفسها وكفاية إجبارها على نمط الأمومة التقليدي""  ""اعطوا المرأة حريّتها في إختيار طريقة حياتها""  شفت 👆🏻هذه الشعارات والمصطلحات؟  كلّها بهدف إيصال المرأة إلى هذا👇🏻القاع بعد أن كانت معززة مكرّمة. URL",2,2,Favor,Favor,0.9639127140474351,0.1603254296348935,0.03495852477380624,0.001128781213370365,0.9639127140474351
1588,Digital Transformation, التحول الإلكتروني ضروري جدا,2,2,Favor,Favor,0.9958074282237271,0.029497344786432247,0.0010517117209081037,0.0031408693963075147,0.9958074282237271
1603,Women empowerment,قلتا تمكين المرأة بس مب كذا عاد URL,0,0,Against,Against,0.9845934478939816,0.08556615302477145,0.9845934478939816,0.002021275277528418,0.013385313447821883
1632,Covid Vaccine,لم يتم تطعيم أي واحد من مرضاي ب COVID من الذي يرقدون بالمستشفى حاليا   ✅هذا هو العلم وليس من قبيل الصدفة   إذا رفضت الحصول على لقاح اليوم ، فقد ينتهي بك الأمر في وحدة العناية المركزة غدًا #نعم_للتطعيم ,2,2,Favor,Favor,0.9750654916038035,0.12829181899132214,0.020530763833533534,0.004403762849062871,0.9750654916038035
1655,Covid Vaccine,أخذت اليوم الخميس الجرعة الأولى من تطعيم كورونا في مركزمعارض الرياض وكانت الاجراءت في غاية الدقة والتنظيم والسرعة بدء من الدخول وحتى الخروج والتوديع بالورود  مع توفرعربات نقل كهربائيةلكبارالسن  ومياه الشرب والعصائر فجزى الله قيادتنا الرشيدة على هذه الجهود الجبارة وكافة المسؤولين ,2,2,Favor,Favor,0.9826865689345956,0.09292071054072445,0.0016869344044735763,0.01562647872089306,0.9826865689345956
1656,Digital Transformation,يتيح التحول التقني الى إنجاز الكثير من المعاملات  بطريقة سهلة   لكن موظفين كثيرين قد يفقدون عملهم في المستقبل بسبب هذه الطفرة في مجال التقنية   اللهم ارزقنا خيرها و اكفينا شرها يارب 🤲♥️ URL,2,2,Favor,Favor,0.993224762641368,0.04526340604202399,0.0036717280342395383,0.0031035088881681177,0.993224762641368
1658,Women empowerment, أحسنتم سعادة الدكتوره  في تمكين المرأة تمكين للرجل  المرأة القوية بفكرها وحسن تدبيرها للأمور خير معين للرجل  من تأمل سيرة أم المؤمنين خديجة وبقية أمهات المؤمنين يجد ذلك واضحا في سيرهم العطرة مع النبي الكريم صلى الله عليه وسلم,2,2,Favor,Favor,0.9915827715398485,0.05059956211014521,0.007877433023556342,0.0005397836738955383,0.9915827715398485
1659,Digital Transformation,التحول الإلكتروني يضمن تنفيذ الإجراءات الجنائية بدرجة أمان 100% #البحرين  URL URL,2,2,Favor,Favor,0.9963466288619346,0.026681272165778,0.0018631977195645015,0.0017901521028833146,0.9963466288619346
1680,Covid Vaccine,وحتى الأعراض الجانبية مقارنة مثلا بحاجات زي حبوب منع الحمل أو التدخين أو حتى اللحوم المصنعة فهي نسبتها تعتبر قليلة لكن من حق الناس تفكر فيها وتوزن الريسك اللي فيه، إنما تقول تطعيم من المرض بيجيب المرض نفسه 😂 ده بتوع ال 5G بيجيب كورونا عندهم منطق عنك,1,1,None,None,0.9938221541232886,0.04106883660612399,0.004623619163901965,0.9938221541232886,0.0015542319137990548
1690,Digital Transformation,أثبت المعلم في بلادنا ولله الحمد قدرته الفائقة على التحول نحو التعلم الإلكتروني في الأزمات وتمكنه من تعليم أبناءنا بكفاءة عالية فجزاه الله عنا خير الجزاء #تعليم_الجبيل URL,2,2,Favor,Favor,0.9930279953502402,0.046277152413907285,0.0041438478974444885,0.002828121183436089,0.9930279953502402
1695,Covid Vaccine, الحمد لله مصر وصلت لمناعة القطيع ضد كورونا بدون تطعيم,0,0,Against,Against,0.9356658848142753,0.27824111135561724,0.9356658848142753,0.04478146830639041,0.01955267878539615
1701,Women empowerment,  هذا ما يريدونه الغرب الانجاس للبلاد انحلال و استهتار بإسم تمكين المرآة و دورها في المجتمع حتي يسهل عليهم ضرب عقيدتنا و عادتنا و تقليدنا,0,0,Against,Against,0.9977858718582069,0.016971203047719447,0.9977858718582069,0.0005355317955186526,0.0016785736931128168
1709,Digital Transformation,#خبراء_التحول_الرقمي  #مبادرة_يوتابايت    يجب على كل مواطن في #المملكة_العربية_السعودية أن يمضي نحو #عالم_رقمي واعد  لنحقق أهدافنا المحلية والعربية والعالمية وفق #رؤية_المملكة_2030,2,2,Favor,Favor,0.9758569844885057,0.12759493727195162,0.006284517513382426,0.017858482309667603,0.9758569844885057
1714,Covid Vaccine, لا تستعجل ! إصبر يكملون تطعيم كورونا والله غير تشوفهم ضباع تمشي على ثنتين,0,0,Against,Against,0.9711227891412149,0.14264175590705158,0.9711227891412149,0.004114941725775767,0.024762279868306883
1715,Women empowerment,مقررات الدراسات الاجتماعية بحاجة كبيرة إلى إبراز دور المرأة في تاريخ المملكة العربية السعودية وماقبله. إبراز صورة المرأة تاريخيا يساعد على تحقيق هدف المملكة بتمكين المرأة حاليا ومستقبليا.  #تمكين_المرأة #دراسات_اجتماعيه #تطوير_المناهج ,2,2,Favor,Favor,0.99341404672539,0.04413818820022379,0.0037763592760275072,0.0028096178291520026,0.99341404672539
1716,Digital Transformation, التحول التقني مثل موج البحر .. اذا لم تستعد للجديد من التقنية .. ستتلاعب بك امواج التقنيات .. والنتيجة تخبط إداري وانتاجية سيئة,0,0,Against,Against,0.9974054409820174,0.019720323468523388,0.9974054409820174,0.0016859000055500792,0.0009086695143002659
1717,Digital Transformation,  فعلاً والله التحول الإلكتروني حلو ومريح ولكن ماذا سيحدث إذا فقدنا كل البيانات؟,0,0,Against,Against,0.9942748984273906,0.03843028238516788,0.9942748984273906,0.004343959396527693,0.0013812018890922346
1718,Digital Transformation, اسوأ خدمه الكترونيه و منظومه لا تحترم الطلاب المغتربين.. لسه عايشين في زمن الملفات و بيضيعوا جهد الطلاب بسفر و مشاوير.. ان مكنتوش قد التحول الإلكتروني رجعوها للعصر القديم.. بصراحه نظام تطفيش مش تعليم..,0,0,Against,Against,0.9974283699209667,0.019097628897668847,0.9974283699209667,0.0004510127002901101,0.0021206323627115803
1727,Covid Vaccine,MENTION ارجو  تكونون واضحين عن اسباب الوفاة . هل  بسبب اثار جانبية من التطعيم ؟ مو معقولة كلها من كورونا . قبل تطعيم ماكانت النسبة جذي الحين فرق   اعتقد السبب واضح   واتقوا الله!!,0,0,Against,Against,0.9980457202922483,0.015400944746384126,0.9980457202922483,0.0012813616738737508,0.0006729188534529927
1747,Covid Vaccine,MENTION يعني اللي حاشته كورونا وتشافى منها صار محصن..  ليش تمنعونه من ممارسة حياته بشكل طبيعي؟  بهدف اعطاءه تطعيم جرعات لم يتم حصرها !  ولم يتم معرفه اثاره البعيده !!,0,0,Against,Against,0.9982535396337046,0.013916871386767948,0.9982535396337046,0.0005423546271739622,0.0012040413733855528
1756,Covid Vaccine,  الا لقاح كورونا   كورونا نفسها  صارت منسيه حتى اخذو الناس اللقاح  ورجعت ارتفعت بشكل كبير خاصه بالرياض  لان أكثر من اخذو اللقاح من سكان الرياض     وعن اللقاحات الا اخذتوها  انا لا أخذت تطعيم في صغري ولا باخذها في كبري,0,0,Against,Against,0.9967983583802547,0.023004340095039336,0.9967983583802547,0.0026835400286422543,0.0005181013357049033
1759,Women empowerment,MENTION صح عليك المرأة المُمكنه المستقبلة الموظفة وش يخليها تصبر على العنف والضرب والتعدد والخيانة والولاية ووو ؟؟  مافيه سبب عشان كذا مو عاجبك تمكين المرأة لأنه يسحب منك امتيازتك ويرجعك لحجمك الحقيقي   وصدقني يا مازن راح تبكي اكثر واكثر بالمستقبل 😂😂,0,0,Against,Against,0.9832601681707519,0.08750972029804703,0.9832601681707519,0.0005577811711284142,0.016181971760328272
1761,Women empowerment,د. عمرو سليمان المتحدث باسم حزب حماة الوطن: تمكين المرأة المصرية يعطي زخم لمدرسة القضاء المصري أن تكون المرأة سندا في كل مؤسسات الدولة  #eXtranews  #إنجي_طاهر ,2,2,Favor,Favor,0.9915266950268546,0.05363700821137014,0.006345813335883446,0.0021275084393671314,0.9915266950268546
1767,Covid Vaccine,كل ماشفت زحمة عيادة تطعيم كورونا ، احمد ربي واشكره اني من اوائل الناس اللي طعموا ، التأخير مابه خير ، يالله يالله تلقى موعد ، وزود على ذلك سرا عند بوابة العيادة,2,2,Favor,Favor,0.9842374747116609,0.08542339351988987,0.0012509860459887442,0.014511471276890533,0.9842374747116609
1770,Women empowerment,أنتِ ذراعُ عزٍ وفخرٍ للمملكة. #نفخر_بك #نساء_المستقبل #تمكين_المرأة ,2,2,Favor,Favor,0.9905068321735476,0.059088249806288635,0.007035763491421109,0.002457422222032725,0.9905068321735476
1773,Covid Vaccine,MENTION طيب انا ماابي اخذه ليش الاجبار ذا .  اما تطعيم او لاتجي عملك ؟؟ هذا مو منطق . انا راضي اموت بكورونا لكن ماموت من الخوف من كورونا اللي يدفعني ل اخذ اللقاح  بعدين خلاص اللي اخذ بالتوفيق لك مو لازم كلنا نسوي مثلك,0,0,Against,Against,0.9965184804697679,0.02514914467910213,0.9965184804697679,0.0008789351973059625,0.0026026188895888805
1779,Digital Transformation,التحول الي التعليم الإلكتروني شي جميل اتمنى من الجميع التفاعل لإنجاحها لخدمة المجتمع,2,2,Favor,Favor,0.9960936937166952,0.028157762284989066,0.00241398937208916,0.0014923367162328934,0.9960936937166952
1782,Digital Transformation,استلمت جواز سفري خلال يوم واحد عبر التطبيق الذكي للهئية الاتحادية للهوية والجنسية دون مراجعة أو انتظار. الحمد لله على نعمة القيادة الرشيدة غيرنا ينتظر أيام وليالي ناهيك عن معاناة التقديم وتعبئة البيانات وإرفاق المستندات.  بكم الإمارات رائدة في مجال التحول الإلكتروني والذكي URL,2,2,Favor,Favor,0.9968410103376997,0.023494877962387306,0.001339537718019565,0.0018194409643104183,0.9968410103376997
1796,Digital Transformation,الدول كل الدول تستغل الكورونا بأشكال خطيرة سنشعر بها ونرى اثارها بعد انتهاء الوباء  زيادة السيطرة على الناس  زيادة التحكم والرقابة التحول الإلكتروني  وغيره الكثير  #أسعار_النفط #خليك_بالبيت #فايورس_كورونا #دول_الخليج #Covid_19,0,0,Against,Against,0.9984477535531296,0.012665147244741961,0.9984477535531296,0.0008151542896720139,0.0007371120755932974
1803,Digital Transformation, التحول الالكتروني بطئ جدًا من يوم كنت طالب مدرسة الابتدائية اسمع حكومة الكترونية إلين اليوم عدنا شياب وبعدنا على الاستخدام الورقي والتحول ببطء شديد .. لك أن تتصور المصاريف الهائلة اللامبررة بسبب الورق ؟,0,0,Against,Against,0.9914835341286449,0.054963690832421044,0.9914835341286449,0.004087789367801028,0.004428647871082439
1811,Women empowerment, للاسف هذا مقصدهم من تمكين المرأة الا وهو افسادها لا اكثر ولا اقل وان يقل حياؤها,0,0,Against,Against,0.9980998376171938,0.01491524689368788,0.9980998376171938,0.0005152577028922687,0.0013849658237146641
1818,Covid Vaccine,السؤال الكبير ؛ لماذا ارتفعت إصابات ووفيات كورونا في العالم رغم تطعيم أكثر من مليار شخص ؟ #كورونا #كوفيد_19,1,1,None,None,0.9895546025491518,0.06492876024378613,0.00656628599611134,0.9895546025491518,0.0038790710371107793
1820,Digital Transformation,عدد طيب من المحامين يخطون خطوات جادة نحو التحول التقني في المملكة و هذا أمر رائع للسوق المهني السعودي ⚖️👍🏼,2,2,Favor,Favor,0.992552731686134,0.048054908853537005,0.0018228063730825696,0.005624475219210601,0.992552731686134
1827,Covid Vaccine, يا نونه هذا لقاح يطعم به الشخص فيكون لديه مناعه ضد كورونا كأي تطعيم مثل جدري حصبه الخ,2,2,Favor,Favor,0.9443652461177836,0.2523615894571578,0.022598435729917966,0.03303632262442945,0.9443652461177836
1829,Covid Vaccine,أقوى صاروخ سمعته عن تطعيم كورونا  أن التطعيم يدخل في جيناتنا ويحولنا زومي 😭😭😭😭😭😭😭😭💔💔💔💔💔💔💔💔💔💔 لاااااااا والله مب جذي  حجي فاهم الموضوع وايد غللللللططططط!!!!😭💔 المشكلة أن مقتنع!!!😭😭 مافكرت ولو لثانية أني اناقشه صراحة 🙂,2,0,Favor,Against,0.8559817569908347,0.5111456728451205,0.8559817569908347,0.07992225451128523,0.064095950893063
1836,Covid Vaccine,MENTION كذلك مرض كورونا قتل اكثر بكثير من باقي الامراض الاخرى ... للمعلوميه ببريطانيا من بدت الجائحة والوفيات يومياً تو ما صفرت الوفيات من بعد ما استخدموا اللقاح هذا وفقط تم تطعيم الكبار توهم يوصلوا لعمر ٤٠ سنة فكيف لو تم تطعيم الجميع #نعم_للتطعيم,2,2,Favor,Favor,0.7527712761918228,0.568350732679663,0.24574281717240068,0.001485886470250837,0.7527712761918228
1852,Digital Transformation,إلزام وزارة التجارة والصناعة العديد من الشركات التجارية بتوفير خدمة الدفع الإلكتروني للمستهلكين خطوة تقدمية عظيمة تحقق الشمول المالي وتدعم التحول الرقمي وتسهل على المواطنين عملية البيع والشراء وتقلل من مخاطر التغرير والاحتيال.. شكرا حكومتنا الرشيدة,2,2,Favor,Favor,0.9969294567257847,0.022915524888414085,0.0012740374996403408,0.0017965378621209811,0.9969294567257847
1859,Digital Transformation,#ليب22 هذا المؤتمر التقني LEAP  بيكون مركز للالتقاء لرواد التطوير في المجال التقني وبتتوفر منصة لاستقطاب الاستثمار الاجنبي وجذب الاستثمارات الدولية في السعودية وتسريع التحول الرقمي بتمكين التقنيات .,2,2,Favor,Favor,0.992187037313121,0.051104815653887366,0.0038357706087691484,0.003977177100318255,0.992187037313121
1861,Covid Vaccine,MENTION يادكتور.... شغاليين على تطعيم لقاح كورونا مو فاضين كل شي مخطط له ومن زمان للاسف.. الناس الحين استيقظت وصحت من النوم  وبدت تربط الامور  كل اللقاحات جريمه ... حتى الطفل المولود يطعمونه ومايكون مر عليه ٢٤ ساعه  بالمستشفى ... توحد وغير توحد وامراض غيرها.. كله لطمس البصيره,0,0,Against,Against,0.9937696893459838,0.038995512732365144,0.9937696893459838,0.000280882473739355,0.0059494538540373265
1872,Women empowerment,حرصاً مني على دعم المرأة واللحمة الوطنية سألغي جميع مواعيدي والتزاماتي المتزامنة مع ملتقى تمكين المرأه يوم ٨ مارس ,2,2,Favor,Favor,0.9950093537426119,0.03454979373723434,0.001586195318825324,0.0034044441826018216,0.9950093537426119
1873,Covid Vaccine,MENTION و على فكرة الشركه نفسها والعلماء إللي اخترعوا اللقاح يرفضون فكرة تطعيم كل البشريه فقط من تشكل كورونا عليه خطر فقط أما الأصحاء لا حاجة لهم بأخذ اللقاح بالعكس ممكن تصيبهم الاعراض الجانبيه للقاح و تضرهم..  فكيف بقرار تساوم وتجبر جميع الناس باللقاح اللي بحاجته والسليم‼️ تضييع مال عام,0,0,Against,Against,0.9974688880344091,0.01941429871934206,0.9974688880344091,0.0012128792936736475,0.0013183019206753485
1878,Digital Transformation,التحول الالكتروني اللي نعيشه  كلها أمور تخدم المواطن في سرعة الاستفادة من الخدمات المختلفة و ساعدت الجهات بسرعة التواصل مع المستفيد مثل اللي جالسين نشوفه في تطبيق سكني الحقيقة عملهم مميز وخدماتهم اللي يعرضونها مميزة وتساعدك لو حاب تستفيد وتتطلع  عمل مميز جداً  ,2,2,Favor,Favor,0.9952848699774199,0.032820596521784935,0.003326732527197767,0.0013883867557453525,0.9952848699774199
1888,Women empowerment, الشخص هذا مشكلته مو مع توظيف المرأة هذا مو قادر يرفع من قيمته بالسوق وينتضر اي مُبرر عشان يحط اللوم عليه،وملف تمكين المرأة شافه سبب مناسب لفشله ف قام يطلع مبررات غبية زي اخذو وظايفنا واحنا الي نبني بيوت.,2,2,Favor,Favor,0.6268164036270344,0.6668793313579178,0.3722956159158816,0.0008879636649309559,0.6268164036270344
1890,Covid Vaccine, كلها من اولها لاخرها لعبة شركات ادويه متوحشه هدفها استغلال رعب البشر والطمع. لا أستطيع أن افهم بيع لقاح أقصى مناعته 95% بينما نسبة التعافي في الشخص الطبيعي من كورونا تصل 98%. لذلك أنا مع تطعيم فقط الأشخاص الذين مناعتهم ضعيفه.,0,0,Against,Against,0.9983439178448615,0.013251220138657347,0.9983439178448615,0.0004747568711891312,0.0011813045424282965
1895,Covid Vaccine,   جلس يتكلم ان تطعيم كورونا مؤامره ،  وبعدها تطعم🙂,2,0,Favor,Against,0.7311752131650378,0.7625125640352713,0.7311752131650378,0.16249101766501162,0.10633377210728645
1902,Digital Transformation,انا اقول غيرو اسم سهل الى صعب وايد ابرك في السابق كنا نروح الوزارة ربع ساعة تكون مجدد رخصة الاستيراد مع التحول الالكتروني المعامله صار لها اسبوع عند الموظف خووووش تحول الكتروني  ومسمي اسم منصته سهل  انتوا وين والتطور وين,2,0,Favor,Against,0.6861213402739659,0.6524024155916434,0.6861213402739659,0.006139495831905118,0.3077391309827873
1917,Women empowerment,- أعتقد بأن تمكين المرأة في منطقة الخليج لن يتم عن طريق الانتخابات؛ لأن الثقافة الذكورية لا تزال تسيطر على شعوب المنطقة.  - تمكين المرأة يحتاج إلى الثقة في قدراتها، وإلى الإيمان بأهمية مشاركتها في دوائر صناعة القرار، وإلى فرض وجودها بقرارات سيادية. ,2,2,Favor,Favor,0.9759475285584679,0.12785499100369802,0.006925106301447335,0.017127366665777258,0.9759475285584679
1930,Covid Vaccine,معليش شوي بس تشغل مخها الله يصلحها الحكومات قاعدة تدفع مليارات عشان توصلهم اللقاحات بأسرع وقت عشان تقضي عليهم مثلا  بدول كثير العالم يبون تطعيم و مو قادرين تبعات كورونا كثيرة اهمها تبعات اقتصادية وهذول يجيبون افكار مدري كيف تعبت 😅 ,0,0,Against,Against,0.5518380537325016,0.7107339333179813,0.5518380537325016,0.004024061430583003,0.44413789068019743
1934,Digital Transformation, الهيئة تقود التحول التقني بكل ثقة  وهو خيار استراتيجي يجب على الجميع اتباعه.,2,2,Favor,Favor,0.9925550513368326,0.048884939169830346,0.004525732766287031,0.0029192465458277627,0.9925550513368326
1937,Covid Vaccine,دكتور انا احترمك جدا لكن تجبر الشعب على اخذ تطعيم مو صحيح هذا الكلام شنو لقاح طلع بيوم وليله تبي الشعب ياخذه اجباري معقوله هذا كلامك؟! لقاح مو معروف مفعوله. وناس تحس بعراض ما تمشي وياها وتبي الحكومه تفرضه فرض على الشعب تنكلم من صجك ؟! انت تقول جذي ما صدق؟!😳 ,0,0,Against,Against,0.9980498642878596,0.015460432392056626,0.9980498642878596,0.0008871441658551726,0.001062964309033765
1945,Digital Transformation,يعتبر تخصص #الامن_السيبراني مهم في ظل التحول التقني الذي يشهده العالم.   -----  ننتظر بقية الجامعات  ----- URL,2,2,Favor,Favor,0.9834273279156692,0.08893207032310528,0.0012971041191214405,0.015275579514719093,0.9834273279156692
1947,Digital Transformation,مقال رائع مفصل للتحول فالمعاملات المالية والمصرفية وفقكم الله واعانكم لمواكبة التغيير المستمر وماتشهدة بلادنا من تطور في جميع المجالات ولاعتماد على التقنية ومفاهيمها لمجارات التحول العالمي للاقتصاد الرقمي.. URL,2,2,Favor,Favor,0.995110870980253,0.034253237204017614,0.0026992376502436377,0.002189888177758792,0.995110870980253
1950,Covid Vaccine,سؤال طبي 🏥 💉  الحين اذا انا ماخذ تطعيم فايزر  💉 اقدر اخطب وحدة ماخذه لقاح اكسفورد او صيني  او مش من مستواي,1,1,None,None,0.9930728671861307,0.04501893591703686,0.005385288088088924,0.9930728671861307,0.0015417630123740868
1957,Covid Vaccine,❌ ما نلعب رياضة إلا بتطعيم ❌ ما نسافر إلا بتطعيم ❌ ما ندخل السينما إلا بتطعيم . بس ندخل المول عادي ✔️ ونسكن بالفنادق ✔️ وناكل بالمطاعم ✔️ ونركب التكاسي والباصات ✔️ ونروح الجمعيات ✔️ ونخلص معاملاتنا بالوزارات ✔️  #الكويت #كورونا #تطعيم #دمج_لقاحين #عشوائية #قرارات_غريبة #تطعيم,1,1,None,None,0.9963986190509906,0.02599087062182077,0.002595695666114495,0.9963986190509906,0.001005709299268038
1960,Digital Transformation,  اهم شيء جاهزية البنية التحتية للتحول الإلكتروني  حتى الآن شركات الإتصالات عاجزة عن توفير نت يواكب هذا الطموح. النت عندنا ضعيف والشبكة العنكبوتية هي الحلقة الأضعف التي تجعلنا نعيد حساباتنا الف مرة قبل التفكير بتأييد هذا التحول.,2,0,Favor,Against,0.8221593581348305,0.5666304619183593,0.8221593581348305,0.04313802772477392,0.13470262731720173
1996,Covid Vaccine,قالوا ان التطعيم بجرعة واحده يمنع وباء #كورونا وبعدها قالوا جرعتين وتصبح محصن وبعدها  لكبار السن جرعة ثالثة واخير قالوا لتصبح محصن جرعة ثالثة لا تاخذ تطعيم لانه حرام والهروب من المرض باللجوء الي الله سبحانه وتعالى ثم الصلوات في وقتها والدعاء والاذكار والتباعد وكمام وعزل المصابين,0,0,Against,Against,0.9963347052090171,0.02655616171602162,0.9963347052090171,0.002434586417041423,0.001230770528315889
2005,Women empowerment,هل انت مع تمكين المرأة؟,1,1,None,None,0.9909875764088601,0.05760914470872715,0.004983660902672471,0.9909875764088601,0.004028837164639597
2010,Women empowerment,تمكين المرأة أساسي للتنمية المستدامة ومشاركتها السياسية   ضرورة لاتمام التنمية بالشكل المطلوب  #قادرات,2,2,Favor,Favor,0.9964846195849252,0.025705935923607388,0.0021831529904513458,0.0013322358389264725,0.9964846195849252
2030,Digital Transformation,  ما شاء الله وزارة الأوقاف والشؤون الدينية من الجهات الحكومية السباقة في التحول الإلكتروني .جهود جميلة موفقين أن شاء الله,2,2,Favor,Favor,0.9967109454650751,0.02436437140081789,0.0015743645497293905,0.0017146699085066894,0.9967109454650751
2032,Digital Transformation,الفترة الحالية التي نمر بها علمتني كيف أن #التحول_الرقمي مهم. الشيء المبهج أننا  استطعنا إثبات أن العمل عن بعد سواء في قطاع التعليم القطاعات الخاصة أو الحكومية لم يعيقنا من تحقيق أهدافنا وهذا بفضل التطور التقني الكبير الذي أسهم في بناء مجتمع فعال #السعودية #Digital #ريتويت,2,2,Favor,Favor,0.9947514188793547,0.03640555041115793,0.002859022732254659,0.002389511517195212,0.9947514188793547
2044,Digital Transformation, مي تو .. فعلاً اكتشفوا بمن فيهم إدارة تويتر ان التحول الإلكتروني والعمل عن بعد ممكن بل أوفر وأكثر مرونة.,2,2,Favor,Favor,0.9902808889227188,0.058642251500028386,0.008358753759181423,0.001360384154581845,0.9902808889227188
2050,Digital Transformation,عاجبني جدا اداء المملكه العربيه السعوديه فى موضوع ال digital transformation التحول الرقمي صراحه ماشيين فيه بسرعة البرق من حيث البنيه التحتيه واتاحة الانترنت بشبكات 5G وسرعة النت الرهيبه والتطبيقات والمواقع اللى حولت كل حاجه من ورقي الى رقمي,2,2,Favor,Favor,0.9947236371393738,0.036347572598826317,0.0034345723569484694,0.0018418047579120502,0.9947236371393738
2051,Digital Transformation,  منصة مدرستي كانت التحول التقني وتحقيقًا سريعًا للرؤية ٢٠٣٠/ما تعلمناه من برامج تقنية معلمين وطلاب وأولياء أمور في فترة وجيزة قفزة للتعليم التقني في المملكة🇸🇦شكرًا بحجم السماء ملكنا سلمان حفظه الله ووزراءنا وزير التعليم ووزير ا,2,2,Favor,Favor,0.9909372076806924,0.05772135926785394,0.005502299384500766,0.0035604946285882166,0.9909372076806924
2052,Covid Vaccine,#كوفيد_19 #كورونا هي واقع سيبقى معنا الى ان يشاء الله   الحل مش باقفال الحدود و لكن باتخاذ الاجراءات اللازمة من تطعيم و عزل للمصابين و فحص المسافرين القادمين واعادة التكيف مع واقع جديد علينا تقبله و التعايش معه. الله يسهل امور الناس,2,2,Favor,Favor,0.961543731975565,0.18958383583416186,0.02045762652179233,0.01799863758321739,0.961543731975565
2054,Women empowerment,اشغلتونا بالمراه اللي يشغلكم في انفسكم  تمكين المراه = فساد المجتمع #المرأة_نصف_المجتمع,0,0,Against,Against,0.9951180237962003,0.032010385583049944,0.9951180237962003,0.0003111601929319703,0.004570774302921754
2060,Covid Vaccine,  هذا لقاح يعني تطعيم مثل تطعيم الشوكيه في الحج والانوفلونزا الموسميه ماهو علاج لكورونا  ماحد جابر احد(همسه الله يخارجنا من بعض المدرعمين),2,1,Favor,None,0.6565713365118189,0.8245181044859853,0.07577529188452012,0.6565713365118189,0.26765333357718835
2063,Digital Transformation, بارك الله فيكم معالي الوزير كنتم ولا زلتم ووزارتكم عرابي التطور التقني الذي تعيشه مملكتنا ويلمسه المواطن من خلال التحول الرقمي,2,2,Favor,Favor,0.9930707935201364,0.04599689436622799,0.0042138384153340945,0.0027153719749665665,0.9930707935201364
2080,Digital Transformation,ما شاء الله  تبارك الرحمن ألف مبروك لكافة منسوبي الرئاسة العامة على هذا التقدم والازدهار التقني. اللهم بارك في معالي الرئيس العام والقائمين على مشروع التحول الإلكتروني وكافة منسوبي الرئاسة. URL,2,2,Favor,Favor,0.9587582099988022,0.17984128027290308,0.03925280426290323,0.001988994323345686,0.9587582099988022
2081,Covid Vaccine,#نعم_للتطعيم   بعد مرور ٥ أيام على بلوغ  ١٢ سنة تم تطعيم ولدنا بناء على رغبته  #كورونا URL,2,2,Favor,Favor,0.9947410943173712,0.036344250669546684,0.003241197097461533,0.002017666670582064,0.9947410943173712
2098,Digital Transformation,التحول الرقمي للمنظمات الحكومية والخاصة اصبح ضرورة وليس ترفاً.مستقبل المنظمة ايا كانت  يحدده مدى قدرتها على مواكبة الركب والسعي للتحول الرقمي ف كافة اعمالها. وزارتي الداخليه والعدل لدينا تعتبر رائدة ف مجال العمل الرقمي وكذلك البنوك.,2,2,Favor,Favor,0.9964697812848261,0.025832603376973157,0.001411288363310777,0.002118941666721004,0.9964697812848261
2100,Women empowerment,من نعم الله علي ان اكون إمرأة سعوديه بعمر ٢٧ عام شهدت هذا التطور و تمكين وتعزيز حقوق المرأه .. ومن بدأت الرؤية حصلت على القبول الشديد من الشعب وبالتالي نجحت الرؤيه بفضل الله ثم سيدي محمد بن سلمان 💚💚💚 #رؤية_٢٠٣٠_واقع_يتحقق ,2,2,Favor,Favor,0.9932710834323722,0.044998964825909794,0.0030745264355204315,0.0036543939204891447,0.9932710834323722
2104,Covid Vaccine,#تطعيم_كورونا صراحه الله جهود مبذوله من وزارة الصحه ودولتنا يعني قسم بالله وربي شيء يبهج الصدر يعني احترام وتقدير من الممارسين الصحيين م قول الله يسعدكم ويجعلها في موازين حسناتكم يارب وشكراً شكراً شكراً من القلب  🤍🇸🇦🇸🇦🇸🇦,2,2,Favor,Favor,0.9940044441162993,0.04050163352667095,0.0039524354724367085,0.00204311612122921,0.9940044441162993
2105,Digital Transformation,"بعد اختيارها ضمن قائمة أكثر 10 مؤثرين بالعالم في الذكاء الاصطناعي.. تسمية الدكتورة السعودية خلود المانع المتخصِّصة في التحول الرقمي  ضمن أهم 50 شخصية لقيادة الفكر التقني في الشرق الأوسط ""Engati""   URL",2,2,Favor,Favor,0.9896084284833122,0.06358404788066985,0.002550307280177626,0.007841305011603168,0.9896084284833122
2109,Women empowerment,عصر تمكين المرأة السعودية  👏🏻👏🏻👏🏻👏🏻👏🏻👏🏻👏🏻👏🏻   شيء جميل جداً جداً إذا كانت المرأة ملتزمة بالحجاب الشرعي وتعاليم ديننا الحنيف 👏🏻,2,2,Favor,Favor,0.994500595822794,0.03753959744069936,0.003747841806989065,0.0017515892620659783,0.994500595822794
2116,Covid Vaccine,MENTION منذ بداية كورونا لم أسمع بأحد عمره تحت 18 مات بسبب كورونا أو حتى أصيب بها  فلماذا يتم تطعيم اليافعين!!؟؟,0,0,Against,Against,0.9974247648456804,0.019708883342517906,0.9974247648456804,0.0012506292885952584,0.001324594945198678
2118,Digital Transformation,  بمثل هذا الرجال يحق لنا الفخر المقدم منصور بذل الوقت و الجهد  الكبير من أجل نجاح هذا المشروع نظام بيان من أفضل وأسهل الأنظمة في التعامل ونتمنى باقي الجهات أن تسرع في التحول الإلكتروني والإبتعاد عن المعاملات الورقية قدر الإمكان.,2,2,Favor,Favor,0.996735020326014,0.024097953691215736,0.002064119096103637,0.0012009142726086516,0.996735020326014
2122,Digital Transformation,   أهلاً بك 😍 نعم لابد من التسجيل في المحاضرة عبر الموقع👌 أطيب تحية من التحول التقني💜,2,2,Favor,Favor,0.9472765957869798,0.21455914147999455,0.0018764154132258476,0.0508469852517256,0.9472765957869798
2141,Covid Vaccine, اتمنى بعد يكون فيه لقاح متوفر للي أعمارهم أقل من ١٨ حتى يتم تطعيم أكبر عدد ممكن.,2,2,Favor,Favor,0.9968428338081681,0.02318219683644362,0.0008617265579908417,0.002295476131509258,0.9968428338081681
2152,Women empowerment,  والله اذا تمكين المرأة بنظرك فساد؟ الله يزيدنا فسادًا في هذا الموضوع لانو عاجبنا💚,2,2,Favor,Favor,0.9303545550875597,0.2911354253028356,0.05290063536441326,0.016744786687542285,0.9303545550875597
2155,Digital Transformation,البنوك المحلية  كانت فرصةلنشر الوعي المصرفي الالكتروني و التحول الكامل الى الخدمات الالكترونية.  و أتمنى ان تعي البنوك ان الإيجارات العالية للفروع المصرفية و كثرة الموظفين و المصاريف الإدارية المرتفعه تقضي على الارباح و العمولات المحصلة.,2,2,Favor,Favor,0.9951251275731217,0.03384231193369648,0.0033520880452733263,0.0015227730865449507,0.9951251275731217
2161,Digital Transformation,#التعليم_الإلكتروني  قائم بالدرجة الأولى على توفر خدمة الانترنت وقوة الشبكه نتمنى من شركات الاتصالات تقديم خدمات إنترنت للطلاب والمعلمين ذات سرعات وأسعار مخفضة لتسهيل مواكبة #التحول #الرقمي في #التعليم_عن_بعد     URL,2,2,Favor,Favor,0.9904110716723473,0.0595222770486433,0.002421156409589055,0.007167772604697419,0.9904110716723473
2169,Digital Transformation,🇴🇲 تبدأ سلطنة #عُمان مطلع العام المقبل بإذن الله تطبيق قرار إلزامية الدفع الإلكتروني لجميع الأنشطة التجارية في خطوة مهمة نحو التحول الرقمي الشامل..,2,2,Favor,Favor,0.997196807556434,0.021055030271819063,0.0009301293309479662,0.001873085851843603,0.997196807556434
2171,Digital Transformation,الحمدلله بشائر خدمة (فرجت) آتت ثمارها سريعاً  وهذه نعمة التحول التقني السريع الذي تشهده المملكة. وشكرًا لوزارة الداخلية على هذا التطبيق المتميز. URL,2,2,Favor,Favor,0.9909061341023752,0.05803577095574018,0.005080158040002745,0.0040137273391063055,0.9909061341023752
2179,Digital Transformation,عندما نقول اجبارية التحول الإلكتروني بسبب كورونا ليس فقط المعاملات الحكومة و التعليم الإلكتروني بل سيمتد ليشمل حتى مرحلة انك ستقوم بقراءة عدادات الماء والكهرباء بواسطة التطبيقات الإلكترونية وستقوم بالدفع الإلكتروني  #S_Q #كورونا,2,2,Favor,Favor,0.9830564602730675,0.09367380463847891,0.0029163573567241325,0.014027190302580884,0.9830564602730675
2182,Covid Vaccine,لنا أن نفخر ونعتز بأننا نعيش في هذا الوطن🇸🇦🇸🇦حمدلله💚 ✅ #تطعيم_كورونا ,2,2,Favor,Favor,0.9963556482171817,0.02660978225865453,0.0016535704959730452,0.0019908076401297698,0.9963556482171817
2192,Women empowerment,خدعوك وقالو تمكين المرأة,0,0,Against,Against,0.9975990247450608,0.01854355244264797,0.9975990247450608,0.001161507264589176,0.0012394861318621448
2194,Digital Transformation, الله يبارك فيكم ويوفقنا واياكم لكل خير ايها الرائعون وانتم فخري لي الله يسعدكم ياشباب التحول التقني الرائعين وشاكر ومقدر مروركم ومشاعركم الاخوية لاعدمتكم 🌺💌🙏,2,2,Favor,Favor,0.9946445009866608,0.03668930482964719,0.0016921954700352003,0.0036633343731335886,0.9946445009866608
2195,Women empowerment,عندما يتم تمكين المرأة   يكون المستقبل آمنًا (د) URL,2,2,Favor,Favor,0.9844497316101988,0.09084396154601401,0.008697835696526246,0.00685244859715311,0.9844497316101988
2201,Women empowerment, خليك متأكد انك راح تموت بغيظك للسنوات القادمه مع عصر تمكين المرأة بتشوف اشياء كثيره ماراح يتقبلها عقلك المتعفن بالافكار العقيمه 😁❤️,2,2,Favor,Favor,0.9937557639233074,0.0413104897880049,0.004789595223504373,0.0014546257721508172,0.9937557639233074
2205,Digital Transformation,هل لديكم استراتيجية لتطبيق #الذكاء_الاصطناعي بشكل صحيح في المنشأة؟  #التحول_الرقمي #وطن_طموح_وطن_رقمي URL,1,1,None,None,0.9927453980757344,0.04748760464929992,0.004965988044984676,0.9927453980757344,0.0022885684818404798
2211,Women empowerment, تحققت مقولة المرأه نصف المجتمع فعليا وبدعم من سيدي سمو ولي العهد الأمير محمد بن سلمان حفظه الله وقد مكنها من خوض مجال العمل والجيش أيضا فالمراه لاتقل قدراتها عن الرجل بل قد تكون أقوى في مجالات معينه.. فشكرا سيدي محمد بن سلمان لدعم مسيرة تمكين,2,2,Favor,Favor,0.9950200828598911,0.03402502430181935,0.003861772528281806,0.00111815928396076,0.9950200828598911
2226,Digital Transformation,التحول الاضطراري نحو التعلم الالكتروني هذه الأيام جعل البعض من الزملاء والزميلات يغير قناعاته في ضرورة الاستفادة من هذه التقنية مستقبلاً حتى بعد زوال الغُمّة إن شاء الله. وانبهر البعض من حجم المميزات التي قد أدرك بعضها حتى الان.,2,2,Favor,Favor,0.9952196405240902,0.03356271185800168,0.002005044991354424,0.002775320026822742,0.9952196405240902
2229,Women empowerment,اكتشفت ان المجتمع متأزم من فكره تمكين المرأه في هجوم كبيييير عالموظفات,2,2,Favor,Favor,0.9384119770550602,0.23772095074839794,0.06026082406502913,0.0013272553962979164,0.9384119770550602
2235,Covid Vaccine, لماذا الى الان لم نسمع بتطعيم اي لاعب كرة في الدوري الانجليزي او الاسباني.. لماذا لم يتم تطعيم اي رياضي مشهور؟ مع انه كثير نسمع اصابات كورونا في رياضة كرة القدم واليو اف سي.  لعل الجواب لان اللاعبين باهضي الثمن وصعب تعويضهم ,0,0,Against,Against,0.9968070073115353,0.023329510999371167,0.9968070073115353,0.0023976099618390136,0.0007953443540530437
2246,Digital Transformation,' لحظات ماتعة وجميلة قضيتها مع زملاء أفاضل من مدربي #الكلية_التقنية_ببريدة  قدمت لهم وخلال ثلاثة أيام دورة ( التحول الرقمي والمستقبل التقني ) شكراً لطيب استقبالهم. - URL,2,2,Favor,Favor,0.9909812942613401,0.05769277067909141,0.004458888058257256,0.004559809820754316,0.9909812942613401
2260,Digital Transformation, معاليك لماذا لا يتم التحول الإلكتروني في المعاملات وسحب الأراضي  راح يوفر الوقت والجهد مع تحقيق العدالة.,2,2,Favor,Favor,0.9838943984558257,0.09162060735391332,0.004114171369569933,0.011991460762498667,0.9838943984558257
2264,Covid Vaccine,"أعلى سلطة صحية بامريكا تقرر إعطاء جرعة ثالثة منشطة من تطعيم كوفيد 19 ""كورونا""  انا جاهز يا وزارة الصحة     ",2,2,Favor,Favor,0.8782598325664102,0.3961398946335732,0.006637262224781714,0.11510291960357873,0.8782598325664102
2265,Digital Transformation, اتمنى سرعة التحول الرقمي والتعامل الإلكتروني المصرفي وتقليل الكاش والاعتماد على السداد عبر القنوات الإلكترونية سيجفف منابع الفساد  واتمنى أيضا تفعيل نظام البصمة في شراء وبيع اي شيء والدخول والخروج من البلاد,2,2,Favor,Favor,0.9974252340955685,0.019706601515568932,0.0013015469999779498,0.0012731962370797314,0.9974252340955685
2290,Covid Vaccine,لوعتوا جبدنا دعايات ماولهتوا ماولهتوا ؟؟ ماولهت ياخي شتبون؟ 🌚 تطعيم ماني مطعمة لاتحاولون  #الحظر_الجزئي  #كورونا,0,0,Against,Against,0.9961849392208822,0.02748006148864609,0.9961849392208822,0.0025447949143283903,0.0012702002122434845
2297,Covid Vaccine,في جامعة محمد بن زايد للعلوم الإنسانية اليوم استلم أعضاء هيئة التدريس والموظفون وأهلهم الجرعة الأولى من تطعيم كورونا.. كل شيئ كان سلسا ومنظما  الله يعز الحكومة ويبارك حرص الحكومة وجهود الجامعة ويديم الخير ,2,2,Favor,Favor,0.9966465737606601,0.024405933414995154,0.0009004457255706017,0.0024530067787864084,0.9966465737606601
2312,Women empowerment,تمكين المرأة بهذا الإيقاع السريع، حمل في ثناياه اختزالا لمراحل كثيرة. لقد كانت المملكة ولا تزال نموذجا في التنمية المستدامة والاستثمار في الإنسان. #سطر_من_مقالة #السعودية   ,2,2,Favor,Favor,0.9951621416460188,0.03396476995709729,0.0022901611358357864,0.002547727463122789,0.9951621416460188
2318,Covid Vaccine,بالرغم من تطعيم نسبة كبيرة من الفئات المستهدفة التي يشكل كورونا خطورة عليها ، الا ان نسبة الوفيات لا تزال عالية جدا مقارنة مع عدد السكان,0,0,Against,Against,0.9936541947540027,0.041626778428511146,0.9936541947540027,0.0050650473526530045,0.0012807852488407182
2325,Digital Transformation, التحول الالكتروني خلق مشكلة كسل الموظفين. لو تسلم عليه قال ارسل ايميل. 😂,0,0,Against,Against,0.9966775041002929,0.02456368717866894,0.9966775041002929,0.001488453598806719,0.0018340668734720662
2328,Digital Transformation,التحول من التجارة التقليدية الى التجارة الالكترونية اصبح شيء اساسي للصمود وانتعاش المبيعات . وسنرى نتائج مبهرة خلال الفترة القادمة للكثير من المتاجر وتطبيقات الشراء الالكتروني لدينا باذن الله .   اهل التجارة الالكترونية هذا وقتكم ⭐️.,2,2,Favor,Favor,0.9963035965748486,0.026705212912306157,0.0025170582737928772,0.0011793132574571131,0.9963035965748486
2332,Women empowerment,"""أنا أدعم #السعودية ، ونصف #السعودية من النساء ، لذا أنا أدعم النساء""  #محمد_بن_سلمان 🇸🇦  #يوم_المرأة #تمكين_المرأة ",2,2,Favor,Favor,0.98983709251616,0.06227628035736106,0.0023765777503547345,0.007786343117721402,0.98983709251616
2339,Digital Transformation,    شكراً د. عبير كنتِ من رواد التحول التقني للمعلمات  شكراً على جهودك والشكر موصول لخبراء مايكروسوفت الذين لم يبخلوا بعلمهم وكانوا في خدمة أبناء الوطن   وإنجازاتهم تشهد لهم🇸🇦🇸🇦🇸🇦,2,2,Favor,Favor,0.9955567245609603,0.03133845719497389,0.002946561323818991,0.0014966705256315822,0.9955567245609603
2343,Digital Transformation,صراحة طريقة التحول إلى التعليم الإلكتروني في جامعة الملك خالد #kku خرافية. رغم المعوقات الفنية والبشرية  لم أشهد مثل تفاني الجميع في أداء العملية التعليمية بهذا الشكل. علما أنني اشتغلت في أزيد من 10 جامعات عالمية (MIT  UCLouvain  FSU  UoM ...) هنيئا لنا ولجامعتنا. #kku,2,2,Favor,Favor,0.993235867190728,0.045161278925279866,0.0038421163081456228,0.002921991874726455,0.993235867190728
2354,Covid Vaccine,تأخرت السلطنة في اللقاح رفعتوا هاشتاق وقلتوا مانبي حظر ونبي لقاح حالنا حال الدول كلها .  وصل اللقاح وصار التطعيم اجباري للكل قلتوا مانبي تطعيم ورفعتوا هاشتاق #لا_للتطعيم_الاجباري   ماذا تريدون ايها الشعب العظيم؟ 🤣🤣,2,0,Favor,Against,0.5133180692302202,0.7211311786288276,0.5133180692302202,0.0051039377842795955,0.4815779839755273
2355,Digital Transformation,#السعوديه_تتفوق_رقميا  مايحتاج احصائية نحن نرى ونشاهد ونلامس الواقع. التحول الإلكتروني في القطاعات الحكومية والعسكرية والصحية وفي القطاع الخاص أمر يلاحظه الجميع. أصبح الشخص بإمكانه البيع والشراء وتخايص معاملاته وتنظيم مواعيده وسداد التزاماته والتخطيط لمستقبله وهوجالس في بيته.,2,2,Favor,Favor,0.9967611978232231,0.02404459026508652,0.0016524827194083736,0.0015863464402902853,0.9967611978232231
2370,Covid Vaccine, مستعد اموت ولا اروح ولا آخذ تطعيم واللي فيها فيها  لا جت ساعتي محد يردها لا طب ولا لقاح,0,0,Against,Against,0.995696424255735,0.030663849121828922,0.995696424255735,0.002512411709002269,0.0017911732625369465
2371,Digital Transformation,   التحول الالكتروني مطلب ملح وبأسرع وقت ممكن   فلن نتخلص من البيروقراطية المقيتة بدون التحول الالكتروني.,2,2,Favor,Favor,0.9964172514057086,0.026194833820885787,0.002063395365754444,0.0015193366585995872,0.9964172514057086
2376,Covid Vaccine,عجباً وحزناً على من يعتقد إلى الآن أن تطعيم كورونا مؤامرة.,2,2,Favor,Favor,0.9885355847730027,0.06880253992869195,0.008833572183940262,0.0026308445104575333,0.9885355847730027
2386,Digital Transformation,أتمنى إطلاق مبادرة مجتمعية لرجال الأعمال السعوديين هدفها دعم التحول الرقمي ورؤية2030والاستعداد لمرحلة ما بعد النفط من خلال دعم المبرمجين والمصممين المتميزين وتبني أفكارهم وبرامجهم وتحويلها الى واقع ملموس ويستفاد منه لتطوير المجتمع    #مشروع_احمد_التقني_التعليمي URL,2,2,Favor,Favor,0.9928016328705536,0.047380397964108624,0.0025713221193226247,0.004627069479188802,0.9928016328705536
2404,Digital Transformation,#تحسين_درجات_طلاب_تحضيري_طيبه مدير الجامعة حاط شعار الجامعة التحول التقني😂😂😂😂😂😂يارجال أنتم جيتوا العيد بأجهزتكم حقت تصحيح الإختبارات وبتخلي كل الجامعة بدون ورق بس أجهرة😂😂😂😂😂😂😂😂,0,0,Against,Against,0.9965067935749888,0.025609971560899586,0.9965067935749888,0.0020673366576209355,0.0014258621265189836
2424,Covid Vaccine,MENTION MENTION MENTION اما التطعيم ماهو تطعيم ضد الموت و التطعيم ما يعطي حماية ١٠٠٪ لتفادي الموت في حال الاصابة و لكن التطعيم يقلل من اصابات و اعراض و وفيات كورونا URL,2,2,Favor,Favor,0.9109061042812606,0.33180804136439235,0.07905318881955611,0.010040695517715564,0.9109061042812606
2434,Covid Vaccine,MENTION انا من تطعيم سابق قبل عدة سنوات ليس تطعيم الكورونا حصل عندي مشاكل صحية ... لم و لن اتلقى تطعيم كورونا أبدا,0,0,Against,Against,0.9981925798706239,0.014392443569088056,0.9981925798706239,0.001173006700874338,0.000634401835096706
2438,Digital Transformation,إنه لمن دواعي سروري وكل شريك نجاح في مجموعة العبيكان رؤية تأثير رحلتنا الناجحة في التحول الرقمي والمساهمة مع العالم بأسره اليوم بخبرتنا من خلال حلولنا الرقمية المبتكرة في المؤتمر التقني العالمي الأهم  URL,2,2,Favor,Favor,0.993898329406048,0.04128082582956133,0.0023884013036474107,0.003713235855289215,0.993898329406048
2446,Covid Vaccine,MENTION MENTION MENTION مين قال لك إنو إلي إنصابو بكورونا بدون تطعيم كانت أعراضهم خفيفة و ما تعبو .. إمي و أختي صابتهم كورونا و ما كانو مطعمين و تعبو كتييييير من الكورونا و أعراضها,2,0,Favor,Against,0.9819397820756872,0.1028508089775147,0.9819397820756872,0.00975350436701189,0.00830665760178784
2447,Covid Vaccine,MENTION #هيهي الحمدالله اني ماخذيت ولا جرعه من تطعيم كورونا URL,0,0,Against,Against,0.9959643344037026,0.028910870669620285,0.9959643344037026,0.0014519979628052895,0.0025836516858007913
2451,Digital Transformation,قبل السوشل ميديا كان اللايف ستايل دا مقتصر على الطبقة الثرية فقط و مع التحول التقني اللي حصل في ناس اغتنو و ما بتكلم هنا عن فاشنيستات بس .. لا في رواد اعمال و مطورين تقنيين و وظايف جديدة نشأت خلت ناس من طبقة متوسطة يوصلو لحياة الطبقة الثرية,2,2,Favor,Favor,0.9813800892207571,0.09940112591195592,0.002209761705429804,0.016410119130362704,0.9813800892207571
2458,Covid Vaccine,صار عندي حرقان بالمريئ بسبب سوالف تطعيم كورونا تعبنا يا ناس ياليت هذا كابوس و نصحى منه,1,1,None,None,0.994990802615027,0.034471820025006525,0.0013751798038039323,0.994990802615027,0.003634040291416195
2477,Digital Transformation, التحول من الأسلوب القديم في التشجيع والتحفيز إلى الأسلوب التقني الذكي ممتع ومفيد جدا في سير العملية التعليمية  #وزارة_التعليم  #وزير_التعليم  #رياض_الأطفال  نقاط خالد تختلف عن نقاط ياسر  بناء على انضباطه وحفظه للسور ومعرفة كتابة وقراءة الحروف ,2,2,Favor,Favor,0.9894888035302529,0.06561606489809048,0.005450008637806256,0.005061162021626618,0.9894888035302529
2478,Digital Transformation,٨- بدأت بالتحول للكتب الإلكترونية ودا التحول غير حياتي بسهولة حصولي على الكتب الجديدة اللي مو موجودة هنا. ٩- حولت للتدوين الإلكتروني على الآيباد و اتخلصت من حفلة الأقلام و الأوراق اللي كنت أشيلها معي في كل مكان. ١٠- سجلت ب كورس مع ,2,2,Favor,Favor,0.9853653795200588,0.0826018535261995,0.0022338428328664167,0.012400787063744933,0.9853653795200588
2482,Digital Transformation,  متى بيبدأ التحول الالكتروني لوزارة الصحة؟ مو معقول للان رفع المعاملات بطرق بدائيه.. التقديم لبدل السكن او بدل التميز او الترقيات وغيرها المفروض يكون الكتروني . وقت الطبيب ثمين لكن للأسف يضيع على انتظار توقيع ومشاوير الاوراق وتسليمها,2,2,Favor,Favor,0.9912170658492659,0.0551198717727861,0.006718977895376074,0.002063971308489166,0.9912170658492659
2484,Covid Vaccine,MENTION لعبة تجارية.. يريدون تطعيم الأعمار أقل من ١٢ سنة.  من بداية كورونا إلى اليوم الإعلام كان اللاعب الفاعل في طمس الحقائق.  فلا تكونوا عونا لهم في نشر أكاذيبهم وتنفيذ مخططاتهم. دول كثيرة لم تلقح ولم تعتمد التباعد  ولا الكمامات منذ بداية كورونا ومازالوا يعيشون حياة طبيعية.,0,0,Against,Against,0.9969864335917783,0.021655929080269587,0.9969864335917783,0.00038647866848240343,0.002627078133705017
2486,Covid Vaccine,MENTION MENTION MENTION كل الادويه في العالم لها اثار جانبيه ولو نص بالمئه. ومافي دواء او مادة طبيه تخلوا من هذه الاثار. حتئ التطعيمات يلي خذيتها في الصغر لها اثار جات علئ تطعيم كورونا تريده بدون اثار جانبيه ؟؟!!,2,0,Favor,Against,0.7419461007259127,0.5931217263294261,0.7419461007259127,0.004358875843572361,0.253695027243532
2492,Covid Vaccine,ولو دخلنا على التطعيم هذا كلام ثاني ليش يا وزير الصحه تجيب لنا لقاح يجربونه علينا ما تشوف تجلطات الدم الي قاعده تصير ولا يطلع لي واحد يقول كلام فاضي لا كلام حقيقي ولا ليش دوله تكذب شنو الفايده اذا دوله كامله جذبت انا واحد من الناس لا يهمني تطعيم والله خير حافظ #صحة_الطلاب_برقبتكم,0,0,Against,Against,0.9983067610503855,0.01366418551036808,0.9983067610503855,0.0007743281421170392,0.0009189358382646349
2498,Women empowerment,  بالتأكيد قطر رائدة في مجال تمكين المرأة ولا يهمها تقارير الهيومان رايتس..يكفيها فخرًا المرأة القطرية أنها تمكنت من الوصول لمنصب قاضية منذ عام ٢٠١٠ في الشهر الذي يحتفل فيه العالم بإنجازات المرأة وهذا يُعد تقديراً عظيماً من القيادة الق,2,2,Favor,Favor,0.9922087515526664,0.04949348081358458,0.006226468979784324,0.0015648294092723064,0.9922087515526664
2499,Women empowerment,"يعتقد الذكور السعوديين بأن السعودية "" الوطن "" للذكور فقط لذلك ستجدونهم يلطمون أسفل كل خبر يدعم تمكين المرأة من يخبرهم بأن الوطن للمواطن، والمواطن يشمل ذكر و أنثى .",2,2,Favor,Favor,0.9924209387049596,0.04740267173390011,0.0009438367312036026,0.006635223878410997,0.9924209387049596
2501,Digital Transformation,شكراً لكل من ساهم في التحول الحكومي الرقمي  وممتن لأصحاب السمو والمعالي والسعادة مشاركتهم في وثائقي #رحلة_الحكومة_الرقمية ونتطلع لبناء مستقبل مزدهر نحو #افق_رقمي_واعد لتحقيق مستهدفات    كل التقدير للأبطال في فريق الاعداد       🇸🇦🇸🇦 URL URL,2,2,Favor,Favor,0.9961963707083006,0.027605852344531952,0.0017062320908141754,0.002097412741405189,0.9961963707083006
2506,Covid Vaccine,التطعيم حريه  التطعيم لا يخيف   ويحميك من العدوي ويحمي الشعب كله فالتطعيم الفعال يقتضي تطعيم الجميع حتي لا يببقي من ينشر العدوي   تمً تطعيم 129 مليون امريكي ضد كوفيد 19 ( كورونا)   تقريبا نصف الشعب وانا واسرتي منهم     ,2,2,Favor,Favor,0.9956579474206363,0.030400206335371605,0.0010926727101367932,0.0032493534939358974,0.9956579474206363
2510,Women empowerment,تحية إجلال للمرأة في أنحاء العالم في يومها العالمي وتحية خاصة لبنات بلادي الإمارات على جهودكم الطيبة والمُثمّنة في شتى المجالات ونحمد الله على ديننا الحنيف في تكريمه للمرأة وشكراً قيادتنا الرشيدة على تمكين المرأة #ميثاء_محمد_الكعبي #اليوم_العالمي_للمرأة ,2,2,Favor,Favor,0.997141650734203,0.02157829329176397,0.0014254693121245811,0.0014328751972444039,0.997141650734203
2534,Digital Transformation, متفائلون بإن القادم اجمل فيما يتعلق بعده النقلة النوعية الإلكترونية في الخدمات الحكومية .طبعا يظل الاهم أن نبقى بنفس الحماس و الإصرار و الدافعية للتحول الإلكتروني   وهي فرصة مؤاتية لدعم و إعطاء فرصة للمؤسسات العمانية الصغيرة المعنية بأنشطة التح,2,2,Favor,Favor,0.9972296161612259,0.02099085642321361,0.0015035028605612213,0.0012668802262937413,0.9972296161612259
2569,Covid Vaccine,اليوم اتصلت على النادي الرياضي طلبت تجميد اشتراكي الى ان اخذ جرعتي الثانية من تطعيم اكسفورد.. حفاظا على صحتي وصحة مرتادي النادي (gym). اشكر ادارة النادي على التفهم والموافقة على الطلب. #تطعيم_كورونا,2,2,Favor,Favor,0.9233270305698387,0.31974415123049904,0.02610908330649964,0.05056386248921328,0.9233270305698387
2571,Covid Vaccine,ماراح اخذ تطعيم ولقاح كورونا الا اذا رئيس كوريا الشماليه كيم خذاه وشرط اللي يعطيه التطعيم ظفيري غير هالحجي ماعندي 🚬,0,0,Against,Against,0.9944285162861238,0.03735975773829902,0.9944285162861238,0.001188197195821177,0.0043832599977827475
2572,Digital Transformation, شكرا وزارة الاتصالات من أجل العمل على التحول الرقمي والحكومة الالكترونية فوائد التحول الرقمي؛ 1- منع ومحاربة الفساد المالي والإداري 2- المساهمة في التنميه الاقتصادية 3- الدفع الالكتروني الذي يقلل التعامل بالنقد مما يحافظ على العملة الوطنيه من,2,2,Favor,Favor,0.9951241799803704,0.03355970197980021,0.003659094109186392,0.0012167483107001153,0.9951241799803704
2586,Covid Vaccine,#لا_للتطعيم_الاجباري52 حفلة ماجد المهندس في جده طبعاً كورونا معتكف في الحرم وحاجز الصحن ومحوط الكعبة 🦠لهيك شرط اذا بدك تعتمر تكون متطعم ..اما الحفلات فلابئس من حظورها دون تطعيم 😒 URL,0,0,Against,Against,0.971051729981493,0.13912046628592956,0.971051729981493,0.0023091339511309094,0.026639132647514878
2587,Digital Transformation,شهادة شكر وتقدير من شركة(كلاسيرا) للتعليم الإلكتروني فهي من شركاء النجاح معنا في رحلة التحول نحو التعلم الرقمي عبر مدارس نور الايمان الاهلية اون لاين من تميز لتميز لمدارسنا  #منصة_كلاسيرا_شريك_النجاح URL,2,2,Favor,Favor,0.9904955901135265,0.058339072954336754,0.0076944426067881285,0.001810005463141004,0.9904955901135265
2598,Digital Transformation,هناك فرق نوعي بين مصطلح  #التحول_الرقمي و  #التحول_التقني   الأول يعني أن يتم رقمنة الأعمال فيظل نموذج العمل المهني نفسه مع تحول بعض عناصره تقنيًا مثل قنوات الاتصال و آلية تقديم الخدمة للعملاء.  الثاني أعمق و يعني تحول كامل لنموذج العمل من التقليدي إلى الحديث و هذه عملية معقدة.,1,1,None,None,0.9952272413490728,0.03287241033663958,0.0011210823639383066,0.9952272413490728,0.00365162112116686
2604,Women empowerment,احب بهذا اليوم أشكر المُجدد العظيم محمد بن سلمان على تمكين المرأة ...    يا عمري انت ❤️   #يوم_المراه_العالمي,2,2,Favor,Favor,0.9968222698807009,0.023617980418046018,0.0013563464059266075,0.00182135074730637,0.9968222698807009
2611,Women empowerment, غالبا غالبا اي شخص ضد تمكين المرأة فاسد من داخله ينطبق عليه قول ( كلن يرى الناس بعين طبعه ),2,2,Favor,Favor,0.9943302312725638,0.038747127783212154,0.003513685061487386,0.0021561068374103443,0.9943302312725638
2620,Covid Vaccine,AlArabiya: الخبير في علم الفيروسات يحيى عبد المؤمن مكي: تطعيم الأطفال الأكبر من عامين ضروري لمنع نقل عدوى #كورونا إلى الكبار #العربية URL,2,2,Favor,Favor,0.9565298744025977,0.19492771140227197,0.005295923383445619,0.038174176305208835,0.9565298744025977
2625,Women empowerment,🙂 هذا يدحض الربط بين تمكين المرأة والتقدم، وإن لم يكن التقدم هو الغاية.. فقوم عاد وثمود من عمار الأرض ولم يغنِ عنهم هذا من عذاب ﷲ شيئا. الخلاصة : أيتها النسوة، إلى المطبخ تكرما. ,0,0,Against,Against,0.9979991661678169,0.015584384337113458,0.9979991661678169,0.0005251427794819754,0.00147574119984717
2641,Covid Vaccine,تم بحمد الله تلقي الجرعة الأولى من #تطعيم_كورونا أوكسفورد ,2,2,Favor,Favor,0.9969955423499824,0.022521450476868765,0.0013794357536294323,0.0016250522600684324,0.9969955423499824
2650,Covid Vaccine,MENTION MENTION صراحة سبب المتحورات  هم خرررفان الللقاحات   نتمنى لهم مزيدا من الرفاهية والمناعة   العالمية وضروري تخبرووني عن وضعكم الصحي  بعد الجرعة التنشيطية والتعزيزية والملوخية  الثالثة والرابعة والخامسة للمناعة المتخررفنة,0,0,Against,Against,0.9920477901074595,0.0517370302974,0.9920477901074595,0.0032350007514406896,0.004717210368870837
2656,Covid Vaccine,     تبغين تأخذين اللقاح بكيفك اما انا ما راح اخذه الا اذا صار الزامي الشكوى لله وش ابغى بلقاح بس يخفف اعراض مثله مثل تطعيم الإنفلونزا مسحوب عليه محد ياخذه اذا جاء يومك لا لقاح ولا شيء راح يفيدك,0,0,Against,Against,0.9978002421228062,0.016880464209092935,0.9978002421228062,0.0005362718761963141,0.0016635144540373165
2659,Covid Vaccine,{وَلا تُلْقُوا بِأَيْدِيكُمْ إِلَى التَّهْلُكَةِ}   #تطعيم_كورونا,0,0,Against,Against,0.9930014343938699,0.045803176887633856,0.9930014343938699,0.00508875437122948,0.0019098127649505856
2674,Covid Vaccine,*فقد وصلنى اليوم قرار اعتمادرئيس الوزراء  تطعيم الاطفال ضد كورونا بتطعيم فايزر الخطير على مستقبل الطفولة وأعلنها اننى تحملا للمسؤولية سوف انصح مرضاى بعدم تلقى هذا التطعيم مستندا لمراجع علمية عالمية لا تخضع لمافيا الشركات المنتجة للتطعيم   *فهل سمعتم عن طفل اوشاب سليم مات بكوورنا؟,0,0,Against,Against,0.9983540696832957,0.013324588917411884,0.9983540696832957,0.0007302659089601823,0.0009156808448083557
2676,Covid Vaccine,الحمد لله تم تطعيم ضد فايروس كورونا بلقاح فايزر بالقريات ونفع الله بها لنا داعواتكم 🤍 ,2,2,Favor,Favor,0.9919577823843346,0.05163448162242603,0.005716460377464424,0.002325728384287801,0.9919577823843346
2682,Digital Transformation,اخوانا المرور فاهمين التحول الرقمي غلط 😃 اليوم رجعوني عن موعدي بالرخصة الي منتظر شهرين وشوي عشان قبل كم يوم جا قرار جديد انه التسجيل لازم رقمي بدل ورقي؟ وايش دخل او ذنب ناس من زمان مسجلة وجا مواعيدها تلغوها بعد ما فحصنا وسجلنا وانتظرنا؟مو المفروض تخلوها للتسجيلات الجديدة بس ؟,0,0,Against,Against,0.9864509017821066,0.07711515554267305,0.9864509017821066,0.011711818812322914,0.0018372952177021001
2691,Digital Transformation, من الأفضل استخدام التحول التقني باستخدام رابط من نماذج جوجل يسجل فيه الراغبين بالتسجيل مع وضع بعض البيانات المطلوبة الشخصيةوالمهنيةوالتواصل وتستطيع الجمعية فرز من خلال خدمات الرابط وسهولةالرجوع للبيانات ورصدها في مصفوفة اكسل واضحة بدل من استخدا,2,2,Favor,Favor,0.9492420010695027,0.2155347903360752,0.00432818297032972,0.04642975337701355,0.9492420010695027
2692,Covid Vaccine,بالنسبة للنساء الحوامل التطعيم أمن إلهم  وبحميهم من المضاعفات الخطيرة لفيروس كورونا. يتم تطعيم النساء الحوامل ب لقاح Modena  او Pfize. #التطعيم_فرصة MENTION,2,2,Favor,Favor,0.9975811863142986,0.018652272024324852,0.0010878275244580809,0.001330976367263738,0.9975811863142986
2693,Digital Transformation, آمين وإياكم  كل الشكر لك عبد الرحمن أطيب تحية من التحول التقني 💜,2,2,Favor,Favor,0.9949131406822034,0.035162779144183,0.001676693317769542,0.0034101903108647545,0.9949131406822034
2694,Covid Vaccine,يقولون لا اجبار علئ #تطعيم_كورونا بس بالصج نضايقك و نسكرها عليك من كل صوب  !!!!  وبالاخير تحجز و تطعم وانت #مجبور .,0,0,Against,Against,0.9979966420937018,0.015780698179262982,0.9979966420937018,0.0007653707590522635,0.001238036292540989
2695,Digital Transformation,    التحول الرقمي أصبح واقعا ملموسا واصبح هناك تناغم وتشارك بين المعلمه والطالبات مما يسهم في تطور التعلم وهذا مانشاهده في بوابةالمستقبل والتحول الرقمي الاستفاده من أنظمه الاتصالات وتقنيه المعلومات في تحويل ا,2,2,Favor,Favor,0.9944765297530513,0.037029785247252214,0.004387511145089823,0.0011359091240296755,0.9944765297530513
2703,Women empowerment,رحلة تمكين ناجحة بتواجد المرأة كأساس في منظومة #الثقافة بعدد يقدر بنصف العاملين في القطاع. #اليوم_العالمي_للمرأة ,2,2,Favor,Favor,0.9965371593396992,0.025158115418038394,0.002462299581731869,0.0010005631315142046,0.9965371593396992
2705,Covid Vaccine,  و المسلم الي ما يبي مشتقات خنزير في جسمه ؟؟   #لقاح_كورونا  #تطعيم_كورونا,0,0,Against,Against,0.9834311759703974,0.09537135151503565,0.9834311759703974,0.006299572475106235,0.010269277081928837
2720,Covid Vaccine,  بالنسبه لي خذت تطعيم الانفلونزا والان تطعيم كورونا والامور طيبه ولله الحمد ..,2,2,Favor,Favor,0.994724564940943,0.036559058801659945,0.0029050369726199943,0.0023703991227823503,0.994724564940943
2730,Digital Transformation,بعض الجهات الحكومية فاهمين ان التحول الرقمي انك تخلي المراجع يطبع ورقة من عندهم ويعبيها بخط اليد ويلصق عليها صورة  هذا مو تحول رقمي هذا تحول ميكانيكي #التعليم #التعليم_عن_بعد URL,1,1,None,None,0.9962726244261362,0.027028232169352635,0.0013946800884482296,0.9962726244261362,0.0023326609219701633
2732,Covid Vaccine, اتوقع المفروض تبدون تسوون تحليل كورونا قبل ما الشخص ياخذ تطعيم الكورونا  لان الكلام كثر انه ممكن الي فيه اعراض كورونا وياخذ التطعيم ممكن تؤدي الى الوفاة..,0,0,Against,Against,0.9982373642430487,0.014087054691209515,0.9982373642430487,0.0011330955450702307,0.0006295985047330769
2748,Covid Vaccine,المنطق: تطعيم كورونا الذي تم اكتشافه فعال بنسبة ٩٠٪  مما يعني انه مميت او خطير على ال ١٠٪ الباقية  وبما ان ٩٨٪ من مرضى الكورونا لايموتون. اذا الكورونا احلى من اللقاح,0,0,Against,Against,0.9953688251515751,0.032486321050102594,0.9953688251515751,0.0030494785080701667,0.001581723409205447
2753,Covid Vaccine,#غير_المطعمين نصيحه طعموا انا حاليا مصاب كورونا  والله والذي نفسي بيدة ان الكورونا مو غشمرة  ثلاث ايام شفت فيها الموت ولكن ربي رحيم  اللي يقول تطعيم مضره ابوي رجال كبير بالسن  سكر وضغط وكوليسترول واخذ التطعيمتين وامورة طيبه,2,2,Favor,Favor,0.6570281528683349,0.7059897650626081,0.32751837579837895,0.015453426587519706,0.6570281528683349
2762,Digital Transformation,   محتوى التغريدة ذكر مايكروسوفت مع جينرال الكتريك و وال مارت   بعدها ذكر ان الشركات التقنية تفوقت عليهم.  مايكروسوفت ما زالت احد قادة التحول على مستوى العالم   وبالنسبة لشركة نوكيا وتراجع ادائها اعتقد ان هذا الشي طبيعي في ظل ,1,1,None,None,0.9930723423832222,0.043700237267725,0.006189392848401517,0.9930723423832222,0.0007383120695178376
2765,Covid Vaccine, تطعيم كورونا يحصنك من كورونا واعراضها خصوصا القويه ، اما انت باقي ماتحصنت للحين,2,2,Favor,Favor,0.6309127803906449,0.7128367293090297,0.012430355437105887,0.3566568837229936,0.6309127803906449
2768,Covid Vaccine,MENTION انا ام وراضيه يحوش اطفالي كورونا * الله لايضرهم * ويطيبون منه بأذن الله من غير تطعيم ..,0,0,Against,Against,0.9364262054768973,0.2532472467160326,0.9364262054768973,0.004618760171894369,0.05895502791665905
2774,Covid Vaccine,   انا واحد من الناس عقلي مايبي تطعيم ومكتفي بتقويه مناعتي والاشتراطات الصحيه  ومستعد اتكلم بامور بعيده عن الطب بالدليل.. ولكن هذا مايعطيني الحق اني اتعدى على دكتور تعب ودرس وساعد الناس لقاح امن مو امن شافو فحصوا اعتمدو على,0,0,Against,Against,0.9985293321576998,0.012061319597877056,0.9985293321576998,0.0008536504009554706,0.000616972414424263
2780,Covid Vaccine,  انا اخذت تطعيم كورونا بعد شهرين من العملية. و ابدا مافي مشاكل.. مجرد اعراض بسيطة للقاح,2,2,Favor,Favor,0.9817730454381148,0.09987870196812175,0.014791106881118708,0.003435827449446216,0.9817730454381148
2792,Covid Vaccine,"أكثر من 3.8 ملايين شخص في الإمارات قد أخذوا جرعتي لقاح #كوفيد_19  الأمر الذي يساعد في حماية مجتمعاتنا. وتودّ شركة ""مبادلة للبترول"" ان تؤكد، بمناسبة #أسبوع_التمنيع_العالمي عن التزامها بالعمل مع الحكومات بهدف تسهيل تطعيم موظفينا حول العالم. ",2,2,Favor,Favor,0.9970998654614861,0.021810849980110642,0.0012081439219726892,0.0016919487999070553,0.9970998654614861
2797,Digital Transformation, نعم التحول الرقمي الكلي وليس الجزئي لجميع المنشأت أصبح طريق النجاح واسرع تواصل وخدمة وأقل تكلفة ومنهج ادارة ضروري لمن يقرأ متغيرات الأحداث والمتطلبات المستقبلية فالحذر من التحول الرقمي الجزئي ..!! التدرج مطلوب ولكن ضمن خطة عمل تحول رقمي شامل,2,2,Favor,Favor,0.9930489220172412,0.045766838963318235,0.00479933555367824,0.0021517643647152754,0.9930489220172412
2800,Digital Transformation, سنعرف ماهي الصحافة عندما يتوقف الدعم الحكومي لن تستطيع دفع فواتير تشغيلها! هل ستصمد على قدميها في ظل التحول الرقمي!! وجود ٤ صحف في دولة صغيرة  تراجع المبيعات والاعلانات وأخبار مكررة. السلطة الرابعة لدينا تحتاج للتحول الرقمي بدلاً من الورق المطبوع,2,0,Favor,Against,0.7469524644331597,0.6395108879087682,0.7469524644331597,0.021619650609043806,0.23142785475894925
2829,Covid Vaccine, لا طبعا خلاص حتى لو جالك كورونا السنه اللي فاتت فالاجسام المضاده في جسمك اختفت .. اتوكل عالله وخد اي تطعيم متاح كله هيخفف اعراض العدوى لو لا قدر الله حصلت,2,2,Favor,Favor,0.9978937939456475,0.016544085789788075,0.0010419524232478776,0.001064260265626833,0.9978937939456475
2835,Women empowerment,  نشكر قادتنا وكل من ساهم في تمكين المراة 💐,2,2,Favor,Favor,0.9953813677984432,0.03264608067776785,0.002354890507682735,0.0022637849292468874,0.9953813677984432
2837,Women empowerment, الف مبروك دكتورتنا العزيزة تستاهلين الثقة وتهنئة اضافية ايضا بمناسبة #اليوم_العالمي_للنساء #يوم_المرأة_العالمي  #InternationalWomensDay  وان كنت اتمنى تمكين عدد اكبر من النساء في المناصب القيادية ✋🏼,2,2,Favor,Favor,0.997932626662117,0.016266455328807015,0.0011420574971752141,0.0009253474851816425,0.997932626662117
2840,Covid Vaccine,#علمتني_الجائحة_المزعومة ان تطعيمات الطفوله تختلف عن تطعيم كورونا,0,0,Against,Against,0.9982386321841649,0.014150096061728975,0.9982386321841649,0.0008565330287020653,0.0009048433878420278
2850,Covid Vaccine,الله يحفظ #ملكنا و #_ولي_العهد ويعز حكومتنا ولا يعز عليهم .. متواجد في مركز تطعيم لقاح كورونا تنظيم مميز من وزارة الصحة  واستقبال وحفاوه وترحيب من جميع الموظفين والموظفات الله يعطيهم الف عافيه .. واسأل الله العظيم ان يحفظنا وإياكم شر فايروس كورونا وجميع الأوبئة 🙏🏻❤️ ,2,2,Favor,Favor,0.9951570450543289,0.033628337075559095,0.0014824682243532463,0.0033604950588637518,0.9951570450543289
2870,Women empowerment, ما شاء الله هذه خطوة رائعة في تمكين المرأة في العمل التجاري. بالتوفيق للجميع,2,2,Favor,Favor,0.9944733794120985,0.03731290578293372,0.004176026884812282,0.0013505942087996292,0.9944733794120985
2883,Digital Transformation, مشاريع غبيه      التحول الالكتروني قادم بقوه حتى بالملابس بعض المواقع تعطيك ادق المقاييس والخامات    ومصير هالمولات الفناء,2,2,Favor,Favor,0.5104246938007333,0.7194126222545154,0.4848819661265511,0.0046933939603374655,0.5104246938007333
2884,Digital Transformation,التحول الإلكتروني و التسهيل على المراجعين خطوة رائعة . URL,2,2,Favor,Favor,0.997008005985057,0.022413912435422713,0.0017289164940049535,0.0012630780020693021,0.997008005985057
2885,Digital Transformation,#ليب22 تعاون مهم من وزراة الاتصالات والامن السيبراني في مؤتمر ليب يعزز من التحول الرقمي والابتكار والتقدم التقني,2,2,Favor,Favor,0.9930272411098097,0.04569164785657441,0.0050375086411727655,0.0019352641269209361,0.9930272411098097
2886,Covid Vaccine,من عنوان المساحة  التخوف الغريب الملاحظ من اللقاح ودي اعرف ليه هل يقارن التطعيم  بالمرض نفسه اللذي  يذهب بك للعناية المركزة او الوفاة  كلنا تطعمنا وانا اطفال  وتطعمنا قبل كورونا بتطعيم الانفلونزا ووش معنى تطعيم الكورونا خايفين منه  فعلا تخوف غريب  وغبي جدا URL,2,2,Favor,Favor,0.9338745056602813,0.27913128107070245,0.050939953727952444,0.015185568384963294,0.9338745056602813
2891,Covid Vaccine,MENTION MENTION يريدون قتل الناس بحجة  كورونا !! تطعيم !! فلسفه غبيه  الله يرحم كل من طعم ؟؟💉الايام تثبت,0,0,Against,Against,0.997611229303572,0.0181764150399918,0.997611229303572,0.0006214994539806661,0.0017673101501696376
2892,Women empowerment,"""إن تمكين المرأة ليس مجرد شعار جذاب يتم تداوله، وإنما عامل رئيسي في النجاح الاجتماعي والاقتصادي للأمم. فعندما تنجح النساء، يستفيد الجميع"".   #يوم_المرأة_العالمي   #المرأة_في_السعودية ",2,2,Favor,Favor,0.996555051046934,0.02535296260542354,0.0015937337460218536,0.0018512063813153898,0.996555051046934
2894,Digital Transformation,عاجل التربية توضح آلية التحول للتعليم الإلكتروني عن بعد اعتبارا من غد URL #بترا  #الاردن URL,1,1,None,None,0.9935310611590712,0.043522213871122054,0.002993332690895066,0.9935310611590712,0.0034756172338635243
2898,Digital Transformation, 👍  مقترح رائع مع روح وإبداع الشباب لتحقيق #رؤية_2030 رؤية التحول التقني وتطوير بيئات الأعمال إلى الأفضل والأسرع والأسهل.,2,2,Favor,Favor,0.9921000058214238,0.0510491583921274,0.005391597527386703,0.002508405675536799,0.9921000058214238
2906,Digital Transformation,معالي محافظ المؤسسة العامة للتدريب التقني والمهني ونظيره الإماراتي يفتتحان اليوم الملتقى السعودي الإماراتي للتدريب التقني والمهني وذلك تعزيزا للعلاقات الاكاديمية  وتبادلًا للخبرات المعرفية  حيث جرى استعراض أبرز الرؤى المستقبلية في التحول الرقمي في #التدريب_التقني #وعي_قانوني,2,2,Favor,Favor,0.9851410536101458,0.08480590774218204,0.0030292420157137087,0.011829680267520466,0.9851410536101458
2907,Digital Transformation, الأعزاء في بنك البلاد  عندما تنتهي صلاحية بطاقة الصراف  لماذا لا ترسلون البطاقه الجديده الى العنوان الوطني بدون اجبار العميل للقدوم الى الفرع؟ طبعا اذا كان الفرع رقمي فأحييكم على سياسة التحول التقني 😂,1,1,None,None,0.9956355965442063,0.031068372446407158,0.0019310512559752519,0.9956355965442063,0.0024333400251907245
2911,Covid Vaccine,ودي اقترح على لجنه كورونا ... الي عنده شهاده تطعيم فتحوله كل شي اما الي ماعنده فرضوا عليه الحظر 🥲,2,2,Favor,Favor,0.7425603246866376,0.6786627620341695,0.038316288871023306,0.2191234081783783,0.7425603246866376
2918,Covid Vaccine,اللهم ألبسني عـــافيتك  وجللني عافيتك 🤲🏼🤲🏼 وحصني بعافيتك وأكرمني بعافيتك 🤲🏼 وعافني عافية كافية شافيـة نامية عافية  توَّلد في بدني عافية الدنيا والآخرة 🤲🏼     💉🦠 تطعيم الجرعـ❶ـة 🦠💉  #نعم_للتطعيم #كورونا #رمضان_كريم ,2,2,Favor,Favor,0.9915246298971057,0.05425246530610016,0.0028049868165293274,0.005670374011854587,0.9915246298971057
2923,Digital Transformation,التحول الرقمي في المملكة يواصل انطلاقه صعودًا نحو عنان السماء  وينجح في بناء إطار تنظيمي رقمي استحق به أن يصل للمستوى الخامس الذي يمثل أعلى مستويات مؤشر النضج التنظيمي الرقمي لمنظمي الاتصالات حول العالم #غرفة_الأحساء URL,2,2,Favor,Favor,0.9835062365782306,0.09515075646553914,0.006573017714880678,0.009920780258418365,0.9835062365782306
2929,Digital Transformation, سؤال يادكتور الله يعافيك  هل التحول للتقاضي الالكتروني  سيلغي مسألة الاختصاص المكاني للقضايا  أم سيبقى كما هو معمول به,1,1,None,None,0.9958200465020427,0.029914327153592206,0.002411816902312281,0.9958200465020427,0.0017681459015481194
2936,Covid Vaccine,MENTION الجرعة التالتة التنشيطية.والتعزيزية حتضمن فعالية التطعيم مدى الحياة ,2,2,Favor,Favor,0.9386990476822487,0.26838955402551207,0.04241454717368331,0.018886373614900257,0.9386990476822487
2938,Women empowerment, ياجماعة جالسة افكر ليش كل الردود عنصرية سواء من الرجال او النساء المراءة والرجل منذ بداية الخليقة مكملين لبعض ليش لازم يكون في احد مسيطر على التاني وترى تمكين المرأة في صالح كبير للمجتمع كلما زاد وعي المرأة زاد اخراجها لاجيال متفتحة وواعية وم,2,2,Favor,Favor,0.987466010747097,0.07035292749235873,0.011721894146379053,0.0008120976367381625,0.987466010747097
2949,Covid Vaccine,للاسف احتمال كبير جدا هنتعايش معاه .. مفيش حاجه اسمها مناعه القطيع .. لان المناعة دي بتتكون في حالة لو الفيروس مش بيتحور .. لكن عيب كورونا انه بيتحور وبسرعه جدا .. الحل الوحيد (زيه زي الانفلونزا) ان ناخد تطعيم سنوي قبل بدايه كل موجه 🤦🏻‍♀️ ,2,2,Favor,Favor,0.8748639984514623,0.3974036014321991,0.12033278446782757,0.004803218356363795,0.8748639984514623
2956,Covid Vaccine,• باقي بس يقولون الغير مُطعّم لحدّ يزوجه ! 🤣 #تطعيم_كورونا,1,1,None,None,0.9817331855207287,0.10074666860108175,0.003945771784447061,0.9817331855207287,0.014321019368340272
2967,Women empowerment, الأن هي اللي تدفنهم راح زمن الحريم المستضعفات راح ولى الان  نحن في عصر تمكين المرأه في كل المجالات,2,2,Favor,Favor,0.9881343687483479,0.06753787645578702,0.01098814325181209,0.0008774765289174326,0.9881343687483479
2971,Digital Transformation,وفرنا على البيئة اكثر من ألف طن من الأوراق سنوياً من خلال التحول الرقمي وغيرها من الاحبار وعوادم السيارات وخلافه..   نفخر بشركائنا من القطاعات الحكومية   والشركات في دولة البدو! وما تحقق من انجازات الحقيقة ما انجز من تحول رقمي لدى البدو  تجربة يجب أن تستفيد منها كثير من الدول,2,2,Favor,Favor,0.9729076883359765,0.1411810186525292,0.018788483420697753,0.008303845177508049,0.9729076883359765
2984,Covid Vaccine,   الوفاة من التطعيمات العادية اكثر بكتير من تطعيم كورونا,2,0,Favor,Against,0.996260464779687,0.02713933296772082,0.996260464779687,0.002267167901019089,0.0014724342592607371
2990,Digital Transformation,ظهرت الإمكانيات المذهلة لحكومة المملكة بقدرة هائلة على التحول الإلكتروني المفاجئ وبشكل كلي  فخدمات القطاعين العام والخاص فاعلة على أكمل وجه. دولة حديثة متقدمة تتعامل مع أي تحدي ومهما أحاطتها الصعوبات. نعلم ذلك  ولكن من رأى ليس كمن سمع! فاحمدوا الله على هذه النعمة #كورونا_السعوديه,2,2,Favor,Favor,0.9947565361967794,0.03632588919596482,0.003051502393715179,0.0021920074558316447,0.9947565361967794
2996,Covid Vaccine, لقاح مرفوض لان منظمة الصحة العالمية ليست مقياس من بدء كورونا وهي متخبطة نحن نريد دواء علاج لهذا الوباء ما نريد لقاح على شكل تطعيم ما نعرف نتيجته على الانسان,0,0,Against,Against,0.9986299518783539,0.01135012754928032,0.9986299518783539,0.0007160453617705787,0.0006540304750200012
3025,Women empowerment,نسائنا في يوم المرأة العالمي نقول لكم انتم فخرنا ونتشرف بانجازاتكن وما حققتم من انجازات ومن تمكين في كل القطاعات . 🌹🌹❤️ ,2,2,Favor,Favor,0.997042936400847,0.022023019231979423,0.002015998673066358,0.0009410554467576559,0.997042936400847
3039,Women empowerment,وها نحن الان من جديد في زمن تمكين المرأة كلنا فخر وعز باخواتنا وسقف طموحاتهم العالي وشدةُ عزمهم الغالي 💙,2,2,Favor,Favor,0.9940441628584545,0.040491124236336135,0.0024634811649106906,0.003492370080644534,0.9940441628584545
3044,Covid Vaccine,#لقاح #تطعيم #الظهران_اكسبو #فايزر #أكسفورد  رحم الله والديكم ترتيب ممتاز سلاسة في التعامل و ترحيب لطيف يطمئن المطعمين طاقم رائع و مجهود يشكر عليه القائمين و #وزارة_الصحة 👏👏,2,2,Favor,Favor,0.9803022948841625,0.10516119877140366,0.0029399399477810966,0.016757789746410817,0.9803022948841625
3049,Women empowerment,"""نحن في زمن تمكين المرأة، إذ أصبحت المرأة موجودة في كل مجال، وبكل فخر ٩٩٪ من فريق العمل في مكتبي من النساء"".  سديم العيسى.",2,2,Favor,Favor,0.9967807477229911,0.023845925028629214,0.0019524055734146816,0.0012668436082309228,0.9967807477229911
3051,Digital Transformation,التحول التقني اللي يدّعون انه تطور  هو بالحقيقة تطور في طريقة استعبادنا كنساء  وتسهيل نزع حقوقنا  والتحكم بمصير حياتنا.  تطبيق توكلنا اصدار وكالة من خلال رسالة نصية والآن هذا  أسقطوا الولاية لتلميع صورتهم  ومهادنة غضبنا  وصنعوا أدوات أخرى.. سيجري عليها الزمن لتصبح جحيم آخر. URL,0,0,Against,Against,0.9981492233737453,0.01459614113188246,0.9981492233737453,0.0005228209400729569,0.0013279504634172168
3057,Digital Transformation,الشواربة ..افتتاح 4 مشاريع للباص السريع  و 93 % نسبة الانجاز بمشروع التحول الالكتروني URL,1,1,None,None,0.9947688425664319,0.035617977548978545,0.003942117326972946,0.9947688425664319,0.0012889921476865053
3058,Covid Vaccine,#صحتك تحتاج إلى الجرعة التنشيطية  لتأكيد حمايتك من المتحورات  وسلامتك من المضاعفات بإذن الله. URL,2,2,Favor,Favor,0.996358359872814,0.026593505171456956,0.0019848336682671383,0.0016568298648927738,0.996358359872814
3066,Covid Vaccine,#لا_للتطعيم_الاجباري62 أننا لا نعترض على التطعيمات بشكل عام فهناك تطعيمات مفيدة مثل تطعيم شلل الأطفال والجدري وغيرهما  ولكن مع كورونا الأمر يختلف لأن هذا ليس تطعيما بل هو  تعديل وراثي في الجينات ولأول مرة في التاريخ يطبق على البشر.,0,0,Against,Against,0.9978432615443606,0.016823858927015035,0.9978432615443606,0.0008126194487347069,0.001344140790479801
3074,Covid Vaccine,#لقاح_كورونا #لا_للتطعيم_الاجباري٣٦  نحن سعوديون ابناء هذا الوطن نطالب رفع الاجبارية عن اخذ اللقاح بسبب ما رأيناه من وفيات و اعراض ومضاعفات لقاح كورونا  لم نُصاب منذ ان بدت الجائحة الى الان فمالحاجة للقاح ؟؟ البحرين لم تحقق مناعة مجتمعية رغم تطعيم اغلب السكان ؟,0,0,Against,Against,0.9978310083060915,0.016964977611156524,0.9978310083060915,0.0009875482305867539,0.0011814595644058146
3076,Covid Vaccine,MENTION استغلو كورونا استغلال بشع وعيشو العالم برعب لايوجد جائحة ولا خرابيط يوجد تطعيم جيني تجريبي خبيث,0,0,Against,Against,0.9960393140231666,0.027367173255518247,0.9960393140231666,0.0005023797722035453,0.003458316381602783
3079,Women empowerment,"MENTION فضلا عن دورها الإنساني العالمي ودعمها اللا محدود للمشروعات ذات الصلة"". ونوه ""بالسبق المشهود"" لدولة الكويت في مجالات تمكين المرأة على كل المستويات في القطاعين العام والخاص خصوصا أن ""المرأة الكويتية حاضرة بقوة في المجالات الثقافية والفنية والأدبية وغيرها""",2,2,Favor,Favor,0.9953468391552892,0.032847311654447896,0.002183327697492962,0.0024698431691892292,0.9953468391552892
3083,Covid Vaccine,لاحول ولا قوة الابالله  لما الحين فيه بهايم بالسوشل يطلعون لك ويقول مركبينكم الباص مع :#الكرونا السالفة كلها جذبه لايقصون عليكم بالتطعيم !!عطوني واحد👞🥾 😡 #تطعيم_كورونا,2,0,Favor,Against,0.9628524529113409,0.16707765020704213,0.9628524529113409,0.002183912955657488,0.034963655656646296
3104,Covid Vaccine,"أنا متفاجئة من نوعية بعض الناس الي مأجلين  تطعيم #فيروس_كورونا !  ليسوا معارضين  ولا مشككين .. فقط غير مكترثين!  ولولا التعليمات المتدرجة ""الي حدتهم"" لما طعموا ولأجلوا اللقاح لأجل غير مسمى!",2,2,Favor,Favor,0.9940683485854447,0.04016503780119487,0.0038612526346906337,0.0020703701650991585,0.9940683485854447
3107,Women empowerment,محاربة الفساد - قوة اقتصادية جبارة - تمكين المرأة- تغيير صورة المملكة أمام العالم أجمع  ... كل هذا و أكثر في عهد سلمان الخير و ولي عهده محمد بن سلمان #رويه_2030_واقع_يتحقق ,2,2,Favor,Favor,0.9804300966733394,0.108686499242137,0.006340681760163833,0.013229194896746907,0.9804300966733394
3108,Women empowerment,قوة اقتصادية جبارة  محاربة الفساد  تمكين المرأة  الوقوف أمام جائحة كورونا بكل نجاح تغيير صورة المملكة العربية السعودية أمام العالم  كل ذلك و أكثر في عهد سلمان الخير و ولي عهده محمد بن سلمان 🇸🇦💚  ,2,2,Favor,Favor,0.9755908183826945,0.13147648327010994,0.01073399974733363,0.01367512849411902,0.9755908183826945
3116,Women empowerment,تمكين المرأة = تمكين الجتمع🌹  والمؤمن القوي خيرٌ وأحب عند الله من المؤمن الضعيف.  #قطوف #اعتني_بنفسك ,2,2,Favor,Favor,0.9543875122171902,0.1976746082824986,0.04213717439532464,0.0034753204733225713,0.9543875122171902
3119,Women empowerment,إنّ تمكين المرأة وحصولها على استقلاليتها في اتخاذ قراراتها، تم التخطيط له وتنفيذه انطلاقًا من إرادة سياسية قوية، تستهدف توظيف طاقاتها في كافة المجالات وعلى كافة المستويات.💜  #قطوف #المرأة_في_2030 ,2,2,Favor,Favor,0.9962608820018328,0.027212740231973766,0.001997276302600035,0.0017418448392817927,0.9962608820018328
3120,Women empowerment,لعبت المرأة دوراً محورياً في العالم بمحاربتها لجائحة كورونا؛ وذلك بتواجُدِها في الصفوف الأولى لهذه الحرب.🤝  نفتخر بكلّ امرأة معطـاءة بمجال عملها 💜 #قطوف  #تمكين_المرأة ,2,2,Favor,Favor,0.9951868547224778,0.03295762915345153,0.0038043314800950416,0.0010088187218926265,0.9951868547224778
3127,Women empowerment,المرأة السعوديّة .. تمكينٌ وطــموح 🇸🇦💚 #قطوف ,2,2,Favor,Favor,0.9825150361726789,0.09997774700943694,0.00734426695935075,0.010140717213306269,0.9825150361726789
3133,Women empowerment,نشارك #الأمم_المتحدة في الاحتفال بـــ #اليوم_الدولي_للمرأة_والفتاة_في_ميدان_العلوم، وسوف نواصل اتباع خطوات قائدنا المؤسس وقيادتنا الرشيدة في تمكين المرأة الإماراتية لتكون شريكة في كافة مجالات العلوم المتخصصة، بما في ذلك دورها في الكوادر الطبية لمحاربة انتشار وباء #كوفيد_19. ,2,2,Favor,Favor,0.9966340545901515,0.024859222237690645,0.0016848887945876832,0.0016810575903146961,0.9966340545901515
3140,Covid Vaccine,الحمد لله اخدت اليوم تطعيم كورونا. جونسون جرعة واحدة,2,2,Favor,Favor,0.9943602583932523,0.038214059456707916,0.001626690179527326,0.004013073877814953,0.9943602583932523
3145,Women empowerment,شخصيا مقتنعة تماما إن حكامنا لهم بعد نظر وذكاء وحنكة لا توجد عند غيرهم أنا أعرف تماما إن خطوات تمكين المرأة جاءت في الوقت الصحيح لو تأخر هالوضع كم سنة كان صارت أمور لا تحمد عقباها بين سنة 1012 و2016 كان هروب البنات السعوديات شبه ظاهرة بالإضافة الا تواصل البنات مع جهات خارجية,2,2,Favor,Favor,0.9861904459078189,0.08019373536213602,0.010719133044440683,0.003090422695849068,0.9861904459078189
3150,Covid Vaccine,مجرد #سؤال   هل بيل غيتس اخذ تطعيم #كورونا ⁉️🤔 هل عائلة روكوفلر اخذت التطعيم⁉️ هل عائلة روتشيلد اخذت التطعيم⁉️ هل كلاوس شواب اخذ التطعيم⁉️ هل جورج ساورس اخذ التطعيم⁉️  #المتحور_الجديد #الجرعة_التنشيطية #الجرعة_الثالثة,0,0,Against,Against,0.9975393354506759,0.018550205687206285,0.9975393354506759,0.0019080628462688543,0.0005525897226320549
3156,Women empowerment, في البدايه كان الكلام عن العوائل المحتاجه وعن تمكين المرأة وتوضيفها ثم اصبح الجر١رين يطالبون المرأة بالتبرج وكشف الوجه بدون اي مبرر ثم سيطابلون بما هو اشد وامر ولقد رأينا الإستغلال فلا تدلس على الناس وتصور انها مجرد اختلافات ثقافيه وطبقات,0,0,Against,Against,0.9979723279680094,0.01585627357349395,0.9979723279680094,0.0006310785521074192,0.0013965948873303593
3168,Women empowerment,أبو هولي يدعو الأمم المتحدة والأونروا الى تحمل مسؤولياتهما تجاه تمكين المرأة الفلسطينية اللاجئة دون الانتقاص من حقوقها   ,2,2,Favor,Favor,0.8288249301376915,0.5725013321139674,0.06740420283468426,0.10377084033076764,0.8288249301376915
3178,Women empowerment,  أنا في الداخل ويهمني أرى بلدي مستقرة منضبطة أمنياً محكومة بالأنظمة ، يتم تطوير القوانين ، يتم مكافحة الفساد ، الأنظمة الإدارية تترسخ ، يتم محاربة التخلف والتطرف ، يتم تمكين المرأة ، حماية البيئة ،،،الخ  وهذا ما نشهده على أرض ال,2,2,Favor,Favor,0.9916899387963358,0.05376437928772632,0.004726783192812241,0.0035833178142511113,0.9916899387963358
3187,Women empowerment, والله القانون ممتاز خصوصًا اللحين مع تمكين المرأة في القضاء راح يزيد الاقبال عليه والاحتياج,2,2,Favor,Favor,0.9936364456245317,0.042928583908699844,0.003331912565009615,0.00303163397389044,0.9936364456245317
3189,Digital Transformation, وفقك الله ياريس وحماك لكل الخير لمصرنا الحبيبة. فعلا مصر تحتاج إلي الكثير  للتحول الرقمي وأتمني أن تشرف سيادتكم علي إستكشاف العقل المصري في تكنولوجيا التحول الرقمي بشتي فروعه بدلا من هجرتهم ويتفوقوا علي نظائرهم تفوق غير محدود. تحيا مصر شعبا ومؤسسا,2,2,Favor,Favor,0.988398143846477,0.06858971451742717,0.009590268886024402,0.002011544168993484,0.988398143846477
3195,Women empowerment,ولكن ذالك النظام  يملي عليهنّ ما يجب أن يلبسن  فهل من المنطقي تمكين المرأة من خلال سلب إرادتها الحرة وحقها في الاختيار ؟!   راقصة فرنسية قررت اعتناق الإسلام وارتداء الحجاب لكنها انصدمت ب عنصرية النظام ضد المسلمين وب الاخص المسلمات المحجبات 👇👇 URL,2,0,Favor,Against,0.9902091655586499,0.0600902697308713,0.9902091655586499,0.0020712072505043055,0.007719642227267528
3199,Women empowerment,"MENTION عندما تقارن بين البرلمانات الحرة والبرلمانات القائمة على الديكتاتورية والتعيين حينها لا يجدي الحديث حول ""تمكين المرأة""   فالمرأة والرجل في برلمانكم لا يتمتعان بالحرية التي يتمتع بها النيوزيلندي أو الأمريكي الذي تزايد عليه الآن",2,0,Favor,Against,0.886782836692507,0.3881556778176505,0.886782836692507,0.010500404382314575,0.10271673924927707
3201,Women empowerment, نجحت السعودية بدعم ولي العهد محمد بن سلمان في تمكين المرأة وأصبحنا نرى اليوم نساء سعوديات في مواقع قيادية مهمة لا ننكر بأن #المراه_نصف_المجتمع واساس بناء الوطن.,2,2,Favor,Favor,0.9961739437736538,0.027606382127435734,0.0024621791797530546,0.0013638747393469942,0.9961739437736538
3205,Digital Transformation,الخطة الوطنية الاستراتيجية للتحول الرقمي باب الخلاص من الفساد و المفسدين!!  نقاش محوكم بين الوزيرة الرياشي وفريق عملها و منسقيات شبكة التحول والحوكمة الرقمية في لبنان بانتظار النسخة المعدلة التي تعتمد اطار عمل التشاركي PPCP Public-Private Community Partnership URL,2,2,Favor,Favor,0.9742618257477232,0.1315322970998132,0.004502061372191866,0.021236108500127845,0.9742618257477232
3214,Women empowerment,عمل المرأة المسلمة في أعمال لا تليق بها ولا تليق بقدراتها الجسدية ولا بما خصها الله من تكريم وتقدير ليس تمكين للمرأة بل هو عدم تقدير لها وعدم إحترام ،، فاحترموا عقولنا !! #يوم_المراه_العالمي,0,0,Against,Against,0.9958591966128142,0.028186644867609193,0.9958591966128142,0.00040873111573279375,0.003732090288265394
3231,Covid Vaccine,العلم بقول أنه مطاعيم كورونا بأنواعها هي جزء ضعيف أو قشره الفايروس بتعمل اجسام مضاده بجسم الانسان من الفايروس   المنطق بقول إنه الاشخاص اللي أصيبوا بالفايروس صار عندهم مناعه طبيعيه افضل من المطاعيم !!!  السؤال ليش مصممين على تطعيم الاشخاص اللي أصيبوا بالفايروس ؟؟؟؟!!!!!  #كورونا,0,0,Against,Against,0.9984943587054605,0.012187204352462448,0.9984943587054605,0.00042725669000555556,0.0010784100703009974
3235,Women empowerment,"MENTION ""تكفل الدولة تمكين المرأة ودعمها للقيام بدور فاعل في بناء المجتمع بما يضمن تكافؤ الفرص على أساس العدل والإنصاف وحمايتها من جميع أشكال العنف والتمييز""  #نعم_لتحديث_الدستور",2,2,Favor,Favor,0.9919248599261263,0.052327034789880066,0.004989217094595368,0.003085909162844434,0.9919248599261263
3239,Digital Transformation,في تعديل الأخطاء بالأحكام سابقاً كان من خلال مراجعتين ثلاث تستوي  اما بعد التحول الالكتروني فيتم الرد عليك بانه تم تحويل طلبك للجهة المختصة بتعديل هذا الخطإ.. ومن ثم الغموض ثم الغموض والانتظار الى قريب الشهر دون نتيجة واضحة .   #عيوب_العمل_عن_بعد,2,0,Favor,Against,0.9912706920357242,0.053429545281025295,0.9912706920357242,0.007605469587692046,0.0011238772901277737
3241,Covid Vaccine,اتمنى اي شخص نشر اشاعات واخبار عن تطعيمة كورونا .. يحرم من التطعيم للابد ولو اعلن توبته😌  #تطعيم_كورونا  #وزارة الصحة  #طرشوووووله  #لقاح_فايزر,2,2,Favor,Favor,0.8816655049928002,0.3833602599677904,0.11363468536269809,0.0046998289330756875,0.8816655049928002
3253,Digital Transformation, أيش دخل كورونا في الثقافة ؟؟ المجلات والصحف الورقية وغيرها في طريقها إلى النهاية بسبب التحول الالكتروني,0,0,Against,Against,0.9966600311170798,0.02467733974986642,0.9966600311170798,0.0015061040551541506,0.0018338948028879566
3255,Covid Vaccine,اللقاحات خطيرة جداً و تسبب  سرطانات فتاكة   #كورونا #تطعيم #لقاح URL,0,0,Against,Against,0.9983306471927537,0.013471775992012627,0.9983306471927537,0.0009914447559117219,0.0006779534251829364
3264,Women empowerment,"""المرأة هي امي هي اختي وابنتي...هي زوجتي انا مخلوق من المرأة"" -الملك عبدالله بن عبدالعزيز ال سعود. ""أنا أدعم السعودية، ونصف السعودية من النساء؛ لذا أنا أدعم النساء""  -ولي العهد الأمير محمد بن سلمان. تمكين وتنمية من قيادة حكيمة لبناء مستقبل المملكة 💚💚. #يوم_المرأة_العالمي_2021",2,2,Favor,Favor,0.9941074360022155,0.03958277886776865,0.004283415134717469,0.0016091491882273795,0.9941074360022155
3266,Women empowerment,فعلاً شكراً سيدي محمد بن سلمان على تمكين المرأة بالدولة و إعطاءها كافة حقوقها للأمانة خطوات كان من المفترض أن نخطوها منذ زمن ولكن أن تصل متأخراً خيرٌ من ألا تصل أبداً  شكراً محمد بن سلمان 🤍🤍 #نسويات_نشكر_ولي_العهد,2,2,Favor,Favor,0.9953685736475378,0.03270969889434292,0.0025002471582038304,0.002131191964664462,0.9953685736475378
3268,Women empowerment,هل هذا هو تمكين المرأة الذي يتحدث عنه أصحاب السلطة؟!  حسبنا الله ونعم الوكيل😠  #ازاله_تندحه ,0,0,Against,Against,0.9970966945668135,0.021611951711814972,0.9970966945668135,0.0008462932488453176,0.0020569993740805342
3270,Covid Vaccine,  ارتفاع الحالات بسبب التطعيم ( إجبار الناس على التطعيم وهذا شرعا حراما ومعتقدين إن التطعيم يقضي على الفايروس ونسوا ان الشافي الله وهذا بلاء بسبب الذنوب ولا يرفع إلا بتوبة ورد المظالم لاهلها والاستغفار والتضرع لله ؟!(اللي اخذوا تط,0,0,Against,Against,0.9986599936766859,0.011119304602204252,0.9986599936766859,0.0007632632595984918,0.0005767659864658756
3273,Digital Transformation,كغيره من المصطلحات  #التحول_الرقمي فهم/استغل بطريقة خاطئة. تصميم تطبيق على الهاتف الذكي  بناء بوابة إلكترونية  أتمتة عمليات يدوية ليست مبادارات تحول رقمي بتاتا.  التحول الرقمي يقود لتغيير وإعادة التفكير في منظومة العمل من أسفل لأعلى وبشكل مستمر. #رقمي,0,0,Against,Against,0.9929991253454421,0.04656522275549304,0.9929991253454421,0.003531495609686307,0.003469415401911595
3274,Women empowerment,الاناث انخفضت نسبة البطالة لديهم ونتمنى انخفاض اكثر لان النسبة الاعلى من العاطلين نساء ويجب تمكين المرأة وتوظيفها في جميع المجالات ,2,2,Favor,Favor,0.990590549613719,0.05569585742488367,0.008735580300445515,0.0006738988366936647,0.990590549613719
3275,Digital Transformation,افكر اشتري تلفون خاص فقط يكون فيه منصات مواعيد الوزارت 😅 تلفوني انترس منصات  منصة متى  منصة شلونك  منصة وينك منصة شخبارك  منصة طمنا عليك منصة سجلني  وعلمني   عموما التحول الالكتروني شر لابد منه ربي يوفقكم ويسدد خطاكم 🌹,2,2,Favor,Favor,0.9868439019377896,0.07363909221837427,0.0010220042358849264,0.012134090041243733,0.9868439019377896
3287,Women empowerment,عام 2021   هو عام تمكين المرأة السعودية  كما ذكر سيدي الملك سلمان حفظه الله  لذلك النصف الأول منه سيكون النصيب الأوفر من الوظائف لكم يا شابات الوطن  قريباً ستسمعون م يسركم🙏🏻,2,2,Favor,Favor,0.9947297424999326,0.03623233011145416,0.001722099409422586,0.0035481283158004624,0.9947297424999326
3289,Women empowerment, ليش الشكاوي مايحلها الا المرأه يعني؟؟ تغريدة فاشلة والمقصد فقط تمكين المرأه ادعموا الشباب اولى الي وصلت اعمارهم الثلاثين سنة ومعه شهادة وماحصل وظيفة للان  وبعضهم فاتح بيت وعاطل,0,0,Against,Against,0.9892652216105713,0.06204974228869758,0.9892652216105713,0.0007420147914870545,0.009992795392283496
3297,Digital Transformation,منصة احسان هدفها تدخل وتتبرع من منصه حكومية موثوقه تعرف ان تبرعك يوصل للمحتاج بدون اي شكوك في ان تبرعك يوصل لليد الخطأ  بكل امان واطمئنان وهذا بفضل الله ثم التحول التقني الي نعيشه والدعم للجمعيات الخيرية والقطاع الغير ربحي #احسانك_مليار URL,2,2,Favor,Favor,0.9897261087690766,0.06389705034272955,0.0035780773621511518,0.006695811022810424,0.9897261087690766
3301,Covid Vaccine,  كل اهلي و معارفي و اصدقائي ما سمعت احد منهم اشتكى من نوعية نومهم سواء طعموا فايزر او اوكسفورد! (للعلم انا ما طعمت و ضد تطعيم كورونا)!,0,0,Against,Against,0.9975638134949132,0.018758435317528528,0.9975638134949132,0.0013839032437551128,0.0010522672991019671
3317,Digital Transformation,   الحين ايقاف الخدمات في دقائق وازالة الايقاف له اكثر من اسبوعين.!! المشكلة يظهر بالموقع تم التنفيذ عطونا وش سبب التاخير ووين المشكلة بالضبط وليش كل هالتاخير رغم التحول الالكتروني بالوزارة,0,0,Against,Against,0.9935617531701582,0.04276878662010267,0.9935617531701582,0.0018562474166119022,0.0045820210460838055
3322,Covid Vaccine, اللي يساومني على رزقي وقوت يومي وتعليمي وعلاجي في حالة المرض مقابل حقنة لقاح هذا عدو مو مُحب! اللي يجبرني على تلقي اللقاح حتى لو أصبت بالفايروس مرتين أو ثلاث وأنتصرت عليه بدون تطعيم ومايعترف بتحصيني وأكتسابي لمناعة ذاتية ويحرمني من حقوقي ,0,0,Against,Against,0.9936546202711257,0.04130828551911591,0.9936546202711257,0.001067614210998093,0.005277807479150207
3331,Women empowerment,  أراهن على نجاح وتميز جميع النساء السعوديات (المُمَكَّنات) 🇸🇦🇸🇦🇸🇦  #المرأة_السعودية طاقة كامنة وقوة واعدة، تعاهدوها بالرعاية والتمكين كما شقيقها الرجل، وافتحوا لها الطريق لتبدع وتنافس وترد الجميل لهذا الوطن!  #تمكين_المر,2,2,Favor,Favor,0.9915704951694609,0.05209406045471652,0.007234462747108452,0.0011950634936170642,0.9915704951694609
3342,Digital Transformation, الان مع التحول الالكتروني بالقطاعات الحكوميه و الخدمات الي يقدمونها صرنا نشوفهم يخدمون عدد اكبر بوقت اقل,2,2,Favor,Favor,0.9973727484020782,0.019993049086284402,0.0010282268934911699,0.0015990310740887578,0.9973727484020782
3356,Digital Transformation, ربما اقتصار تركيز المؤسسات على الجانب الرقمي فقط لا يساعد في #التحول_الرقمي الناجح فثورة الاعمال المقبلة ستكون شاملة وتطال مختلف القطاعات فالحاجة ستكون لتطوير الانشطة والمهارات المعروفة لكن ضمن اطار رقمي. فالرقمي سيكون الاطار العام للتحول ولي,2,2,Favor,Favor,0.9591524325556413,0.1965662554850705,0.013526571531836347,0.02732101715780563,0.9591524325556413
3368,Digital Transformation,   امانة الشرقية هل يعقل شركة المواقف الذكيه لاتوفر خدمة الدفع عبر مدى ولا تقبل الريال الورقي فقط المعدني ونحن الان في زمن التحول الالكتروني ومكافحة  كورونا .هل هذا  يعقل,2,1,Favor,None,0.7076192614617407,0.7913533302309568,0.19348485637526583,0.7076192614617407,0.09889584141486202
3369,Women empowerment,المرأة شريك أساسي في نهضة المجتمع ومما يثلج الصدر حقيقةً أن المرأة في قطر تبوأت اعلى المناصب في مختلف القطاعات  ونتطلع إلى تمكين المرأة القطريه من تولي المناصب القيادية والتنفيذية أسوة بالرجل وتقديم كافة التوصيات لردم أي فجوة بين الجنسين .  #مجلس_الشورى #مرشحكم_سعيد_السويدي ,2,2,Favor,Favor,0.9969869616847885,0.0222824104834645,0.0021720082088628246,0.0008409810684225369,0.9969869616847885
3370,Digital Transformation,3️⃣ ومع ذلك   هناك مخاوف من أن هذا التحول يحدث بسرعة كبيرة بحيث لا تتمكن المجتمعات من اللحاق بركب التطور التقني ما يصعب التكيف على المواطنين الأكبر سناً على وجه الخصوص   فإن الوتيرة الأسرع لاعتماد التكنولوجيا تخلق مخاطر من أن يتفوق فقدان الوظائف على خلق فرص عمل جديدة.,0,0,Against,Against,0.9975553275357993,0.018810187265057003,0.9975553275357993,0.0014065751625524062,0.0010380946379325042
3371,Digital Transformation,التحول الرقمي الي صار عندنا في السنوات الاخيرة شي عظيم ويستحق الفخر  كل المعاملات وكل الاوراق راحت وصار كل شي رقمي 😍💚🇸🇦 لدرجة عادي الشخص يطلع من البيت بدون محفظة لان كل بطاقاته في الجوال  من بطاقة هوية ورخصة وتأمين الى بطاقات البنك 👏🏻 URL,2,2,Favor,Favor,0.9935152765007698,0.042609514203355556,0.0014722795972615368,0.005012479075389136,0.9935152765007698
3383,Digital Transformation,رؤية ٢٠٣٠ اتاحت لنا الكثير من الفرص و اتت بالتطوير و الانفتاح لنا و انا جداً مرتاح لها و لكل برامجها و خاصة التحول الرقمي الالكتروني مثل تطبيق ابشر و غيره من التطبيقات و افتتاح السينما و السماح للمرأة بالقيادة و تمكينها من السفر بدون محرم و كثير من الفوائد علينا #انا_مومن_بالرويه,2,2,Favor,Favor,0.9924653891417664,0.0481152716721259,0.006022000141325976,0.0015125852845042842,0.9924653891417664
3396,Covid Vaccine,خذو تطعيم يا جماعة والله التطعيم بيخفض اعراض الكورونا وبيقلل مدتها ماتصدقو الي يقولك المطعم مابينصاب كذب   #كورونا  #مطعمة_فايزر,2,2,Favor,Favor,0.9907045432977041,0.05694060663178944,0.007737587297420968,0.0015579022987627711,0.9907045432977041
3419,Women empowerment,  اليوم المملكة صارت من اكثر الدول اصلاحاً في تمكين المرأة ونشوف دور المرأة يكون اقوى في كل سنه وفي مختلف المجالات لانها عنصر مهم في تنمية المجتمع,2,2,Favor,Favor,0.995733016568414,0.02999945054724511,0.0031459149444849877,0.0011210637707846543,0.995733016568414
3445,Digital Transformation, 👤 منصة أبشر تعتبر من أفضل الممارسات الناجحة في الخدمات الإلكترونية وخدمة شركاء النجاح من الأفراد و الأعمال والحكومي ومستقبلا منسوبي وزارة الداخلية مرجع هام لكل وزارة في التحول التقني. #ملتقى_أبشر_الخامس,2,2,Favor,Favor,0.9940610849779721,0.04047732477942735,0.0030891292311381745,0.0028498114616505024,0.9940610849779721
3454,Women empowerment,#يوم_المراه_العالمي التقدم الذي احرزته المرأة السعودية على مختلف الأصعدة يشار له بالبنان، بفضل توجه القيادة نحو تمكين المرأة وتعزيز مشاركتها في البناء، وبفضل استفادتها من ذلك بطموحها وجهدها ورغبتها في اثبات ذاتها.. ولا زال المستقبل يحمل لها المزيد ❤️🇸🇦,2,2,Favor,Favor,0.995842717758409,0.029633567360120985,0.0027031120731683457,0.001454157118921229,0.995842717758409
3461,Covid Vaccine, اتخيل اني احط موعد تطعيم واقوم اسوق سيارتي واروح اتطعم ووارجع البيت لاسمح الله صار فيني سكته قلبيه او سرطان او عقم على مدى السنين منو المسؤول؟ اصلا اوقع ورقه ان محد مسؤول لا الوزاره ولا الدكتور ولا الممرض ولا الي صنعو اللقاح !!ويلا اخذ لقاح ,0,0,Against,Against,0.9947048773324508,0.03624678604489015,0.9947048773324508,0.00373029416080168,0.0015648052344921556
3474,Covid Vaccine,يحق لنا أن نزهو بوطن هذا شبابه.اليوم اخذت #تطعيم_كورونا  يتنافسون على خدمة المراجعين شكرا للقيادة الرشيدة التي وضعت صحة المواطن أولوية ,2,2,Favor,Favor,0.9961903651542895,0.027330499227111033,0.0011201824833777744,0.002689454941354409,0.9961903651542895
3475,Digital Transformation,التحول الى التعليم الالكتروني في الظروف الطارئة تجربة فريدة وغنية وتعطي فرصة للقائمين على العملية التعليمية في المدارس والجامعات ان يحكموا على فاعلية هذا الأسلوب في التعليم  وانا شخصيا اعتقد انها تجربة ستكون ناجحة بنسبة جيدة    رب ضارة نافعة,2,2,Favor,Favor,0.9851364713272626,0.08746167560743481,0.008491717909076754,0.006371799540551344,0.9851364713272626
3476,Digital Transformation,التحول التقني السريع سوف يغير خارطة صناعة السيارات وسوف تنتهي مصانع كبرى وسيخلفها شركات السيارات الكهربائية ( القيادة الذاتية قادمة),2,2,Favor,Favor,0.4979079638653124,0.7712048212810283,0.4839456001708642,0.018146476885837537,0.4979079638653124
3482,Covid Vaccine,لا تقولي فيرس ولا تطعيم  كله طلع وهم  لئيم...!! 👌😉 #الفنكووووووووووش  #كورونا_أوميكرون  #دلتا_هيهي URL,0,0,Against,Against,0.9974831649512295,0.01921253388230393,0.9974831649512295,0.0008919605935046478,0.001624869110549491
3483,Women empowerment,النساء هن أساس المجتمع. في مدينة الشارقة للإعلام، ندعم بشكل مستمر تمكين المرأة في مجتمعنا عبر توفير منصات مناسبة تساهم في تحفيز وتطوير مواهب المرأة، ونعتبر ذلك من أحد أهم أهدافنا. #يوم_مرأة_عالمي_سعيد لكل النساء الجميلات في حياتنا ,2,2,Favor,Favor,0.9975904828024391,0.01858740706225026,0.001337210605572099,0.0010722850537926872,0.9975904828024391
3489,Digital Transformation,التحول للتعليم الالكتروني نقلة خرافية لابد ان تستمر ولو بشكل مبسط اثبتنا اننا قادرون ومجتمع مبدع والبنية التحتية جاهزة تحت اي ظرف شكرا لكل من شارك في هذا الجهد العملاق #منصه_مدرستي_وابطال_التعليم,2,2,Favor,Favor,0.9932227777232523,0.04490482433911322,0.004532297170753408,0.002244919907927039,0.9932227777232523
3496,Covid Vaccine, الدكتور ماقال شي خطأ،تطعيمات الاطفال كلها اجباريه ومافيه مدارس تقبلهم حتى تكتمل التطعيمات .اش الفرق يعني بين تطعيم كورونا وتطعيمات الاطفال ،،،؟؟؟انزعوا الخوف من قلوبكم وتوكلوا على الله وخذوا اللقاح,2,2,Favor,Favor,0.9706865096409049,0.13679173795558985,0.028288469757306083,0.0010250170515214685,0.9706865096409049
3497,Digital Transformation,جاء كورونا ليكسر كل جدران المقاومة والتحديات التي ظلت متمسكة برأي العقليات القديمة والتي عارضت سنوات بعدم القدرة على التحول الإلكتروني. دروس وعبر لازم دراستها والزامها بعد انكشاف الغمة فالخدمات الاكترونية أصبحت شي من ضروريات لمواكبة التطور العصري #خليك_بالبيت  #عمان_تواجه_كورونا,2,2,Favor,Favor,0.9964217266345717,0.02612126891497554,0.002181559338765127,0.001396704200124922,0.9964217266345717
3506,Women empowerment,المرأة لا تحتاج من الدنيا سوي الاحترام و التقدير و أكثر ما تخاف منه في الدنيا هي الإهانة وقلة التقدير لذلك نشكر جهود دولتنا الرائدة فى دعم و تمكين المرأة 🙏 #اليوم_المرأة_العالمي,2,2,Favor,Favor,0.9959915768135263,0.028722426027748715,0.0026004143745062673,0.0014079672271406843,0.9959915768135263
3511,Women empowerment,طبعا أنا راجل بحب النسوان فمع تمكين المرأة وتسليعها ورفع القيود الجمركية من عليها,2,2,Favor,Favor,0.968755222657305,0.14331417269671273,0.030289736753983665,0.000955036209881754,0.968755222657305
3515,Covid Vaccine, الحمد لله على نعمة الأمن والأمن وحقوق الإنسان في السعودية والله العظيم أنني أفرد الآن من مجمع تطعيم ضد كورونا في الرياض وامامي المئات بل الآلاف من المواطنين والوافدين يتلقون اللقاح مجانا وبدون تمييز بين مواطن ووافد من أي جنسية هنا مملكة ال,2,2,Favor,Favor,0.9935338388298938,0.04345277909358052,0.0027534871080573684,0.00371266062650869,0.9935338388298938
3519,Covid Vaccine,MENTION مافي مجال للمقارنه كورونا وباء مفتعل ومقصود والهدف منه تطعيم أكبر عدد💉💯 ثانياً بعد الغزو ماكان في إجبار على أي شي لالقاح ولاكمام كل واحد حُـر✅الحين وصل الإجبار للأطفال وللوظائف والدراسه #غياب_جماعي URL,0,0,Against,Against,0.9973149368411329,0.020280307192692876,0.9973149368411329,0.0008866730303738102,0.001798372328485434
3525,Covid Vaccine,MENTION MENTION شي عجيب وغريب اصرارها على التطعيم. سوؤال كم طفل دخل المستشفى او مات من كورونا في الكويت. وكم حامل او مرضعه ماتت من كورونا. بعدين انشوف هل يحتاجون تطعيم ولا لا😤😤😤. شنو هالتطعيم هذا اللي لايمنع الاصابه ولا انتقال المرض ولادخول المستشفى ولا الوفاة.,0,0,Against,Against,0.998662606861371,0.011085180204525123,0.998662606861371,0.0005329811522263638,0.0008043847906912843
3526,Women empowerment,المجتمع للان ذكوري رغم تغير الانظمة للافضل و النقلة السريعة في تمكين المرأة  ..  المجتمع هو من يحتاج التغير ..  البلا في المجتمع و شكراً ..   #اليوم_العالمي_للمرأة  #المرأة_في_السعودية,2,2,Favor,Favor,0.9736552903176514,0.1329200458162812,0.022400564708264098,0.003944190706880865,0.9736552903176514
3537,Digital Transformation,ليش سارت مولاتنا تجيب الهم ولا يمكن تلقى شغلتك غير في موقع المحل🙃؟ اقدر التحول التجاري الالكتروني لكن برضو اهتمو في المحل حتى ولو تقفلو كل الفروع وماتخلو غير واحد,2,2,Favor,Favor,0.9027999936037375,0.38626023293709444,0.048763613347889374,0.04843641111814784,0.9027999936037375
3545,Covid Vaccine,📌 هل تطعيم فيروس كورونا آمن لأصحاب الأمراض المزمنة؟   ✅ الإجابة نعم! تقول منظمة الصحة العالمية إنه لقاحات #كوفيد19 آمنة لمعظم الأشخاص يلي تبلغ أعمارهم 18 سنة وأكثر  بما فيهم الناس يلي تعاني من حالات مرضية مثل ارتفاع ضغط الدم والسكري والربو والأمراض الرئوية وأمراض الكبد والكلى. URL,2,1,Favor,None,0.7384026317190432,0.699166003989737,0.21376015331831408,0.7384026317190432,0.047837252232986335
3552,Covid Vaccine,  خرجت من مركز تطعيم كورونا وطعمت والله الحمد وأبهرني فخامة المكان وجماله ورقي التنظيم والدقة في أستقبال المراجعين ونغمات الترحيب من دخولنا إلى خرجونا.أستقبلنا أولادنا.شالونا على كفوف الراحة.فأحمد الله على هذه النعم التي تميزت بها بلادن,2,2,Favor,Favor,0.9939885397017977,0.040131212005071325,0.0015159540375083188,0.004495497895193576,0.9939885397017977
3558,Women empowerment,   ولا يتوقف اهتمام حكومة خادم الحرمين الشريفين على تمكين المرأة في المجالات المختلفة فحسب بل وتكرمها أيضا في المحافل والمهرجانات..,2,2,Favor,Favor,0.994781463914317,0.03606462884355016,0.0019212167740650656,0.0032972985541273054,0.994781463914317
3563,Covid Vaccine,  هذا انتم يالحريم .. الفيلر والبوتكس وهالخرابيط عندكم تتحملونها عادي حتى شق البطن للولاده عادي ويوم جت ابرة تطعيم كورونا صرتم كلكم تتألمون ؟؟؟   وبعدين 😂😂😂,1,1,None,None,0.9848296951157568,0.08757057988758156,0.004227718894331355,0.9848296951157568,0.010942595148719874
3571,Women empowerment,لأنك جزء من تحقيق رؤية الوطن الطموحة 🧕🏻✋🏼 ينطلق ملتقى تمكين المرأة في قطاع الاتصالات وتقنية المعلومات 2021 #قائدات_التقنية.  والذي يستهدف طالبات التخصصات التقنية والشغوفات بالقطاع ورائدات الأعمال.  بادري بتسجيل مقعدك واكتساب المعرفة 👍🏻  ,2,2,Favor,Favor,0.9936605872741492,0.0427219622821149,0.002682942329463432,0.0036564738117413286,0.9936605872741492
3577,Digital Transformation,"""السوق القانوني المستقبلي يحتاج إلى مهارات تزيد عن مهارة القدرة على بناء الحجج"".  سنرى بإذن الله مستقبلاً مشرقًا لبيئة قانونية تطبيقية احترافية تقودها البيانات بقطاع المحاماة.  و إنّا للمستقبل لمنتظرون و مستعدون بإذن الله 👏🏼 #مستقبل_القانون #التحول_التقني  #legaltech",2,2,Favor,Favor,0.9885711454187034,0.06809025014353115,0.0022164193925440327,0.009212426820672158,0.9885711454187034
3589,Women empowerment,في العقود المتأخرة من عهد المملكة جرى تمكين المرأة في ميادين الحياة فتم إدخالها في مهمات العمل الحياتية فأصبحت نائبة في البرلمان ورئيسة للجامعة وسفيرة .  🗣️ أ. إبراهيم العقيلي كاتب صحفي 👈 برنامج المسائية URL,2,2,Favor,Favor,0.9937295105025353,0.042390017132363796,0.0033169015954008407,0.0029536057976374637,0.9937295105025353
3592,Women empowerment,غايتنا هي تمكين المرأة وتحقيق أحلام كل الفتيات. من الرائع السفر جواً مع الكابتن أليس كيمارو فبالنسبة لها حتى السماء لا حدود لها. شكراً  ,2,2,Favor,Favor,0.9909552112251513,0.057429980913771814,0.0031809677435600237,0.005863805928590946,0.9909552112251513
3597,Women empowerment,#المرأة_في_السعودية  #تمكين_المرأة  #وظائف_شاغرة   الصورة تتحدث ,2,2,Favor,Favor,0.9487328024395153,0.23236549185606764,0.014079977521650156,0.0371872285858473,0.9487328024395153
3610,Women empowerment,    هذا انتم يابتوع تمكين المراة ترمي اتهامات ونتحاش,0,0,Against,Against,0.9907545899346166,0.05629867328720744,0.9907545899346166,0.0013221297052697983,0.007923266939973857
3612,Digital Transformation, أيها الأفاضل   المبجلين   المحترمين     تعبت جداً من التحول الإلكتروني اللي ما خدمني في إنجاز معاملتي (طلاق)   لي ٤ شهور و المحكمة ساحبين علي ( محكمة الأحوال الشخصية و الدوائر الإنهائية بشرق الرياض ) . سببتوا لي أرق و معاناة ودي أعرف ليش صرتوا كذ,0,0,Against,Against,0.9906698246498528,0.05775358840309447,0.9906698246498528,0.002003388052676671,0.007326815315932811
3626,Digital Transformation,على مرور الوقت المصارف تنهار... و حالياً التطور التقني السريع سيكشف الغطاء عن المصارف المتخلفه التي لن تتمكن من مواكبة التحول الرقمي و لن تستطيع الاستمرار بالاساليب القديمة المنعدمه و ستنهار عاجلاً ام آجلا. و التاريخ يعيد نفسه... URL,2,2,Favor,Favor,0.9819149861626448,0.10065157981496692,0.013570984132437344,0.0045140245548980626,0.9819149861626448
3629,Women empowerment,في هذا اليوم المميز للمرأة، يسعدني ويشرفني المشاركة في دبلوم تمكين المرأة، بالتوفيق لجميع القيادات المشاركة 🌹  #اليوم_العالمي_للمرأة #اليوم_العالمي_للمراة_2021 ,2,2,Favor,Favor,0.9962733203247389,0.027016077827686526,0.0013790540705306423,0.0023476372244233346,0.9962733203247389
3646,Women empowerment, انا ببالي انه هذا قسم تمكين المرأة كم عمل على تمكين هؤلاء النسوة لكي يتوفر لهن العيش الكريم ولاولادهم؟!,2,2,Favor,Favor,0.9239453902033141,0.30954423015171134,0.05896757054242859,0.017087015877735857,0.9239453902033141
3647,Women empowerment,هذي بكل مكان وكل قطاع حاطينها شكلها كومبارس تمكين المرأة ,0,0,Against,Against,0.9980730571388945,0.015007131049405344,0.9980730571388945,0.0004398484451522187,0.0014871039719108437
3648,Women empowerment,هسه انتي تريدين تسوين براند عادي من حقج  بس لتربطين الموضوع بالمرأة وتمكين المرأة لان خاصًة بالعراق  تمكين المرأة محيصير عن طريق قطعة مكياج! عدنا هواية مشاكل وهواية اشياء محتاجين ندعم بيها المرأة  المكياج حتى مو اخر شي بالقائمة  ماله مكان بيها اصلًا!,2,2,Favor,Favor,0.7585110872091844,0.5881559239027546,0.23341748980539076,0.008071459006638394,0.7585110872091844
3654,Digital Transformation,  وزارة العدل تسير بخطوات واثقة ومتميزة نحو التحول الرقمي و التعامل الالكتروني و يشكر معالي وزير العدل الدكتور وليد بن محمد الصمعاني على ما يبذله من جهود جبارة منذ استلامه الملف الوزاري   و تشكر قيادات الوزارة و كل موظفيها على رقي تعاملهم و,2,2,Favor,Favor,0.9860436867709225,0.07987170032832061,0.0023926883614248,0.011563637915460716,0.9860436867709225
3657,Women empowerment,إطلاق شبكـة الحاضنـات والمسرعـات ومساحـات العمل لتكون مظلة لحاضنات الأعمال في المملكة - خفض نسبة المخالفات المرورية الخطيرة إلى 40% عن معدلات عام 2017م - استبدال النفط بالعقل وتحويل الاقتصاد الريعي الى اقتصاد معرفي - تمكين المرأة - تقليص البطالة. (يارب 🤲🏻) ,2,2,Favor,Favor,0.9914424106781878,0.053977203488364,0.006505247578817789,0.0020523387268537715,0.9914424106781878
3662,Covid Vaccine,  مين قالك انه اللقاح يوقف كورونا  هو يعود الجسم على ممانعه هذا الفيروس عشان لو دخل الجسم يقدر يقاومه بشكل افضل من السخص اللي مااخذ تطعيم,2,1,Favor,None,0.5964611565305309,0.7224678122343335,0.3932118296134006,0.5964611565305309,0.010326966960923547
3672,Women empowerment,   ها شوفي تبين استقلالها وهاذي مساواة صح تمكين المرأه من أيش من أنها تكون قاضيه حرام من أنها حاكمه هذا حرام لا خير في قوم ولوا أمرهم امرأة انها تصلي بالرجال حرام تأذن حرام صوتها عوره وبعدين حرام استقلال المرأه معروف,0,0,Against,Against,0.994959517875086,0.03419726558800608,0.994959517875086,0.0009950338056236244,0.004045453857465196
3678,Women empowerment,بالتزامن مع يوم المرأة العالمي، فخورون بالخطط الطموحة والرائدة التي تبنتها الإمارات في سبيل تمكين المرأة الإماراتية واستثمار طاقاتها المبدعة في مختلف الميادين، تماشياً مع النهج الذي أرسى دعائمه المغفور له الشيخ زايد بن سلطان آل نهيان، طيب الله ثراه، وسارت عليه القيادة الرشيدة. ,2,2,Favor,Favor,0.9952375120668999,0.03348669220565985,0.002650137230714987,0.0021123380371487433,0.9952375120668999
3682,Digital Transformation, كيف من الممكن ان تنافس عمالقة سوق التجزئة الالكتروني وايجاراتك عاليةوتكاليفك اعلى قواعد التسوق في تغير سريع على الجميع ان يعي ذالك ويواكب هذا التحول ومن لايتاقلم يندثر وتاريخ له عبر واحداث كثير  تبين ان البقاء ليس للاقوي اوالاكبر انما لمن يتغير ,1,1,None,None,0.9963687430587823,0.026357360487971746,0.002390610412135045,0.9963687430587823,0.0012406338132489828
3684,Covid Vaccine, نقطة مهمة فعلا! توفر اللقاح ونسبة تطعيم السكان ستكون لها العلامة الفارقة في عالم ما بعد #كورونا والتعافي الاقتصادي   الدول التي استثمرت كثيرا في اللقاح ستجني ذلك سريعا وستكون الأكثر انفتاحا على العالم والأكثر جاذبية للإستثمار والسياحة.. ,2,2,Favor,Favor,0.9953718452382381,0.03263584432942104,0.0019167122648408093,0.0027114225581040133,0.9953718452382381
3686,Women empowerment,أرملة من #المدينة تقوم ببيع الشاهي في الطريق، شاهد ماذا فعلت بها البلدية 👇 . حسبنا الله ونعم الوكيل #تمكين_المرأة ,0,0,Against,Against,0.9871278014518444,0.0720007002094955,0.9871278014518444,0.012002531756276096,0.0008696613311974206
3688,Women empowerment,استقبل مستشفى طيبة سعادة السفيرة الجمهورية الفرنسية لدى البلاد، السيدة آن كلير لوجندر ، حيث التقت مع الرئيس التنفيذي للمستشفى، لمى الفضالة وتمت مناقشة ادارة المرافق المتكاملة وتمكين المرأة في قطاع الرعاية الصحية  #مستشفى_طيبة #الكويت #تمكين_المرأة #engie ,2,2,Favor,Favor,0.9904946837193611,0.0581919344137288,0.001707898089939581,0.007797416771150885,0.9904946837193611
3690,Digital Transformation,بفضل الله ثم بدعمكم وعطائكم بدأنا العمل  بالبرنامج الإلكتروني لإدارة خدماتنا مما سيكون له الأثر الإيجابي في التحول التقني بإدارة الجمعية والتي ستسهل تقديم الخدمة بشكل اسرع وافضل بعون الله تعالى.  URL,2,2,Favor,Favor,0.9952578519839345,0.03337421215301734,0.0025904255065168067,0.0021517516664853026,0.9952578519839345
3702,Women empowerment,نركز على تمكين المرأة بتمرتبان المخلل و الطبايخ *هم بقولوا هيك* ,2,0,Favor,Against,0.9098232269966808,0.36442677001269125,0.9098232269966808,0.03830110944580591,0.0518756506475082
3714,Women empowerment,دور الثورة الصناعية في إكتشاف مهارة المرأة      #تمكين_العنود #العنود_الخيرية ,2,2,Favor,Favor,0.9586129418120659,0.19279716670794456,0.008105561191361424,0.03328147389360295,0.9586129418120659
3717,Women empowerment,تمكين المرأة يبدأ في تعليمها.    #تمكين_العنود #العنود_الخيرية ,2,2,Favor,Favor,0.988805367292743,0.06900952416447646,0.0065744454298717085,0.004620148929794756,0.988805367292743
3718,Women empowerment,كل عام وانتن بخير ❤ بمناسبة #يوم_المرأة_العالمي ، زيارة مجانآ 🎁 عند التعاقد علي الزيارة المفردة لخدمة الساعة 🕑 للحجز والتعاقد من خلال تطبيق تمكين 👇  ,2,2,Favor,Favor,0.9919180167868722,0.051182417672360675,0.0017271500852173102,0.006354861966636062,0.9919180167868722
3726,Covid Vaccine,#لا_للتطعيم_الاجباري #لقاح_كورونا #السفر_الدولي لم نعهد في يوم من الأيام على مستوى العالم أن مُنع انسان من السفر بسبب عدم رغبته في تطعيم أو دواء  أو لقاح من يُمنع من السفر يكون بحكم قضائي أو بقرار وزاري من جهة مخوّلة بذلك والأغلب ممن يتم منعهم مُدانون بقضايا أو مُطالبون   فقط,0,0,Against,Against,0.768537199378305,0.5523660099226263,0.768537199378305,0.22949771533947372,0.0019651234135440294
3735,Covid Vaccine,بداية حملة تطعيم لقاح COVID19 ان شاء الله بداية العام الجديد نرجع للحياة الطبيعية بتوفيق و رحمة من الله وينتهي هذا الكابوس المزعج ونتحرر من قيوده   شكرآ وزارة الصحه على جهودكم 🌹    ,2,2,Favor,Favor,0.995555249205593,0.030852604129110853,0.0009800363517098339,0.0034647339431410663,0.995555249205593
3742,Women empowerment,  بالعكس تمامًا ، ربط تمكين المرأة في دول الغرب بموضوع متعلق بسلوكيات المرأة في العالم العربي عبارة عن فجوة ! هي عنا نساء صاحبات سلطة وعنا فساد .. المثالين غير متوازيين أبدًا !,2,2,Favor,Favor,0.5519827778705386,0.75016157386,0.4339796682275639,0.014037522152685555,0.5519827778705386
3745,Women empowerment,"تشارك السيدة توكل كرمان يوم غدا الخميس الموافق 25 فبراير 2021 في محاضرة عن ""دور المرأة في الثورات"" لطلاب جامعة تافتس.  الفعالية تنظمها كلية فليتشر للقانون والدبلوماسية بجامعة تافتس الأمريكية.  #توكل_كرمان #تمكين_المرأة #الربيع_العربي ",2,2,Favor,Favor,0.9605038332558286,0.17471047937209666,0.0021578583966780276,0.037338294787259974,0.9605038332558286
3749,Women empowerment, المرأة أثبتت نجاحها وتميزها في العديد من المناصب المهمة، وتحظى بدعم كبير من قبل حكومتنا الرشيدة، وذلك بتمكينها من شغل مراكز مهمة وقيادية، وهذا ما يؤكد أهمية تمكين المرأة في جميع المجالات الاقتصادية والتعليمية والاجتماعية باعتبارها عنصراً أساس,2,2,Favor,Favor,0.9945280295450086,0.036870540016601346,0.004242883469333279,0.0012290973674330549,0.9945280295450086
3750,Women empowerment,"MENTION ماعندي مشكلة وي حلمها وهي مو هنا حتى تحدث الصعوبات الذكورية هاي نقطة مهمة  خلافي وي المنتج وي طريقة طرح المنتج ""تمكين المرأة"" تسخيف هذا وتسطيح للمصطلحات  وبعدين النقد شي عادي ليش ينگال عليه حقد وغيرة؟",2,2,Favor,Favor,0.645044329534072,0.6940302296903291,0.34551092979209924,0.009444756134777084,0.645044329534072
3753,Women empowerment,خضر شارك في ندوة إلكترونية عن سبل تمكين المرأة  #لبنان ,2,2,Favor,Favor,0.9683017577815015,0.1487448382563663,0.002260862250990854,0.029437379141253123,0.9683017577815015
3757,Women empowerment,أي حساب يلبس قناع الوطنية وتدخل حسابه وماتلاقي أي تغريدة تدعم تمكين المرأة والترفيه و الانفتاح السياحي  ثق تمامًا إنه صحوي وضد رؤية 2030 خاصة إذا صار كل همه شتم الدول المجاورة وشعوبها  لإن ذي الحسابات هدفهم تشويه صورة #السعودية و خلق عداوات مع الدول العربية,2,2,Favor,Favor,0.854247115870651,0.4424731352863592,0.13904495625429972,0.006707945580702184,0.854247115870651
3763,Women empowerment, المرأة في الغرب من انعدام اهتمام الرجال بالأسرة والزواج نتيجه تمكين المراة..تركوها فوق الأربعين لتعيش مع قطه او كلب....مأساة.. ..لا نريد للنساء عندنا ذلك ابدا ..,0,0,Against,Against,0.9964824870443239,0.02477787001821248,0.9964824870443239,0.0004752866095483716,0.0030421524357412797
3765,Covid Vaccine,"طيب انا كل الي اعرفهم بدون استثناء اتطعموا ضد(كورونا)،والجميع بخير الحمدلله     باستثناء مضاعفات اي تطعيم المعتاده""تكسير او سخونه او حتي خمول""  لو هنقول  مضاعفات التطعيم الي هي نادره اصلا  vs دور الكورونا الي حصد ارواح اصدقاء واقارب كثر =  يبقي الكل يتطعم بدون تفكير،  و شكرا",2,2,Favor,Favor,0.996922056151081,0.02288814117838435,0.001965237781170473,0.0011126764625713117,0.996922056151081
3769,Women empowerment, كل شوي جايب طاري النساء يبيهم يوقفون معه 😭😭😭😭😭  كل سطر وسطر جايب تمكين المرأة,0,0,Against,Against,0.9971571902743862,0.021354699601037593,0.9971571902743862,0.0010078747794026682,0.0018349780330788063
3777,Women empowerment, اتوقع غباءها اجتهاد شخصي...شدخل تمكين المراة بتغريدات امها ...,0,0,Against,Against,0.9732204845857095,0.12966232527063232,0.9732204845857095,0.001688082110933237,0.025091419476654293
3785,Women empowerment, تمكين المراه وتشغيلها والمساواة مع الرجل وبلاش رجعيه وبدنا تحرر.... صح الاجيال والنخب بدهم هيك هاي النتيجه شغل بس للبنات والشباب عاطلين عن العمل يعني فيش زواج يعني انتشار للزنى...,2,0,Favor,Against,0.5783030481275746,0.6834118750038903,0.5783030481275746,0.00031435212970703515,0.42138258802494744
3787,Women empowerment,حقوق النسوان... شو بدكم اكثر من هيك تمكين صارت تشتغل بقهاوي وكازيات وتبات برا البيت وصارت تحبس ابوها واخوها وزوجها شو كمان صارت مستقله وتشتغل قبل الرجل ادخل اي مؤسسه خاصه او حتى حكوميه اتوقع صار 90 ٪ نسوان بطلت تربي كلو حضانات المراه صارت عانس ومطلقه. #الأردن #يوم_المراه_العالمي,0,0,Against,Against,0.9937533612833309,0.039606564978714856,0.9937533612833309,0.0004721603957432638,0.0057745135315813234
3790,Digital Transformation,نظرًا لما يشهده القطاع التقني من تطور في #شرطة_عمان_السلطانية لمدعاة للفخر و لهذا نتمنى ان يقود هذا القطاع التحول الالكتروني في السلطنة بتنظيمه و طريقة عمله و الموازنة الكافية لمثل هذي المشاريع.,2,2,Favor,Favor,0.995046706398066,0.03452541034617325,0.001891751042874128,0.0030615173191069567,0.995046706398066
3792,Women empowerment,جاء في خاطري أقول .. ان الحمدلله جالسين نعيش في عصر  تمكين المرأة 💚,2,2,Favor,Favor,0.9962232319630482,0.02745585793704003,0.0018296999440743952,0.0019470753356975454,0.9962232319630482
3795,Women empowerment, يافرس النهر استفدنا من الرؤيه تمكين المرأه اللي اختك خانت بلدها وقومها عشان هالشي  مو عاجبتك الرؤيه لا تجين السعوديه .. انتهى,2,2,Favor,Favor,0.9045568543044148,0.31952176781175023,0.09465438984965929,0.0007887486847664446,0.9045568543044148
3804,Women empowerment,فاهمين تمكين المرأة غلط ما عمره ترا كان سواق او من ذي السواليف تمكين المرأة هو بتساوي فرص العمل و الحياء بينها وبين الرجل سالفة ان كل ما طلعت وحدة كل فترة تسوي شيء تنزلون عنها معليش مالها داعي يعني انا استفدت ايش بوحدة تسوق اسعاف حلو اول مرة الله يعطيها العافية بس شيء طبيعي ترا ,2,2,Favor,Favor,0.9756173364401078,0.1301330735029868,0.01628968992503807,0.008092953915430467,0.9756173364401078
3806,Women empowerment," هذا احسه من الصحونج اللي راحت موضة قطيعهم قام رز العلم بمعرفه ومسوي وطني بين فترة وفترة وهو بالأساس فاتح الحساب يصيح على تمكين المرأة ويبيها ترجع تنقبر مثل قبل عهد mbs  عاد يارب اني ظلمته وكل اللي نشوفه مجرد ""كبوات"" 😅",2,0,Favor,Against,0.6701741322001795,0.6538417903892527,0.6701741322001795,0.0035873096665631297,0.3262385723314112
3811,Women empowerment, صدقت  ورب الكعبة أخي خالد تمكين المرأة بمفهومهم = هدم اهم لبنة في بناء الاسرة المسلمة الا وهي المرأة,0,0,Against,Against,0.9976954867562765,0.017547247234110566,0.9976954867562765,0.0005361079997780315,0.001768458980739572
3814,Women empowerment,"الخبر صحيح لكن الست سلمى كعادة كل النسويات مع الأرقام  يوخذوا ويخلوا  الخبر يقول انه في الفئة العمرية بين ٢٠و٣٩  نسبة الإناث العاملات أكثر من الذكور  وهذا يدمر مبرر "" تمكين المرأة الإقتصادي""  والتمييز الإيجابي المدعوم  خارجيا ويقبض النسويات بالدولار  ",2,0,Favor,Against,0.9384973873115396,0.2357139162760799,0.9384973873115396,0.000884928653378451,0.060617661663884485
3818,Women empowerment,"رئيس لجنة شؤون المرأة والأسرة والطفل النائب أسامة الشاهين خلال مؤتمر ""تمكين المرأة"" يعلن تقديمه اقتراح بقانون لتعديل اللائحة الداخلية لتحويل لجنة المرأة والأسرة إلى لجنة دائمة.  #يوم_المراه_العالمي   ",2,2,Favor,Favor,0.9950141683090703,0.03398376116477153,0.001060013091222263,0.003925841527664215,0.9950141683090703
3821,Women empowerment,النائب مرزوق الخليفة يقول إن تمكين المرأة الكويتية أولوية تستدعي إقرار سلسلة من التشريعات.  #يوم_المراه_العالمي ,2,2,Favor,Favor,0.9975575786812123,0.01875843396470701,0.0009417733152492677,0.0015006407267448719,0.9975575786812123
3828,Women empowerment,#اسقاط_بقايا_الولايه314  حان الوقت لإسقاط شرط موافقة ولي أمر ذكر محدد على زواج المرأة الراشدة، إذا دون سقوط هذا الشرط غير الطبيعي وغير الإنساني لا تمكين حقيقي للمرأة ولا احترام لإنسانيتها.,2,2,Favor,Favor,0.7388348415795339,0.5874131132131959,0.2588721463837894,0.0022930151779681903,0.7388348415795339
3851,Women empowerment, الحميريين ما عندهم تمكين المرأة😌,2,2,Favor,Favor,0.591391190041969,0.9574090893435045,0.1832909360312176,0.22531784402513838,0.591391190041969
3863,Women empowerment, ههههههههه تمكين وتوطين المرأه تحية للمنبطحين والوطنجيين,0,0,Against,Against,0.9953616967309283,0.030971483651353677,0.9953616967309283,0.00042499459780160004,0.00421326728514027
3872,Women empowerment,عقدت هيئة المتاحف اليوم  جلسة حوارية بعنوان“تمكين المرأة في مجال المتاحف”مع الرئيس التنفيذي للهيئة ستيفانو كاربوني  بالمتحف الوطني في الرياض. وتناولت الجلسة  دور المرأة السعودية وجهودها في المجتمع وصناعة التغيير في هيئة المتاحف  مع التشديد على ضرورة تنمية فرص عمل المرأة في المجال URL,2,2,Favor,Favor,0.9859000318736666,0.08166411602589771,0.0032198451544989404,0.01088016267391484,0.9859000318736666
3883,Women empowerment, والنعم فيها بنت بلادي... #تمكين_المرأة صدم المشككين في قدرات البنات على العمل في أعمال احتكرها الرجال منذ عقود. 👍🏻👍🏻👍🏻 #رؤية_السعودية_2030,2,2,Favor,Favor,0.9939772093683555,0.039449294775302436,0.005054951173240326,0.000967832427864295,0.9939772093683555
3890,Women empowerment,  اذا كان تعريف النسوية الدفاع عن حقوق النساء  فالمرأة التي تدافع عن حقها لا تسئ الى المجتمع. بل المجتمع من لم ينصفها. فحقوق المواطنة لا فرق فيها بين ذكر وانثى ويجب ان تكون كاملة وعادلة للجنسين. والحمدلله الدولة - أيدها الله - ماضية في #تمك,2,2,Favor,Favor,0.9892290064169998,0.06686724561572431,0.0061662187196732015,0.004604748557313337,0.9892290064169998
3899,Women empowerment,الأشخاص المحيطة بالانسان  هي التي تحدد  تاريخ وفاته  #حكمة_اليوم #بيروت #تمكين_المرأة #حقوق_الإنسان #حقوق_الطفل #منظمة_الصحة_العالمية #منظمة_اليونسيف,1,1,None,None,0.9957770378595654,0.030220532175846263,0.001977180680263551,0.9957770378595654,0.0022457925095853266
3907,Women empowerment,حين يتكلمون عن النجاح يعني انها قصة نجاح #بيكو #غسالة_الأواني  الآن يمكنني أن أحتسي قهوتي 💖👑☺️برفقة صغاري  #شكراً #تمكين_المرأة #الحمد_لله,2,2,Favor,Favor,0.994192206612266,0.03925425795428347,0.0017584803392739128,0.004049374467793669,0.994192206612266
3913,Women empowerment, تمكين المرأة 2030 🤔يعني هي اللي هتمسك الحكم .يا سنة سوخة يا ولاد 😏,0,0,Against,Against,0.9985763066606025,0.011645001934357094,0.9985763066606025,0.00045386325235655085,0.0009697549297660587
3919,Covid Vaccine,متحور #كورونا تحسه عامل مزاد  يا ترى منو البلد الجاي اللي راح يتسمى المتحور باسمه؟  حزر و فزر و ارسل الاجابة و اربح معنا تطعيم مدى الحياة🤣😂🤣,1,1,None,None,0.9939646921714355,0.04100848539155896,0.0033324427148262313,0.9939646921714355,0.002702818176142151
3921,Women empowerment,رسالة إلى المساكين المتعلقين بقشة المساواة ويطالبون بإلغاء المهر والنفقة  هذه الكويت سبقتنا في هذا المجال وقد جمعت زبالات تمكين المرأة الغربية وأشد الأقوال الفقهية على الرجال فيما يخص الحضانة والنفقة  تعتقدون أن ربعنا بيطبقون المساواة لو كان فيها ١٪ ضرر على الحريم؟ ,0,0,Against,Against,0.9978852574450805,0.016602954100249392,0.9978852574450805,0.0010547310151907267,0.0010600636059128685
3930,Covid Vaccine,تم بحمدالله هذا اليوم اخذ الجرعه الاولى من تطعيم لقاح #فايزر ضد #COVID19 اسئل الله ان يحفظنا واياكم من كل سؤ واتقدم بالشكر الجزيل للقياده الرشيده التي يسرت توفير هذا العلاج  وشكر خاص لابطال   لجهودهم وتعاملهم المميز,2,2,Favor,Favor,0.996758015324425,0.024063842956669978,0.0015662737604259468,0.001675735649839108,0.996758015324425
3933,Covid Vaccine,الجاهل عدو نفسه .. قبل ان تسأل هل #اخذت_جرعه_لقاح_ولا_باقي ؟   إقرأ وتثقف وأسأل 937 عن ماهو دور #تطعيم_كورونا على صحتك وعلى قوة و انتشار المرض ،  هل تعلم انك انسان محظوظ بالعالم اذا توفر لك أخذ جرعة  #لقاح_أسترازينكا أو #لقاح_فايزر  حتى اليوم لا يتوفر عالميا أكثر من 5% من اللقاح.,2,2,Favor,Favor,0.9715511904395437,0.14416654871182324,0.006155815953933477,0.022292984394524686,0.9715511904395437
3941,Women empowerment,أبدعتِ سيدتي كالعادة في طروحاتك التعليمية والمجتمعية👏تمكين المرأة لايتم فقط بالمؤتمرات هو عمل داخلي مجتمعي ويتم بتمكين كل فرد بالأسرة التي هي لَبَنَة المجتمع ولذلك نحن بمراجعة رسالة المناهج التربوية في مايخص المرأة ومراجعة الدراما والكوميديا وحتى النكت المتداولة مسؤولية جماعية ,2,2,Favor,Favor,0.9911491423777882,0.056779275085472966,0.004244609604176565,0.004606250126278903,0.9911491423777882
3952,Women empowerment,  لو وجد غير المدخن فأفضل؟ لكن أخشى أن ترفض المدخن فلا يأتي غيره لان الشباب في عزوف عن الزواج بسبب الانفتاح وطلبات النساء التي لاتنتهي والادهى وظائف الرجال قليله بسبب تمكين المرأه ومساواتها في الوظائف مع الرجال حتى العسكريه وتشغيل المعدات أ,0,0,Against,Against,0.998376231039219,0.013104149695054385,0.998376231039219,0.0005696034944620893,0.001054187073485633
3953,Women empowerment, ربعنا فاهمين تمكين المرأة غلط  لا أستغرب منهم تعين المرأة إمامةً للمسجد  ظلمات بعضها فوق بعض نسأل الله السلامة,0,0,Against,Against,0.9967970069538491,0.023295486910569287,0.9967970069538491,0.000714995482548264,0.0024880028342449205
3956,Women empowerment, امس كنت وياهم فالبرنامج، تصدق ما عرفت انها، سبحان الله النفاق يجري في عروقهم، ويوم تكلمت عن الامارات وقيادتها في تمكين المراة ومساوتها بالرجل وان للمراة مكانه في كل المجالات تكهربوا هي والي معاها 😂 ..,0,0,Against,Against,0.5289880274681525,0.7059247359251701,0.5289880274681525,0.0022857536910952134,0.4687262749288508
3962,Women empowerment,شارك السيد/إبراهيم الدرمكي رئيس القسم الاقتصادي والسياسي والإعلامي بسفارةالدولة في بلغراد في اجتماع العمل بين المنظمات الإماراتيةوالصربية التي تعمل على تنفيذ العديد من المشاريع في قطاع تمكين المرأة وتقديم الدعم للأشخاص ذوي الاحتياجات الخاصة والتعاون العملي بين البلدين  ,2,2,Favor,Favor,0.994637693021425,0.03653878921328008,0.0014754151788773317,0.003886916068484824,0.994637693021425
3969,Women empowerment,بمناسبة  #اليوم_العالمي_للمرأة الذي يصادف 8 مارس من كل عام-أرفع أسمى آيات التقدير إلى سمو الشيخة فاطمة بنت مبارك، لجهود سموها الرائدة في تمكين المرأة محليا وعربيا وإقليميا وعالميا. نفخر بما قدمته المرأة الإماراتية وجميع النساء في مجتمعنا من قصص نجاح ملهمة في مواجهة تحديات الجائحة,2,2,Favor,Favor,0.9971021935069833,0.02182520109449529,0.0013217858089256801,0.0015760119974945017,0.9971021935069833
3970,Women empowerment,حول #تمكين_المرأة تحدثت السيدة نعيمه المشرّخ رئيس قسم الشؤون الاعلامية والثقافية عن تجربتها كأول امرأة إماراتية دبلوماسية تُبعث لدى روسيا الاتحادية، منوهة في هذا الإطار بالدعم اللامحدود من قبل القيادة الرشيدة للمرأة الاماراتية وتشجيعها على خوض غمار التحديات في جميع المجالات. ,2,2,Favor,Favor,0.9958522220319903,0.02961595444214674,0.00152056324009298,0.0026271913691802745,0.9958522220319903
3979,Women empowerment,خمس سنوات من الإنجازات خمس سنوات من العطاء والنهضه على كافة المستويات،حتى أصبحت مملكتنا الحبيبة نموذجا للدولة الحديثة على جميع الأصعدة، ولاسيما تمكين المرأة ودعمها، كل هذا بفضل الله ثم بفضل الملك سلمان والقائد الملهم الأمير محمد بن سلمان حفظهم الله.  #رؤية_2030_واقع_يتحقق,2,2,Favor,Favor,0.9882044582925594,0.0722328804785683,0.006392049109164258,0.005403493969569512,0.9882044582925594
3981,Women empowerment,الفائزة بجائزة الأسبوع الأول لمسابقة #شعائر_ومشاعر   #تمكين_المرأة_لخدمة_ضيوف_الرحمن  #جامعة_جدة ,2,2,Favor,Favor,0.9327184391575465,0.2781663332624489,0.0120451701735571,0.05523642180709321,0.9327184391575465
3985,Women empowerment,اصبروا باقي حبتين وندخلكم العدة من اوسع ابوابها #تمكين_المرأة  😎💪🏼 ,0,0,Against,Against,0.5601764030839348,0.6956748169986466,0.5601764030839348,0.00145938067950056,0.4383642606079929
3986,Women empowerment, يا حبذا لو كانت الصورة تشير إلى الاحتشام وتمثل مجتمعنا المحافظ. 🌹 كلنا مع تمكين المرأة بقوة شخصيتها واتزانها وعدالتها في المجتمع.,2,2,Favor,Favor,0.9933584255921585,0.042381832725682196,0.005833486089863459,0.0008080594888837336,0.9933584255921585
4000,Covid Vaccine, عادي يجلس كل عمره يتطعم سنويًا تطعيم الأنفلونزا  بس كورونا لا يحس انه بيموت,2,0,Favor,Against,0.8964489193223258,0.4017737902968981,0.8964489193223258,0.03975051539217218,0.06380056671092625
4002,Covid Vaccine,#لا_للتطعيم_الاجباري38  مستحيل مايحدث في عالمنا بسبب كورونا ومن يدعي حمايه الناس تطعيم الاطفال كارثه انسانيه بكل معانيها خصوصا ان كرونا انتهى ولَم يعد خطير كما يضخمه الاغبياء❗️  URL,0,0,Against,Against,0.9975962704207254,0.018102262833114183,0.9975962704207254,0.0004824827267736854,0.0019212345774270187
4009,Women empowerment, تمكين المرأة خطوة مهمة فهي تمتلك مقومات النجاح ومنهن كفاءات ومبدعات يستحقون كل الدعم والآن نشوفها على ارض الواقع بفضل الله ثم نظرة ولي العهد وثقته بقدراتهن,2,2,Favor,Favor,0.994625864351477,0.036418669690602326,0.004074464759772646,0.0012996719561220835,0.994625864351477
4019,Covid Vaccine,MENTION اشلون مطعمه جرعتين وتوفت !! مو قالوا اللي يطعم مايموت !! ولا يصير فيه كورونا !!! هذا غير تطعيم لايهش ولا ينش !! رحم الله الفقيده   واسكنها الله فسيح جناته .,0,0,Against,Against,0.9979318832699855,0.016043659015925065,0.9979318832699855,0.00152121574096077,0.0005468633815910117
4020,Digital Transformation,خطوات متقدمة في طريق التحول الإلكتروني في السلطنة.  نأمل أن تنتهي التعاملات الورقية ومراسلات البريد  وتكون الخطابات بين المؤسسات إلكترونية بشكل كامل.  #مجد_عمان_للدعم URL,2,2,Favor,Favor,0.9976955970379242,0.017861915205587296,0.0009618875200311486,0.001342510486547581,0.9976955970379242
4023,Covid Vaccine,⬅️خذ تطعيم و تحشش و إنسى أنك أخذته و إنسى عدد الجرعات!  فيه كثير منها حتاخذها ⬅️قناة روسيا اليوم/ نشطاء يوزعون الماريجوانا 🤪في وسط نيويورك على من تلقوا لقاح كورونا - عبر تطبيق نبض   ,1,1,None,None,0.9932210536144331,0.045221736686871836,0.002848523127592728,0.9932210536144331,0.003930447090690006
4025,Digital Transformation,لن تحل التقنية محل المعلمين العظماء ولكن التقنية بيد المعلمين العظماء يمكن  أن تحدث التحول في التعليم              التعليم الالكتروني بوابة المستقبل,2,2,Favor,Favor,0.9882004731438231,0.07176219157936686,0.007658706461018188,0.004140798535916339,0.9882004731438231
4037,Covid Vaccine,حسبي الله ونعم الوكيل  موقفين المعاشات لكبار السن عشان تطعيم الزفت كورونا.😡يعني ايه ناس عندها ستين وسبعين سنه وقفه في طابور عشان التطعيم😡حكومه ع. ا. ر.. مين قالكو انهم عيزين يطعموا اصلا جتكم القرف,0,0,Against,Against,0.9975653840980578,0.01872804065481482,0.9975653840980578,0.001444316101044028,0.0009902980224431644
4044,Digital Transformation,ديوان المظالم يستكمل خطواته نحو «التحول الإلكتروني»  URL,1,1,None,None,0.9780055441075379,0.1137048605968977,0.0026052766566194295,0.9780055441075379,0.019389112613218698
4048,Covid Vaccine,MENTION MENTION MENTION يا دكتور انتشرت تجربه بوسائل التواصل ان اللي يحط مغناطيس على مكان تطعيم كورونا يلزق المغناطيس بالجسم بالبدايه ما صدقنا ؛ وجربناها على المطعمين من اهلنا وفعلا لزق المغناطيس انتوا شنو تبون تسوون فينا مع هالتطعيمات القذره ؛ لا وتجبرونا على التطعيم بعد ماكو سفر الا للمطعمين,0,0,Against,Against,0.9979914402568816,0.015760369544545193,0.9979914402568816,0.0013364690291276533,0.0006720500207135526
4051,Digital Transformation, بالضبط ومع التحول الرقمي نشوف في السعودية الان كثير من الشركات ما بتحتاج فروع على الارض زي زمان وهذا يقلل من توفر فرص وظائف المكاتب الامامية (اغلاق الفروع -&gt; توظيف اقل -&gt;ارتفاع بطالة). كتبت تدوينة عن المستقبل الوعر للتحول الرقمي في من,2,0,Favor,Against,0.7380616420597014,0.7041254624430711,0.7380616420597014,0.05094586079495552,0.21099248181398217
4054,Digital Transformation,سعدت بتقديم #ويبنار بعنوان  الخدمات السحابية والشركات الناشئة   رابط الويبينار ويحتوي على العرض وتسجيل المحاضرة   URL  كل الشكر للزملاء في التحول التقني  على إتاحة الفرصة ,2,2,Favor,Favor,0.868865784892442,0.3963733497170121,0.0014194733583179583,0.12971475408005215,0.868865784892442
4056,Digital Transformation,جهود مشكورة و خطوة مهمة على طريق التحول الالكتروني #سند_زبّطناه,2,2,Favor,Favor,0.9956945723900259,0.03069453829638038,0.0024509261745479555,0.0018545191237802198,0.9956945723900259
4067,Covid Vaccine,بعد تطعيم أكثر من ٣٣ مليون بريطاني  ب #لقاح_أسترازينكا  💉🙂  الحياة تعود تدريجيا إلى شوارع لندن    تقرير اليوم - فرانس24   #خذ_الخطوة_خذ_اللقاح        #كورونا #السعودية,2,2,Favor,Favor,0.9929801372610556,0.044453003686669094,0.0008781946264200682,0.006141667535857771,0.9929801372610556
4070,Digital Transformation,اللي ما بعد بعد تابع حلقه معالي الوزير #عبدالله_السواحة_ليوان_المديفر لا تفوتكم لانه تكلم فيها عن التحول الرقمي في المملكة و التطور اللي صار فيها في السنوات الاخيرة و اللي كان سببها بعد الله لسمو ولي العهد لانه كان متابع بدقه للملف التقني وحريص على تطويرة  URL,2,2,Favor,Favor,0.9928164820230935,0.04697888263944719,0.0021266910276729026,0.005056774001005139,0.9928164820230935
4097,Digital Transformation,التحول الإلكتروني دا معاه مخاطر إلكترونية كبيرة  وما عندنا عدد كافي من ناس ال Security المؤهلين كلهم اغتربوا..  قال مجلس الأمن والدفاع قال..,2,0,Favor,Against,0.9933059020162681,0.04482035184353161,0.9933059020162681,0.003212322107428821,0.003481763637160833
4098,Covid Vaccine,ريم النجم:  تطعيم كورونا راح يحولكم زومبي ! ,1,1,None,None,0.9765949601255405,0.11813062800053063,0.021281477568369282,0.9765949601255405,0.002123542191243992
4099,Digital Transformation,البيانات هي العنصر الرئيسي و المهم جداً في رحلة التحول لإقتصاد رقمي  ربما حظي ببعض الاهتمام الا أنه يحتاج للمزيد من الاهتمام الذي يرتقي لطموحاتنا لتحقيق اقتصاد رقمي حقيقي    #كورونا #جمعية_انتاج #التحول_الرقمي #COVID19 #DigitalTransformation #STS  URL,2,2,Favor,Favor,0.987678540830572,0.07392778057970245,0.0036793424370819322,0.0086421498387393,0.987678540830572
4102,Covid Vaccine, تطعيم انفلونزا مناعة مؤقته تطعيم كورونا مناعة مؤقته  تفيد مرضى القلب الربو كبار السن تفيد للجميع  ان شاء الله,2,2,Favor,Favor,0.9920173355915607,0.05067706705618614,0.001724840027982679,0.006257855982417113,0.9920173355915607
4113,Covid Vaccine,وطن يضع قادته صحة جميع من على ارضه أولوية فوق كل شيء  من حقه علينا ان نعمل ونضحي لأجل رفعته.  شكراً خادم الحرمين  شكراً ولي العهد  شكراً ابطال الصحة  الحمدلله على نعمة السعودية 🇸🇦  #تطعيم_كورونا ,2,2,Favor,Favor,0.9888349307157559,0.06746469971932889,0.002699275415225075,0.008465842708643829,0.9888349307157559
